# matchedfilter ACCURACY table -- false dismissal, measured
#
# commit  990fc6a
# trials  6000 injected per cell
#
# A property of the ALGORITHM, not of any machine.
#
# KEY: n, taps, snr, in-band fraction f, effective bandwidth B_eff, coarse
# margin. BAND IS NOT IN THE KEY. Measured at n=8192, f=0.99, B_eff=16, the
# dismissal across bands 256, 512, 1024 and 2048 is 1.64, 1.88, 1.77 and
# 1.75e-2 -- a 1.14x spread inside the error bars, across band/B_eff from 16
# to 128. A candidate band enters only through the (f, B_eff) at its own
# edge, which selection computes from the reference.
#
# B_eff is sampled ABSOLUTELY, not as a fraction of the band. The previous
# grid did the latter, which tied it to the variable that does not matter
# and left a floor near band/10 -- so it never reached the values real
# references have. The FIR-search reference sits at B_eff 1.1 at every band.
#
# The margin dominates: 90x across 0.97 to 1.00, against 1.6x for 16x of n
# and 1.14x across every band. It gets the finest ladder.
#
# Rates below about 3/trials are not resolved and read as 0.0; that is a
# resolution floor, not a demonstration of safety.
#
# ACC2 n K snr f beff margin dismissal
ACC2 1024 4 5.00 0.8000 2.03 0.900 0.0000e+00
ACC2 1024 4 5.00 0.8000 2.03 0.930 0.0000e+00
ACC2 1024 4 5.00 0.8000 2.03 0.960 2.4010e-04
ACC2 1024 4 5.00 0.8000 2.03 0.980 2.4010e-04
ACC2 1024 4 5.00 0.8000 2.03 1.000 4.8019e-04
ACC2 1024 4 5.00 0.8000 3.94 0.900 0.0000e+00
ACC2 1024 4 5.00 0.8000 3.94 0.930 0.0000e+00
ACC2 1024 4 5.00 0.8000 3.94 0.960 0.0000e+00
ACC2 1024 4 5.00 0.8000 3.94 0.980 2.5157e-04
ACC2 1024 4 5.00 0.8000 3.94 1.000 5.0314e-04
ACC2 1024 4 5.00 0.8000 8.14 0.900 0.0000e+00
ACC2 1024 4 5.00 0.8000 8.14 0.930 0.0000e+00
ACC2 1024 4 5.00 0.8000 8.14 0.960 2.6226e-04
ACC2 1024 4 5.00 0.8000 8.14 0.980 5.2452e-04
ACC2 1024 4 5.00 0.8000 8.14 1.000 5.2452e-04
ACC2 1024 4 5.00 0.8000 16.12 0.900 0.0000e+00
ACC2 1024 4 5.00 0.8000 16.12 0.930 0.0000e+00
ACC2 1024 4 5.00 0.8000 16.12 0.960 2.7457e-04
ACC2 1024 4 5.00 0.8000 16.12 0.980 2.7457e-04
ACC2 1024 4 5.00 0.8000 16.12 1.000 5.4915e-04
ACC2 1024 4 5.00 0.8000 32.60 0.900 0.0000e+00
ACC2 1024 4 5.00 0.8000 32.60 0.930 0.0000e+00
ACC2 1024 4 5.00 0.8000 32.60 0.960 2.8670e-04
ACC2 1024 4 5.00 0.8000 32.60 0.980 2.8670e-04
ACC2 1024 4 5.00 0.8000 32.60 1.000 2.8670e-04
ACC2 1024 4 5.00 0.8000 64.54 0.900 0.0000e+00
ACC2 1024 4 5.00 0.8000 64.54 0.930 0.0000e+00
ACC2 1024 4 5.00 0.8000 64.54 0.960 2.9265e-04
ACC2 1024 4 5.00 0.8000 64.54 0.980 2.9265e-04
ACC2 1024 4 5.00 0.8000 64.54 1.000 2.9265e-04
ACC2 1024 4 5.00 0.8000 130.28 0.900 0.0000e+00
ACC2 1024 4 5.00 0.8000 130.28 0.930 0.0000e+00
ACC2 1024 4 5.00 0.8000 130.28 0.960 0.0000e+00
ACC2 1024 4 5.00 0.8000 130.28 0.980 0.0000e+00
ACC2 1024 4 5.00 0.8000 130.28 1.000 0.0000e+00
ACC2 1024 4 5.00 0.9000 2.03 0.900 0.0000e+00
ACC2 1024 4 5.00 0.9000 2.03 0.930 0.0000e+00
ACC2 1024 4 5.00 0.9000 2.03 0.960 0.0000e+00
ACC2 1024 4 5.00 0.9000 2.03 0.980 2.3680e-04
ACC2 1024 4 5.00 0.9000 2.03 1.000 2.3680e-04
ACC2 1024 4 5.00 0.9000 3.94 0.900 0.0000e+00
ACC2 1024 4 5.00 0.9000 3.94 0.930 0.0000e+00
ACC2 1024 4 5.00 0.9000 3.94 0.960 0.0000e+00
ACC2 1024 4 5.00 0.9000 3.94 0.980 0.0000e+00
ACC2 1024 4 5.00 0.9000 3.94 1.000 0.0000e+00
ACC2 1024 4 5.00 0.9000 8.14 0.900 0.0000e+00
ACC2 1024 4 5.00 0.9000 8.14 0.930 0.0000e+00
ACC2 1024 4 5.00 0.9000 8.14 0.960 0.0000e+00
ACC2 1024 4 5.00 0.9000 8.14 0.980 0.0000e+00
ACC2 1024 4 5.00 0.9000 8.14 1.000 0.0000e+00
ACC2 1024 4 5.00 0.9000 16.12 0.900 0.0000e+00
ACC2 1024 4 5.00 0.9000 16.12 0.930 0.0000e+00
ACC2 1024 4 5.00 0.9000 16.12 0.960 0.0000e+00
ACC2 1024 4 5.00 0.9000 16.12 0.980 0.0000e+00
ACC2 1024 4 5.00 0.9000 16.12 1.000 0.0000e+00
ACC2 1024 4 5.00 0.9000 32.60 0.900 0.0000e+00
ACC2 1024 4 5.00 0.9000 32.60 0.930 0.0000e+00
ACC2 1024 4 5.00 0.9000 32.60 0.960 0.0000e+00
ACC2 1024 4 5.00 0.9000 32.60 0.980 0.0000e+00
ACC2 1024 4 5.00 0.9000 32.60 1.000 0.0000e+00
ACC2 1024 4 5.00 0.9000 64.54 0.900 0.0000e+00
ACC2 1024 4 5.00 0.9000 64.54 0.930 0.0000e+00
ACC2 1024 4 5.00 0.9000 64.54 0.960 0.0000e+00
ACC2 1024 4 5.00 0.9000 64.54 0.980 0.0000e+00
ACC2 1024 4 5.00 0.9000 64.54 1.000 0.0000e+00
ACC2 1024 4 5.00 0.9000 130.28 0.900 0.0000e+00
ACC2 1024 4 5.00 0.9000 130.28 0.930 0.0000e+00
ACC2 1024 4 5.00 0.9000 130.28 0.960 0.0000e+00
ACC2 1024 4 5.00 0.9000 130.28 0.980 0.0000e+00
ACC2 1024 4 5.00 0.9000 130.28 1.000 0.0000e+00
ACC2 1024 4 5.00 0.9500 2.03 0.900 0.0000e+00
ACC2 1024 4 5.00 0.9500 2.03 0.930 0.0000e+00
ACC2 1024 4 5.00 0.9500 2.03 0.960 0.0000e+00
ACC2 1024 4 5.00 0.9500 2.03 0.980 2.3878e-04
ACC2 1024 4 5.00 0.9500 2.03 1.000 7.1633e-04
ACC2 1024 4 5.00 0.9500 3.94 0.900 0.0000e+00
ACC2 1024 4 5.00 0.9500 3.94 0.930 0.0000e+00
ACC2 1024 4 5.00 0.9500 3.94 0.960 0.0000e+00
ACC2 1024 4 5.00 0.9500 3.94 0.980 0.0000e+00
ACC2 1024 4 5.00 0.9500 3.94 1.000 7.3457e-04
ACC2 1024 4 5.00 0.9500 8.14 0.900 0.0000e+00
ACC2 1024 4 5.00 0.9500 8.14 0.930 0.0000e+00
ACC2 1024 4 5.00 0.9500 8.14 0.960 0.0000e+00
ACC2 1024 4 5.00 0.9500 8.14 0.980 0.0000e+00
ACC2 1024 4 5.00 0.9500 8.14 1.000 2.5189e-04
ACC2 1024 4 5.00 0.9500 16.12 0.900 0.0000e+00
ACC2 1024 4 5.00 0.9500 16.12 0.930 0.0000e+00
ACC2 1024 4 5.00 0.9500 16.12 0.960 0.0000e+00
ACC2 1024 4 5.00 0.9500 16.12 0.980 0.0000e+00
ACC2 1024 4 5.00 0.9500 16.12 1.000 2.6001e-04
ACC2 1024 4 5.00 0.9500 32.60 0.900 0.0000e+00
ACC2 1024 4 5.00 0.9500 32.60 0.930 0.0000e+00
ACC2 1024 4 5.00 0.9500 32.60 0.960 0.0000e+00
ACC2 1024 4 5.00 0.9500 32.60 0.980 0.0000e+00
ACC2 1024 4 5.00 0.9500 32.60 1.000 1.0849e-03
ACC2 1024 4 5.00 0.9500 64.54 0.900 0.0000e+00
ACC2 1024 4 5.00 0.9500 64.54 0.930 0.0000e+00
ACC2 1024 4 5.00 0.9500 64.54 0.960 0.0000e+00
ACC2 1024 4 5.00 0.9500 64.54 0.980 0.0000e+00
ACC2 1024 4 5.00 0.9500 64.54 1.000 0.0000e+00
ACC2 1024 4 5.00 0.9500 130.28 0.900 0.0000e+00
ACC2 1024 4 5.00 0.9500 130.28 0.930 0.0000e+00
ACC2 1024 4 5.00 0.9500 130.28 0.960 0.0000e+00
ACC2 1024 4 5.00 0.9500 130.28 0.980 0.0000e+00
ACC2 1024 4 5.00 0.9500 130.28 1.000 0.0000e+00
ACC2 1024 4 5.00 0.9800 2.03 0.900 0.0000e+00
ACC2 1024 4 5.00 0.9800 2.03 0.930 0.0000e+00
ACC2 1024 4 5.00 0.9800 2.03 0.960 0.0000e+00
ACC2 1024 4 5.00 0.9800 2.03 0.980 7.4423e-04
ACC2 1024 4 5.00 0.9800 2.03 1.000 5.9539e-03
ACC2 1024 4 5.00 0.9800 3.94 0.900 0.0000e+00
ACC2 1024 4 5.00 0.9800 3.94 0.930 0.0000e+00
ACC2 1024 4 5.00 0.9800 3.94 0.960 0.0000e+00
ACC2 1024 4 5.00 0.9800 3.94 0.980 2.5202e-04
ACC2 1024 4 5.00 0.9800 3.94 1.000 3.0242e-03
ACC2 1024 4 5.00 0.9800 8.14 0.900 0.0000e+00
ACC2 1024 4 5.00 0.9800 8.14 0.930 0.0000e+00
ACC2 1024 4 5.00 0.9800 8.14 0.960 0.0000e+00
ACC2 1024 4 5.00 0.9800 8.14 0.980 0.0000e+00
ACC2 1024 4 5.00 0.9800 8.14 1.000 1.8009e-03
ACC2 1024 4 5.00 0.9800 16.12 0.900 0.0000e+00
ACC2 1024 4 5.00 0.9800 16.12 0.930 0.0000e+00
ACC2 1024 4 5.00 0.9800 16.12 0.960 0.0000e+00
ACC2 1024 4 5.00 0.9800 16.12 0.980 0.0000e+00
ACC2 1024 4 5.00 0.9800 16.12 1.000 5.2687e-04
ACC2 1024 4 5.00 0.9800 32.60 0.900 0.0000e+00
ACC2 1024 4 5.00 0.9800 32.60 0.930 0.0000e+00
ACC2 1024 4 5.00 0.9800 32.60 0.960 0.0000e+00
ACC2 1024 4 5.00 0.9800 32.60 0.980 0.0000e+00
ACC2 1024 4 5.00 0.9800 32.60 1.000 0.0000e+00
ACC2 1024 4 5.00 0.9800 64.54 0.900 0.0000e+00
ACC2 1024 4 5.00 0.9800 64.54 0.930 0.0000e+00
ACC2 1024 4 5.00 0.9800 64.54 0.960 0.0000e+00
ACC2 1024 4 5.00 0.9800 64.54 0.980 0.0000e+00
ACC2 1024 4 5.00 0.9800 64.54 1.000 0.0000e+00
ACC2 1024 4 5.00 0.9800 130.28 0.900 0.0000e+00
ACC2 1024 4 5.00 0.9800 130.28 0.930 0.0000e+00
ACC2 1024 4 5.00 0.9800 130.28 0.960 0.0000e+00
ACC2 1024 4 5.00 0.9800 130.28 0.980 0.0000e+00
ACC2 1024 4 5.00 0.9800 130.28 1.000 0.0000e+00
ACC2 1024 4 5.00 0.9950 2.03 0.900 0.0000e+00
ACC2 1024 4 5.00 0.9950 2.03 0.930 0.0000e+00
ACC2 1024 4 5.00 0.9950 2.03 0.960 0.0000e+00
ACC2 1024 4 5.00 0.9950 2.03 0.980 1.5670e-03
ACC2 1024 4 5.00 0.9950 2.03 1.000 2.8467e-02
ACC2 1024 4 5.00 0.9950 3.94 0.900 0.0000e+00
ACC2 1024 4 5.00 0.9950 3.94 0.930 0.0000e+00
ACC2 1024 4 5.00 0.9950 3.94 0.960 0.0000e+00
ACC2 1024 4 5.00 0.9950 3.94 0.980 5.3050e-04
ACC2 1024 4 5.00 0.9950 3.94 1.000 1.8568e-02
ACC2 1024 4 5.00 0.9950 8.14 0.900 0.0000e+00
ACC2 1024 4 5.00 0.9950 8.14 0.930 0.0000e+00
ACC2 1024 4 5.00 0.9950 8.14 0.960 0.0000e+00
ACC2 1024 4 5.00 0.9950 8.14 0.980 0.0000e+00
ACC2 1024 4 5.00 0.9950 8.14 1.000 7.4607e-03
ACC2 1024 4 5.00 0.9950 16.12 0.900 0.0000e+00
ACC2 1024 4 5.00 0.9950 16.12 0.930 0.0000e+00
ACC2 1024 4 5.00 0.9950 16.12 0.960 0.0000e+00
ACC2 1024 4 5.00 0.9950 16.12 0.980 0.0000e+00
ACC2 1024 4 5.00 0.9950 16.12 1.000 1.6207e-03
ACC2 1024 4 5.00 0.9950 32.60 0.900 0.0000e+00
ACC2 1024 4 5.00 0.9950 32.60 0.930 0.0000e+00
ACC2 1024 4 5.00 0.9950 32.60 0.960 0.0000e+00
ACC2 1024 4 5.00 0.9950 32.60 0.980 0.0000e+00
ACC2 1024 4 5.00 0.9950 32.60 1.000 0.0000e+00
ACC2 1024 4 5.00 0.9950 64.54 0.900 0.0000e+00
ACC2 1024 4 5.00 0.9950 64.54 0.930 0.0000e+00
ACC2 1024 4 5.00 0.9950 64.54 0.960 0.0000e+00
ACC2 1024 4 5.00 0.9950 64.54 0.980 0.0000e+00
ACC2 1024 4 5.00 0.9950 64.54 1.000 0.0000e+00
ACC2 1024 4 5.00 0.9950 130.28 0.900 0.0000e+00
ACC2 1024 4 5.00 0.9950 130.28 0.930 0.0000e+00
ACC2 1024 4 5.00 0.9950 130.28 0.960 0.0000e+00
ACC2 1024 4 5.00 0.9950 130.28 0.980 0.0000e+00
ACC2 1024 4 5.00 0.9950 130.28 1.000 0.0000e+00
ACC2 1024 4 5.50 0.8000 2.03 0.900 0.0000e+00
ACC2 1024 4 5.50 0.8000 2.03 0.930 0.0000e+00
ACC2 1024 4 5.50 0.8000 2.03 0.960 0.0000e+00
ACC2 1024 4 5.50 0.8000 2.03 0.980 2.5497e-04
ACC2 1024 4 5.50 0.8000 2.03 1.000 5.0994e-04
ACC2 1024 4 5.50 0.8000 3.94 0.900 0.0000e+00
ACC2 1024 4 5.50 0.8000 3.94 0.930 0.0000e+00
ACC2 1024 4 5.50 0.8000 3.94 0.960 0.0000e+00
ACC2 1024 4 5.50 0.8000 3.94 0.980 2.6759e-04
ACC2 1024 4 5.50 0.8000 3.94 1.000 5.3519e-04
ACC2 1024 4 5.50 0.8000 8.14 0.900 0.0000e+00
ACC2 1024 4 5.50 0.8000 8.14 0.930 0.0000e+00
ACC2 1024 4 5.50 0.8000 8.14 0.960 0.0000e+00
ACC2 1024 4 5.50 0.8000 8.14 0.980 2.7503e-04
ACC2 1024 4 5.50 0.8000 8.14 1.000 2.7503e-04
ACC2 1024 4 5.50 0.8000 16.12 0.900 0.0000e+00
ACC2 1024 4 5.50 0.8000 16.12 0.930 0.0000e+00
ACC2 1024 4 5.50 0.8000 16.12 0.960 2.8678e-04
ACC2 1024 4 5.50 0.8000 16.12 0.980 2.8678e-04
ACC2 1024 4 5.50 0.8000 16.12 1.000 8.6034e-04
ACC2 1024 4 5.50 0.8000 32.60 0.900 0.0000e+00
ACC2 1024 4 5.50 0.8000 32.60 0.930 2.9727e-04
ACC2 1024 4 5.50 0.8000 32.60 0.960 2.9727e-04
ACC2 1024 4 5.50 0.8000 32.60 0.980 2.9727e-04
ACC2 1024 4 5.50 0.8000 32.60 1.000 2.9727e-04
ACC2 1024 4 5.50 0.8000 64.54 0.900 0.0000e+00
ACC2 1024 4 5.50 0.8000 64.54 0.930 0.0000e+00
ACC2 1024 4 5.50 0.8000 64.54 0.960 0.0000e+00
ACC2 1024 4 5.50 0.8000 64.54 0.980 3.0102e-04
ACC2 1024 4 5.50 0.8000 64.54 1.000 3.0102e-04
ACC2 1024 4 5.50 0.8000 130.28 0.900 0.0000e+00
ACC2 1024 4 5.50 0.8000 130.28 0.930 0.0000e+00
ACC2 1024 4 5.50 0.8000 130.28 0.960 0.0000e+00
ACC2 1024 4 5.50 0.8000 130.28 0.980 0.0000e+00
ACC2 1024 4 5.50 0.8000 130.28 1.000 0.0000e+00
ACC2 1024 4 5.50 0.9000 2.03 0.900 0.0000e+00
ACC2 1024 4 5.50 0.9000 2.03 0.930 0.0000e+00
ACC2 1024 4 5.50 0.9000 2.03 0.960 2.4552e-04
ACC2 1024 4 5.50 0.9000 2.03 0.980 2.4552e-04
ACC2 1024 4 5.50 0.9000 2.03 1.000 2.4552e-04
ACC2 1024 4 5.50 0.9000 3.94 0.900 0.0000e+00
ACC2 1024 4 5.50 0.9000 3.94 0.930 0.0000e+00
ACC2 1024 4 5.50 0.9000 3.94 0.960 0.0000e+00
ACC2 1024 4 5.50 0.9000 3.94 0.980 0.0000e+00
ACC2 1024 4 5.50 0.9000 3.94 1.000 0.0000e+00
ACC2 1024 4 5.50 0.9000 8.14 0.900 0.0000e+00
ACC2 1024 4 5.50 0.9000 8.14 0.930 0.0000e+00
ACC2 1024 4 5.50 0.9000 8.14 0.960 0.0000e+00
ACC2 1024 4 5.50 0.9000 8.14 0.980 0.0000e+00
ACC2 1024 4 5.50 0.9000 8.14 1.000 0.0000e+00
ACC2 1024 4 5.50 0.9000 16.12 0.900 0.0000e+00
ACC2 1024 4 5.50 0.9000 16.12 0.930 0.0000e+00
ACC2 1024 4 5.50 0.9000 16.12 0.960 0.0000e+00
ACC2 1024 4 5.50 0.9000 16.12 0.980 0.0000e+00
ACC2 1024 4 5.50 0.9000 16.12 1.000 0.0000e+00
ACC2 1024 4 5.50 0.9000 32.60 0.900 0.0000e+00
ACC2 1024 4 5.50 0.9000 32.60 0.930 0.0000e+00
ACC2 1024 4 5.50 0.9000 32.60 0.960 0.0000e+00
ACC2 1024 4 5.50 0.9000 32.60 0.980 0.0000e+00
ACC2 1024 4 5.50 0.9000 32.60 1.000 0.0000e+00
ACC2 1024 4 5.50 0.9000 64.54 0.900 0.0000e+00
ACC2 1024 4 5.50 0.9000 64.54 0.930 0.0000e+00
ACC2 1024 4 5.50 0.9000 64.54 0.960 0.0000e+00
ACC2 1024 4 5.50 0.9000 64.54 0.980 0.0000e+00
ACC2 1024 4 5.50 0.9000 64.54 1.000 0.0000e+00
ACC2 1024 4 5.50 0.9000 130.28 0.900 0.0000e+00
ACC2 1024 4 5.50 0.9000 130.28 0.930 0.0000e+00
ACC2 1024 4 5.50 0.9000 130.28 0.960 0.0000e+00
ACC2 1024 4 5.50 0.9000 130.28 0.980 0.0000e+00
ACC2 1024 4 5.50 0.9000 130.28 1.000 0.0000e+00
ACC2 1024 4 5.50 0.9500 2.03 0.900 0.0000e+00
ACC2 1024 4 5.50 0.9500 2.03 0.930 0.0000e+00
ACC2 1024 4 5.50 0.9500 2.03 0.960 0.0000e+00
ACC2 1024 4 5.50 0.9500 2.03 0.980 2.4576e-04
ACC2 1024 4 5.50 0.9500 2.03 1.000 7.3728e-04
ACC2 1024 4 5.50 0.9500 3.94 0.900 0.0000e+00
ACC2 1024 4 5.50 0.9500 3.94 0.930 0.0000e+00
ACC2 1024 4 5.50 0.9500 3.94 0.960 0.0000e+00
ACC2 1024 4 5.50 0.9500 3.94 0.980 0.0000e+00
ACC2 1024 4 5.50 0.9500 3.94 1.000 1.0086e-03
ACC2 1024 4 5.50 0.9500 8.14 0.900 0.0000e+00
ACC2 1024 4 5.50 0.9500 8.14 0.930 0.0000e+00
ACC2 1024 4 5.50 0.9500 8.14 0.960 0.0000e+00
ACC2 1024 4 5.50 0.9500 8.14 0.980 0.0000e+00
ACC2 1024 4 5.50 0.9500 8.14 1.000 5.2274e-04
ACC2 1024 4 5.50 0.9500 16.12 0.900 0.0000e+00
ACC2 1024 4 5.50 0.9500 16.12 0.930 0.0000e+00
ACC2 1024 4 5.50 0.9500 16.12 0.960 0.0000e+00
ACC2 1024 4 5.50 0.9500 16.12 0.980 0.0000e+00
ACC2 1024 4 5.50 0.9500 16.12 1.000 0.0000e+00
ACC2 1024 4 5.50 0.9500 32.60 0.900 0.0000e+00
ACC2 1024 4 5.50 0.9500 32.60 0.930 0.0000e+00
ACC2 1024 4 5.50 0.9500 32.60 0.960 0.0000e+00
ACC2 1024 4 5.50 0.9500 32.60 0.980 2.7988e-04
ACC2 1024 4 5.50 0.9500 32.60 1.000 8.3963e-04
ACC2 1024 4 5.50 0.9500 64.54 0.900 0.0000e+00
ACC2 1024 4 5.50 0.9500 64.54 0.930 0.0000e+00
ACC2 1024 4 5.50 0.9500 64.54 0.960 0.0000e+00
ACC2 1024 4 5.50 0.9500 64.54 0.980 0.0000e+00
ACC2 1024 4 5.50 0.9500 64.54 1.000 0.0000e+00
ACC2 1024 4 5.50 0.9500 130.28 0.900 0.0000e+00
ACC2 1024 4 5.50 0.9500 130.28 0.930 0.0000e+00
ACC2 1024 4 5.50 0.9500 130.28 0.960 0.0000e+00
ACC2 1024 4 5.50 0.9500 130.28 0.980 0.0000e+00
ACC2 1024 4 5.50 0.9500 130.28 1.000 0.0000e+00
ACC2 1024 4 5.50 0.9800 2.03 0.900 0.0000e+00
ACC2 1024 4 5.50 0.9800 2.03 0.930 0.0000e+00
ACC2 1024 4 5.50 0.9800 2.03 0.960 0.0000e+00
ACC2 1024 4 5.50 0.9800 2.03 0.980 0.0000e+00
ACC2 1024 4 5.50 0.9800 2.03 1.000 5.3111e-03
ACC2 1024 4 5.50 0.9800 3.94 0.900 0.0000e+00
ACC2 1024 4 5.50 0.9800 3.94 0.930 0.0000e+00
ACC2 1024 4 5.50 0.9800 3.94 0.960 0.0000e+00
ACC2 1024 4 5.50 0.9800 3.94 0.980 2.5707e-04
ACC2 1024 4 5.50 0.9800 3.94 1.000 3.3419e-03
ACC2 1024 4 5.50 0.9800 8.14 0.900 0.0000e+00
ACC2 1024 4 5.50 0.9800 8.14 0.930 0.0000e+00
ACC2 1024 4 5.50 0.9800 8.14 0.960 0.0000e+00
ACC2 1024 4 5.50 0.9800 8.14 0.980 0.0000e+00
ACC2 1024 4 5.50 0.9800 8.14 1.000 1.8402e-03
ACC2 1024 4 5.50 0.9800 16.12 0.900 0.0000e+00
ACC2 1024 4 5.50 0.9800 16.12 0.930 0.0000e+00
ACC2 1024 4 5.50 0.9800 16.12 0.960 0.0000e+00
ACC2 1024 4 5.50 0.9800 16.12 0.980 0.0000e+00
ACC2 1024 4 5.50 0.9800 16.12 1.000 8.0819e-04
ACC2 1024 4 5.50 0.9800 32.60 0.900 0.0000e+00
ACC2 1024 4 5.50 0.9800 32.60 0.930 0.0000e+00
ACC2 1024 4 5.50 0.9800 32.60 0.960 0.0000e+00
ACC2 1024 4 5.50 0.9800 32.60 0.980 0.0000e+00
ACC2 1024 4 5.50 0.9800 32.60 1.000 0.0000e+00
ACC2 1024 4 5.50 0.9800 64.54 0.900 0.0000e+00
ACC2 1024 4 5.50 0.9800 64.54 0.930 0.0000e+00
ACC2 1024 4 5.50 0.9800 64.54 0.960 0.0000e+00
ACC2 1024 4 5.50 0.9800 64.54 0.980 0.0000e+00
ACC2 1024 4 5.50 0.9800 64.54 1.000 0.0000e+00
ACC2 1024 4 5.50 0.9800 130.28 0.900 0.0000e+00
ACC2 1024 4 5.50 0.9800 130.28 0.930 0.0000e+00
ACC2 1024 4 5.50 0.9800 130.28 0.960 0.0000e+00
ACC2 1024 4 5.50 0.9800 130.28 0.980 0.0000e+00
ACC2 1024 4 5.50 0.9800 130.28 1.000 0.0000e+00
ACC2 1024 4 5.50 0.9950 2.03 0.900 0.0000e+00
ACC2 1024 4 5.50 0.9950 2.03 0.930 0.0000e+00
ACC2 1024 4 5.50 0.9950 2.03 0.960 0.0000e+00
ACC2 1024 4 5.50 0.9950 2.03 0.980 1.0607e-03
ACC2 1024 4 5.50 0.9950 2.03 1.000 2.7049e-02
ACC2 1024 4 5.50 0.9950 3.94 0.900 0.0000e+00
ACC2 1024 4 5.50 0.9950 3.94 0.930 0.0000e+00
ACC2 1024 4 5.50 0.9950 3.94 0.960 0.0000e+00
ACC2 1024 4 5.50 0.9950 3.94 0.980 2.6983e-04
ACC2 1024 4 5.50 0.9950 3.94 1.000 1.4571e-02
ACC2 1024 4 5.50 0.9950 8.14 0.900 0.0000e+00
ACC2 1024 4 5.50 0.9950 8.14 0.930 0.0000e+00
ACC2 1024 4 5.50 0.9950 8.14 0.960 0.0000e+00
ACC2 1024 4 5.50 0.9950 8.14 0.980 0.0000e+00
ACC2 1024 4 5.50 0.9950 8.14 1.000 5.9653e-03
ACC2 1024 4 5.50 0.9950 16.12 0.900 0.0000e+00
ACC2 1024 4 5.50 0.9950 16.12 0.930 0.0000e+00
ACC2 1024 4 5.50 0.9950 16.12 0.960 0.0000e+00
ACC2 1024 4 5.50 0.9950 16.12 0.980 0.0000e+00
ACC2 1024 4 5.50 0.9950 16.12 1.000 8.2395e-04
ACC2 1024 4 5.50 0.9950 32.60 0.900 0.0000e+00
ACC2 1024 4 5.50 0.9950 32.60 0.930 0.0000e+00
ACC2 1024 4 5.50 0.9950 32.60 0.960 0.0000e+00
ACC2 1024 4 5.50 0.9950 32.60 0.980 0.0000e+00
ACC2 1024 4 5.50 0.9950 32.60 1.000 0.0000e+00
ACC2 1024 4 5.50 0.9950 64.54 0.900 0.0000e+00
ACC2 1024 4 5.50 0.9950 64.54 0.930 0.0000e+00
ACC2 1024 4 5.50 0.9950 64.54 0.960 0.0000e+00
ACC2 1024 4 5.50 0.9950 64.54 0.980 0.0000e+00
ACC2 1024 4 5.50 0.9950 64.54 1.000 0.0000e+00
ACC2 1024 4 5.50 0.9950 130.28 0.900 0.0000e+00
ACC2 1024 4 5.50 0.9950 130.28 0.930 0.0000e+00
ACC2 1024 4 5.50 0.9950 130.28 0.960 0.0000e+00
ACC2 1024 4 5.50 0.9950 130.28 0.980 0.0000e+00
ACC2 1024 4 5.50 0.9950 130.28 1.000 0.0000e+00
ACC2 1024 4 6.00 0.8000 2.03 0.900 0.0000e+00
ACC2 1024 4 6.00 0.8000 2.03 0.930 0.0000e+00
ACC2 1024 4 6.00 0.8000 2.03 0.960 0.0000e+00
ACC2 1024 4 6.00 0.8000 2.03 0.980 2.6932e-04
ACC2 1024 4 6.00 0.8000 2.03 1.000 8.0797e-04
ACC2 1024 4 6.00 0.8000 3.94 0.900 0.0000e+00
ACC2 1024 4 6.00 0.8000 3.94 0.930 0.0000e+00
ACC2 1024 4 6.00 0.8000 3.94 0.960 0.0000e+00
ACC2 1024 4 6.00 0.8000 3.94 0.980 0.0000e+00
ACC2 1024 4 6.00 0.8000 3.94 1.000 5.5897e-04
ACC2 1024 4 6.00 0.8000 8.14 0.900 0.0000e+00
ACC2 1024 4 6.00 0.8000 8.14 0.930 0.0000e+00
ACC2 1024 4 6.00 0.8000 8.14 0.960 0.0000e+00
ACC2 1024 4 6.00 0.8000 8.14 0.980 0.0000e+00
ACC2 1024 4 6.00 0.8000 8.14 1.000 2.8588e-04
ACC2 1024 4 6.00 0.8000 16.12 0.900 0.0000e+00
ACC2 1024 4 6.00 0.8000 16.12 0.930 0.0000e+00
ACC2 1024 4 6.00 0.8000 16.12 0.960 2.9860e-04
ACC2 1024 4 6.00 0.8000 16.12 0.980 5.9719e-04
ACC2 1024 4 6.00 0.8000 16.12 1.000 1.1944e-03
ACC2 1024 4 6.00 0.8000 32.60 0.900 0.0000e+00
ACC2 1024 4 6.00 0.8000 32.60 0.930 3.0432e-04
ACC2 1024 4 6.00 0.8000 32.60 0.960 3.0432e-04
ACC2 1024 4 6.00 0.8000 32.60 0.980 3.0432e-04
ACC2 1024 4 6.00 0.8000 32.60 1.000 6.0864e-04
ACC2 1024 4 6.00 0.8000 64.54 0.900 0.0000e+00
ACC2 1024 4 6.00 0.8000 64.54 0.930 0.0000e+00
ACC2 1024 4 6.00 0.8000 64.54 0.960 0.0000e+00
ACC2 1024 4 6.00 0.8000 64.54 0.980 3.0656e-04
ACC2 1024 4 6.00 0.8000 64.54 1.000 6.1312e-04
ACC2 1024 4 6.00 0.8000 130.28 0.900 0.0000e+00
ACC2 1024 4 6.00 0.8000 130.28 0.930 0.0000e+00
ACC2 1024 4 6.00 0.8000 130.28 0.960 0.0000e+00
ACC2 1024 4 6.00 0.8000 130.28 0.980 0.0000e+00
ACC2 1024 4 6.00 0.8000 130.28 1.000 0.0000e+00
ACC2 1024 4 6.00 0.9000 2.03 0.900 0.0000e+00
ACC2 1024 4 6.00 0.9000 2.03 0.930 0.0000e+00
ACC2 1024 4 6.00 0.9000 2.03 0.960 0.0000e+00
ACC2 1024 4 6.00 0.9000 2.03 0.980 2.5445e-04
ACC2 1024 4 6.00 0.9000 2.03 1.000 2.5445e-04
ACC2 1024 4 6.00 0.9000 3.94 0.900 0.0000e+00
ACC2 1024 4 6.00 0.9000 3.94 0.930 0.0000e+00
ACC2 1024 4 6.00 0.9000 3.94 0.960 0.0000e+00
ACC2 1024 4 6.00 0.9000 3.94 0.980 0.0000e+00
ACC2 1024 4 6.00 0.9000 3.94 1.000 2.6420e-04
ACC2 1024 4 6.00 0.9000 8.14 0.900 0.0000e+00
ACC2 1024 4 6.00 0.9000 8.14 0.930 0.0000e+00
ACC2 1024 4 6.00 0.9000 8.14 0.960 0.0000e+00
ACC2 1024 4 6.00 0.9000 8.14 0.980 0.0000e+00
ACC2 1024 4 6.00 0.9000 8.14 1.000 0.0000e+00
ACC2 1024 4 6.00 0.9000 16.12 0.900 0.0000e+00
ACC2 1024 4 6.00 0.9000 16.12 0.930 0.0000e+00
ACC2 1024 4 6.00 0.9000 16.12 0.960 0.0000e+00
ACC2 1024 4 6.00 0.9000 16.12 0.980 0.0000e+00
ACC2 1024 4 6.00 0.9000 16.12 1.000 0.0000e+00
ACC2 1024 4 6.00 0.9000 32.60 0.900 0.0000e+00
ACC2 1024 4 6.00 0.9000 32.60 0.930 0.0000e+00
ACC2 1024 4 6.00 0.9000 32.60 0.960 0.0000e+00
ACC2 1024 4 6.00 0.9000 32.60 0.980 0.0000e+00
ACC2 1024 4 6.00 0.9000 32.60 1.000 0.0000e+00
ACC2 1024 4 6.00 0.9000 64.54 0.900 0.0000e+00
ACC2 1024 4 6.00 0.9000 64.54 0.930 0.0000e+00
ACC2 1024 4 6.00 0.9000 64.54 0.960 0.0000e+00
ACC2 1024 4 6.00 0.9000 64.54 0.980 0.0000e+00
ACC2 1024 4 6.00 0.9000 64.54 1.000 3.0248e-04
ACC2 1024 4 6.00 0.9000 130.28 0.900 0.0000e+00
ACC2 1024 4 6.00 0.9000 130.28 0.930 0.0000e+00
ACC2 1024 4 6.00 0.9000 130.28 0.960 0.0000e+00
ACC2 1024 4 6.00 0.9000 130.28 0.980 0.0000e+00
ACC2 1024 4 6.00 0.9000 130.28 1.000 0.0000e+00
ACC2 1024 4 6.00 0.9500 2.03 0.900 0.0000e+00
ACC2 1024 4 6.00 0.9500 2.03 0.930 0.0000e+00
ACC2 1024 4 6.00 0.9500 2.03 0.960 0.0000e+00
ACC2 1024 4 6.00 0.9500 2.03 0.980 0.0000e+00
ACC2 1024 4 6.00 0.9500 2.03 1.000 5.0289e-04
ACC2 1024 4 6.00 0.9500 3.94 0.900 0.0000e+00
ACC2 1024 4 6.00 0.9500 3.94 0.930 0.0000e+00
ACC2 1024 4 6.00 0.9500 3.94 0.960 0.0000e+00
ACC2 1024 4 6.00 0.9500 3.94 0.980 0.0000e+00
ACC2 1024 4 6.00 0.9500 3.94 1.000 5.1840e-04
ACC2 1024 4 6.00 0.9500 8.14 0.900 0.0000e+00
ACC2 1024 4 6.00 0.9500 8.14 0.930 0.0000e+00
ACC2 1024 4 6.00 0.9500 8.14 0.960 0.0000e+00
ACC2 1024 4 6.00 0.9500 8.14 0.980 0.0000e+00
ACC2 1024 4 6.00 0.9500 8.14 1.000 8.0429e-04
ACC2 1024 4 6.00 0.9500 16.12 0.900 0.0000e+00
ACC2 1024 4 6.00 0.9500 16.12 0.930 0.0000e+00
ACC2 1024 4 6.00 0.9500 16.12 0.960 0.0000e+00
ACC2 1024 4 6.00 0.9500 16.12 0.980 0.0000e+00
ACC2 1024 4 6.00 0.9500 16.12 1.000 0.0000e+00
ACC2 1024 4 6.00 0.9500 32.60 0.900 0.0000e+00
ACC2 1024 4 6.00 0.9500 32.60 0.930 0.0000e+00
ACC2 1024 4 6.00 0.9500 32.60 0.960 0.0000e+00
ACC2 1024 4 6.00 0.9500 32.60 0.980 2.8637e-04
ACC2 1024 4 6.00 0.9500 32.60 1.000 8.5911e-04
ACC2 1024 4 6.00 0.9500 64.54 0.900 0.0000e+00
ACC2 1024 4 6.00 0.9500 64.54 0.930 0.0000e+00
ACC2 1024 4 6.00 0.9500 64.54 0.960 0.0000e+00
ACC2 1024 4 6.00 0.9500 64.54 0.980 0.0000e+00
ACC2 1024 4 6.00 0.9500 64.54 1.000 0.0000e+00
ACC2 1024 4 6.00 0.9500 130.28 0.900 0.0000e+00
ACC2 1024 4 6.00 0.9500 130.28 0.930 0.0000e+00
ACC2 1024 4 6.00 0.9500 130.28 0.960 0.0000e+00
ACC2 1024 4 6.00 0.9500 130.28 0.980 0.0000e+00
ACC2 1024 4 6.00 0.9500 130.28 1.000 0.0000e+00
ACC2 1024 4 6.00 0.9800 2.03 0.900 0.0000e+00
ACC2 1024 4 6.00 0.9800 2.03 0.930 0.0000e+00
ACC2 1024 4 6.00 0.9800 2.03 0.960 0.0000e+00
ACC2 1024 4 6.00 0.9800 2.03 0.980 0.0000e+00
ACC2 1024 4 6.00 0.9800 2.03 1.000 3.8590e-03
ACC2 1024 4 6.00 0.9800 3.94 0.900 0.0000e+00
ACC2 1024 4 6.00 0.9800 3.94 0.930 0.0000e+00
ACC2 1024 4 6.00 0.9800 3.94 0.960 0.0000e+00
ACC2 1024 4 6.00 0.9800 3.94 0.980 2.6247e-04
ACC2 1024 4 6.00 0.9800 3.94 1.000 2.6247e-03
ACC2 1024 4 6.00 0.9800 8.14 0.900 0.0000e+00
ACC2 1024 4 6.00 0.9800 8.14 0.930 0.0000e+00
ACC2 1024 4 6.00 0.9800 8.14 0.960 0.0000e+00
ACC2 1024 4 6.00 0.9800 8.14 0.980 0.0000e+00
ACC2 1024 4 6.00 0.9800 8.14 1.000 2.1402e-03
ACC2 1024 4 6.00 0.9800 16.12 0.900 0.0000e+00
ACC2 1024 4 6.00 0.9800 16.12 0.930 0.0000e+00
ACC2 1024 4 6.00 0.9800 16.12 0.960 0.0000e+00
ACC2 1024 4 6.00 0.9800 16.12 0.980 0.0000e+00
ACC2 1024 4 6.00 0.9800 16.12 1.000 5.4840e-04
ACC2 1024 4 6.00 0.9800 32.60 0.900 0.0000e+00
ACC2 1024 4 6.00 0.9800 32.60 0.930 0.0000e+00
ACC2 1024 4 6.00 0.9800 32.60 0.960 0.0000e+00
ACC2 1024 4 6.00 0.9800 32.60 0.980 0.0000e+00
ACC2 1024 4 6.00 0.9800 32.60 1.000 0.0000e+00
ACC2 1024 4 6.00 0.9800 64.54 0.900 0.0000e+00
ACC2 1024 4 6.00 0.9800 64.54 0.930 0.0000e+00
ACC2 1024 4 6.00 0.9800 64.54 0.960 0.0000e+00
ACC2 1024 4 6.00 0.9800 64.54 0.980 0.0000e+00
ACC2 1024 4 6.00 0.9800 64.54 1.000 0.0000e+00
ACC2 1024 4 6.00 0.9800 130.28 0.900 0.0000e+00
ACC2 1024 4 6.00 0.9800 130.28 0.930 0.0000e+00
ACC2 1024 4 6.00 0.9800 130.28 0.960 0.0000e+00
ACC2 1024 4 6.00 0.9800 130.28 0.980 0.0000e+00
ACC2 1024 4 6.00 0.9800 130.28 1.000 0.0000e+00
ACC2 1024 4 6.00 0.9950 2.03 0.900 0.0000e+00
ACC2 1024 4 6.00 0.9950 2.03 0.930 0.0000e+00
ACC2 1024 4 6.00 0.9950 2.03 0.960 0.0000e+00
ACC2 1024 4 6.00 0.9950 2.03 0.980 2.6911e-04
ACC2 1024 4 6.00 0.9950 2.03 1.000 2.2067e-02
ACC2 1024 4 6.00 0.9950 3.94 0.900 0.0000e+00
ACC2 1024 4 6.00 0.9950 3.94 0.930 0.0000e+00
ACC2 1024 4 6.00 0.9950 3.94 0.960 0.0000e+00
ACC2 1024 4 6.00 0.9950 3.94 0.980 2.7375e-04
ACC2 1024 4 6.00 0.9950 3.94 1.000 1.1771e-02
ACC2 1024 4 6.00 0.9950 8.14 0.900 0.0000e+00
ACC2 1024 4 6.00 0.9950 8.14 0.930 0.0000e+00
ACC2 1024 4 6.00 0.9950 8.14 0.960 0.0000e+00
ACC2 1024 4 6.00 0.9950 8.14 0.980 0.0000e+00
ACC2 1024 4 6.00 0.9950 8.14 1.000 6.0406e-03
ACC2 1024 4 6.00 0.9950 16.12 0.900 0.0000e+00
ACC2 1024 4 6.00 0.9950 16.12 0.930 0.0000e+00
ACC2 1024 4 6.00 0.9950 16.12 0.960 0.0000e+00
ACC2 1024 4 6.00 0.9950 16.12 0.980 0.0000e+00
ACC2 1024 4 6.00 0.9950 16.12 1.000 5.5757e-04
ACC2 1024 4 6.00 0.9950 32.60 0.900 0.0000e+00
ACC2 1024 4 6.00 0.9950 32.60 0.930 0.0000e+00
ACC2 1024 4 6.00 0.9950 32.60 0.960 0.0000e+00
ACC2 1024 4 6.00 0.9950 32.60 0.980 0.0000e+00
ACC2 1024 4 6.00 0.9950 32.60 1.000 0.0000e+00
ACC2 1024 4 6.00 0.9950 64.54 0.900 0.0000e+00
ACC2 1024 4 6.00 0.9950 64.54 0.930 0.0000e+00
ACC2 1024 4 6.00 0.9950 64.54 0.960 0.0000e+00
ACC2 1024 4 6.00 0.9950 64.54 0.980 0.0000e+00
ACC2 1024 4 6.00 0.9950 64.54 1.000 0.0000e+00
ACC2 1024 4 6.00 0.9950 130.28 0.900 0.0000e+00
ACC2 1024 4 6.00 0.9950 130.28 0.930 0.0000e+00
ACC2 1024 4 6.00 0.9950 130.28 0.960 0.0000e+00
ACC2 1024 4 6.00 0.9950 130.28 0.980 0.0000e+00
ACC2 1024 4 6.00 0.9950 130.28 1.000 0.0000e+00
ACC2 1024 4 6.50 0.8000 2.03 0.900 0.0000e+00
ACC2 1024 4 6.50 0.8000 2.03 0.930 0.0000e+00
ACC2 1024 4 6.50 0.8000 2.03 0.960 0.0000e+00
ACC2 1024 4 6.50 0.8000 2.03 0.980 2.8177e-04
ACC2 1024 4 6.50 0.8000 2.03 1.000 1.1271e-03
ACC2 1024 4 6.50 0.8000 3.94 0.900 0.0000e+00
ACC2 1024 4 6.50 0.8000 3.94 0.930 0.0000e+00
ACC2 1024 4 6.50 0.8000 3.94 0.960 0.0000e+00
ACC2 1024 4 6.50 0.8000 3.94 0.980 0.0000e+00
ACC2 1024 4 6.50 0.8000 3.94 1.000 5.7837e-04
ACC2 1024 4 6.50 0.8000 8.14 0.900 0.0000e+00
ACC2 1024 4 6.50 0.8000 8.14 0.930 0.0000e+00
ACC2 1024 4 6.50 0.8000 8.14 0.960 0.0000e+00
ACC2 1024 4 6.50 0.8000 8.14 0.980 0.0000e+00
ACC2 1024 4 6.50 0.8000 8.14 1.000 5.8841e-04
ACC2 1024 4 6.50 0.8000 16.12 0.900 0.0000e+00
ACC2 1024 4 6.50 0.8000 16.12 0.930 0.0000e+00
ACC2 1024 4 6.50 0.8000 16.12 0.960 0.0000e+00
ACC2 1024 4 6.50 0.8000 16.12 0.980 6.1143e-04
ACC2 1024 4 6.50 0.8000 16.12 1.000 1.2229e-03
ACC2 1024 4 6.50 0.8000 32.60 0.900 0.0000e+00
ACC2 1024 4 6.50 0.8000 32.60 0.930 3.0979e-04
ACC2 1024 4 6.50 0.8000 32.60 0.960 3.0979e-04
ACC2 1024 4 6.50 0.8000 32.60 0.980 3.0979e-04
ACC2 1024 4 6.50 0.8000 32.60 1.000 6.1958e-04
ACC2 1024 4 6.50 0.8000 64.54 0.900 0.0000e+00
ACC2 1024 4 6.50 0.8000 64.54 0.930 0.0000e+00
ACC2 1024 4 6.50 0.8000 64.54 0.960 0.0000e+00
ACC2 1024 4 6.50 0.8000 64.54 0.980 3.1056e-04
ACC2 1024 4 6.50 0.8000 64.54 1.000 9.3168e-04
ACC2 1024 4 6.50 0.8000 130.28 0.900 0.0000e+00
ACC2 1024 4 6.50 0.8000 130.28 0.930 0.0000e+00
ACC2 1024 4 6.50 0.8000 130.28 0.960 0.0000e+00
ACC2 1024 4 6.50 0.8000 130.28 0.980 0.0000e+00
ACC2 1024 4 6.50 0.8000 130.28 1.000 0.0000e+00
ACC2 1024 4 6.50 0.9000 2.03 0.900 0.0000e+00
ACC2 1024 4 6.50 0.9000 2.03 0.930 0.0000e+00
ACC2 1024 4 6.50 0.9000 2.03 0.960 0.0000e+00
ACC2 1024 4 6.50 0.9000 2.03 0.980 2.6295e-04
ACC2 1024 4 6.50 0.9000 2.03 1.000 5.2590e-04
ACC2 1024 4 6.50 0.9000 3.94 0.900 0.0000e+00
ACC2 1024 4 6.50 0.9000 3.94 0.930 0.0000e+00
ACC2 1024 4 6.50 0.9000 3.94 0.960 0.0000e+00
ACC2 1024 4 6.50 0.9000 3.94 0.980 0.0000e+00
ACC2 1024 4 6.50 0.9000 3.94 1.000 2.7263e-04
ACC2 1024 4 6.50 0.9000 8.14 0.900 0.0000e+00
ACC2 1024 4 6.50 0.9000 8.14 0.930 0.0000e+00
ACC2 1024 4 6.50 0.9000 8.14 0.960 0.0000e+00
ACC2 1024 4 6.50 0.9000 8.14 0.980 0.0000e+00
ACC2 1024 4 6.50 0.9000 8.14 1.000 0.0000e+00
ACC2 1024 4 6.50 0.9000 16.12 0.900 0.0000e+00
ACC2 1024 4 6.50 0.9000 16.12 0.930 0.0000e+00
ACC2 1024 4 6.50 0.9000 16.12 0.960 0.0000e+00
ACC2 1024 4 6.50 0.9000 16.12 0.980 0.0000e+00
ACC2 1024 4 6.50 0.9000 16.12 1.000 0.0000e+00
ACC2 1024 4 6.50 0.9000 32.60 0.900 0.0000e+00
ACC2 1024 4 6.50 0.9000 32.60 0.930 0.0000e+00
ACC2 1024 4 6.50 0.9000 32.60 0.960 0.0000e+00
ACC2 1024 4 6.50 0.9000 32.60 0.980 0.0000e+00
ACC2 1024 4 6.50 0.9000 32.60 1.000 0.0000e+00
ACC2 1024 4 6.50 0.9000 64.54 0.900 0.0000e+00
ACC2 1024 4 6.50 0.9000 64.54 0.930 0.0000e+00
ACC2 1024 4 6.50 0.9000 64.54 0.960 0.0000e+00
ACC2 1024 4 6.50 0.9000 64.54 0.980 0.0000e+00
ACC2 1024 4 6.50 0.9000 64.54 1.000 3.0779e-04
ACC2 1024 4 6.50 0.9000 130.28 0.900 0.0000e+00
ACC2 1024 4 6.50 0.9000 130.28 0.930 0.0000e+00
ACC2 1024 4 6.50 0.9000 130.28 0.960 0.0000e+00
ACC2 1024 4 6.50 0.9000 130.28 0.980 0.0000e+00
ACC2 1024 4 6.50 0.9000 130.28 1.000 0.0000e+00
ACC2 1024 4 6.50 0.9500 2.03 0.900 0.0000e+00
ACC2 1024 4 6.50 0.9500 2.03 0.930 0.0000e+00
ACC2 1024 4 6.50 0.9500 2.03 0.960 0.0000e+00
ACC2 1024 4 6.50 0.9500 2.03 0.980 0.0000e+00
ACC2 1024 4 6.50 0.9500 2.03 1.000 2.5773e-04
ACC2 1024 4 6.50 0.9500 3.94 0.900 0.0000e+00
ACC2 1024 4 6.50 0.9500 3.94 0.930 0.0000e+00
ACC2 1024 4 6.50 0.9500 3.94 0.960 0.0000e+00
ACC2 1024 4 6.50 0.9500 3.94 0.980 0.0000e+00
ACC2 1024 4 6.50 0.9500 3.94 1.000 5.3107e-04
ACC2 1024 4 6.50 0.9500 8.14 0.900 0.0000e+00
ACC2 1024 4 6.50 0.9500 8.14 0.930 0.0000e+00
ACC2 1024 4 6.50 0.9500 8.14 0.960 0.0000e+00
ACC2 1024 4 6.50 0.9500 8.14 0.980 0.0000e+00
ACC2 1024 4 6.50 0.9500 8.14 1.000 8.1945e-04
ACC2 1024 4 6.50 0.9500 16.12 0.900 0.0000e+00
ACC2 1024 4 6.50 0.9500 16.12 0.930 0.0000e+00
ACC2 1024 4 6.50 0.9500 16.12 0.960 0.0000e+00
ACC2 1024 4 6.50 0.9500 16.12 0.980 0.0000e+00
ACC2 1024 4 6.50 0.9500 16.12 1.000 0.0000e+00
ACC2 1024 4 6.50 0.9500 32.60 0.900 0.0000e+00
ACC2 1024 4 6.50 0.9500 32.60 0.930 0.0000e+00
ACC2 1024 4 6.50 0.9500 32.60 0.960 0.0000e+00
ACC2 1024 4 6.50 0.9500 32.60 0.980 2.9231e-04
ACC2 1024 4 6.50 0.9500 32.60 1.000 8.7694e-04
ACC2 1024 4 6.50 0.9500 64.54 0.900 0.0000e+00
ACC2 1024 4 6.50 0.9500 64.54 0.930 0.0000e+00
ACC2 1024 4 6.50 0.9500 64.54 0.960 0.0000e+00
ACC2 1024 4 6.50 0.9500 64.54 0.980 0.0000e+00
ACC2 1024 4 6.50 0.9500 64.54 1.000 0.0000e+00
ACC2 1024 4 6.50 0.9500 130.28 0.900 0.0000e+00
ACC2 1024 4 6.50 0.9500 130.28 0.930 0.0000e+00
ACC2 1024 4 6.50 0.9500 130.28 0.960 0.0000e+00
ACC2 1024 4 6.50 0.9500 130.28 0.980 0.0000e+00
ACC2 1024 4 6.50 0.9500 130.28 1.000 0.0000e+00
ACC2 1024 4 6.50 0.9800 2.03 0.900 0.0000e+00
ACC2 1024 4 6.50 0.9800 2.03 0.930 0.0000e+00
ACC2 1024 4 6.50 0.9800 2.03 0.960 0.0000e+00
ACC2 1024 4 6.50 0.9800 2.03 0.980 2.6021e-04
ACC2 1024 4 6.50 0.9800 2.03 1.000 3.9032e-03
ACC2 1024 4 6.50 0.9800 3.94 0.900 0.0000e+00
ACC2 1024 4 6.50 0.9800 3.94 0.930 0.0000e+00
ACC2 1024 4 6.50 0.9800 3.94 0.960 0.0000e+00
ACC2 1024 4 6.50 0.9800 3.94 0.980 0.0000e+00
ACC2 1024 4 6.50 0.9800 3.94 1.000 2.1368e-03
ACC2 1024 4 6.50 0.9800 8.14 0.900 0.0000e+00
ACC2 1024 4 6.50 0.9800 8.14 0.930 0.0000e+00
ACC2 1024 4 6.50 0.9800 8.14 0.960 0.0000e+00
ACC2 1024 4 6.50 0.9800 8.14 0.980 0.0000e+00
ACC2 1024 4 6.50 0.9800 8.14 1.000 1.9053e-03
ACC2 1024 4 6.50 0.9800 16.12 0.900 0.0000e+00
ACC2 1024 4 6.50 0.9800 16.12 0.930 0.0000e+00
ACC2 1024 4 6.50 0.9800 16.12 0.960 0.0000e+00
ACC2 1024 4 6.50 0.9800 16.12 0.980 0.0000e+00
ACC2 1024 4 6.50 0.9800 16.12 1.000 5.5772e-04
ACC2 1024 4 6.50 0.9800 32.60 0.900 0.0000e+00
ACC2 1024 4 6.50 0.9800 32.60 0.930 0.0000e+00
ACC2 1024 4 6.50 0.9800 32.60 0.960 0.0000e+00
ACC2 1024 4 6.50 0.9800 32.60 0.980 0.0000e+00
ACC2 1024 4 6.50 0.9800 32.60 1.000 0.0000e+00
ACC2 1024 4 6.50 0.9800 64.54 0.900 0.0000e+00
ACC2 1024 4 6.50 0.9800 64.54 0.930 0.0000e+00
ACC2 1024 4 6.50 0.9800 64.54 0.960 0.0000e+00
ACC2 1024 4 6.50 0.9800 64.54 0.980 0.0000e+00
ACC2 1024 4 6.50 0.9800 64.54 1.000 0.0000e+00
ACC2 1024 4 6.50 0.9800 130.28 0.900 0.0000e+00
ACC2 1024 4 6.50 0.9800 130.28 0.930 0.0000e+00
ACC2 1024 4 6.50 0.9800 130.28 0.960 0.0000e+00
ACC2 1024 4 6.50 0.9800 130.28 0.980 0.0000e+00
ACC2 1024 4 6.50 0.9800 130.28 1.000 0.0000e+00
ACC2 1024 4 6.50 0.9950 2.03 0.900 0.0000e+00
ACC2 1024 4 6.50 0.9950 2.03 0.930 0.0000e+00
ACC2 1024 4 6.50 0.9950 2.03 0.960 0.0000e+00
ACC2 1024 4 6.50 0.9950 2.03 0.980 2.7233e-04
ACC2 1024 4 6.50 0.9950 2.03 1.000 1.9880e-02
ACC2 1024 4 6.50 0.9950 3.94 0.900 0.0000e+00
ACC2 1024 4 6.50 0.9950 3.94 0.930 0.0000e+00
ACC2 1024 4 6.50 0.9950 3.94 0.960 0.0000e+00
ACC2 1024 4 6.50 0.9950 3.94 0.980 0.0000e+00
ACC2 1024 4 6.50 0.9950 3.94 1.000 1.0518e-02
ACC2 1024 4 6.50 0.9950 8.14 0.900 0.0000e+00
ACC2 1024 4 6.50 0.9950 8.14 0.930 0.0000e+00
ACC2 1024 4 6.50 0.9950 8.14 0.960 0.0000e+00
ACC2 1024 4 6.50 0.9950 8.14 0.980 0.0000e+00
ACC2 1024 4 6.50 0.9950 8.14 1.000 4.4568e-03
ACC2 1024 4 6.50 0.9950 16.12 0.900 0.0000e+00
ACC2 1024 4 6.50 0.9950 16.12 0.930 0.0000e+00
ACC2 1024 4 6.50 0.9950 16.12 0.960 0.0000e+00
ACC2 1024 4 6.50 0.9950 16.12 0.980 0.0000e+00
ACC2 1024 4 6.50 0.9950 16.12 1.000 2.8177e-04
ACC2 1024 4 6.50 0.9950 32.60 0.900 0.0000e+00
ACC2 1024 4 6.50 0.9950 32.60 0.930 0.0000e+00
ACC2 1024 4 6.50 0.9950 32.60 0.960 0.0000e+00
ACC2 1024 4 6.50 0.9950 32.60 0.980 0.0000e+00
ACC2 1024 4 6.50 0.9950 32.60 1.000 0.0000e+00
ACC2 1024 4 6.50 0.9950 64.54 0.900 0.0000e+00
ACC2 1024 4 6.50 0.9950 64.54 0.930 0.0000e+00
ACC2 1024 4 6.50 0.9950 64.54 0.960 0.0000e+00
ACC2 1024 4 6.50 0.9950 64.54 0.980 0.0000e+00
ACC2 1024 4 6.50 0.9950 64.54 1.000 0.0000e+00
ACC2 1024 4 6.50 0.9950 130.28 0.900 0.0000e+00
ACC2 1024 4 6.50 0.9950 130.28 0.930 0.0000e+00
ACC2 1024 4 6.50 0.9950 130.28 0.960 0.0000e+00
ACC2 1024 4 6.50 0.9950 130.28 0.980 0.0000e+00
ACC2 1024 4 6.50 0.9950 130.28 1.000 0.0000e+00
ACC2 1024 8 5.00 0.8000 2.03 0.900 0.0000e+00
ACC2 1024 8 5.00 0.8000 2.03 0.930 0.0000e+00
ACC2 1024 8 5.00 0.8000 2.03 0.960 2.4010e-04
ACC2 1024 8 5.00 0.8000 2.03 0.980 2.4010e-04
ACC2 1024 8 5.00 0.8000 2.03 1.000 4.8019e-04
ACC2 1024 8 5.00 0.8000 3.94 0.900 0.0000e+00
ACC2 1024 8 5.00 0.8000 3.94 0.930 0.0000e+00
ACC2 1024 8 5.00 0.8000 3.94 0.960 0.0000e+00
ACC2 1024 8 5.00 0.8000 3.94 0.980 2.5157e-04
ACC2 1024 8 5.00 0.8000 3.94 1.000 5.0314e-04
ACC2 1024 8 5.00 0.8000 8.14 0.900 0.0000e+00
ACC2 1024 8 5.00 0.8000 8.14 0.930 0.0000e+00
ACC2 1024 8 5.00 0.8000 8.14 0.960 2.6226e-04
ACC2 1024 8 5.00 0.8000 8.14 0.980 5.2452e-04
ACC2 1024 8 5.00 0.8000 8.14 1.000 5.2452e-04
ACC2 1024 8 5.00 0.8000 16.12 0.900 0.0000e+00
ACC2 1024 8 5.00 0.8000 16.12 0.930 0.0000e+00
ACC2 1024 8 5.00 0.8000 16.12 0.960 2.7457e-04
ACC2 1024 8 5.00 0.8000 16.12 0.980 2.7457e-04
ACC2 1024 8 5.00 0.8000 16.12 1.000 8.2372e-04
ACC2 1024 8 5.00 0.8000 32.60 0.900 0.0000e+00
ACC2 1024 8 5.00 0.8000 32.60 0.930 2.8670e-04
ACC2 1024 8 5.00 0.8000 32.60 0.960 2.8670e-04
ACC2 1024 8 5.00 0.8000 32.60 0.980 2.8670e-04
ACC2 1024 8 5.00 0.8000 32.60 1.000 5.7339e-04
ACC2 1024 8 5.00 0.8000 64.54 0.900 0.0000e+00
ACC2 1024 8 5.00 0.8000 64.54 0.930 2.9265e-04
ACC2 1024 8 5.00 0.8000 64.54 0.960 2.9265e-04
ACC2 1024 8 5.00 0.8000 64.54 0.980 2.9265e-04
ACC2 1024 8 5.00 0.8000 64.54 1.000 5.8531e-04
ACC2 1024 8 5.00 0.8000 130.28 0.900 0.0000e+00
ACC2 1024 8 5.00 0.8000 130.28 0.930 0.0000e+00
ACC2 1024 8 5.00 0.8000 130.28 0.960 0.0000e+00
ACC2 1024 8 5.00 0.8000 130.28 0.980 0.0000e+00
ACC2 1024 8 5.00 0.8000 130.28 1.000 0.0000e+00
ACC2 1024 8 5.00 0.9000 2.03 0.900 0.0000e+00
ACC2 1024 8 5.00 0.9000 2.03 0.930 0.0000e+00
ACC2 1024 8 5.00 0.9000 2.03 0.960 0.0000e+00
ACC2 1024 8 5.00 0.9000 2.03 0.980 2.3680e-04
ACC2 1024 8 5.00 0.9000 2.03 1.000 2.3680e-04
ACC2 1024 8 5.00 0.9000 3.94 0.900 0.0000e+00
ACC2 1024 8 5.00 0.9000 3.94 0.930 0.0000e+00
ACC2 1024 8 5.00 0.9000 3.94 0.960 0.0000e+00
ACC2 1024 8 5.00 0.9000 3.94 0.980 0.0000e+00
ACC2 1024 8 5.00 0.9000 3.94 1.000 0.0000e+00
ACC2 1024 8 5.00 0.9000 8.14 0.900 0.0000e+00
ACC2 1024 8 5.00 0.9000 8.14 0.930 0.0000e+00
ACC2 1024 8 5.00 0.9000 8.14 0.960 0.0000e+00
ACC2 1024 8 5.00 0.9000 8.14 0.980 0.0000e+00
ACC2 1024 8 5.00 0.9000 8.14 1.000 0.0000e+00
ACC2 1024 8 5.00 0.9000 16.12 0.900 0.0000e+00
ACC2 1024 8 5.00 0.9000 16.12 0.930 0.0000e+00
ACC2 1024 8 5.00 0.9000 16.12 0.960 0.0000e+00
ACC2 1024 8 5.00 0.9000 16.12 0.980 0.0000e+00
ACC2 1024 8 5.00 0.9000 16.12 1.000 0.0000e+00
ACC2 1024 8 5.00 0.9000 32.60 0.900 0.0000e+00
ACC2 1024 8 5.00 0.9000 32.60 0.930 0.0000e+00
ACC2 1024 8 5.00 0.9000 32.60 0.960 0.0000e+00
ACC2 1024 8 5.00 0.9000 32.60 0.980 0.0000e+00
ACC2 1024 8 5.00 0.9000 32.60 1.000 0.0000e+00
ACC2 1024 8 5.00 0.9000 64.54 0.900 0.0000e+00
ACC2 1024 8 5.00 0.9000 64.54 0.930 0.0000e+00
ACC2 1024 8 5.00 0.9000 64.54 0.960 0.0000e+00
ACC2 1024 8 5.00 0.9000 64.54 0.980 0.0000e+00
ACC2 1024 8 5.00 0.9000 64.54 1.000 0.0000e+00
ACC2 1024 8 5.00 0.9000 130.28 0.900 0.0000e+00
ACC2 1024 8 5.00 0.9000 130.28 0.930 0.0000e+00
ACC2 1024 8 5.00 0.9000 130.28 0.960 0.0000e+00
ACC2 1024 8 5.00 0.9000 130.28 0.980 2.9718e-04
ACC2 1024 8 5.00 0.9000 130.28 1.000 1.1887e-03
ACC2 1024 8 5.00 0.9500 2.03 0.900 0.0000e+00
ACC2 1024 8 5.00 0.9500 2.03 0.930 0.0000e+00
ACC2 1024 8 5.00 0.9500 2.03 0.960 0.0000e+00
ACC2 1024 8 5.00 0.9500 2.03 0.980 2.3878e-04
ACC2 1024 8 5.00 0.9500 2.03 1.000 7.1633e-04
ACC2 1024 8 5.00 0.9500 3.94 0.900 0.0000e+00
ACC2 1024 8 5.00 0.9500 3.94 0.930 0.0000e+00
ACC2 1024 8 5.00 0.9500 3.94 0.960 0.0000e+00
ACC2 1024 8 5.00 0.9500 3.94 0.980 0.0000e+00
ACC2 1024 8 5.00 0.9500 3.94 1.000 7.3457e-04
ACC2 1024 8 5.00 0.9500 8.14 0.900 0.0000e+00
ACC2 1024 8 5.00 0.9500 8.14 0.930 0.0000e+00
ACC2 1024 8 5.00 0.9500 8.14 0.960 0.0000e+00
ACC2 1024 8 5.00 0.9500 8.14 0.980 0.0000e+00
ACC2 1024 8 5.00 0.9500 8.14 1.000 2.5189e-04
ACC2 1024 8 5.00 0.9500 16.12 0.900 0.0000e+00
ACC2 1024 8 5.00 0.9500 16.12 0.930 0.0000e+00
ACC2 1024 8 5.00 0.9500 16.12 0.960 0.0000e+00
ACC2 1024 8 5.00 0.9500 16.12 0.980 0.0000e+00
ACC2 1024 8 5.00 0.9500 16.12 1.000 2.6001e-04
ACC2 1024 8 5.00 0.9500 32.60 0.900 0.0000e+00
ACC2 1024 8 5.00 0.9500 32.60 0.930 0.0000e+00
ACC2 1024 8 5.00 0.9500 32.60 0.960 0.0000e+00
ACC2 1024 8 5.00 0.9500 32.60 0.980 5.4245e-04
ACC2 1024 8 5.00 0.9500 32.60 1.000 1.3561e-03
ACC2 1024 8 5.00 0.9500 64.54 0.900 0.0000e+00
ACC2 1024 8 5.00 0.9500 64.54 0.930 0.0000e+00
ACC2 1024 8 5.00 0.9500 64.54 0.960 0.0000e+00
ACC2 1024 8 5.00 0.9500 64.54 0.980 0.0000e+00
ACC2 1024 8 5.00 0.9500 64.54 1.000 5.6513e-04
ACC2 1024 8 5.00 0.9500 130.28 0.900 0.0000e+00
ACC2 1024 8 5.00 0.9500 130.28 0.930 0.0000e+00
ACC2 1024 8 5.00 0.9500 130.28 0.960 5.8394e-04
ACC2 1024 8 5.00 0.9500 130.28 0.980 1.4599e-03
ACC2 1024 8 5.00 0.9500 130.28 1.000 2.6277e-03
ACC2 1024 8 5.00 0.9800 2.03 0.900 0.0000e+00
ACC2 1024 8 5.00 0.9800 2.03 0.930 0.0000e+00
ACC2 1024 8 5.00 0.9800 2.03 0.960 0.0000e+00
ACC2 1024 8 5.00 0.9800 2.03 0.980 7.4423e-04
ACC2 1024 8 5.00 0.9800 2.03 1.000 5.9539e-03
ACC2 1024 8 5.00 0.9800 3.94 0.900 0.0000e+00
ACC2 1024 8 5.00 0.9800 3.94 0.930 0.0000e+00
ACC2 1024 8 5.00 0.9800 3.94 0.960 0.0000e+00
ACC2 1024 8 5.00 0.9800 3.94 0.980 2.5202e-04
ACC2 1024 8 5.00 0.9800 3.94 1.000 3.2762e-03
ACC2 1024 8 5.00 0.9800 8.14 0.900 0.0000e+00
ACC2 1024 8 5.00 0.9800 8.14 0.930 0.0000e+00
ACC2 1024 8 5.00 0.9800 8.14 0.960 0.0000e+00
ACC2 1024 8 5.00 0.9800 8.14 0.980 2.5727e-04
ACC2 1024 8 5.00 0.9800 8.14 1.000 2.0581e-03
ACC2 1024 8 5.00 0.9800 16.12 0.900 0.0000e+00
ACC2 1024 8 5.00 0.9800 16.12 0.930 0.0000e+00
ACC2 1024 8 5.00 0.9800 16.12 0.960 0.0000e+00
ACC2 1024 8 5.00 0.9800 16.12 0.980 0.0000e+00
ACC2 1024 8 5.00 0.9800 16.12 1.000 1.5806e-03
ACC2 1024 8 5.00 0.9800 32.60 0.900 0.0000e+00
ACC2 1024 8 5.00 0.9800 32.60 0.930 0.0000e+00
ACC2 1024 8 5.00 0.9800 32.60 0.960 0.0000e+00
ACC2 1024 8 5.00 0.9800 32.60 0.980 0.0000e+00
ACC2 1024 8 5.00 0.9800 32.60 1.000 5.4245e-04
ACC2 1024 8 5.00 0.9800 64.54 0.900 0.0000e+00
ACC2 1024 8 5.00 0.9800 64.54 0.930 0.0000e+00
ACC2 1024 8 5.00 0.9800 64.54 0.960 0.0000e+00
ACC2 1024 8 5.00 0.9800 64.54 0.980 2.8043e-04
ACC2 1024 8 5.00 0.9800 64.54 1.000 8.4128e-04
ACC2 1024 8 5.00 0.9800 130.28 0.900 0.0000e+00
ACC2 1024 8 5.00 0.9800 130.28 0.930 0.0000e+00
ACC2 1024 8 5.00 0.9800 130.28 0.960 2.8994e-04
ACC2 1024 8 5.00 0.9800 130.28 0.980 1.1598e-03
ACC2 1024 8 5.00 0.9800 130.28 1.000 3.1893e-03
ACC2 1024 8 5.00 0.9950 2.03 0.900 0.0000e+00
ACC2 1024 8 5.00 0.9950 2.03 0.930 0.0000e+00
ACC2 1024 8 5.00 0.9950 2.03 0.960 0.0000e+00
ACC2 1024 8 5.00 0.9950 2.03 0.980 1.5670e-03
ACC2 1024 8 5.00 0.9950 2.03 1.000 2.8467e-02
ACC2 1024 8 5.00 0.9950 3.94 0.900 0.0000e+00
ACC2 1024 8 5.00 0.9950 3.94 0.930 0.0000e+00
ACC2 1024 8 5.00 0.9950 3.94 0.960 0.0000e+00
ACC2 1024 8 5.00 0.9950 3.94 0.980 5.3050e-04
ACC2 1024 8 5.00 0.9950 3.94 1.000 1.9363e-02
ACC2 1024 8 5.00 0.9950 8.14 0.900 0.0000e+00
ACC2 1024 8 5.00 0.9950 8.14 0.930 0.0000e+00
ACC2 1024 8 5.00 0.9950 8.14 0.960 0.0000e+00
ACC2 1024 8 5.00 0.9950 8.14 0.980 0.0000e+00
ACC2 1024 8 5.00 0.9950 8.14 1.000 1.2790e-02
ACC2 1024 8 5.00 0.9950 16.12 0.900 0.0000e+00
ACC2 1024 8 5.00 0.9950 16.12 0.930 0.0000e+00
ACC2 1024 8 5.00 0.9950 16.12 0.960 0.0000e+00
ACC2 1024 8 5.00 0.9950 16.12 0.980 0.0000e+00
ACC2 1024 8 5.00 0.9950 16.12 1.000 6.2129e-03
ACC2 1024 8 5.00 0.9950 32.60 0.900 0.0000e+00
ACC2 1024 8 5.00 0.9950 32.60 0.930 0.0000e+00
ACC2 1024 8 5.00 0.9950 32.60 0.960 0.0000e+00
ACC2 1024 8 5.00 0.9950 32.60 0.980 5.4900e-04
ACC2 1024 8 5.00 0.9950 32.60 1.000 4.1175e-03
ACC2 1024 8 5.00 0.9950 64.54 0.900 0.0000e+00
ACC2 1024 8 5.00 0.9950 64.54 0.930 0.0000e+00
ACC2 1024 8 5.00 0.9950 64.54 0.960 0.0000e+00
ACC2 1024 8 5.00 0.9950 64.54 0.980 0.0000e+00
ACC2 1024 8 5.00 0.9950 64.54 1.000 4.7914e-03
ACC2 1024 8 5.00 0.9950 130.28 0.900 0.0000e+00
ACC2 1024 8 5.00 0.9950 130.28 0.930 0.0000e+00
ACC2 1024 8 5.00 0.9950 130.28 0.960 1.1625e-03
ACC2 1024 8 5.00 0.9950 130.28 0.980 7.2653e-03
ACC2 1024 8 5.00 0.9950 130.28 1.000 2.2087e-02
ACC2 1024 8 5.50 0.8000 2.03 0.900 0.0000e+00
ACC2 1024 8 5.50 0.8000 2.03 0.930 0.0000e+00
ACC2 1024 8 5.50 0.8000 2.03 0.960 0.0000e+00
ACC2 1024 8 5.50 0.8000 2.03 0.980 2.5497e-04
ACC2 1024 8 5.50 0.8000 2.03 1.000 5.0994e-04
ACC2 1024 8 5.50 0.8000 3.94 0.900 0.0000e+00
ACC2 1024 8 5.50 0.8000 3.94 0.930 0.0000e+00
ACC2 1024 8 5.50 0.8000 3.94 0.960 0.0000e+00
ACC2 1024 8 5.50 0.8000 3.94 0.980 2.6759e-04
ACC2 1024 8 5.50 0.8000 3.94 1.000 5.3519e-04
ACC2 1024 8 5.50 0.8000 8.14 0.900 0.0000e+00
ACC2 1024 8 5.50 0.8000 8.14 0.930 0.0000e+00
ACC2 1024 8 5.50 0.8000 8.14 0.960 0.0000e+00
ACC2 1024 8 5.50 0.8000 8.14 0.980 2.7503e-04
ACC2 1024 8 5.50 0.8000 8.14 1.000 2.7503e-04
ACC2 1024 8 5.50 0.8000 16.12 0.900 0.0000e+00
ACC2 1024 8 5.50 0.8000 16.12 0.930 0.0000e+00
ACC2 1024 8 5.50 0.8000 16.12 0.960 2.8678e-04
ACC2 1024 8 5.50 0.8000 16.12 0.980 2.8678e-04
ACC2 1024 8 5.50 0.8000 16.12 1.000 1.1471e-03
ACC2 1024 8 5.50 0.8000 32.60 0.900 0.0000e+00
ACC2 1024 8 5.50 0.8000 32.60 0.930 2.9727e-04
ACC2 1024 8 5.50 0.8000 32.60 0.960 2.9727e-04
ACC2 1024 8 5.50 0.8000 32.60 0.980 2.9727e-04
ACC2 1024 8 5.50 0.8000 32.60 1.000 5.9453e-04
ACC2 1024 8 5.50 0.8000 64.54 0.900 0.0000e+00
ACC2 1024 8 5.50 0.8000 64.54 0.930 3.0102e-04
ACC2 1024 8 5.50 0.8000 64.54 0.960 3.0102e-04
ACC2 1024 8 5.50 0.8000 64.54 0.980 9.0307e-04
ACC2 1024 8 5.50 0.8000 64.54 1.000 1.2041e-03
ACC2 1024 8 5.50 0.8000 130.28 0.900 0.0000e+00
ACC2 1024 8 5.50 0.8000 130.28 0.930 0.0000e+00
ACC2 1024 8 5.50 0.8000 130.28 0.960 0.0000e+00
ACC2 1024 8 5.50 0.8000 130.28 0.980 3.0807e-04
ACC2 1024 8 5.50 0.8000 130.28 1.000 9.2421e-04
ACC2 1024 8 5.50 0.9000 2.03 0.900 0.0000e+00
ACC2 1024 8 5.50 0.9000 2.03 0.930 0.0000e+00
ACC2 1024 8 5.50 0.9000 2.03 0.960 2.4552e-04
ACC2 1024 8 5.50 0.9000 2.03 0.980 2.4552e-04
ACC2 1024 8 5.50 0.9000 2.03 1.000 2.4552e-04
ACC2 1024 8 5.50 0.9000 3.94 0.900 0.0000e+00
ACC2 1024 8 5.50 0.9000 3.94 0.930 0.0000e+00
ACC2 1024 8 5.50 0.9000 3.94 0.960 0.0000e+00
ACC2 1024 8 5.50 0.9000 3.94 0.980 0.0000e+00
ACC2 1024 8 5.50 0.9000 3.94 1.000 0.0000e+00
ACC2 1024 8 5.50 0.9000 8.14 0.900 0.0000e+00
ACC2 1024 8 5.50 0.9000 8.14 0.930 0.0000e+00
ACC2 1024 8 5.50 0.9000 8.14 0.960 0.0000e+00
ACC2 1024 8 5.50 0.9000 8.14 0.980 0.0000e+00
ACC2 1024 8 5.50 0.9000 8.14 1.000 0.0000e+00
ACC2 1024 8 5.50 0.9000 16.12 0.900 0.0000e+00
ACC2 1024 8 5.50 0.9000 16.12 0.930 0.0000e+00
ACC2 1024 8 5.50 0.9000 16.12 0.960 0.0000e+00
ACC2 1024 8 5.50 0.9000 16.12 0.980 0.0000e+00
ACC2 1024 8 5.50 0.9000 16.12 1.000 0.0000e+00
ACC2 1024 8 5.50 0.9000 32.60 0.900 0.0000e+00
ACC2 1024 8 5.50 0.9000 32.60 0.930 0.0000e+00
ACC2 1024 8 5.50 0.9000 32.60 0.960 0.0000e+00
ACC2 1024 8 5.50 0.9000 32.60 0.980 0.0000e+00
ACC2 1024 8 5.50 0.9000 32.60 1.000 0.0000e+00
ACC2 1024 8 5.50 0.9000 64.54 0.900 0.0000e+00
ACC2 1024 8 5.50 0.9000 64.54 0.930 0.0000e+00
ACC2 1024 8 5.50 0.9000 64.54 0.960 0.0000e+00
ACC2 1024 8 5.50 0.9000 64.54 0.980 0.0000e+00
ACC2 1024 8 5.50 0.9000 64.54 1.000 2.9507e-04
ACC2 1024 8 5.50 0.9000 130.28 0.900 0.0000e+00
ACC2 1024 8 5.50 0.9000 130.28 0.930 0.0000e+00
ACC2 1024 8 5.50 0.9000 130.28 0.960 3.0469e-04
ACC2 1024 8 5.50 0.9000 130.28 0.980 9.1408e-04
ACC2 1024 8 5.50 0.9000 130.28 1.000 1.5235e-03
ACC2 1024 8 5.50 0.9500 2.03 0.900 0.0000e+00
ACC2 1024 8 5.50 0.9500 2.03 0.930 0.0000e+00
ACC2 1024 8 5.50 0.9500 2.03 0.960 0.0000e+00
ACC2 1024 8 5.50 0.9500 2.03 0.980 2.4576e-04
ACC2 1024 8 5.50 0.9500 2.03 1.000 7.3728e-04
ACC2 1024 8 5.50 0.9500 3.94 0.900 0.0000e+00
ACC2 1024 8 5.50 0.9500 3.94 0.930 0.0000e+00
ACC2 1024 8 5.50 0.9500 3.94 0.960 0.0000e+00
ACC2 1024 8 5.50 0.9500 3.94 0.980 0.0000e+00
ACC2 1024 8 5.50 0.9500 3.94 1.000 1.0086e-03
ACC2 1024 8 5.50 0.9500 8.14 0.900 0.0000e+00
ACC2 1024 8 5.50 0.9500 8.14 0.930 0.0000e+00
ACC2 1024 8 5.50 0.9500 8.14 0.960 0.0000e+00
ACC2 1024 8 5.50 0.9500 8.14 0.980 0.0000e+00
ACC2 1024 8 5.50 0.9500 8.14 1.000 7.8411e-04
ACC2 1024 8 5.50 0.9500 16.12 0.900 0.0000e+00
ACC2 1024 8 5.50 0.9500 16.12 0.930 0.0000e+00
ACC2 1024 8 5.50 0.9500 16.12 0.960 0.0000e+00
ACC2 1024 8 5.50 0.9500 16.12 0.980 0.0000e+00
ACC2 1024 8 5.50 0.9500 16.12 1.000 0.0000e+00
ACC2 1024 8 5.50 0.9500 32.60 0.900 0.0000e+00
ACC2 1024 8 5.50 0.9500 32.60 0.930 0.0000e+00
ACC2 1024 8 5.50 0.9500 32.60 0.960 2.7988e-04
ACC2 1024 8 5.50 0.9500 32.60 0.980 5.5975e-04
ACC2 1024 8 5.50 0.9500 32.60 1.000 1.1195e-03
ACC2 1024 8 5.50 0.9500 64.54 0.900 0.0000e+00
ACC2 1024 8 5.50 0.9500 64.54 0.930 0.0000e+00
ACC2 1024 8 5.50 0.9500 64.54 0.960 0.0000e+00
ACC2 1024 8 5.50 0.9500 64.54 0.980 0.0000e+00
ACC2 1024 8 5.50 0.9500 64.54 1.000 8.7083e-04
ACC2 1024 8 5.50 0.9500 130.28 0.900 0.0000e+00
ACC2 1024 8 5.50 0.9500 130.28 0.930 0.0000e+00
ACC2 1024 8 5.50 0.9500 130.28 0.960 5.9809e-04
ACC2 1024 8 5.50 0.9500 130.28 0.980 1.1962e-03
ACC2 1024 8 5.50 0.9500 130.28 1.000 2.3923e-03
ACC2 1024 8 5.50 0.9800 2.03 0.900 0.0000e+00
ACC2 1024 8 5.50 0.9800 2.03 0.930 0.0000e+00
ACC2 1024 8 5.50 0.9800 2.03 0.960 0.0000e+00
ACC2 1024 8 5.50 0.9800 2.03 0.980 0.0000e+00
ACC2 1024 8 5.50 0.9800 2.03 1.000 5.5640e-03
ACC2 1024 8 5.50 0.9800 3.94 0.900 0.0000e+00
ACC2 1024 8 5.50 0.9800 3.94 0.930 0.0000e+00
ACC2 1024 8 5.50 0.9800 3.94 0.960 0.0000e+00
ACC2 1024 8 5.50 0.9800 3.94 0.980 2.5707e-04
ACC2 1024 8 5.50 0.9800 3.94 1.000 3.3419e-03
ACC2 1024 8 5.50 0.9800 8.14 0.900 0.0000e+00
ACC2 1024 8 5.50 0.9800 8.14 0.930 0.0000e+00
ACC2 1024 8 5.50 0.9800 8.14 0.960 0.0000e+00
ACC2 1024 8 5.50 0.9800 8.14 0.980 2.6288e-04
ACC2 1024 8 5.50 0.9800 8.14 1.000 1.8402e-03
ACC2 1024 8 5.50 0.9800 16.12 0.900 0.0000e+00
ACC2 1024 8 5.50 0.9800 16.12 0.930 0.0000e+00
ACC2 1024 8 5.50 0.9800 16.12 0.960 0.0000e+00
ACC2 1024 8 5.50 0.9800 16.12 0.980 0.0000e+00
ACC2 1024 8 5.50 0.9800 16.12 1.000 1.6164e-03
ACC2 1024 8 5.50 0.9800 32.60 0.900 0.0000e+00
ACC2 1024 8 5.50 0.9800 32.60 0.930 0.0000e+00
ACC2 1024 8 5.50 0.9800 32.60 0.960 0.0000e+00
ACC2 1024 8 5.50 0.9800 32.60 0.980 0.0000e+00
ACC2 1024 8 5.50 0.9800 32.60 1.000 8.3264e-04
ACC2 1024 8 5.50 0.9800 64.54 0.900 0.0000e+00
ACC2 1024 8 5.50 0.9800 64.54 0.930 0.0000e+00
ACC2 1024 8 5.50 0.9800 64.54 0.960 0.0000e+00
ACC2 1024 8 5.50 0.9800 64.54 0.980 2.8727e-04
ACC2 1024 8 5.50 0.9800 64.54 1.000 5.7455e-04
ACC2 1024 8 5.50 0.9800 130.28 0.900 0.0000e+00
ACC2 1024 8 5.50 0.9800 130.28 0.930 0.0000e+00
ACC2 1024 8 5.50 0.9800 130.28 0.960 2.9638e-04
ACC2 1024 8 5.50 0.9800 130.28 0.980 8.8915e-04
ACC2 1024 8 5.50 0.9800 130.28 1.000 3.8530e-03
ACC2 1024 8 5.50 0.9950 2.03 0.900 0.0000e+00
ACC2 1024 8 5.50 0.9950 2.03 0.930 0.0000e+00
ACC2 1024 8 5.50 0.9950 2.03 0.960 0.0000e+00
ACC2 1024 8 5.50 0.9950 2.03 0.980 1.0607e-03
ACC2 1024 8 5.50 0.9950 2.03 1.000 2.7314e-02
ACC2 1024 8 5.50 0.9950 3.94 0.900 0.0000e+00
ACC2 1024 8 5.50 0.9950 3.94 0.930 0.0000e+00
ACC2 1024 8 5.50 0.9950 3.94 0.960 0.0000e+00
ACC2 1024 8 5.50 0.9950 3.94 0.980 2.6983e-04
ACC2 1024 8 5.50 0.9950 3.94 1.000 1.4571e-02
ACC2 1024 8 5.50 0.9950 8.14 0.900 0.0000e+00
ACC2 1024 8 5.50 0.9950 8.14 0.930 0.0000e+00
ACC2 1024 8 5.50 0.9950 8.14 0.960 0.0000e+00
ACC2 1024 8 5.50 0.9950 8.14 0.980 0.0000e+00
ACC2 1024 8 5.50 0.9950 8.14 1.000 9.2191e-03
ACC2 1024 8 5.50 0.9950 16.12 0.900 0.0000e+00
ACC2 1024 8 5.50 0.9950 16.12 0.930 0.0000e+00
ACC2 1024 8 5.50 0.9950 16.12 0.960 0.0000e+00
ACC2 1024 8 5.50 0.9950 16.12 0.980 0.0000e+00
ACC2 1024 8 5.50 0.9950 16.12 1.000 4.3944e-03
ACC2 1024 8 5.50 0.9950 32.60 0.900 0.0000e+00
ACC2 1024 8 5.50 0.9950 32.60 0.930 0.0000e+00
ACC2 1024 8 5.50 0.9950 32.60 0.960 0.0000e+00
ACC2 1024 8 5.50 0.9950 32.60 0.980 2.8035e-04
ACC2 1024 8 5.50 0.9950 32.60 1.000 3.3642e-03
ACC2 1024 8 5.50 0.9950 64.54 0.900 0.0000e+00
ACC2 1024 8 5.50 0.9950 64.54 0.930 0.0000e+00
ACC2 1024 8 5.50 0.9950 64.54 0.960 0.0000e+00
ACC2 1024 8 5.50 0.9950 64.54 0.980 0.0000e+00
ACC2 1024 8 5.50 0.9950 64.54 1.000 6.6321e-03
ACC2 1024 8 5.50 0.9950 130.28 0.900 0.0000e+00
ACC2 1024 8 5.50 0.9950 130.28 0.930 2.9507e-04
ACC2 1024 8 5.50 0.9950 130.28 0.960 1.4754e-03
ACC2 1024 8 5.50 0.9950 130.28 0.980 8.2620e-03
ACC2 1024 8 5.50 0.9950 130.28 1.000 2.3606e-02
ACC2 1024 8 6.00 0.8000 2.03 0.900 0.0000e+00
ACC2 1024 8 6.00 0.8000 2.03 0.930 0.0000e+00
ACC2 1024 8 6.00 0.8000 2.03 0.960 0.0000e+00
ACC2 1024 8 6.00 0.8000 2.03 0.980 2.6932e-04
ACC2 1024 8 6.00 0.8000 2.03 1.000 8.0797e-04
ACC2 1024 8 6.00 0.8000 3.94 0.900 0.0000e+00
ACC2 1024 8 6.00 0.8000 3.94 0.930 0.0000e+00
ACC2 1024 8 6.00 0.8000 3.94 0.960 0.0000e+00
ACC2 1024 8 6.00 0.8000 3.94 0.980 0.0000e+00
ACC2 1024 8 6.00 0.8000 3.94 1.000 5.5897e-04
ACC2 1024 8 6.00 0.8000 8.14 0.900 0.0000e+00
ACC2 1024 8 6.00 0.8000 8.14 0.930 0.0000e+00
ACC2 1024 8 6.00 0.8000 8.14 0.960 0.0000e+00
ACC2 1024 8 6.00 0.8000 8.14 0.980 2.8588e-04
ACC2 1024 8 6.00 0.8000 8.14 1.000 2.8588e-04
ACC2 1024 8 6.00 0.8000 16.12 0.900 0.0000e+00
ACC2 1024 8 6.00 0.8000 16.12 0.930 0.0000e+00
ACC2 1024 8 6.00 0.8000 16.12 0.960 2.9860e-04
ACC2 1024 8 6.00 0.8000 16.12 0.980 5.9719e-04
ACC2 1024 8 6.00 0.8000 16.12 1.000 1.1944e-03
ACC2 1024 8 6.00 0.8000 32.60 0.900 0.0000e+00
ACC2 1024 8 6.00 0.8000 32.60 0.930 3.0432e-04
ACC2 1024 8 6.00 0.8000 32.60 0.960 3.0432e-04
ACC2 1024 8 6.00 0.8000 32.60 0.980 3.0432e-04
ACC2 1024 8 6.00 0.8000 32.60 1.000 6.0864e-04
ACC2 1024 8 6.00 0.8000 64.54 0.900 0.0000e+00
ACC2 1024 8 6.00 0.8000 64.54 0.930 3.0656e-04
ACC2 1024 8 6.00 0.8000 64.54 0.960 9.1968e-04
ACC2 1024 8 6.00 0.8000 64.54 0.980 1.5328e-03
ACC2 1024 8 6.00 0.8000 64.54 1.000 1.5328e-03
ACC2 1024 8 6.00 0.8000 130.28 0.900 0.0000e+00
ACC2 1024 8 6.00 0.8000 130.28 0.930 0.0000e+00
ACC2 1024 8 6.00 0.8000 130.28 0.960 6.2441e-04
ACC2 1024 8 6.00 0.8000 130.28 0.980 6.2441e-04
ACC2 1024 8 6.00 0.8000 130.28 1.000 9.3662e-04
ACC2 1024 8 6.00 0.9000 2.03 0.900 0.0000e+00
ACC2 1024 8 6.00 0.9000 2.03 0.930 0.0000e+00
ACC2 1024 8 6.00 0.9000 2.03 0.960 0.0000e+00
ACC2 1024 8 6.00 0.9000 2.03 0.980 2.5445e-04
ACC2 1024 8 6.00 0.9000 2.03 1.000 2.5445e-04
ACC2 1024 8 6.00 0.9000 3.94 0.900 0.0000e+00
ACC2 1024 8 6.00 0.9000 3.94 0.930 0.0000e+00
ACC2 1024 8 6.00 0.9000 3.94 0.960 0.0000e+00
ACC2 1024 8 6.00 0.9000 3.94 0.980 0.0000e+00
ACC2 1024 8 6.00 0.9000 3.94 1.000 2.6420e-04
ACC2 1024 8 6.00 0.9000 8.14 0.900 0.0000e+00
ACC2 1024 8 6.00 0.9000 8.14 0.930 0.0000e+00
ACC2 1024 8 6.00 0.9000 8.14 0.960 0.0000e+00
ACC2 1024 8 6.00 0.9000 8.14 0.980 0.0000e+00
ACC2 1024 8 6.00 0.9000 8.14 1.000 0.0000e+00
ACC2 1024 8 6.00 0.9000 16.12 0.900 0.0000e+00
ACC2 1024 8 6.00 0.9000 16.12 0.930 0.0000e+00
ACC2 1024 8 6.00 0.9000 16.12 0.960 0.0000e+00
ACC2 1024 8 6.00 0.9000 16.12 0.980 0.0000e+00
ACC2 1024 8 6.00 0.9000 16.12 1.000 0.0000e+00
ACC2 1024 8 6.00 0.9000 32.60 0.900 0.0000e+00
ACC2 1024 8 6.00 0.9000 32.60 0.930 0.0000e+00
ACC2 1024 8 6.00 0.9000 32.60 0.960 0.0000e+00
ACC2 1024 8 6.00 0.9000 32.60 0.980 0.0000e+00
ACC2 1024 8 6.00 0.9000 32.60 1.000 0.0000e+00
ACC2 1024 8 6.00 0.9000 64.54 0.900 0.0000e+00
ACC2 1024 8 6.00 0.9000 64.54 0.930 0.0000e+00
ACC2 1024 8 6.00 0.9000 64.54 0.960 3.0248e-04
ACC2 1024 8 6.00 0.9000 64.54 0.980 3.0248e-04
ACC2 1024 8 6.00 0.9000 64.54 1.000 9.0744e-04
ACC2 1024 8 6.00 0.9000 130.28 0.900 0.0000e+00
ACC2 1024 8 6.00 0.9000 130.28 0.930 0.0000e+00
ACC2 1024 8 6.00 0.9000 130.28 0.960 3.0931e-04
ACC2 1024 8 6.00 0.9000 130.28 0.980 1.2372e-03
ACC2 1024 8 6.00 0.9000 130.28 1.000 2.1652e-03
ACC2 1024 8 6.00 0.9500 2.03 0.900 0.0000e+00
ACC2 1024 8 6.00 0.9500 2.03 0.930 0.0000e+00
ACC2 1024 8 6.00 0.9500 2.03 0.960 0.0000e+00
ACC2 1024 8 6.00 0.9500 2.03 0.980 0.0000e+00
ACC2 1024 8 6.00 0.9500 2.03 1.000 5.0289e-04
ACC2 1024 8 6.00 0.9500 3.94 0.900 0.0000e+00
ACC2 1024 8 6.00 0.9500 3.94 0.930 0.0000e+00
ACC2 1024 8 6.00 0.9500 3.94 0.960 0.0000e+00
ACC2 1024 8 6.00 0.9500 3.94 0.980 0.0000e+00
ACC2 1024 8 6.00 0.9500 3.94 1.000 5.1840e-04
ACC2 1024 8 6.00 0.9500 8.14 0.900 0.0000e+00
ACC2 1024 8 6.00 0.9500 8.14 0.930 0.0000e+00
ACC2 1024 8 6.00 0.9500 8.14 0.960 0.0000e+00
ACC2 1024 8 6.00 0.9500 8.14 0.980 0.0000e+00
ACC2 1024 8 6.00 0.9500 8.14 1.000 8.0429e-04
ACC2 1024 8 6.00 0.9500 16.12 0.900 0.0000e+00
ACC2 1024 8 6.00 0.9500 16.12 0.930 0.0000e+00
ACC2 1024 8 6.00 0.9500 16.12 0.960 0.0000e+00
ACC2 1024 8 6.00 0.9500 16.12 0.980 0.0000e+00
ACC2 1024 8 6.00 0.9500 16.12 1.000 0.0000e+00
ACC2 1024 8 6.00 0.9500 32.60 0.900 0.0000e+00
ACC2 1024 8 6.00 0.9500 32.60 0.930 0.0000e+00
ACC2 1024 8 6.00 0.9500 32.60 0.960 0.0000e+00
ACC2 1024 8 6.00 0.9500 32.60 0.980 5.7274e-04
ACC2 1024 8 6.00 0.9500 32.60 1.000 8.5911e-04
ACC2 1024 8 6.00 0.9500 64.54 0.900 0.0000e+00
ACC2 1024 8 6.00 0.9500 64.54 0.930 0.0000e+00
ACC2 1024 8 6.00 0.9500 64.54 0.960 0.0000e+00
ACC2 1024 8 6.00 0.9500 64.54 0.980 0.0000e+00
ACC2 1024 8 6.00 0.9500 64.54 1.000 8.8863e-04
ACC2 1024 8 6.00 0.9500 130.28 0.900 0.0000e+00
ACC2 1024 8 6.00 0.9500 130.28 0.930 0.0000e+00
ACC2 1024 8 6.00 0.9500 130.28 0.960 6.1069e-04
ACC2 1024 8 6.00 0.9500 130.28 0.980 1.2214e-03
ACC2 1024 8 6.00 0.9500 130.28 1.000 2.4427e-03
ACC2 1024 8 6.00 0.9800 2.03 0.900 0.0000e+00
ACC2 1024 8 6.00 0.9800 2.03 0.930 0.0000e+00
ACC2 1024 8 6.00 0.9800 2.03 0.960 0.0000e+00
ACC2 1024 8 6.00 0.9800 2.03 0.980 0.0000e+00
ACC2 1024 8 6.00 0.9800 2.03 1.000 3.8590e-03
ACC2 1024 8 6.00 0.9800 3.94 0.900 0.0000e+00
ACC2 1024 8 6.00 0.9800 3.94 0.930 0.0000e+00
ACC2 1024 8 6.00 0.9800 3.94 0.960 0.0000e+00
ACC2 1024 8 6.00 0.9800 3.94 0.980 2.6247e-04
ACC2 1024 8 6.00 0.9800 3.94 1.000 2.6247e-03
ACC2 1024 8 6.00 0.9800 8.14 0.900 0.0000e+00
ACC2 1024 8 6.00 0.9800 8.14 0.930 0.0000e+00
ACC2 1024 8 6.00 0.9800 8.14 0.960 0.0000e+00
ACC2 1024 8 6.00 0.9800 8.14 0.980 0.0000e+00
ACC2 1024 8 6.00 0.9800 8.14 1.000 2.1402e-03
ACC2 1024 8 6.00 0.9800 16.12 0.900 0.0000e+00
ACC2 1024 8 6.00 0.9800 16.12 0.930 0.0000e+00
ACC2 1024 8 6.00 0.9800 16.12 0.960 0.0000e+00
ACC2 1024 8 6.00 0.9800 16.12 0.980 0.0000e+00
ACC2 1024 8 6.00 0.9800 16.12 1.000 1.3710e-03
ACC2 1024 8 6.00 0.9800 32.60 0.900 0.0000e+00
ACC2 1024 8 6.00 0.9800 32.60 0.930 0.0000e+00
ACC2 1024 8 6.00 0.9800 32.60 0.960 0.0000e+00
ACC2 1024 8 6.00 0.9800 32.60 0.980 0.0000e+00
ACC2 1024 8 6.00 0.9800 32.60 1.000 1.4221e-03
ACC2 1024 8 6.00 0.9800 64.54 0.900 0.0000e+00
ACC2 1024 8 6.00 0.9800 64.54 0.930 0.0000e+00
ACC2 1024 8 6.00 0.9800 64.54 0.960 0.0000e+00
ACC2 1024 8 6.00 0.9800 64.54 0.980 2.9283e-04
ACC2 1024 8 6.00 0.9800 64.54 1.000 1.1713e-03
ACC2 1024 8 6.00 0.9800 130.28 0.900 0.0000e+00
ACC2 1024 8 6.00 0.9800 130.28 0.930 0.0000e+00
ACC2 1024 8 6.00 0.9800 130.28 0.960 6.0350e-04
ACC2 1024 8 6.00 0.9800 130.28 0.980 1.2070e-03
ACC2 1024 8 6.00 0.9800 130.28 1.000 6.0350e-03
ACC2 1024 8 6.00 0.9950 2.03 0.900 0.0000e+00
ACC2 1024 8 6.00 0.9950 2.03 0.930 0.0000e+00
ACC2 1024 8 6.00 0.9950 2.03 0.960 0.0000e+00
ACC2 1024 8 6.00 0.9950 2.03 0.980 2.6911e-04
ACC2 1024 8 6.00 0.9950 2.03 1.000 2.1798e-02
ACC2 1024 8 6.00 0.9950 3.94 0.900 0.0000e+00
ACC2 1024 8 6.00 0.9950 3.94 0.930 0.0000e+00
ACC2 1024 8 6.00 0.9950 3.94 0.960 0.0000e+00
ACC2 1024 8 6.00 0.9950 3.94 0.980 2.7375e-04
ACC2 1024 8 6.00 0.9950 3.94 1.000 1.2866e-02
ACC2 1024 8 6.00 0.9950 8.14 0.900 0.0000e+00
ACC2 1024 8 6.00 0.9950 8.14 0.930 0.0000e+00
ACC2 1024 8 6.00 0.9950 8.14 0.960 0.0000e+00
ACC2 1024 8 6.00 0.9950 8.14 0.980 0.0000e+00
ACC2 1024 8 6.00 0.9950 8.14 1.000 6.3152e-03
ACC2 1024 8 6.00 0.9950 16.12 0.900 0.0000e+00
ACC2 1024 8 6.00 0.9950 16.12 0.930 0.0000e+00
ACC2 1024 8 6.00 0.9950 16.12 0.960 0.0000e+00
ACC2 1024 8 6.00 0.9950 16.12 0.980 0.0000e+00
ACC2 1024 8 6.00 0.9950 16.12 1.000 2.7878e-03
ACC2 1024 8 6.00 0.9950 32.60 0.900 0.0000e+00
ACC2 1024 8 6.00 0.9950 32.60 0.930 0.0000e+00
ACC2 1024 8 6.00 0.9950 32.60 0.960 0.0000e+00
ACC2 1024 8 6.00 0.9950 32.60 0.980 0.0000e+00
ACC2 1024 8 6.00 0.9950 32.60 1.000 1.7123e-03
ACC2 1024 8 6.00 0.9950 64.54 0.900 0.0000e+00
ACC2 1024 8 6.00 0.9950 64.54 0.930 0.0000e+00
ACC2 1024 8 6.00 0.9950 64.54 0.960 0.0000e+00
ACC2 1024 8 6.00 0.9950 64.54 0.980 0.0000e+00
ACC2 1024 8 6.00 0.9950 64.54 1.000 4.9941e-03
ACC2 1024 8 6.00 0.9950 130.28 0.900 0.0000e+00
ACC2 1024 8 6.00 0.9950 130.28 0.930 0.0000e+00
ACC2 1024 8 6.00 0.9950 130.28 0.960 1.5033e-03
ACC2 1024 8 6.00 0.9950 130.28 0.980 7.2159e-03
ACC2 1024 8 6.00 0.9950 130.28 1.000 2.7360e-02
ACC2 1024 8 6.50 0.8000 2.03 0.900 0.0000e+00
ACC2 1024 8 6.50 0.8000 2.03 0.930 0.0000e+00
ACC2 1024 8 6.50 0.8000 2.03 0.960 0.0000e+00
ACC2 1024 8 6.50 0.8000 2.03 0.980 2.8177e-04
ACC2 1024 8 6.50 0.8000 2.03 1.000 1.1271e-03
ACC2 1024 8 6.50 0.8000 3.94 0.900 0.0000e+00
ACC2 1024 8 6.50 0.8000 3.94 0.930 0.0000e+00
ACC2 1024 8 6.50 0.8000 3.94 0.960 0.0000e+00
ACC2 1024 8 6.50 0.8000 3.94 0.980 0.0000e+00
ACC2 1024 8 6.50 0.8000 3.94 1.000 5.7837e-04
ACC2 1024 8 6.50 0.8000 8.14 0.900 0.0000e+00
ACC2 1024 8 6.50 0.8000 8.14 0.930 0.0000e+00
ACC2 1024 8 6.50 0.8000 8.14 0.960 0.0000e+00
ACC2 1024 8 6.50 0.8000 8.14 0.980 0.0000e+00
ACC2 1024 8 6.50 0.8000 8.14 1.000 5.8841e-04
ACC2 1024 8 6.50 0.8000 16.12 0.900 0.0000e+00
ACC2 1024 8 6.50 0.8000 16.12 0.930 0.0000e+00
ACC2 1024 8 6.50 0.8000 16.12 0.960 0.0000e+00
ACC2 1024 8 6.50 0.8000 16.12 0.980 6.1143e-04
ACC2 1024 8 6.50 0.8000 16.12 1.000 1.5286e-03
ACC2 1024 8 6.50 0.8000 32.60 0.900 0.0000e+00
ACC2 1024 8 6.50 0.8000 32.60 0.930 3.0979e-04
ACC2 1024 8 6.50 0.8000 32.60 0.960 3.0979e-04
ACC2 1024 8 6.50 0.8000 32.60 0.980 3.0979e-04
ACC2 1024 8 6.50 0.8000 32.60 1.000 9.2937e-04
ACC2 1024 8 6.50 0.8000 64.54 0.900 0.0000e+00
ACC2 1024 8 6.50 0.8000 64.54 0.930 0.0000e+00
ACC2 1024 8 6.50 0.8000 64.54 0.960 9.3168e-04
ACC2 1024 8 6.50 0.8000 64.54 0.980 1.5528e-03
ACC2 1024 8 6.50 0.8000 64.54 1.000 1.5528e-03
ACC2 1024 8 6.50 0.8000 130.28 0.900 0.0000e+00
ACC2 1024 8 6.50 0.8000 130.28 0.930 0.0000e+00
ACC2 1024 8 6.50 0.8000 130.28 0.960 6.2933e-04
ACC2 1024 8 6.50 0.8000 130.28 0.980 9.4399e-04
ACC2 1024 8 6.50 0.8000 130.28 1.000 1.8880e-03
ACC2 1024 8 6.50 0.9000 2.03 0.900 0.0000e+00
ACC2 1024 8 6.50 0.9000 2.03 0.930 0.0000e+00
ACC2 1024 8 6.50 0.9000 2.03 0.960 0.0000e+00
ACC2 1024 8 6.50 0.9000 2.03 0.980 2.6295e-04
ACC2 1024 8 6.50 0.9000 2.03 1.000 5.2590e-04
ACC2 1024 8 6.50 0.9000 3.94 0.900 0.0000e+00
ACC2 1024 8 6.50 0.9000 3.94 0.930 0.0000e+00
ACC2 1024 8 6.50 0.9000 3.94 0.960 0.0000e+00
ACC2 1024 8 6.50 0.9000 3.94 0.980 0.0000e+00
ACC2 1024 8 6.50 0.9000 3.94 1.000 2.7263e-04
ACC2 1024 8 6.50 0.9000 8.14 0.900 0.0000e+00
ACC2 1024 8 6.50 0.9000 8.14 0.930 0.0000e+00
ACC2 1024 8 6.50 0.9000 8.14 0.960 0.0000e+00
ACC2 1024 8 6.50 0.9000 8.14 0.980 0.0000e+00
ACC2 1024 8 6.50 0.9000 8.14 1.000 0.0000e+00
ACC2 1024 8 6.50 0.9000 16.12 0.900 0.0000e+00
ACC2 1024 8 6.50 0.9000 16.12 0.930 0.0000e+00
ACC2 1024 8 6.50 0.9000 16.12 0.960 0.0000e+00
ACC2 1024 8 6.50 0.9000 16.12 0.980 0.0000e+00
ACC2 1024 8 6.50 0.9000 16.12 1.000 0.0000e+00
ACC2 1024 8 6.50 0.9000 32.60 0.900 0.0000e+00
ACC2 1024 8 6.50 0.9000 32.60 0.930 0.0000e+00
ACC2 1024 8 6.50 0.9000 32.60 0.960 0.0000e+00
ACC2 1024 8 6.50 0.9000 32.60 0.980 0.0000e+00
ACC2 1024 8 6.50 0.9000 32.60 1.000 0.0000e+00
ACC2 1024 8 6.50 0.9000 64.54 0.900 0.0000e+00
ACC2 1024 8 6.50 0.9000 64.54 0.930 0.0000e+00
ACC2 1024 8 6.50 0.9000 64.54 0.960 3.0779e-04
ACC2 1024 8 6.50 0.9000 64.54 0.980 6.1557e-04
ACC2 1024 8 6.50 0.9000 64.54 1.000 9.2336e-04
ACC2 1024 8 6.50 0.9000 130.28 0.900 0.0000e+00
ACC2 1024 8 6.50 0.9000 130.28 0.930 0.0000e+00
ACC2 1024 8 6.50 0.9000 130.28 0.960 3.1309e-04
ACC2 1024 8 6.50 0.9000 130.28 0.980 1.2523e-03
ACC2 1024 8 6.50 0.9000 130.28 1.000 3.1309e-03
ACC2 1024 8 6.50 0.9500 2.03 0.900 0.0000e+00
ACC2 1024 8 6.50 0.9500 2.03 0.930 0.0000e+00
ACC2 1024 8 6.50 0.9500 2.03 0.960 0.0000e+00
ACC2 1024 8 6.50 0.9500 2.03 0.980 0.0000e+00
ACC2 1024 8 6.50 0.9500 2.03 1.000 2.5773e-04
ACC2 1024 8 6.50 0.9500 3.94 0.900 0.0000e+00
ACC2 1024 8 6.50 0.9500 3.94 0.930 0.0000e+00
ACC2 1024 8 6.50 0.9500 3.94 0.960 0.0000e+00
ACC2 1024 8 6.50 0.9500 3.94 0.980 0.0000e+00
ACC2 1024 8 6.50 0.9500 3.94 1.000 5.3107e-04
ACC2 1024 8 6.50 0.9500 8.14 0.900 0.0000e+00
ACC2 1024 8 6.50 0.9500 8.14 0.930 0.0000e+00
ACC2 1024 8 6.50 0.9500 8.14 0.960 0.0000e+00
ACC2 1024 8 6.50 0.9500 8.14 0.980 0.0000e+00
ACC2 1024 8 6.50 0.9500 8.14 1.000 8.1945e-04
ACC2 1024 8 6.50 0.9500 16.12 0.900 0.0000e+00
ACC2 1024 8 6.50 0.9500 16.12 0.930 0.0000e+00
ACC2 1024 8 6.50 0.9500 16.12 0.960 0.0000e+00
ACC2 1024 8 6.50 0.9500 16.12 0.980 0.0000e+00
ACC2 1024 8 6.50 0.9500 16.12 1.000 0.0000e+00
ACC2 1024 8 6.50 0.9500 32.60 0.900 0.0000e+00
ACC2 1024 8 6.50 0.9500 32.60 0.930 0.0000e+00
ACC2 1024 8 6.50 0.9500 32.60 0.960 0.0000e+00
ACC2 1024 8 6.50 0.9500 32.60 0.980 5.8462e-04
ACC2 1024 8 6.50 0.9500 32.60 1.000 8.7694e-04
ACC2 1024 8 6.50 0.9500 64.54 0.900 0.0000e+00
ACC2 1024 8 6.50 0.9500 64.54 0.930 0.0000e+00
ACC2 1024 8 6.50 0.9500 64.54 0.960 0.0000e+00
ACC2 1024 8 6.50 0.9500 64.54 0.980 0.0000e+00
ACC2 1024 8 6.50 0.9500 64.54 1.000 9.0799e-04
ACC2 1024 8 6.50 0.9500 130.28 0.900 0.0000e+00
ACC2 1024 8 6.50 0.9500 130.28 0.930 0.0000e+00
ACC2 1024 8 6.50 0.9500 130.28 0.960 6.1728e-04
ACC2 1024 8 6.50 0.9500 130.28 0.980 1.2346e-03
ACC2 1024 8 6.50 0.9500 130.28 1.000 3.0864e-03
ACC2 1024 8 6.50 0.9800 2.03 0.900 0.0000e+00
ACC2 1024 8 6.50 0.9800 2.03 0.930 0.0000e+00
ACC2 1024 8 6.50 0.9800 2.03 0.960 0.0000e+00
ACC2 1024 8 6.50 0.9800 2.03 0.980 2.6021e-04
ACC2 1024 8 6.50 0.9800 2.03 1.000 3.9032e-03
ACC2 1024 8 6.50 0.9800 3.94 0.900 0.0000e+00
ACC2 1024 8 6.50 0.9800 3.94 0.930 0.0000e+00
ACC2 1024 8 6.50 0.9800 3.94 0.960 0.0000e+00
ACC2 1024 8 6.50 0.9800 3.94 0.980 0.0000e+00
ACC2 1024 8 6.50 0.9800 3.94 1.000 2.1368e-03
ACC2 1024 8 6.50 0.9800 8.14 0.900 0.0000e+00
ACC2 1024 8 6.50 0.9800 8.14 0.930 0.0000e+00
ACC2 1024 8 6.50 0.9800 8.14 0.960 0.0000e+00
ACC2 1024 8 6.50 0.9800 8.14 0.980 0.0000e+00
ACC2 1024 8 6.50 0.9800 8.14 1.000 1.9053e-03
ACC2 1024 8 6.50 0.9800 16.12 0.900 0.0000e+00
ACC2 1024 8 6.50 0.9800 16.12 0.930 0.0000e+00
ACC2 1024 8 6.50 0.9800 16.12 0.960 0.0000e+00
ACC2 1024 8 6.50 0.9800 16.12 0.980 0.0000e+00
ACC2 1024 8 6.50 0.9800 16.12 1.000 8.3659e-04
ACC2 1024 8 6.50 0.9800 32.60 0.900 0.0000e+00
ACC2 1024 8 6.50 0.9800 32.60 0.930 0.0000e+00
ACC2 1024 8 6.50 0.9800 32.60 0.960 0.0000e+00
ACC2 1024 8 6.50 0.9800 32.60 0.980 0.0000e+00
ACC2 1024 8 6.50 0.9800 32.60 1.000 1.4489e-03
ACC2 1024 8 6.50 0.9800 64.54 0.900 0.0000e+00
ACC2 1024 8 6.50 0.9800 64.54 0.930 0.0000e+00
ACC2 1024 8 6.50 0.9800 64.54 0.960 0.0000e+00
ACC2 1024 8 6.50 0.9800 64.54 0.980 2.9797e-04
ACC2 1024 8 6.50 0.9800 64.54 1.000 1.4899e-03
ACC2 1024 8 6.50 0.9800 130.28 0.900 0.0000e+00
ACC2 1024 8 6.50 0.9800 130.28 0.930 0.0000e+00
ACC2 1024 8 6.50 0.9800 130.28 0.960 9.1687e-04
ACC2 1024 8 6.50 0.9800 130.28 0.980 1.8337e-03
ACC2 1024 8 6.50 0.9800 130.28 1.000 8.5575e-03
ACC2 1024 8 6.50 0.9950 2.03 0.900 0.0000e+00
ACC2 1024 8 6.50 0.9950 2.03 0.930 0.0000e+00
ACC2 1024 8 6.50 0.9950 2.03 0.960 0.0000e+00
ACC2 1024 8 6.50 0.9950 2.03 0.980 2.7233e-04
ACC2 1024 8 6.50 0.9950 2.03 1.000 2.0153e-02
ACC2 1024 8 6.50 0.9950 3.94 0.900 0.0000e+00
ACC2 1024 8 6.50 0.9950 3.94 0.930 0.0000e+00
ACC2 1024 8 6.50 0.9950 3.94 0.960 0.0000e+00
ACC2 1024 8 6.50 0.9950 3.94 0.980 2.7678e-04
ACC2 1024 8 6.50 0.9950 3.94 1.000 1.0794e-02
ACC2 1024 8 6.50 0.9950 8.14 0.900 0.0000e+00
ACC2 1024 8 6.50 0.9950 8.14 0.930 0.0000e+00
ACC2 1024 8 6.50 0.9950 8.14 0.960 0.0000e+00
ACC2 1024 8 6.50 0.9950 8.14 0.980 0.0000e+00
ACC2 1024 8 6.50 0.9950 8.14 1.000 5.5710e-03
ACC2 1024 8 6.50 0.9950 16.12 0.900 0.0000e+00
ACC2 1024 8 6.50 0.9950 16.12 0.930 0.0000e+00
ACC2 1024 8 6.50 0.9950 16.12 0.960 0.0000e+00
ACC2 1024 8 6.50 0.9950 16.12 0.980 0.0000e+00
ACC2 1024 8 6.50 0.9950 16.12 1.000 3.6630e-03
ACC2 1024 8 6.50 0.9950 32.60 0.900 0.0000e+00
ACC2 1024 8 6.50 0.9950 32.60 0.930 0.0000e+00
ACC2 1024 8 6.50 0.9950 32.60 0.960 0.0000e+00
ACC2 1024 8 6.50 0.9950 32.60 0.980 0.0000e+00
ACC2 1024 8 6.50 0.9950 32.60 1.000 1.7386e-03
ACC2 1024 8 6.50 0.9950 64.54 0.900 0.0000e+00
ACC2 1024 8 6.50 0.9950 64.54 0.930 0.0000e+00
ACC2 1024 8 6.50 0.9950 64.54 0.960 0.0000e+00
ACC2 1024 8 6.50 0.9950 64.54 0.980 0.0000e+00
ACC2 1024 8 6.50 0.9950 64.54 1.000 7.1429e-03
ACC2 1024 8 6.50 0.9950 130.28 0.900 0.0000e+00
ACC2 1024 8 6.50 0.9950 130.28 0.930 0.0000e+00
ACC2 1024 8 6.50 0.9950 130.28 0.960 1.8237e-03
ACC2 1024 8 6.50 0.9950 130.28 0.980 1.0030e-02
ACC2 1024 8 6.50 0.9950 130.28 1.000 3.3739e-02
ACC2 2048 4 5.00 0.8000 2.03 0.900 2.2894e-04
ACC2 2048 4 5.00 0.8000 2.03 0.930 2.2894e-04
ACC2 2048 4 5.00 0.8000 2.03 0.960 2.2894e-04
ACC2 2048 4 5.00 0.8000 2.03 0.980 2.2894e-04
ACC2 2048 4 5.00 0.8000 2.03 1.000 9.1575e-04
ACC2 2048 4 5.00 0.8000 3.94 0.900 0.0000e+00
ACC2 2048 4 5.00 0.8000 3.94 0.930 2.4325e-04
ACC2 2048 4 5.00 0.8000 3.94 0.960 2.4325e-04
ACC2 2048 4 5.00 0.8000 3.94 0.980 2.4325e-04
ACC2 2048 4 5.00 0.8000 3.94 1.000 4.8650e-04
ACC2 2048 4 5.00 0.8000 8.14 0.900 0.0000e+00
ACC2 2048 4 5.00 0.8000 8.14 0.930 0.0000e+00
ACC2 2048 4 5.00 0.8000 8.14 0.960 0.0000e+00
ACC2 2048 4 5.00 0.8000 8.14 0.980 5.0749e-04
ACC2 2048 4 5.00 0.8000 8.14 1.000 5.0749e-04
ACC2 2048 4 5.00 0.8000 16.12 0.900 0.0000e+00
ACC2 2048 4 5.00 0.8000 16.12 0.930 0.0000e+00
ACC2 2048 4 5.00 0.8000 16.12 0.960 0.0000e+00
ACC2 2048 4 5.00 0.8000 16.12 0.980 0.0000e+00
ACC2 2048 4 5.00 0.8000 16.12 1.000 0.0000e+00
ACC2 2048 4 5.00 0.8000 32.61 0.900 0.0000e+00
ACC2 2048 4 5.00 0.8000 32.61 0.930 0.0000e+00
ACC2 2048 4 5.00 0.8000 32.61 0.960 0.0000e+00
ACC2 2048 4 5.00 0.8000 32.61 0.980 0.0000e+00
ACC2 2048 4 5.00 0.8000 32.61 1.000 2.7196e-04
ACC2 2048 4 5.00 0.8000 64.60 0.900 0.0000e+00
ACC2 2048 4 5.00 0.8000 64.60 0.930 0.0000e+00
ACC2 2048 4 5.00 0.8000 64.60 0.960 0.0000e+00
ACC2 2048 4 5.00 0.8000 64.60 0.980 0.0000e+00
ACC2 2048 4 5.00 0.8000 64.60 1.000 0.0000e+00
ACC2 2048 4 5.00 0.8000 128.49 0.900 0.0000e+00
ACC2 2048 4 5.00 0.8000 128.49 0.930 0.0000e+00
ACC2 2048 4 5.00 0.8000 128.49 0.960 0.0000e+00
ACC2 2048 4 5.00 0.8000 128.49 0.980 0.0000e+00
ACC2 2048 4 5.00 0.8000 128.49 1.000 0.0000e+00
ACC2 2048 4 5.00 0.9000 2.03 0.900 0.0000e+00
ACC2 2048 4 5.00 0.9000 2.03 0.930 0.0000e+00
ACC2 2048 4 5.00 0.9000 2.03 0.960 0.0000e+00
ACC2 2048 4 5.00 0.9000 2.03 0.980 0.0000e+00
ACC2 2048 4 5.00 0.9000 2.03 1.000 2.2707e-04
ACC2 2048 4 5.00 0.9000 3.94 0.900 0.0000e+00
ACC2 2048 4 5.00 0.9000 3.94 0.930 0.0000e+00
ACC2 2048 4 5.00 0.9000 3.94 0.960 0.0000e+00
ACC2 2048 4 5.00 0.9000 3.94 0.980 0.0000e+00
ACC2 2048 4 5.00 0.9000 3.94 1.000 0.0000e+00
ACC2 2048 4 5.00 0.9000 8.14 0.900 0.0000e+00
ACC2 2048 4 5.00 0.9000 8.14 0.930 0.0000e+00
ACC2 2048 4 5.00 0.9000 8.14 0.960 0.0000e+00
ACC2 2048 4 5.00 0.9000 8.14 0.980 2.4643e-04
ACC2 2048 4 5.00 0.9000 8.14 1.000 4.9285e-04
ACC2 2048 4 5.00 0.9000 16.12 0.900 0.0000e+00
ACC2 2048 4 5.00 0.9000 16.12 0.930 0.0000e+00
ACC2 2048 4 5.00 0.9000 16.12 0.960 2.5355e-04
ACC2 2048 4 5.00 0.9000 16.12 0.980 7.6065e-04
ACC2 2048 4 5.00 0.9000 16.12 1.000 1.2677e-03
ACC2 2048 4 5.00 0.9000 32.61 0.900 0.0000e+00
ACC2 2048 4 5.00 0.9000 32.61 0.930 0.0000e+00
ACC2 2048 4 5.00 0.9000 32.61 0.960 0.0000e+00
ACC2 2048 4 5.00 0.9000 32.61 0.980 5.2701e-04
ACC2 2048 4 5.00 0.9000 32.61 1.000 5.2701e-04
ACC2 2048 4 5.00 0.9000 64.60 0.900 0.0000e+00
ACC2 2048 4 5.00 0.9000 64.60 0.930 0.0000e+00
ACC2 2048 4 5.00 0.9000 64.60 0.960 0.0000e+00
ACC2 2048 4 5.00 0.9000 64.60 0.980 0.0000e+00
ACC2 2048 4 5.00 0.9000 64.60 1.000 2.7330e-04
ACC2 2048 4 5.00 0.9000 128.49 0.900 0.0000e+00
ACC2 2048 4 5.00 0.9000 128.49 0.930 0.0000e+00
ACC2 2048 4 5.00 0.9000 128.49 0.960 0.0000e+00
ACC2 2048 4 5.00 0.9000 128.49 0.980 0.0000e+00
ACC2 2048 4 5.00 0.9000 128.49 1.000 0.0000e+00
ACC2 2048 4 5.00 0.9500 2.03 0.900 0.0000e+00
ACC2 2048 4 5.00 0.9500 2.03 0.930 0.0000e+00
ACC2 2048 4 5.00 0.9500 2.03 0.960 2.3218e-04
ACC2 2048 4 5.00 0.9500 2.03 0.980 9.2872e-04
ACC2 2048 4 5.00 0.9500 2.03 1.000 2.5540e-03
ACC2 2048 4 5.00 0.9500 3.94 0.900 0.0000e+00
ACC2 2048 4 5.00 0.9500 3.94 0.930 0.0000e+00
ACC2 2048 4 5.00 0.9500 3.94 0.960 2.4096e-04
ACC2 2048 4 5.00 0.9500 3.94 0.980 7.2289e-04
ACC2 2048 4 5.00 0.9500 3.94 1.000 1.9277e-03
ACC2 2048 4 5.00 0.9500 8.14 0.900 0.0000e+00
ACC2 2048 4 5.00 0.9500 8.14 0.930 0.0000e+00
ACC2 2048 4 5.00 0.9500 8.14 0.960 0.0000e+00
ACC2 2048 4 5.00 0.9500 8.14 0.980 0.0000e+00
ACC2 2048 4 5.00 0.9500 8.14 1.000 1.2419e-03
ACC2 2048 4 5.00 0.9500 16.12 0.900 0.0000e+00
ACC2 2048 4 5.00 0.9500 16.12 0.930 0.0000e+00
ACC2 2048 4 5.00 0.9500 16.12 0.960 0.0000e+00
ACC2 2048 4 5.00 0.9500 16.12 0.980 0.0000e+00
ACC2 2048 4 5.00 0.9500 16.12 1.000 2.5432e-04
ACC2 2048 4 5.00 0.9500 32.61 0.900 0.0000e+00
ACC2 2048 4 5.00 0.9500 32.61 0.930 0.0000e+00
ACC2 2048 4 5.00 0.9500 32.61 0.960 0.0000e+00
ACC2 2048 4 5.00 0.9500 32.61 0.980 0.0000e+00
ACC2 2048 4 5.00 0.9500 32.61 1.000 5.2315e-04
ACC2 2048 4 5.00 0.9500 64.60 0.900 0.0000e+00
ACC2 2048 4 5.00 0.9500 64.60 0.930 0.0000e+00
ACC2 2048 4 5.00 0.9500 64.60 0.960 0.0000e+00
ACC2 2048 4 5.00 0.9500 64.60 0.980 0.0000e+00
ACC2 2048 4 5.00 0.9500 64.60 1.000 2.6838e-04
ACC2 2048 4 5.00 0.9500 128.49 0.900 0.0000e+00
ACC2 2048 4 5.00 0.9500 128.49 0.930 0.0000e+00
ACC2 2048 4 5.00 0.9500 128.49 0.960 0.0000e+00
ACC2 2048 4 5.00 0.9500 128.49 0.980 0.0000e+00
ACC2 2048 4 5.00 0.9500 128.49 1.000 0.0000e+00
ACC2 2048 4 5.00 0.9800 2.03 0.900 0.0000e+00
ACC2 2048 4 5.00 0.9800 2.03 0.930 0.0000e+00
ACC2 2048 4 5.00 0.9800 2.03 0.960 0.0000e+00
ACC2 2048 4 5.00 0.9800 2.03 0.980 4.8638e-04
ACC2 2048 4 5.00 0.9800 2.03 1.000 8.5117e-03
ACC2 2048 4 5.00 0.9800 3.94 0.900 0.0000e+00
ACC2 2048 4 5.00 0.9800 3.94 0.930 0.0000e+00
ACC2 2048 4 5.00 0.9800 3.94 0.960 0.0000e+00
ACC2 2048 4 5.00 0.9800 3.94 0.980 0.0000e+00
ACC2 2048 4 5.00 0.9800 3.94 1.000 6.0362e-03
ACC2 2048 4 5.00 0.9800 8.14 0.900 0.0000e+00
ACC2 2048 4 5.00 0.9800 8.14 0.930 0.0000e+00
ACC2 2048 4 5.00 0.9800 8.14 0.960 0.0000e+00
ACC2 2048 4 5.00 0.9800 8.14 0.980 2.5407e-04
ACC2 2048 4 5.00 0.9800 8.14 1.000 3.5569e-03
ACC2 2048 4 5.00 0.9800 16.12 0.900 0.0000e+00
ACC2 2048 4 5.00 0.9800 16.12 0.930 0.0000e+00
ACC2 2048 4 5.00 0.9800 16.12 0.960 0.0000e+00
ACC2 2048 4 5.00 0.9800 16.12 0.980 2.5907e-04
ACC2 2048 4 5.00 0.9800 16.12 1.000 1.8135e-03
ACC2 2048 4 5.00 0.9800 32.61 0.900 0.0000e+00
ACC2 2048 4 5.00 0.9800 32.61 0.930 0.0000e+00
ACC2 2048 4 5.00 0.9800 32.61 0.960 0.0000e+00
ACC2 2048 4 5.00 0.9800 32.61 0.980 0.0000e+00
ACC2 2048 4 5.00 0.9800 32.61 1.000 7.9281e-04
ACC2 2048 4 5.00 0.9800 64.60 0.900 0.0000e+00
ACC2 2048 4 5.00 0.9800 64.60 0.930 0.0000e+00
ACC2 2048 4 5.00 0.9800 64.60 0.960 0.0000e+00
ACC2 2048 4 5.00 0.9800 64.60 0.980 0.0000e+00
ACC2 2048 4 5.00 0.9800 64.60 1.000 2.6954e-04
ACC2 2048 4 5.00 0.9800 128.49 0.900 0.0000e+00
ACC2 2048 4 5.00 0.9800 128.49 0.930 0.0000e+00
ACC2 2048 4 5.00 0.9800 128.49 0.960 0.0000e+00
ACC2 2048 4 5.00 0.9800 128.49 0.980 0.0000e+00
ACC2 2048 4 5.00 0.9800 128.49 1.000 0.0000e+00
ACC2 2048 4 5.00 0.9950 2.03 0.900 0.0000e+00
ACC2 2048 4 5.00 0.9950 2.03 0.930 0.0000e+00
ACC2 2048 4 5.00 0.9950 2.03 0.960 0.0000e+00
ACC2 2048 4 5.00 0.9950 2.03 0.980 2.3208e-03
ACC2 2048 4 5.00 0.9950 2.03 1.000 3.9969e-02
ACC2 2048 4 5.00 0.9950 3.94 0.900 0.0000e+00
ACC2 2048 4 5.00 0.9950 3.94 0.930 0.0000e+00
ACC2 2048 4 5.00 0.9950 3.94 0.960 0.0000e+00
ACC2 2048 4 5.00 0.9950 3.94 0.980 7.9491e-04
ACC2 2048 4 5.00 0.9950 3.94 1.000 2.7027e-02
ACC2 2048 4 5.00 0.9950 8.14 0.900 0.0000e+00
ACC2 2048 4 5.00 0.9950 8.14 0.930 0.0000e+00
ACC2 2048 4 5.00 0.9950 8.14 0.960 0.0000e+00
ACC2 2048 4 5.00 0.9950 8.14 0.980 1.0633e-03
ACC2 2048 4 5.00 0.9950 8.14 1.000 2.1265e-02
ACC2 2048 4 5.00 0.9950 16.12 0.900 0.0000e+00
ACC2 2048 4 5.00 0.9950 16.12 0.930 0.0000e+00
ACC2 2048 4 5.00 0.9950 16.12 0.960 0.0000e+00
ACC2 2048 4 5.00 0.9950 16.12 0.980 0.0000e+00
ACC2 2048 4 5.00 0.9950 16.12 1.000 8.3513e-03
ACC2 2048 4 5.00 0.9950 32.61 0.900 0.0000e+00
ACC2 2048 4 5.00 0.9950 32.61 0.930 0.0000e+00
ACC2 2048 4 5.00 0.9950 32.61 0.960 0.0000e+00
ACC2 2048 4 5.00 0.9950 32.61 0.980 0.0000e+00
ACC2 2048 4 5.00 0.9950 32.61 1.000 2.1663e-03
ACC2 2048 4 5.00 0.9950 64.60 0.900 0.0000e+00
ACC2 2048 4 5.00 0.9950 64.60 0.930 0.0000e+00
ACC2 2048 4 5.00 0.9950 64.60 0.960 0.0000e+00
ACC2 2048 4 5.00 0.9950 64.60 0.980 0.0000e+00
ACC2 2048 4 5.00 0.9950 64.60 1.000 0.0000e+00
ACC2 2048 4 5.00 0.9950 128.49 0.900 0.0000e+00
ACC2 2048 4 5.00 0.9950 128.49 0.930 0.0000e+00
ACC2 2048 4 5.00 0.9950 128.49 0.960 0.0000e+00
ACC2 2048 4 5.00 0.9950 128.49 0.980 0.0000e+00
ACC2 2048 4 5.00 0.9950 128.49 1.000 0.0000e+00
ACC2 2048 4 5.50 0.8000 2.03 0.900 0.0000e+00
ACC2 2048 4 5.50 0.8000 2.03 0.930 2.4402e-04
ACC2 2048 4 5.50 0.8000 2.03 0.960 2.4402e-04
ACC2 2048 4 5.50 0.8000 2.03 0.980 2.4402e-04
ACC2 2048 4 5.50 0.8000 2.03 1.000 7.3206e-04
ACC2 2048 4 5.50 0.8000 3.94 0.900 0.0000e+00
ACC2 2048 4 5.50 0.8000 3.94 0.930 2.5733e-04
ACC2 2048 4 5.50 0.8000 3.94 0.960 2.5733e-04
ACC2 2048 4 5.50 0.8000 3.94 0.980 2.5733e-04
ACC2 2048 4 5.50 0.8000 3.94 1.000 5.1467e-04
ACC2 2048 4 5.50 0.8000 8.14 0.900 0.0000e+00
ACC2 2048 4 5.50 0.8000 8.14 0.930 0.0000e+00
ACC2 2048 4 5.50 0.8000 8.14 0.960 0.0000e+00
ACC2 2048 4 5.50 0.8000 8.14 0.980 5.3562e-04
ACC2 2048 4 5.50 0.8000 8.14 1.000 8.0343e-04
ACC2 2048 4 5.50 0.8000 16.12 0.900 0.0000e+00
ACC2 2048 4 5.50 0.8000 16.12 0.930 0.0000e+00
ACC2 2048 4 5.50 0.8000 16.12 0.960 2.7716e-04
ACC2 2048 4 5.50 0.8000 16.12 0.980 2.7716e-04
ACC2 2048 4 5.50 0.8000 16.12 1.000 5.5432e-04
ACC2 2048 4 5.50 0.8000 32.61 0.900 0.0000e+00
ACC2 2048 4 5.50 0.8000 32.61 0.930 0.0000e+00
ACC2 2048 4 5.50 0.8000 32.61 0.960 0.0000e+00
ACC2 2048 4 5.50 0.8000 32.61 0.980 0.0000e+00
ACC2 2048 4 5.50 0.8000 32.61 1.000 2.8313e-04
ACC2 2048 4 5.50 0.8000 64.60 0.900 0.0000e+00
ACC2 2048 4 5.50 0.8000 64.60 0.930 0.0000e+00
ACC2 2048 4 5.50 0.8000 64.60 0.960 0.0000e+00
ACC2 2048 4 5.50 0.8000 64.60 0.980 0.0000e+00
ACC2 2048 4 5.50 0.8000 64.60 1.000 0.0000e+00
ACC2 2048 4 5.50 0.8000 128.49 0.900 0.0000e+00
ACC2 2048 4 5.50 0.8000 128.49 0.930 0.0000e+00
ACC2 2048 4 5.50 0.8000 128.49 0.960 0.0000e+00
ACC2 2048 4 5.50 0.8000 128.49 0.980 0.0000e+00
ACC2 2048 4 5.50 0.8000 128.49 1.000 0.0000e+00
ACC2 2048 4 5.50 0.9000 2.03 0.900 0.0000e+00
ACC2 2048 4 5.50 0.9000 2.03 0.930 0.0000e+00
ACC2 2048 4 5.50 0.9000 2.03 0.960 0.0000e+00
ACC2 2048 4 5.50 0.9000 2.03 0.980 0.0000e+00
ACC2 2048 4 5.50 0.9000 2.03 1.000 2.3546e-04
ACC2 2048 4 5.50 0.9000 3.94 0.900 0.0000e+00
ACC2 2048 4 5.50 0.9000 3.94 0.930 0.0000e+00
ACC2 2048 4 5.50 0.9000 3.94 0.960 0.0000e+00
ACC2 2048 4 5.50 0.9000 3.94 0.980 0.0000e+00
ACC2 2048 4 5.50 0.9000 3.94 1.000 2.4857e-04
ACC2 2048 4 5.50 0.9000 8.14 0.900 0.0000e+00
ACC2 2048 4 5.50 0.9000 8.14 0.930 0.0000e+00
ACC2 2048 4 5.50 0.9000 8.14 0.960 0.0000e+00
ACC2 2048 4 5.50 0.9000 8.14 0.980 0.0000e+00
ACC2 2048 4 5.50 0.9000 8.14 1.000 2.5747e-04
ACC2 2048 4 5.50 0.9000 16.12 0.900 0.0000e+00
ACC2 2048 4 5.50 0.9000 16.12 0.930 0.0000e+00
ACC2 2048 4 5.50 0.9000 16.12 0.960 2.6427e-04
ACC2 2048 4 5.50 0.9000 16.12 0.980 5.2854e-04
ACC2 2048 4 5.50 0.9000 16.12 1.000 1.0571e-03
ACC2 2048 4 5.50 0.9000 32.61 0.900 0.0000e+00
ACC2 2048 4 5.50 0.9000 32.61 0.930 0.0000e+00
ACC2 2048 4 5.50 0.9000 32.61 0.960 0.0000e+00
ACC2 2048 4 5.50 0.9000 32.61 0.980 5.4496e-04
ACC2 2048 4 5.50 0.9000 32.61 1.000 5.4496e-04
ACC2 2048 4 5.50 0.9000 64.60 0.900 0.0000e+00
ACC2 2048 4 5.50 0.9000 64.60 0.930 0.0000e+00
ACC2 2048 4 5.50 0.9000 64.60 0.960 0.0000e+00
ACC2 2048 4 5.50 0.9000 64.60 0.980 0.0000e+00
ACC2 2048 4 5.50 0.9000 64.60 1.000 2.8241e-04
ACC2 2048 4 5.50 0.9000 128.49 0.900 0.0000e+00
ACC2 2048 4 5.50 0.9000 128.49 0.930 0.0000e+00
ACC2 2048 4 5.50 0.9000 128.49 0.960 0.0000e+00
ACC2 2048 4 5.50 0.9000 128.49 0.980 0.0000e+00
ACC2 2048 4 5.50 0.9000 128.49 1.000 0.0000e+00
ACC2 2048 4 5.50 0.9500 2.03 0.900 0.0000e+00
ACC2 2048 4 5.50 0.9500 2.03 0.930 0.0000e+00
ACC2 2048 4 5.50 0.9500 2.03 0.960 2.3889e-04
ACC2 2048 4 5.50 0.9500 2.03 0.980 7.1667e-04
ACC2 2048 4 5.50 0.9500 2.03 1.000 1.9111e-03
ACC2 2048 4 5.50 0.9500 3.94 0.900 0.0000e+00
ACC2 2048 4 5.50 0.9500 3.94 0.930 0.0000e+00
ACC2 2048 4 5.50 0.9500 3.94 0.960 0.0000e+00
ACC2 2048 4 5.50 0.9500 3.94 0.980 2.4944e-04
ACC2 2048 4 5.50 0.9500 3.94 1.000 9.9776e-04
ACC2 2048 4 5.50 0.9500 8.14 0.900 0.0000e+00
ACC2 2048 4 5.50 0.9500 8.14 0.930 0.0000e+00
ACC2 2048 4 5.50 0.9500 8.14 0.960 0.0000e+00
ACC2 2048 4 5.50 0.9500 8.14 0.980 2.5497e-04
ACC2 2048 4 5.50 0.9500 8.14 1.000 7.6492e-04
ACC2 2048 4 5.50 0.9500 16.12 0.900 0.0000e+00
ACC2 2048 4 5.50 0.9500 16.12 0.930 0.0000e+00
ACC2 2048 4 5.50 0.9500 16.12 0.960 0.0000e+00
ACC2 2048 4 5.50 0.9500 16.12 0.980 0.0000e+00
ACC2 2048 4 5.50 0.9500 16.12 1.000 0.0000e+00
ACC2 2048 4 5.50 0.9500 32.61 0.900 0.0000e+00
ACC2 2048 4 5.50 0.9500 32.61 0.930 0.0000e+00
ACC2 2048 4 5.50 0.9500 32.61 0.960 0.0000e+00
ACC2 2048 4 5.50 0.9500 32.61 0.980 0.0000e+00
ACC2 2048 4 5.50 0.9500 32.61 1.000 2.7012e-04
ACC2 2048 4 5.50 0.9500 64.60 0.900 0.0000e+00
ACC2 2048 4 5.50 0.9500 64.60 0.930 0.0000e+00
ACC2 2048 4 5.50 0.9500 64.60 0.960 0.0000e+00
ACC2 2048 4 5.50 0.9500 64.60 0.980 0.0000e+00
ACC2 2048 4 5.50 0.9500 64.60 1.000 0.0000e+00
ACC2 2048 4 5.50 0.9500 128.49 0.900 0.0000e+00
ACC2 2048 4 5.50 0.9500 128.49 0.930 0.0000e+00
ACC2 2048 4 5.50 0.9500 128.49 0.960 0.0000e+00
ACC2 2048 4 5.50 0.9500 128.49 0.980 0.0000e+00
ACC2 2048 4 5.50 0.9500 128.49 1.000 0.0000e+00
ACC2 2048 4 5.50 0.9800 2.03 0.900 0.0000e+00
ACC2 2048 4 5.50 0.9800 2.03 0.930 0.0000e+00
ACC2 2048 4 5.50 0.9800 2.03 0.960 0.0000e+00
ACC2 2048 4 5.50 0.9800 2.03 0.980 2.4876e-04
ACC2 2048 4 5.50 0.9800 2.03 1.000 8.4577e-03
ACC2 2048 4 5.50 0.9800 3.94 0.900 0.0000e+00
ACC2 2048 4 5.50 0.9800 3.94 0.930 0.0000e+00
ACC2 2048 4 5.50 0.9800 3.94 0.960 0.0000e+00
ACC2 2048 4 5.50 0.9800 3.94 0.980 0.0000e+00
ACC2 2048 4 5.50 0.9800 3.94 1.000 5.1440e-03
ACC2 2048 4 5.50 0.9800 8.14 0.900 0.0000e+00
ACC2 2048 4 5.50 0.9800 8.14 0.930 0.0000e+00
ACC2 2048 4 5.50 0.9800 8.14 0.960 0.0000e+00
ACC2 2048 4 5.50 0.9800 8.14 0.980 2.5994e-04
ACC2 2048 4 5.50 0.9800 8.14 1.000 2.8594e-03
ACC2 2048 4 5.50 0.9800 16.12 0.900 0.0000e+00
ACC2 2048 4 5.50 0.9800 16.12 0.930 0.0000e+00
ACC2 2048 4 5.50 0.9800 16.12 0.960 0.0000e+00
ACC2 2048 4 5.50 0.9800 16.12 0.980 2.6525e-04
ACC2 2048 4 5.50 0.9800 16.12 1.000 1.3263e-03
ACC2 2048 4 5.50 0.9800 32.61 0.900 0.0000e+00
ACC2 2048 4 5.50 0.9800 32.61 0.930 0.0000e+00
ACC2 2048 4 5.50 0.9800 32.61 0.960 0.0000e+00
ACC2 2048 4 5.50 0.9800 32.61 0.980 0.0000e+00
ACC2 2048 4 5.50 0.9800 32.61 1.000 2.6976e-04
ACC2 2048 4 5.50 0.9800 64.60 0.900 0.0000e+00
ACC2 2048 4 5.50 0.9800 64.60 0.930 0.0000e+00
ACC2 2048 4 5.50 0.9800 64.60 0.960 0.0000e+00
ACC2 2048 4 5.50 0.9800 64.60 0.980 0.0000e+00
ACC2 2048 4 5.50 0.9800 64.60 1.000 0.0000e+00
ACC2 2048 4 5.50 0.9800 128.49 0.900 0.0000e+00
ACC2 2048 4 5.50 0.9800 128.49 0.930 0.0000e+00
ACC2 2048 4 5.50 0.9800 128.49 0.960 0.0000e+00
ACC2 2048 4 5.50 0.9800 128.49 0.980 0.0000e+00
ACC2 2048 4 5.50 0.9800 128.49 1.000 0.0000e+00
ACC2 2048 4 5.50 0.9950 2.03 0.900 0.0000e+00
ACC2 2048 4 5.50 0.9950 2.03 0.930 0.0000e+00
ACC2 2048 4 5.50 0.9950 2.03 0.960 0.0000e+00
ACC2 2048 4 5.50 0.9950 2.03 0.980 7.8906e-04
ACC2 2048 4 5.50 0.9950 2.03 1.000 3.6560e-02
ACC2 2048 4 5.50 0.9950 3.94 0.900 0.0000e+00
ACC2 2048 4 5.50 0.9950 3.94 0.930 0.0000e+00
ACC2 2048 4 5.50 0.9950 3.94 0.960 0.0000e+00
ACC2 2048 4 5.50 0.9950 3.94 0.980 2.6940e-04
ACC2 2048 4 5.50 0.9950 3.94 1.000 2.5862e-02
ACC2 2048 4 5.50 0.9950 8.14 0.900 0.0000e+00
ACC2 2048 4 5.50 0.9950 8.14 0.930 0.0000e+00
ACC2 2048 4 5.50 0.9950 8.14 0.960 0.0000e+00
ACC2 2048 4 5.50 0.9950 8.14 0.980 5.4289e-04
ACC2 2048 4 5.50 0.9950 8.14 1.000 1.5201e-02
ACC2 2048 4 5.50 0.9950 16.12 0.900 0.0000e+00
ACC2 2048 4 5.50 0.9950 16.12 0.930 0.0000e+00
ACC2 2048 4 5.50 0.9950 16.12 0.960 0.0000e+00
ACC2 2048 4 5.50 0.9950 16.12 0.980 0.0000e+00
ACC2 2048 4 5.50 0.9950 16.12 1.000 6.0423e-03
ACC2 2048 4 5.50 0.9950 32.61 0.900 0.0000e+00
ACC2 2048 4 5.50 0.9950 32.61 0.930 0.0000e+00
ACC2 2048 4 5.50 0.9950 32.61 0.960 0.0000e+00
ACC2 2048 4 5.50 0.9950 32.61 0.980 0.0000e+00
ACC2 2048 4 5.50 0.9950 32.61 1.000 1.6529e-03
ACC2 2048 4 5.50 0.9950 64.60 0.900 0.0000e+00
ACC2 2048 4 5.50 0.9950 64.60 0.930 0.0000e+00
ACC2 2048 4 5.50 0.9950 64.60 0.960 0.0000e+00
ACC2 2048 4 5.50 0.9950 64.60 0.980 0.0000e+00
ACC2 2048 4 5.50 0.9950 64.60 1.000 0.0000e+00
ACC2 2048 4 5.50 0.9950 128.49 0.900 0.0000e+00
ACC2 2048 4 5.50 0.9950 128.49 0.930 0.0000e+00
ACC2 2048 4 5.50 0.9950 128.49 0.960 0.0000e+00
ACC2 2048 4 5.50 0.9950 128.49 0.980 0.0000e+00
ACC2 2048 4 5.50 0.9950 128.49 1.000 0.0000e+00
ACC2 2048 4 6.00 0.8000 2.03 0.900 0.0000e+00
ACC2 2048 4 6.00 0.8000 2.03 0.930 2.5833e-04
ACC2 2048 4 6.00 0.8000 2.03 0.960 2.5833e-04
ACC2 2048 4 6.00 0.8000 2.03 0.980 2.5833e-04
ACC2 2048 4 6.00 0.8000 2.03 1.000 7.7499e-04
ACC2 2048 4 6.00 0.8000 3.94 0.900 0.0000e+00
ACC2 2048 4 6.00 0.8000 3.94 0.930 2.7122e-04
ACC2 2048 4 6.00 0.8000 3.94 0.960 2.7122e-04
ACC2 2048 4 6.00 0.8000 3.94 0.980 5.4245e-04
ACC2 2048 4 6.00 0.8000 3.94 1.000 1.0849e-03
ACC2 2048 4 6.00 0.8000 8.14 0.900 0.0000e+00
ACC2 2048 4 6.00 0.8000 8.14 0.930 0.0000e+00
ACC2 2048 4 6.00 0.8000 8.14 0.960 0.0000e+00
ACC2 2048 4 6.00 0.8000 8.14 0.980 1.1214e-03
ACC2 2048 4 6.00 0.8000 8.14 1.000 1.1214e-03
ACC2 2048 4 6.00 0.8000 16.12 0.900 0.0000e+00
ACC2 2048 4 6.00 0.8000 16.12 0.930 0.0000e+00
ACC2 2048 4 6.00 0.8000 16.12 0.960 2.8986e-04
ACC2 2048 4 6.00 0.8000 16.12 0.980 2.8986e-04
ACC2 2048 4 6.00 0.8000 16.12 1.000 2.8986e-04
ACC2 2048 4 6.00 0.8000 32.61 0.900 0.0000e+00
ACC2 2048 4 6.00 0.8000 32.61 0.930 0.0000e+00
ACC2 2048 4 6.00 0.8000 32.61 0.960 0.0000e+00
ACC2 2048 4 6.00 0.8000 32.61 0.980 0.0000e+00
ACC2 2048 4 6.00 0.8000 32.61 1.000 2.9214e-04
ACC2 2048 4 6.00 0.8000 64.60 0.900 0.0000e+00
ACC2 2048 4 6.00 0.8000 64.60 0.930 0.0000e+00
ACC2 2048 4 6.00 0.8000 64.60 0.960 0.0000e+00
ACC2 2048 4 6.00 0.8000 64.60 0.980 0.0000e+00
ACC2 2048 4 6.00 0.8000 64.60 1.000 0.0000e+00
ACC2 2048 4 6.00 0.8000 128.49 0.900 0.0000e+00
ACC2 2048 4 6.00 0.8000 128.49 0.930 0.0000e+00
ACC2 2048 4 6.00 0.8000 128.49 0.960 0.0000e+00
ACC2 2048 4 6.00 0.8000 128.49 0.980 0.0000e+00
ACC2 2048 4 6.00 0.8000 128.49 1.000 0.0000e+00
ACC2 2048 4 6.00 0.9000 2.03 0.900 0.0000e+00
ACC2 2048 4 6.00 0.9000 2.03 0.930 0.0000e+00
ACC2 2048 4 6.00 0.9000 2.03 0.960 0.0000e+00
ACC2 2048 4 6.00 0.9000 2.03 0.980 0.0000e+00
ACC2 2048 4 6.00 0.9000 2.03 1.000 2.4552e-04
ACC2 2048 4 6.00 0.9000 3.94 0.900 0.0000e+00
ACC2 2048 4 6.00 0.9000 3.94 0.930 0.0000e+00
ACC2 2048 4 6.00 0.9000 3.94 0.960 0.0000e+00
ACC2 2048 4 6.00 0.9000 3.94 0.980 0.0000e+00
ACC2 2048 4 6.00 0.9000 3.94 1.000 0.0000e+00
ACC2 2048 4 6.00 0.9000 8.14 0.900 0.0000e+00
ACC2 2048 4 6.00 0.9000 8.14 0.930 0.0000e+00
ACC2 2048 4 6.00 0.9000 8.14 0.960 0.0000e+00
ACC2 2048 4 6.00 0.9000 8.14 0.980 0.0000e+00
ACC2 2048 4 6.00 0.9000 8.14 1.000 0.0000e+00
ACC2 2048 4 6.00 0.9000 16.12 0.900 0.0000e+00
ACC2 2048 4 6.00 0.9000 16.12 0.930 0.0000e+00
ACC2 2048 4 6.00 0.9000 16.12 0.960 0.0000e+00
ACC2 2048 4 6.00 0.9000 16.12 0.980 5.4975e-04
ACC2 2048 4 6.00 0.9000 16.12 1.000 1.0995e-03
ACC2 2048 4 6.00 0.9000 32.61 0.900 0.0000e+00
ACC2 2048 4 6.00 0.9000 32.61 0.930 0.0000e+00
ACC2 2048 4 6.00 0.9000 32.61 0.960 0.0000e+00
ACC2 2048 4 6.00 0.9000 32.61 0.980 5.6132e-04
ACC2 2048 4 6.00 0.9000 32.61 1.000 5.6132e-04
ACC2 2048 4 6.00 0.9000 64.60 0.900 0.0000e+00
ACC2 2048 4 6.00 0.9000 64.60 0.930 0.0000e+00
ACC2 2048 4 6.00 0.9000 64.60 0.960 0.0000e+00
ACC2 2048 4 6.00 0.9000 64.60 0.980 0.0000e+00
ACC2 2048 4 6.00 0.9000 64.60 1.000 2.8835e-04
ACC2 2048 4 6.00 0.9000 128.49 0.900 0.0000e+00
ACC2 2048 4 6.00 0.9000 128.49 0.930 0.0000e+00
ACC2 2048 4 6.00 0.9000 128.49 0.960 0.0000e+00
ACC2 2048 4 6.00 0.9000 128.49 0.980 0.0000e+00
ACC2 2048 4 6.00 0.9000 128.49 1.000 0.0000e+00
ACC2 2048 4 6.00 0.9500 2.03 0.900 0.0000e+00
ACC2 2048 4 6.00 0.9500 2.03 0.930 0.0000e+00
ACC2 2048 4 6.00 0.9500 2.03 0.960 0.0000e+00
ACC2 2048 4 6.00 0.9500 2.03 0.980 4.9188e-04
ACC2 2048 4 6.00 0.9500 2.03 1.000 1.2297e-03
ACC2 2048 4 6.00 0.9500 3.94 0.900 0.0000e+00
ACC2 2048 4 6.00 0.9500 3.94 0.930 0.0000e+00
ACC2 2048 4 6.00 0.9500 3.94 0.960 0.0000e+00
ACC2 2048 4 6.00 0.9500 3.94 0.980 2.5648e-04
ACC2 2048 4 6.00 0.9500 3.94 1.000 7.6943e-04
ACC2 2048 4 6.00 0.9500 8.14 0.900 0.0000e+00
ACC2 2048 4 6.00 0.9500 8.14 0.930 0.0000e+00
ACC2 2048 4 6.00 0.9500 8.14 0.960 0.0000e+00
ACC2 2048 4 6.00 0.9500 8.14 0.980 2.6076e-04
ACC2 2048 4 6.00 0.9500 8.14 1.000 1.0430e-03
ACC2 2048 4 6.00 0.9500 16.12 0.900 0.0000e+00
ACC2 2048 4 6.00 0.9500 16.12 0.930 0.0000e+00
ACC2 2048 4 6.00 0.9500 16.12 0.960 0.0000e+00
ACC2 2048 4 6.00 0.9500 16.12 0.980 0.0000e+00
ACC2 2048 4 6.00 0.9500 16.12 1.000 0.0000e+00
ACC2 2048 4 6.00 0.9500 32.61 0.900 0.0000e+00
ACC2 2048 4 6.00 0.9500 32.61 0.930 0.0000e+00
ACC2 2048 4 6.00 0.9500 32.61 0.960 0.0000e+00
ACC2 2048 4 6.00 0.9500 32.61 0.980 0.0000e+00
ACC2 2048 4 6.00 0.9500 32.61 1.000 2.7693e-04
ACC2 2048 4 6.00 0.9500 64.60 0.900 0.0000e+00
ACC2 2048 4 6.00 0.9500 64.60 0.930 0.0000e+00
ACC2 2048 4 6.00 0.9500 64.60 0.960 0.0000e+00
ACC2 2048 4 6.00 0.9500 64.60 0.980 0.0000e+00
ACC2 2048 4 6.00 0.9500 64.60 1.000 0.0000e+00
ACC2 2048 4 6.00 0.9500 128.49 0.900 0.0000e+00
ACC2 2048 4 6.00 0.9500 128.49 0.930 0.0000e+00
ACC2 2048 4 6.00 0.9500 128.49 0.960 0.0000e+00
ACC2 2048 4 6.00 0.9500 128.49 0.980 0.0000e+00
ACC2 2048 4 6.00 0.9500 128.49 1.000 0.0000e+00
ACC2 2048 4 6.00 0.9800 2.03 0.900 0.0000e+00
ACC2 2048 4 6.00 0.9800 2.03 0.930 0.0000e+00
ACC2 2048 4 6.00 0.9800 2.03 0.960 0.0000e+00
ACC2 2048 4 6.00 0.9800 2.03 0.980 0.0000e+00
ACC2 2048 4 6.00 0.9800 2.03 1.000 6.6023e-03
ACC2 2048 4 6.00 0.9800 3.94 0.900 0.0000e+00
ACC2 2048 4 6.00 0.9800 3.94 0.930 0.0000e+00
ACC2 2048 4 6.00 0.9800 3.94 0.960 0.0000e+00
ACC2 2048 4 6.00 0.9800 3.94 0.980 0.0000e+00
ACC2 2048 4 6.00 0.9800 3.94 1.000 3.9277e-03
ACC2 2048 4 6.00 0.9800 8.14 0.900 0.0000e+00
ACC2 2048 4 6.00 0.9800 8.14 0.930 0.0000e+00
ACC2 2048 4 6.00 0.9800 8.14 0.960 0.0000e+00
ACC2 2048 4 6.00 0.9800 8.14 0.980 2.6483e-04
ACC2 2048 4 6.00 0.9800 8.14 1.000 1.0593e-03
ACC2 2048 4 6.00 0.9800 16.12 0.900 0.0000e+00
ACC2 2048 4 6.00 0.9800 16.12 0.930 0.0000e+00
ACC2 2048 4 6.00 0.9800 16.12 0.960 0.0000e+00
ACC2 2048 4 6.00 0.9800 16.12 0.980 0.0000e+00
ACC2 2048 4 6.00 0.9800 16.12 1.000 1.6273e-03
ACC2 2048 4 6.00 0.9800 32.61 0.900 0.0000e+00
ACC2 2048 4 6.00 0.9800 32.61 0.930 0.0000e+00
ACC2 2048 4 6.00 0.9800 32.61 0.960 0.0000e+00
ACC2 2048 4 6.00 0.9800 32.61 0.980 0.0000e+00
ACC2 2048 4 6.00 0.9800 32.61 1.000 5.5233e-04
ACC2 2048 4 6.00 0.9800 64.60 0.900 0.0000e+00
ACC2 2048 4 6.00 0.9800 64.60 0.930 0.0000e+00
ACC2 2048 4 6.00 0.9800 64.60 0.960 0.0000e+00
ACC2 2048 4 6.00 0.9800 64.60 0.980 0.0000e+00
ACC2 2048 4 6.00 0.9800 64.60 1.000 0.0000e+00
ACC2 2048 4 6.00 0.9800 128.49 0.900 0.0000e+00
ACC2 2048 4 6.00 0.9800 128.49 0.930 0.0000e+00
ACC2 2048 4 6.00 0.9800 128.49 0.960 0.0000e+00
ACC2 2048 4 6.00 0.9800 128.49 0.980 0.0000e+00
ACC2 2048 4 6.00 0.9800 128.49 1.000 0.0000e+00
ACC2 2048 4 6.00 0.9950 2.03 0.900 0.0000e+00
ACC2 2048 4 6.00 0.9950 2.03 0.930 0.0000e+00
ACC2 2048 4 6.00 0.9950 2.03 0.960 0.0000e+00
ACC2 2048 4 6.00 0.9950 2.03 0.980 0.0000e+00
ACC2 2048 4 6.00 0.9950 2.03 1.000 3.1450e-02
ACC2 2048 4 6.00 0.9950 3.94 0.900 0.0000e+00
ACC2 2048 4 6.00 0.9950 3.94 0.930 0.0000e+00
ACC2 2048 4 6.00 0.9950 3.94 0.960 0.0000e+00
ACC2 2048 4 6.00 0.9950 3.94 0.980 0.0000e+00
ACC2 2048 4 6.00 0.9950 3.94 1.000 2.0742e-02
ACC2 2048 4 6.00 0.9950 8.14 0.900 0.0000e+00
ACC2 2048 4 6.00 0.9950 8.14 0.930 0.0000e+00
ACC2 2048 4 6.00 0.9950 8.14 0.960 0.0000e+00
ACC2 2048 4 6.00 0.9950 8.14 0.980 0.0000e+00
ACC2 2048 4 6.00 0.9950 8.14 1.000 8.7960e-03
ACC2 2048 4 6.00 0.9950 16.12 0.900 0.0000e+00
ACC2 2048 4 6.00 0.9950 16.12 0.930 0.0000e+00
ACC2 2048 4 6.00 0.9950 16.12 0.960 0.0000e+00
ACC2 2048 4 6.00 0.9950 16.12 0.980 0.0000e+00
ACC2 2048 4 6.00 0.9950 16.12 1.000 3.0675e-03
ACC2 2048 4 6.00 0.9950 32.61 0.900 0.0000e+00
ACC2 2048 4 6.00 0.9950 32.61 0.930 0.0000e+00
ACC2 2048 4 6.00 0.9950 32.61 0.960 0.0000e+00
ACC2 2048 4 6.00 0.9950 32.61 0.980 0.0000e+00
ACC2 2048 4 6.00 0.9950 32.61 1.000 1.4010e-03
ACC2 2048 4 6.00 0.9950 64.60 0.900 0.0000e+00
ACC2 2048 4 6.00 0.9950 64.60 0.930 0.0000e+00
ACC2 2048 4 6.00 0.9950 64.60 0.960 0.0000e+00
ACC2 2048 4 6.00 0.9950 64.60 0.980 0.0000e+00
ACC2 2048 4 6.00 0.9950 64.60 1.000 0.0000e+00
ACC2 2048 4 6.00 0.9950 128.49 0.900 0.0000e+00
ACC2 2048 4 6.00 0.9950 128.49 0.930 0.0000e+00
ACC2 2048 4 6.00 0.9950 128.49 0.960 0.0000e+00
ACC2 2048 4 6.00 0.9950 128.49 0.980 0.0000e+00
ACC2 2048 4 6.00 0.9950 128.49 1.000 0.0000e+00
ACC2 2048 4 6.50 0.8000 2.03 0.900 0.0000e+00
ACC2 2048 4 6.50 0.8000 2.03 0.930 2.7218e-04
ACC2 2048 4 6.50 0.8000 2.03 0.960 2.7218e-04
ACC2 2048 4 6.50 0.8000 2.03 0.980 2.7218e-04
ACC2 2048 4 6.50 0.8000 2.03 1.000 8.1655e-04
ACC2 2048 4 6.50 0.8000 3.94 0.900 0.0000e+00
ACC2 2048 4 6.50 0.8000 3.94 0.930 0.0000e+00
ACC2 2048 4 6.50 0.8000 3.94 0.960 2.8425e-04
ACC2 2048 4 6.50 0.8000 3.94 0.980 5.6850e-04
ACC2 2048 4 6.50 0.8000 3.94 1.000 8.5276e-04
ACC2 2048 4 6.50 0.8000 8.14 0.900 0.0000e+00
ACC2 2048 4 6.50 0.8000 8.14 0.930 0.0000e+00
ACC2 2048 4 6.50 0.8000 8.14 0.960 0.0000e+00
ACC2 2048 4 6.50 0.8000 8.14 0.980 8.7387e-04
ACC2 2048 4 6.50 0.8000 8.14 1.000 1.1652e-03
ACC2 2048 4 6.50 0.8000 16.12 0.900 0.0000e+00
ACC2 2048 4 6.50 0.8000 16.12 0.930 0.0000e+00
ACC2 2048 4 6.50 0.8000 16.12 0.960 2.9762e-04
ACC2 2048 4 6.50 0.8000 16.12 0.980 2.9762e-04
ACC2 2048 4 6.50 0.8000 16.12 1.000 2.9762e-04
ACC2 2048 4 6.50 0.8000 32.61 0.900 0.0000e+00
ACC2 2048 4 6.50 0.8000 32.61 0.930 0.0000e+00
ACC2 2048 4 6.50 0.8000 32.61 0.960 0.0000e+00
ACC2 2048 4 6.50 0.8000 32.61 0.980 0.0000e+00
ACC2 2048 4 6.50 0.8000 32.61 1.000 2.9842e-04
ACC2 2048 4 6.50 0.8000 64.60 0.900 0.0000e+00
ACC2 2048 4 6.50 0.8000 64.60 0.930 0.0000e+00
ACC2 2048 4 6.50 0.8000 64.60 0.960 0.0000e+00
ACC2 2048 4 6.50 0.8000 64.60 0.980 0.0000e+00
ACC2 2048 4 6.50 0.8000 64.60 1.000 0.0000e+00
ACC2 2048 4 6.50 0.8000 128.49 0.900 0.0000e+00
ACC2 2048 4 6.50 0.8000 128.49 0.930 0.0000e+00
ACC2 2048 4 6.50 0.8000 128.49 0.960 0.0000e+00
ACC2 2048 4 6.50 0.8000 128.49 0.980 0.0000e+00
ACC2 2048 4 6.50 0.8000 128.49 1.000 0.0000e+00
ACC2 2048 4 6.50 0.9000 2.03 0.900 0.0000e+00
ACC2 2048 4 6.50 0.9000 2.03 0.930 0.0000e+00
ACC2 2048 4 6.50 0.9000 2.03 0.960 0.0000e+00
ACC2 2048 4 6.50 0.9000 2.03 0.980 0.0000e+00
ACC2 2048 4 6.50 0.9000 2.03 1.000 2.5407e-04
ACC2 2048 4 6.50 0.9000 3.94 0.900 0.0000e+00
ACC2 2048 4 6.50 0.9000 3.94 0.930 0.0000e+00
ACC2 2048 4 6.50 0.9000 3.94 0.960 0.0000e+00
ACC2 2048 4 6.50 0.9000 3.94 0.980 0.0000e+00
ACC2 2048 4 6.50 0.9000 3.94 1.000 0.0000e+00
ACC2 2048 4 6.50 0.9000 8.14 0.900 0.0000e+00
ACC2 2048 4 6.50 0.9000 8.14 0.930 0.0000e+00
ACC2 2048 4 6.50 0.9000 8.14 0.960 0.0000e+00
ACC2 2048 4 6.50 0.9000 8.14 0.980 0.0000e+00
ACC2 2048 4 6.50 0.9000 8.14 1.000 0.0000e+00
ACC2 2048 4 6.50 0.9000 16.12 0.900 0.0000e+00
ACC2 2048 4 6.50 0.9000 16.12 0.930 0.0000e+00
ACC2 2048 4 6.50 0.9000 16.12 0.960 0.0000e+00
ACC2 2048 4 6.50 0.9000 16.12 0.980 5.6561e-04
ACC2 2048 4 6.50 0.9000 16.12 1.000 8.4842e-04
ACC2 2048 4 6.50 0.9000 32.61 0.900 0.0000e+00
ACC2 2048 4 6.50 0.9000 32.61 0.930 0.0000e+00
ACC2 2048 4 6.50 0.9000 32.61 0.960 0.0000e+00
ACC2 2048 4 6.50 0.9000 32.61 0.980 5.7554e-04
ACC2 2048 4 6.50 0.9000 32.61 1.000 5.7554e-04
ACC2 2048 4 6.50 0.9000 64.60 0.900 0.0000e+00
ACC2 2048 4 6.50 0.9000 64.60 0.930 0.0000e+00
ACC2 2048 4 6.50 0.9000 64.60 0.960 0.0000e+00
ACC2 2048 4 6.50 0.9000 64.60 0.980 0.0000e+00
ACC2 2048 4 6.50 0.9000 64.60 1.000 2.9403e-04
ACC2 2048 4 6.50 0.9000 128.49 0.900 0.0000e+00
ACC2 2048 4 6.50 0.9000 128.49 0.930 0.0000e+00
ACC2 2048 4 6.50 0.9000 128.49 0.960 0.0000e+00
ACC2 2048 4 6.50 0.9000 128.49 0.980 0.0000e+00
ACC2 2048 4 6.50 0.9000 128.49 1.000 0.0000e+00
ACC2 2048 4 6.50 0.9500 2.03 0.900 0.0000e+00
ACC2 2048 4 6.50 0.9500 2.03 0.930 0.0000e+00
ACC2 2048 4 6.50 0.9500 2.03 0.960 0.0000e+00
ACC2 2048 4 6.50 0.9500 2.03 0.980 0.0000e+00
ACC2 2048 4 6.50 0.9500 2.03 1.000 7.5643e-04
ACC2 2048 4 6.50 0.9500 3.94 0.900 0.0000e+00
ACC2 2048 4 6.50 0.9500 3.94 0.930 0.0000e+00
ACC2 2048 4 6.50 0.9500 3.94 0.960 0.0000e+00
ACC2 2048 4 6.50 0.9500 3.94 0.980 0.0000e+00
ACC2 2048 4 6.50 0.9500 3.94 1.000 5.2301e-04
ACC2 2048 4 6.50 0.9500 8.14 0.900 0.0000e+00
ACC2 2048 4 6.50 0.9500 8.14 0.930 0.0000e+00
ACC2 2048 4 6.50 0.9500 8.14 0.960 0.0000e+00
ACC2 2048 4 6.50 0.9500 8.14 0.980 2.6724e-04
ACC2 2048 4 6.50 0.9500 8.14 1.000 1.0689e-03
ACC2 2048 4 6.50 0.9500 16.12 0.900 0.0000e+00
ACC2 2048 4 6.50 0.9500 16.12 0.930 0.0000e+00
ACC2 2048 4 6.50 0.9500 16.12 0.960 0.0000e+00
ACC2 2048 4 6.50 0.9500 16.12 0.980 0.0000e+00
ACC2 2048 4 6.50 0.9500 16.12 1.000 0.0000e+00
ACC2 2048 4 6.50 0.9500 32.61 0.900 0.0000e+00
ACC2 2048 4 6.50 0.9500 32.61 0.930 0.0000e+00
ACC2 2048 4 6.50 0.9500 32.61 0.960 0.0000e+00
ACC2 2048 4 6.50 0.9500 32.61 0.980 0.0000e+00
ACC2 2048 4 6.50 0.9500 32.61 1.000 2.8305e-04
ACC2 2048 4 6.50 0.9500 64.60 0.900 0.0000e+00
ACC2 2048 4 6.50 0.9500 64.60 0.930 0.0000e+00
ACC2 2048 4 6.50 0.9500 64.60 0.960 0.0000e+00
ACC2 2048 4 6.50 0.9500 64.60 0.980 0.0000e+00
ACC2 2048 4 6.50 0.9500 64.60 1.000 0.0000e+00
ACC2 2048 4 6.50 0.9500 128.49 0.900 0.0000e+00
ACC2 2048 4 6.50 0.9500 128.49 0.930 0.0000e+00
ACC2 2048 4 6.50 0.9500 128.49 0.960 0.0000e+00
ACC2 2048 4 6.50 0.9500 128.49 0.980 0.0000e+00
ACC2 2048 4 6.50 0.9500 128.49 1.000 0.0000e+00
ACC2 2048 4 6.50 0.9800 2.03 0.900 0.0000e+00
ACC2 2048 4 6.50 0.9800 2.03 0.930 0.0000e+00
ACC2 2048 4 6.50 0.9800 2.03 0.960 0.0000e+00
ACC2 2048 4 6.50 0.9800 2.03 0.980 0.0000e+00
ACC2 2048 4 6.50 0.9800 2.03 1.000 5.1520e-03
ACC2 2048 4 6.50 0.9800 3.94 0.900 0.0000e+00
ACC2 2048 4 6.50 0.9800 3.94 0.930 0.0000e+00
ACC2 2048 4 6.50 0.9800 3.94 0.960 0.0000e+00
ACC2 2048 4 6.50 0.9800 3.94 0.980 0.0000e+00
ACC2 2048 4 6.50 0.9800 3.94 1.000 2.9255e-03
ACC2 2048 4 6.50 0.9800 8.14 0.900 0.0000e+00
ACC2 2048 4 6.50 0.9800 8.14 0.930 0.0000e+00
ACC2 2048 4 6.50 0.9800 8.14 0.960 0.0000e+00
ACC2 2048 4 6.50 0.9800 8.14 0.980 2.6940e-04
ACC2 2048 4 6.50 0.9800 8.14 1.000 1.8858e-03
ACC2 2048 4 6.50 0.9800 16.12 0.900 0.0000e+00
ACC2 2048 4 6.50 0.9800 16.12 0.930 0.0000e+00
ACC2 2048 4 6.50 0.9800 16.12 0.960 0.0000e+00
ACC2 2048 4 6.50 0.9800 16.12 0.980 0.0000e+00
ACC2 2048 4 6.50 0.9800 16.12 1.000 1.1031e-03
ACC2 2048 4 6.50 0.9800 32.61 0.900 0.0000e+00
ACC2 2048 4 6.50 0.9800 32.61 0.930 0.0000e+00
ACC2 2048 4 6.50 0.9800 32.61 0.960 0.0000e+00
ACC2 2048 4 6.50 0.9800 32.61 0.980 0.0000e+00
ACC2 2048 4 6.50 0.9800 32.61 1.000 2.8161e-04
ACC2 2048 4 6.50 0.9800 64.60 0.900 0.0000e+00
ACC2 2048 4 6.50 0.9800 64.60 0.930 0.0000e+00
ACC2 2048 4 6.50 0.9800 64.60 0.960 0.0000e+00
ACC2 2048 4 6.50 0.9800 64.60 0.980 0.0000e+00
ACC2 2048 4 6.50 0.9800 64.60 1.000 0.0000e+00
ACC2 2048 4 6.50 0.9800 128.49 0.900 0.0000e+00
ACC2 2048 4 6.50 0.9800 128.49 0.930 0.0000e+00
ACC2 2048 4 6.50 0.9800 128.49 0.960 0.0000e+00
ACC2 2048 4 6.50 0.9800 128.49 0.980 0.0000e+00
ACC2 2048 4 6.50 0.9800 128.49 1.000 0.0000e+00
ACC2 2048 4 6.50 0.9950 2.03 0.900 0.0000e+00
ACC2 2048 4 6.50 0.9950 2.03 0.930 0.0000e+00
ACC2 2048 4 6.50 0.9950 2.03 0.960 0.0000e+00
ACC2 2048 4 6.50 0.9950 2.03 0.980 0.0000e+00
ACC2 2048 4 6.50 0.9950 2.03 1.000 3.0753e-02
ACC2 2048 4 6.50 0.9950 3.94 0.900 0.0000e+00
ACC2 2048 4 6.50 0.9950 3.94 0.930 0.0000e+00
ACC2 2048 4 6.50 0.9950 3.94 0.960 0.0000e+00
ACC2 2048 4 6.50 0.9950 3.94 0.980 2.7586e-04
ACC2 2048 4 6.50 0.9950 3.94 1.000 2.1793e-02
ACC2 2048 4 6.50 0.9950 8.14 0.900 0.0000e+00
ACC2 2048 4 6.50 0.9950 8.14 0.930 0.0000e+00
ACC2 2048 4 6.50 0.9950 8.14 0.960 0.0000e+00
ACC2 2048 4 6.50 0.9950 8.14 0.980 0.0000e+00
ACC2 2048 4 6.50 0.9950 8.14 1.000 1.1981e-02
ACC2 2048 4 6.50 0.9950 16.12 0.900 0.0000e+00
ACC2 2048 4 6.50 0.9950 16.12 0.930 0.0000e+00
ACC2 2048 4 6.50 0.9950 16.12 0.960 0.0000e+00
ACC2 2048 4 6.50 0.9950 16.12 0.980 0.0000e+00
ACC2 2048 4 6.50 0.9950 16.12 1.000 3.6702e-03
ACC2 2048 4 6.50 0.9950 32.61 0.900 0.0000e+00
ACC2 2048 4 6.50 0.9950 32.61 0.930 0.0000e+00
ACC2 2048 4 6.50 0.9950 32.61 0.960 0.0000e+00
ACC2 2048 4 6.50 0.9950 32.61 0.980 0.0000e+00
ACC2 2048 4 6.50 0.9950 32.61 1.000 1.1390e-03
ACC2 2048 4 6.50 0.9950 64.60 0.900 0.0000e+00
ACC2 2048 4 6.50 0.9950 64.60 0.930 0.0000e+00
ACC2 2048 4 6.50 0.9950 64.60 0.960 0.0000e+00
ACC2 2048 4 6.50 0.9950 64.60 0.980 0.0000e+00
ACC2 2048 4 6.50 0.9950 64.60 1.000 0.0000e+00
ACC2 2048 4 6.50 0.9950 128.49 0.900 0.0000e+00
ACC2 2048 4 6.50 0.9950 128.49 0.930 0.0000e+00
ACC2 2048 4 6.50 0.9950 128.49 0.960 0.0000e+00
ACC2 2048 4 6.50 0.9950 128.49 0.980 0.0000e+00
ACC2 2048 4 6.50 0.9950 128.49 1.000 0.0000e+00
ACC2 2048 8 5.00 0.8000 2.03 0.900 2.2894e-04
ACC2 2048 8 5.00 0.8000 2.03 0.930 2.2894e-04
ACC2 2048 8 5.00 0.8000 2.03 0.960 2.2894e-04
ACC2 2048 8 5.00 0.8000 2.03 0.980 2.2894e-04
ACC2 2048 8 5.00 0.8000 2.03 1.000 9.1575e-04
ACC2 2048 8 5.00 0.8000 3.94 0.900 0.0000e+00
ACC2 2048 8 5.00 0.8000 3.94 0.930 2.4325e-04
ACC2 2048 8 5.00 0.8000 3.94 0.960 2.4325e-04
ACC2 2048 8 5.00 0.8000 3.94 0.980 2.4325e-04
ACC2 2048 8 5.00 0.8000 3.94 1.000 4.8650e-04
ACC2 2048 8 5.00 0.8000 8.14 0.900 0.0000e+00
ACC2 2048 8 5.00 0.8000 8.14 0.930 0.0000e+00
ACC2 2048 8 5.00 0.8000 8.14 0.960 0.0000e+00
ACC2 2048 8 5.00 0.8000 8.14 0.980 5.0749e-04
ACC2 2048 8 5.00 0.8000 8.14 1.000 5.0749e-04
ACC2 2048 8 5.00 0.8000 16.12 0.900 0.0000e+00
ACC2 2048 8 5.00 0.8000 16.12 0.930 0.0000e+00
ACC2 2048 8 5.00 0.8000 16.12 0.960 0.0000e+00
ACC2 2048 8 5.00 0.8000 16.12 0.980 0.0000e+00
ACC2 2048 8 5.00 0.8000 16.12 1.000 0.0000e+00
ACC2 2048 8 5.00 0.8000 32.61 0.900 0.0000e+00
ACC2 2048 8 5.00 0.8000 32.61 0.930 0.0000e+00
ACC2 2048 8 5.00 0.8000 32.61 0.960 0.0000e+00
ACC2 2048 8 5.00 0.8000 32.61 0.980 0.0000e+00
ACC2 2048 8 5.00 0.8000 32.61 1.000 2.7196e-04
ACC2 2048 8 5.00 0.8000 64.60 0.900 0.0000e+00
ACC2 2048 8 5.00 0.8000 64.60 0.930 0.0000e+00
ACC2 2048 8 5.00 0.8000 64.60 0.960 0.0000e+00
ACC2 2048 8 5.00 0.8000 64.60 0.980 0.0000e+00
ACC2 2048 8 5.00 0.8000 64.60 1.000 0.0000e+00
ACC2 2048 8 5.00 0.8000 128.49 0.900 0.0000e+00
ACC2 2048 8 5.00 0.8000 128.49 0.930 0.0000e+00
ACC2 2048 8 5.00 0.8000 128.49 0.960 0.0000e+00
ACC2 2048 8 5.00 0.8000 128.49 0.980 0.0000e+00
ACC2 2048 8 5.00 0.8000 128.49 1.000 2.9053e-04
ACC2 2048 8 5.00 0.9000 2.03 0.900 0.0000e+00
ACC2 2048 8 5.00 0.9000 2.03 0.930 0.0000e+00
ACC2 2048 8 5.00 0.9000 2.03 0.960 0.0000e+00
ACC2 2048 8 5.00 0.9000 2.03 0.980 0.0000e+00
ACC2 2048 8 5.00 0.9000 2.03 1.000 2.2707e-04
ACC2 2048 8 5.00 0.9000 3.94 0.900 0.0000e+00
ACC2 2048 8 5.00 0.9000 3.94 0.930 0.0000e+00
ACC2 2048 8 5.00 0.9000 3.94 0.960 0.0000e+00
ACC2 2048 8 5.00 0.9000 3.94 0.980 0.0000e+00
ACC2 2048 8 5.00 0.9000 3.94 1.000 0.0000e+00
ACC2 2048 8 5.00 0.9000 8.14 0.900 0.0000e+00
ACC2 2048 8 5.00 0.9000 8.14 0.930 0.0000e+00
ACC2 2048 8 5.00 0.9000 8.14 0.960 0.0000e+00
ACC2 2048 8 5.00 0.9000 8.14 0.980 2.4643e-04
ACC2 2048 8 5.00 0.9000 8.14 1.000 4.9285e-04
ACC2 2048 8 5.00 0.9000 16.12 0.900 0.0000e+00
ACC2 2048 8 5.00 0.9000 16.12 0.930 0.0000e+00
ACC2 2048 8 5.00 0.9000 16.12 0.960 2.5355e-04
ACC2 2048 8 5.00 0.9000 16.12 0.980 7.6065e-04
ACC2 2048 8 5.00 0.9000 16.12 1.000 1.2677e-03
ACC2 2048 8 5.00 0.9000 32.61 0.900 0.0000e+00
ACC2 2048 8 5.00 0.9000 32.61 0.930 0.0000e+00
ACC2 2048 8 5.00 0.9000 32.61 0.960 2.6350e-04
ACC2 2048 8 5.00 0.9000 32.61 0.980 5.2701e-04
ACC2 2048 8 5.00 0.9000 32.61 1.000 5.2701e-04
ACC2 2048 8 5.00 0.9000 64.60 0.900 0.0000e+00
ACC2 2048 8 5.00 0.9000 64.60 0.930 0.0000e+00
ACC2 2048 8 5.00 0.9000 64.60 0.960 0.0000e+00
ACC2 2048 8 5.00 0.9000 64.60 0.980 2.7330e-04
ACC2 2048 8 5.00 0.9000 64.60 1.000 5.4660e-04
ACC2 2048 8 5.00 0.9000 128.49 0.900 0.0000e+00
ACC2 2048 8 5.00 0.9000 128.49 0.930 0.0000e+00
ACC2 2048 8 5.00 0.9000 128.49 0.960 0.0000e+00
ACC2 2048 8 5.00 0.9000 128.49 0.980 2.8329e-04
ACC2 2048 8 5.00 0.9000 128.49 1.000 2.8329e-04
ACC2 2048 8 5.00 0.9500 2.03 0.900 0.0000e+00
ACC2 2048 8 5.00 0.9500 2.03 0.930 0.0000e+00
ACC2 2048 8 5.00 0.9500 2.03 0.960 2.3218e-04
ACC2 2048 8 5.00 0.9500 2.03 0.980 9.2872e-04
ACC2 2048 8 5.00 0.9500 2.03 1.000 2.5540e-03
ACC2 2048 8 5.00 0.9500 3.94 0.900 0.0000e+00
ACC2 2048 8 5.00 0.9500 3.94 0.930 0.0000e+00
ACC2 2048 8 5.00 0.9500 3.94 0.960 2.4096e-04
ACC2 2048 8 5.00 0.9500 3.94 0.980 7.2289e-04
ACC2 2048 8 5.00 0.9500 3.94 1.000 1.9277e-03
ACC2 2048 8 5.00 0.9500 8.14 0.900 0.0000e+00
ACC2 2048 8 5.00 0.9500 8.14 0.930 0.0000e+00
ACC2 2048 8 5.00 0.9500 8.14 0.960 0.0000e+00
ACC2 2048 8 5.00 0.9500 8.14 0.980 0.0000e+00
ACC2 2048 8 5.00 0.9500 8.14 1.000 1.2419e-03
ACC2 2048 8 5.00 0.9500 16.12 0.900 0.0000e+00
ACC2 2048 8 5.00 0.9500 16.12 0.930 0.0000e+00
ACC2 2048 8 5.00 0.9500 16.12 0.960 0.0000e+00
ACC2 2048 8 5.00 0.9500 16.12 0.980 0.0000e+00
ACC2 2048 8 5.00 0.9500 16.12 1.000 2.5432e-04
ACC2 2048 8 5.00 0.9500 32.61 0.900 0.0000e+00
ACC2 2048 8 5.00 0.9500 32.61 0.930 0.0000e+00
ACC2 2048 8 5.00 0.9500 32.61 0.960 0.0000e+00
ACC2 2048 8 5.00 0.9500 32.61 0.980 0.0000e+00
ACC2 2048 8 5.00 0.9500 32.61 1.000 5.2315e-04
ACC2 2048 8 5.00 0.9500 64.60 0.900 0.0000e+00
ACC2 2048 8 5.00 0.9500 64.60 0.930 0.0000e+00
ACC2 2048 8 5.00 0.9500 64.60 0.960 0.0000e+00
ACC2 2048 8 5.00 0.9500 64.60 0.980 2.6838e-04
ACC2 2048 8 5.00 0.9500 64.60 1.000 5.3677e-04
ACC2 2048 8 5.00 0.9500 128.49 0.900 0.0000e+00
ACC2 2048 8 5.00 0.9500 128.49 0.930 0.0000e+00
ACC2 2048 8 5.00 0.9500 128.49 0.960 0.0000e+00
ACC2 2048 8 5.00 0.9500 128.49 0.980 0.0000e+00
ACC2 2048 8 5.00 0.9500 128.49 1.000 1.1183e-03
ACC2 2048 8 5.00 0.9800 2.03 0.900 0.0000e+00
ACC2 2048 8 5.00 0.9800 2.03 0.930 0.0000e+00
ACC2 2048 8 5.00 0.9800 2.03 0.960 0.0000e+00
ACC2 2048 8 5.00 0.9800 2.03 0.980 4.8638e-04
ACC2 2048 8 5.00 0.9800 2.03 1.000 8.5117e-03
ACC2 2048 8 5.00 0.9800 3.94 0.900 0.0000e+00
ACC2 2048 8 5.00 0.9800 3.94 0.930 0.0000e+00
ACC2 2048 8 5.00 0.9800 3.94 0.960 0.0000e+00
ACC2 2048 8 5.00 0.9800 3.94 0.980 0.0000e+00
ACC2 2048 8 5.00 0.9800 3.94 1.000 6.0362e-03
ACC2 2048 8 5.00 0.9800 8.14 0.900 0.0000e+00
ACC2 2048 8 5.00 0.9800 8.14 0.930 0.0000e+00
ACC2 2048 8 5.00 0.9800 8.14 0.960 0.0000e+00
ACC2 2048 8 5.00 0.9800 8.14 0.980 2.5407e-04
ACC2 2048 8 5.00 0.9800 8.14 1.000 3.5569e-03
ACC2 2048 8 5.00 0.9800 16.12 0.900 0.0000e+00
ACC2 2048 8 5.00 0.9800 16.12 0.930 0.0000e+00
ACC2 2048 8 5.00 0.9800 16.12 0.960 0.0000e+00
ACC2 2048 8 5.00 0.9800 16.12 0.980 2.5907e-04
ACC2 2048 8 5.00 0.9800 16.12 1.000 2.0725e-03
ACC2 2048 8 5.00 0.9800 32.61 0.900 0.0000e+00
ACC2 2048 8 5.00 0.9800 32.61 0.930 0.0000e+00
ACC2 2048 8 5.00 0.9800 32.61 0.960 0.0000e+00
ACC2 2048 8 5.00 0.9800 32.61 0.980 0.0000e+00
ACC2 2048 8 5.00 0.9800 32.61 1.000 1.0571e-03
ACC2 2048 8 5.00 0.9800 64.60 0.900 0.0000e+00
ACC2 2048 8 5.00 0.9800 64.60 0.930 0.0000e+00
ACC2 2048 8 5.00 0.9800 64.60 0.960 0.0000e+00
ACC2 2048 8 5.00 0.9800 64.60 0.980 2.6954e-04
ACC2 2048 8 5.00 0.9800 64.60 1.000 8.0863e-04
ACC2 2048 8 5.00 0.9800 128.49 0.900 0.0000e+00
ACC2 2048 8 5.00 0.9800 128.49 0.930 0.0000e+00
ACC2 2048 8 5.00 0.9800 128.49 0.960 0.0000e+00
ACC2 2048 8 5.00 0.9800 128.49 0.980 2.7824e-04
ACC2 2048 8 5.00 0.9800 128.49 1.000 1.9477e-03
ACC2 2048 8 5.00 0.9950 2.03 0.900 0.0000e+00
ACC2 2048 8 5.00 0.9950 2.03 0.930 0.0000e+00
ACC2 2048 8 5.00 0.9950 2.03 0.960 0.0000e+00
ACC2 2048 8 5.00 0.9950 2.03 0.980 2.3208e-03
ACC2 2048 8 5.00 0.9950 2.03 1.000 3.9969e-02
ACC2 2048 8 5.00 0.9950 3.94 0.900 0.0000e+00
ACC2 2048 8 5.00 0.9950 3.94 0.930 0.0000e+00
ACC2 2048 8 5.00 0.9950 3.94 0.960 0.0000e+00
ACC2 2048 8 5.00 0.9950 3.94 0.980 7.9491e-04
ACC2 2048 8 5.00 0.9950 3.94 1.000 2.7027e-02
ACC2 2048 8 5.00 0.9950 8.14 0.900 0.0000e+00
ACC2 2048 8 5.00 0.9950 8.14 0.930 0.0000e+00
ACC2 2048 8 5.00 0.9950 8.14 0.960 0.0000e+00
ACC2 2048 8 5.00 0.9950 8.14 0.980 1.0633e-03
ACC2 2048 8 5.00 0.9950 8.14 1.000 2.1797e-02
ACC2 2048 8 5.00 0.9950 16.12 0.900 0.0000e+00
ACC2 2048 8 5.00 0.9950 16.12 0.930 0.0000e+00
ACC2 2048 8 5.00 0.9950 16.12 0.960 0.0000e+00
ACC2 2048 8 5.00 0.9950 16.12 0.980 2.6940e-04
ACC2 2048 8 5.00 0.9950 16.12 1.000 9.6983e-03
ACC2 2048 8 5.00 0.9950 32.61 0.900 0.0000e+00
ACC2 2048 8 5.00 0.9950 32.61 0.930 0.0000e+00
ACC2 2048 8 5.00 0.9950 32.61 0.960 0.0000e+00
ACC2 2048 8 5.00 0.9950 32.61 0.980 0.0000e+00
ACC2 2048 8 5.00 0.9950 32.61 1.000 7.0403e-03
ACC2 2048 8 5.00 0.9950 64.60 0.900 0.0000e+00
ACC2 2048 8 5.00 0.9950 64.60 0.930 0.0000e+00
ACC2 2048 8 5.00 0.9950 64.60 0.960 0.0000e+00
ACC2 2048 8 5.00 0.9950 64.60 0.980 0.0000e+00
ACC2 2048 8 5.00 0.9950 64.60 1.000 3.2994e-03
ACC2 2048 8 5.00 0.9950 128.49 0.900 0.0000e+00
ACC2 2048 8 5.00 0.9950 128.49 0.930 0.0000e+00
ACC2 2048 8 5.00 0.9950 128.49 0.960 0.0000e+00
ACC2 2048 8 5.00 0.9950 128.49 0.980 5.5991e-04
ACC2 2048 8 5.00 0.9950 128.49 1.000 6.7189e-03
ACC2 2048 8 5.50 0.8000 2.03 0.900 0.0000e+00
ACC2 2048 8 5.50 0.8000 2.03 0.930 2.4402e-04
ACC2 2048 8 5.50 0.8000 2.03 0.960 2.4402e-04
ACC2 2048 8 5.50 0.8000 2.03 0.980 2.4402e-04
ACC2 2048 8 5.50 0.8000 2.03 1.000 7.3206e-04
ACC2 2048 8 5.50 0.8000 3.94 0.900 0.0000e+00
ACC2 2048 8 5.50 0.8000 3.94 0.930 2.5733e-04
ACC2 2048 8 5.50 0.8000 3.94 0.960 2.5733e-04
ACC2 2048 8 5.50 0.8000 3.94 0.980 2.5733e-04
ACC2 2048 8 5.50 0.8000 3.94 1.000 5.1467e-04
ACC2 2048 8 5.50 0.8000 8.14 0.900 0.0000e+00
ACC2 2048 8 5.50 0.8000 8.14 0.930 0.0000e+00
ACC2 2048 8 5.50 0.8000 8.14 0.960 0.0000e+00
ACC2 2048 8 5.50 0.8000 8.14 0.980 5.3562e-04
ACC2 2048 8 5.50 0.8000 8.14 1.000 8.0343e-04
ACC2 2048 8 5.50 0.8000 16.12 0.900 0.0000e+00
ACC2 2048 8 5.50 0.8000 16.12 0.930 0.0000e+00
ACC2 2048 8 5.50 0.8000 16.12 0.960 2.7716e-04
ACC2 2048 8 5.50 0.8000 16.12 0.980 2.7716e-04
ACC2 2048 8 5.50 0.8000 16.12 1.000 5.5432e-04
ACC2 2048 8 5.50 0.8000 32.61 0.900 0.0000e+00
ACC2 2048 8 5.50 0.8000 32.61 0.930 0.0000e+00
ACC2 2048 8 5.50 0.8000 32.61 0.960 0.0000e+00
ACC2 2048 8 5.50 0.8000 32.61 0.980 0.0000e+00
ACC2 2048 8 5.50 0.8000 32.61 1.000 2.8313e-04
ACC2 2048 8 5.50 0.8000 64.60 0.900 0.0000e+00
ACC2 2048 8 5.50 0.8000 64.60 0.930 0.0000e+00
ACC2 2048 8 5.50 0.8000 64.60 0.960 0.0000e+00
ACC2 2048 8 5.50 0.8000 64.60 0.980 0.0000e+00
ACC2 2048 8 5.50 0.8000 64.60 1.000 0.0000e+00
ACC2 2048 8 5.50 0.8000 128.49 0.900 0.0000e+00
ACC2 2048 8 5.50 0.8000 128.49 0.930 0.0000e+00
ACC2 2048 8 5.50 0.8000 128.49 0.960 0.0000e+00
ACC2 2048 8 5.50 0.8000 128.49 0.980 0.0000e+00
ACC2 2048 8 5.50 0.8000 128.49 1.000 5.9934e-04
ACC2 2048 8 5.50 0.9000 2.03 0.900 0.0000e+00
ACC2 2048 8 5.50 0.9000 2.03 0.930 0.0000e+00
ACC2 2048 8 5.50 0.9000 2.03 0.960 0.0000e+00
ACC2 2048 8 5.50 0.9000 2.03 0.980 0.0000e+00
ACC2 2048 8 5.50 0.9000 2.03 1.000 2.3546e-04
ACC2 2048 8 5.50 0.9000 3.94 0.900 0.0000e+00
ACC2 2048 8 5.50 0.9000 3.94 0.930 0.0000e+00
ACC2 2048 8 5.50 0.9000 3.94 0.960 0.0000e+00
ACC2 2048 8 5.50 0.9000 3.94 0.980 0.0000e+00
ACC2 2048 8 5.50 0.9000 3.94 1.000 2.4857e-04
ACC2 2048 8 5.50 0.9000 8.14 0.900 0.0000e+00
ACC2 2048 8 5.50 0.9000 8.14 0.930 0.0000e+00
ACC2 2048 8 5.50 0.9000 8.14 0.960 0.0000e+00
ACC2 2048 8 5.50 0.9000 8.14 0.980 0.0000e+00
ACC2 2048 8 5.50 0.9000 8.14 1.000 2.5747e-04
ACC2 2048 8 5.50 0.9000 16.12 0.900 0.0000e+00
ACC2 2048 8 5.50 0.9000 16.12 0.930 0.0000e+00
ACC2 2048 8 5.50 0.9000 16.12 0.960 2.6427e-04
ACC2 2048 8 5.50 0.9000 16.12 0.980 5.2854e-04
ACC2 2048 8 5.50 0.9000 16.12 1.000 1.0571e-03
ACC2 2048 8 5.50 0.9000 32.61 0.900 0.0000e+00
ACC2 2048 8 5.50 0.9000 32.61 0.930 0.0000e+00
ACC2 2048 8 5.50 0.9000 32.61 0.960 2.7248e-04
ACC2 2048 8 5.50 0.9000 32.61 0.980 5.4496e-04
ACC2 2048 8 5.50 0.9000 32.61 1.000 5.4496e-04
ACC2 2048 8 5.50 0.9000 64.60 0.900 0.0000e+00
ACC2 2048 8 5.50 0.9000 64.60 0.930 0.0000e+00
ACC2 2048 8 5.50 0.9000 64.60 0.960 0.0000e+00
ACC2 2048 8 5.50 0.9000 64.60 0.980 2.8241e-04
ACC2 2048 8 5.50 0.9000 64.60 1.000 8.4722e-04
ACC2 2048 8 5.50 0.9000 128.49 0.900 0.0000e+00
ACC2 2048 8 5.50 0.9000 128.49 0.930 0.0000e+00
ACC2 2048 8 5.50 0.9000 128.49 0.960 0.0000e+00
ACC2 2048 8 5.50 0.9000 128.49 0.980 0.0000e+00
ACC2 2048 8 5.50 0.9000 128.49 1.000 0.0000e+00
ACC2 2048 8 5.50 0.9500 2.03 0.900 0.0000e+00
ACC2 2048 8 5.50 0.9500 2.03 0.930 0.0000e+00
ACC2 2048 8 5.50 0.9500 2.03 0.960 2.3889e-04
ACC2 2048 8 5.50 0.9500 2.03 0.980 7.1667e-04
ACC2 2048 8 5.50 0.9500 2.03 1.000 1.9111e-03
ACC2 2048 8 5.50 0.9500 3.94 0.900 0.0000e+00
ACC2 2048 8 5.50 0.9500 3.94 0.930 0.0000e+00
ACC2 2048 8 5.50 0.9500 3.94 0.960 0.0000e+00
ACC2 2048 8 5.50 0.9500 3.94 0.980 2.4944e-04
ACC2 2048 8 5.50 0.9500 3.94 1.000 9.9776e-04
ACC2 2048 8 5.50 0.9500 8.14 0.900 0.0000e+00
ACC2 2048 8 5.50 0.9500 8.14 0.930 0.0000e+00
ACC2 2048 8 5.50 0.9500 8.14 0.960 0.0000e+00
ACC2 2048 8 5.50 0.9500 8.14 0.980 2.5497e-04
ACC2 2048 8 5.50 0.9500 8.14 1.000 7.6492e-04
ACC2 2048 8 5.50 0.9500 16.12 0.900 0.0000e+00
ACC2 2048 8 5.50 0.9500 16.12 0.930 0.0000e+00
ACC2 2048 8 5.50 0.9500 16.12 0.960 0.0000e+00
ACC2 2048 8 5.50 0.9500 16.12 0.980 0.0000e+00
ACC2 2048 8 5.50 0.9500 16.12 1.000 2.6274e-04
ACC2 2048 8 5.50 0.9500 32.61 0.900 0.0000e+00
ACC2 2048 8 5.50 0.9500 32.61 0.930 0.0000e+00
ACC2 2048 8 5.50 0.9500 32.61 0.960 0.0000e+00
ACC2 2048 8 5.50 0.9500 32.61 0.980 0.0000e+00
ACC2 2048 8 5.50 0.9500 32.61 1.000 5.4025e-04
ACC2 2048 8 5.50 0.9500 64.60 0.900 0.0000e+00
ACC2 2048 8 5.50 0.9500 64.60 0.930 0.0000e+00
ACC2 2048 8 5.50 0.9500 64.60 0.960 0.0000e+00
ACC2 2048 8 5.50 0.9500 64.60 0.980 0.0000e+00
ACC2 2048 8 5.50 0.9500 64.60 1.000 2.7678e-04
ACC2 2048 8 5.50 0.9500 128.49 0.900 0.0000e+00
ACC2 2048 8 5.50 0.9500 128.49 0.930 0.0000e+00
ACC2 2048 8 5.50 0.9500 128.49 0.960 0.0000e+00
ACC2 2048 8 5.50 0.9500 128.49 0.980 2.8736e-04
ACC2 2048 8 5.50 0.9500 128.49 1.000 8.6207e-04
ACC2 2048 8 5.50 0.9800 2.03 0.900 0.0000e+00
ACC2 2048 8 5.50 0.9800 2.03 0.930 0.0000e+00
ACC2 2048 8 5.50 0.9800 2.03 0.960 0.0000e+00
ACC2 2048 8 5.50 0.9800 2.03 0.980 2.4876e-04
ACC2 2048 8 5.50 0.9800 2.03 1.000 8.4577e-03
ACC2 2048 8 5.50 0.9800 3.94 0.900 0.0000e+00
ACC2 2048 8 5.50 0.9800 3.94 0.930 0.0000e+00
ACC2 2048 8 5.50 0.9800 3.94 0.960 0.0000e+00
ACC2 2048 8 5.50 0.9800 3.94 0.980 0.0000e+00
ACC2 2048 8 5.50 0.9800 3.94 1.000 5.1440e-03
ACC2 2048 8 5.50 0.9800 8.14 0.900 0.0000e+00
ACC2 2048 8 5.50 0.9800 8.14 0.930 0.0000e+00
ACC2 2048 8 5.50 0.9800 8.14 0.960 0.0000e+00
ACC2 2048 8 5.50 0.9800 8.14 0.980 2.5994e-04
ACC2 2048 8 5.50 0.9800 8.14 1.000 2.8594e-03
ACC2 2048 8 5.50 0.9800 16.12 0.900 0.0000e+00
ACC2 2048 8 5.50 0.9800 16.12 0.930 0.0000e+00
ACC2 2048 8 5.50 0.9800 16.12 0.960 0.0000e+00
ACC2 2048 8 5.50 0.9800 16.12 0.980 2.6525e-04
ACC2 2048 8 5.50 0.9800 16.12 1.000 1.5915e-03
ACC2 2048 8 5.50 0.9800 32.61 0.900 0.0000e+00
ACC2 2048 8 5.50 0.9800 32.61 0.930 0.0000e+00
ACC2 2048 8 5.50 0.9800 32.61 0.960 0.0000e+00
ACC2 2048 8 5.50 0.9800 32.61 0.980 0.0000e+00
ACC2 2048 8 5.50 0.9800 32.61 1.000 8.0928e-04
ACC2 2048 8 5.50 0.9800 64.60 0.900 0.0000e+00
ACC2 2048 8 5.50 0.9800 64.60 0.930 0.0000e+00
ACC2 2048 8 5.50 0.9800 64.60 0.960 0.0000e+00
ACC2 2048 8 5.50 0.9800 64.60 0.980 0.0000e+00
ACC2 2048 8 5.50 0.9800 64.60 1.000 5.5279e-04
ACC2 2048 8 5.50 0.9800 128.49 0.900 0.0000e+00
ACC2 2048 8 5.50 0.9800 128.49 0.930 0.0000e+00
ACC2 2048 8 5.50 0.9800 128.49 0.960 0.0000e+00
ACC2 2048 8 5.50 0.9800 128.49 0.980 2.8555e-04
ACC2 2048 8 5.50 0.9800 128.49 1.000 2.2844e-03
ACC2 2048 8 5.50 0.9950 2.03 0.900 0.0000e+00
ACC2 2048 8 5.50 0.9950 2.03 0.930 0.0000e+00
ACC2 2048 8 5.50 0.9950 2.03 0.960 0.0000e+00
ACC2 2048 8 5.50 0.9950 2.03 0.980 7.8906e-04
ACC2 2048 8 5.50 0.9950 2.03 1.000 3.6560e-02
ACC2 2048 8 5.50 0.9950 3.94 0.900 0.0000e+00
ACC2 2048 8 5.50 0.9950 3.94 0.930 0.0000e+00
ACC2 2048 8 5.50 0.9950 3.94 0.960 0.0000e+00
ACC2 2048 8 5.50 0.9950 3.94 0.980 2.6940e-04
ACC2 2048 8 5.50 0.9950 3.94 1.000 2.5862e-02
ACC2 2048 8 5.50 0.9950 8.14 0.900 0.0000e+00
ACC2 2048 8 5.50 0.9950 8.14 0.930 0.0000e+00
ACC2 2048 8 5.50 0.9950 8.14 0.960 0.0000e+00
ACC2 2048 8 5.50 0.9950 8.14 0.980 5.4289e-04
ACC2 2048 8 5.50 0.9950 8.14 1.000 1.5744e-02
ACC2 2048 8 5.50 0.9950 16.12 0.900 0.0000e+00
ACC2 2048 8 5.50 0.9950 16.12 0.930 0.0000e+00
ACC2 2048 8 5.50 0.9950 16.12 0.960 0.0000e+00
ACC2 2048 8 5.50 0.9950 16.12 0.980 0.0000e+00
ACC2 2048 8 5.50 0.9950 16.12 1.000 7.6902e-03
ACC2 2048 8 5.50 0.9950 32.61 0.900 0.0000e+00
ACC2 2048 8 5.50 0.9950 32.61 0.930 0.0000e+00
ACC2 2048 8 5.50 0.9950 32.61 0.960 0.0000e+00
ACC2 2048 8 5.50 0.9950 32.61 0.980 0.0000e+00
ACC2 2048 8 5.50 0.9950 32.61 1.000 6.8871e-03
ACC2 2048 8 5.50 0.9950 64.60 0.900 0.0000e+00
ACC2 2048 8 5.50 0.9950 64.60 0.930 0.0000e+00
ACC2 2048 8 5.50 0.9950 64.60 0.960 0.0000e+00
ACC2 2048 8 5.50 0.9950 64.60 0.980 0.0000e+00
ACC2 2048 8 5.50 0.9950 64.60 1.000 3.3548e-03
ACC2 2048 8 5.50 0.9950 128.49 0.900 0.0000e+00
ACC2 2048 8 5.50 0.9950 128.49 0.930 0.0000e+00
ACC2 2048 8 5.50 0.9950 128.49 0.960 0.0000e+00
ACC2 2048 8 5.50 0.9950 128.49 0.980 8.5788e-04
ACC2 2048 8 5.50 0.9950 128.49 1.000 8.0069e-03
ACC2 2048 8 6.00 0.8000 2.03 0.900 0.0000e+00
ACC2 2048 8 6.00 0.8000 2.03 0.930 2.5833e-04
ACC2 2048 8 6.00 0.8000 2.03 0.960 2.5833e-04
ACC2 2048 8 6.00 0.8000 2.03 0.980 2.5833e-04
ACC2 2048 8 6.00 0.8000 2.03 1.000 7.7499e-04
ACC2 2048 8 6.00 0.8000 3.94 0.900 0.0000e+00
ACC2 2048 8 6.00 0.8000 3.94 0.930 2.7122e-04
ACC2 2048 8 6.00 0.8000 3.94 0.960 2.7122e-04
ACC2 2048 8 6.00 0.8000 3.94 0.980 5.4245e-04
ACC2 2048 8 6.00 0.8000 3.94 1.000 1.0849e-03
ACC2 2048 8 6.00 0.8000 8.14 0.900 0.0000e+00
ACC2 2048 8 6.00 0.8000 8.14 0.930 0.0000e+00
ACC2 2048 8 6.00 0.8000 8.14 0.960 0.0000e+00
ACC2 2048 8 6.00 0.8000 8.14 0.980 1.1214e-03
ACC2 2048 8 6.00 0.8000 8.14 1.000 1.1214e-03
ACC2 2048 8 6.00 0.8000 16.12 0.900 0.0000e+00
ACC2 2048 8 6.00 0.8000 16.12 0.930 0.0000e+00
ACC2 2048 8 6.00 0.8000 16.12 0.960 2.8986e-04
ACC2 2048 8 6.00 0.8000 16.12 0.980 2.8986e-04
ACC2 2048 8 6.00 0.8000 16.12 1.000 2.8986e-04
ACC2 2048 8 6.00 0.8000 32.61 0.900 0.0000e+00
ACC2 2048 8 6.00 0.8000 32.61 0.930 0.0000e+00
ACC2 2048 8 6.00 0.8000 32.61 0.960 0.0000e+00
ACC2 2048 8 6.00 0.8000 32.61 0.980 0.0000e+00
ACC2 2048 8 6.00 0.8000 32.61 1.000 2.9214e-04
ACC2 2048 8 6.00 0.8000 64.60 0.900 0.0000e+00
ACC2 2048 8 6.00 0.8000 64.60 0.930 0.0000e+00
ACC2 2048 8 6.00 0.8000 64.60 0.960 0.0000e+00
ACC2 2048 8 6.00 0.8000 64.60 0.980 0.0000e+00
ACC2 2048 8 6.00 0.8000 64.60 1.000 0.0000e+00
ACC2 2048 8 6.00 0.8000 128.49 0.900 0.0000e+00
ACC2 2048 8 6.00 0.8000 128.49 0.930 0.0000e+00
ACC2 2048 8 6.00 0.8000 128.49 0.960 0.0000e+00
ACC2 2048 8 6.00 0.8000 128.49 0.980 0.0000e+00
ACC2 2048 8 6.00 0.8000 128.49 1.000 9.1603e-04
ACC2 2048 8 6.00 0.9000 2.03 0.900 0.0000e+00
ACC2 2048 8 6.00 0.9000 2.03 0.930 0.0000e+00
ACC2 2048 8 6.00 0.9000 2.03 0.960 0.0000e+00
ACC2 2048 8 6.00 0.9000 2.03 0.980 0.0000e+00
ACC2 2048 8 6.00 0.9000 2.03 1.000 2.4552e-04
ACC2 2048 8 6.00 0.9000 3.94 0.900 0.0000e+00
ACC2 2048 8 6.00 0.9000 3.94 0.930 0.0000e+00
ACC2 2048 8 6.00 0.9000 3.94 0.960 0.0000e+00
ACC2 2048 8 6.00 0.9000 3.94 0.980 0.0000e+00
ACC2 2048 8 6.00 0.9000 3.94 1.000 0.0000e+00
ACC2 2048 8 6.00 0.9000 8.14 0.900 0.0000e+00
ACC2 2048 8 6.00 0.9000 8.14 0.930 0.0000e+00
ACC2 2048 8 6.00 0.9000 8.14 0.960 0.0000e+00
ACC2 2048 8 6.00 0.9000 8.14 0.980 0.0000e+00
ACC2 2048 8 6.00 0.9000 8.14 1.000 0.0000e+00
ACC2 2048 8 6.00 0.9000 16.12 0.900 0.0000e+00
ACC2 2048 8 6.00 0.9000 16.12 0.930 0.0000e+00
ACC2 2048 8 6.00 0.9000 16.12 0.960 0.0000e+00
ACC2 2048 8 6.00 0.9000 16.12 0.980 5.4975e-04
ACC2 2048 8 6.00 0.9000 16.12 1.000 1.0995e-03
ACC2 2048 8 6.00 0.9000 32.61 0.900 0.0000e+00
ACC2 2048 8 6.00 0.9000 32.61 0.930 0.0000e+00
ACC2 2048 8 6.00 0.9000 32.61 0.960 2.8066e-04
ACC2 2048 8 6.00 0.9000 32.61 0.980 5.6132e-04
ACC2 2048 8 6.00 0.9000 32.61 1.000 5.6132e-04
ACC2 2048 8 6.00 0.9000 64.60 0.900 0.0000e+00
ACC2 2048 8 6.00 0.9000 64.60 0.930 0.0000e+00
ACC2 2048 8 6.00 0.9000 64.60 0.960 0.0000e+00
ACC2 2048 8 6.00 0.9000 64.60 0.980 2.8835e-04
ACC2 2048 8 6.00 0.9000 64.60 1.000 1.1534e-03
ACC2 2048 8 6.00 0.9000 128.49 0.900 0.0000e+00
ACC2 2048 8 6.00 0.9000 128.49 0.930 0.0000e+00
ACC2 2048 8 6.00 0.9000 128.49 0.960 0.0000e+00
ACC2 2048 8 6.00 0.9000 128.49 0.980 0.0000e+00
ACC2 2048 8 6.00 0.9000 128.49 1.000 3.0157e-04
ACC2 2048 8 6.00 0.9500 2.03 0.900 0.0000e+00
ACC2 2048 8 6.00 0.9500 2.03 0.930 0.0000e+00
ACC2 2048 8 6.00 0.9500 2.03 0.960 0.0000e+00
ACC2 2048 8 6.00 0.9500 2.03 0.980 4.9188e-04
ACC2 2048 8 6.00 0.9500 2.03 1.000 1.2297e-03
ACC2 2048 8 6.00 0.9500 3.94 0.900 0.0000e+00
ACC2 2048 8 6.00 0.9500 3.94 0.930 0.0000e+00
ACC2 2048 8 6.00 0.9500 3.94 0.960 0.0000e+00
ACC2 2048 8 6.00 0.9500 3.94 0.980 2.5648e-04
ACC2 2048 8 6.00 0.9500 3.94 1.000 7.6943e-04
ACC2 2048 8 6.00 0.9500 8.14 0.900 0.0000e+00
ACC2 2048 8 6.00 0.9500 8.14 0.930 0.0000e+00
ACC2 2048 8 6.00 0.9500 8.14 0.960 0.0000e+00
ACC2 2048 8 6.00 0.9500 8.14 0.980 2.6076e-04
ACC2 2048 8 6.00 0.9500 8.14 1.000 1.0430e-03
ACC2 2048 8 6.00 0.9500 16.12 0.900 0.0000e+00
ACC2 2048 8 6.00 0.9500 16.12 0.930 0.0000e+00
ACC2 2048 8 6.00 0.9500 16.12 0.960 0.0000e+00
ACC2 2048 8 6.00 0.9500 16.12 0.980 0.0000e+00
ACC2 2048 8 6.00 0.9500 16.12 1.000 0.0000e+00
ACC2 2048 8 6.00 0.9500 32.61 0.900 0.0000e+00
ACC2 2048 8 6.00 0.9500 32.61 0.930 0.0000e+00
ACC2 2048 8 6.00 0.9500 32.61 0.960 0.0000e+00
ACC2 2048 8 6.00 0.9500 32.61 0.980 0.0000e+00
ACC2 2048 8 6.00 0.9500 32.61 1.000 5.5386e-04
ACC2 2048 8 6.00 0.9500 64.60 0.900 0.0000e+00
ACC2 2048 8 6.00 0.9500 64.60 0.930 0.0000e+00
ACC2 2048 8 6.00 0.9500 64.60 0.960 0.0000e+00
ACC2 2048 8 6.00 0.9500 64.60 0.980 0.0000e+00
ACC2 2048 8 6.00 0.9500 64.60 1.000 2.8417e-04
ACC2 2048 8 6.00 0.9500 128.49 0.900 0.0000e+00
ACC2 2048 8 6.00 0.9500 128.49 0.930 0.0000e+00
ACC2 2048 8 6.00 0.9500 128.49 0.960 0.0000e+00
ACC2 2048 8 6.00 0.9500 128.49 0.980 2.9403e-04
ACC2 2048 8 6.00 0.9500 128.49 1.000 1.1761e-03
ACC2 2048 8 6.00 0.9800 2.03 0.900 0.0000e+00
ACC2 2048 8 6.00 0.9800 2.03 0.930 0.0000e+00
ACC2 2048 8 6.00 0.9800 2.03 0.960 0.0000e+00
ACC2 2048 8 6.00 0.9800 2.03 0.980 0.0000e+00
ACC2 2048 8 6.00 0.9800 2.03 1.000 6.6023e-03
ACC2 2048 8 6.00 0.9800 3.94 0.900 0.0000e+00
ACC2 2048 8 6.00 0.9800 3.94 0.930 0.0000e+00
ACC2 2048 8 6.00 0.9800 3.94 0.960 0.0000e+00
ACC2 2048 8 6.00 0.9800 3.94 0.980 0.0000e+00
ACC2 2048 8 6.00 0.9800 3.94 1.000 3.9277e-03
ACC2 2048 8 6.00 0.9800 8.14 0.900 0.0000e+00
ACC2 2048 8 6.00 0.9800 8.14 0.930 0.0000e+00
ACC2 2048 8 6.00 0.9800 8.14 0.960 0.0000e+00
ACC2 2048 8 6.00 0.9800 8.14 0.980 2.6483e-04
ACC2 2048 8 6.00 0.9800 8.14 1.000 1.3242e-03
ACC2 2048 8 6.00 0.9800 16.12 0.900 0.0000e+00
ACC2 2048 8 6.00 0.9800 16.12 0.930 0.0000e+00
ACC2 2048 8 6.00 0.9800 16.12 0.960 0.0000e+00
ACC2 2048 8 6.00 0.9800 16.12 0.980 0.0000e+00
ACC2 2048 8 6.00 0.9800 16.12 1.000 1.6273e-03
ACC2 2048 8 6.00 0.9800 32.61 0.900 0.0000e+00
ACC2 2048 8 6.00 0.9800 32.61 0.930 0.0000e+00
ACC2 2048 8 6.00 0.9800 32.61 0.960 0.0000e+00
ACC2 2048 8 6.00 0.9800 32.61 0.980 0.0000e+00
ACC2 2048 8 6.00 0.9800 32.61 1.000 8.2850e-04
ACC2 2048 8 6.00 0.9800 64.60 0.900 0.0000e+00
ACC2 2048 8 6.00 0.9800 64.60 0.930 0.0000e+00
ACC2 2048 8 6.00 0.9800 64.60 0.960 0.0000e+00
ACC2 2048 8 6.00 0.9800 64.60 0.980 0.0000e+00
ACC2 2048 8 6.00 0.9800 64.60 1.000 2.8257e-04
ACC2 2048 8 6.00 0.9800 128.49 0.900 0.0000e+00
ACC2 2048 8 6.00 0.9800 128.49 0.930 0.0000e+00
ACC2 2048 8 6.00 0.9800 128.49 0.960 0.0000e+00
ACC2 2048 8 6.00 0.9800 128.49 0.980 0.0000e+00
ACC2 2048 8 6.00 0.9800 128.49 1.000 2.0432e-03
ACC2 2048 8 6.00 0.9950 2.03 0.900 0.0000e+00
ACC2 2048 8 6.00 0.9950 2.03 0.930 0.0000e+00
ACC2 2048 8 6.00 0.9950 2.03 0.960 0.0000e+00
ACC2 2048 8 6.00 0.9950 2.03 0.980 0.0000e+00
ACC2 2048 8 6.00 0.9950 2.03 1.000 3.1450e-02
ACC2 2048 8 6.00 0.9950 3.94 0.900 0.0000e+00
ACC2 2048 8 6.00 0.9950 3.94 0.930 0.0000e+00
ACC2 2048 8 6.00 0.9950 3.94 0.960 0.0000e+00
ACC2 2048 8 6.00 0.9950 3.94 0.980 0.0000e+00
ACC2 2048 8 6.00 0.9950 3.94 1.000 2.0742e-02
ACC2 2048 8 6.00 0.9950 8.14 0.900 0.0000e+00
ACC2 2048 8 6.00 0.9950 8.14 0.930 0.0000e+00
ACC2 2048 8 6.00 0.9950 8.14 0.960 0.0000e+00
ACC2 2048 8 6.00 0.9950 8.14 0.980 0.0000e+00
ACC2 2048 8 6.00 0.9950 8.14 1.000 1.0445e-02
ACC2 2048 8 6.00 0.9950 16.12 0.900 0.0000e+00
ACC2 2048 8 6.00 0.9950 16.12 0.930 0.0000e+00
ACC2 2048 8 6.00 0.9950 16.12 0.960 0.0000e+00
ACC2 2048 8 6.00 0.9950 16.12 0.980 0.0000e+00
ACC2 2048 8 6.00 0.9950 16.12 1.000 4.4618e-03
ACC2 2048 8 6.00 0.9950 32.61 0.900 0.0000e+00
ACC2 2048 8 6.00 0.9950 32.61 0.930 0.0000e+00
ACC2 2048 8 6.00 0.9950 32.61 0.960 0.0000e+00
ACC2 2048 8 6.00 0.9950 32.61 0.980 0.0000e+00
ACC2 2048 8 6.00 0.9950 32.61 1.000 4.4830e-03
ACC2 2048 8 6.00 0.9950 64.60 0.900 0.0000e+00
ACC2 2048 8 6.00 0.9950 64.60 0.930 0.0000e+00
ACC2 2048 8 6.00 0.9950 64.60 0.960 0.0000e+00
ACC2 2048 8 6.00 0.9950 64.60 0.980 0.0000e+00
ACC2 2048 8 6.00 0.9950 64.60 1.000 2.2747e-03
ACC2 2048 8 6.00 0.9950 128.49 0.900 0.0000e+00
ACC2 2048 8 6.00 0.9950 128.49 0.930 0.0000e+00
ACC2 2048 8 6.00 0.9950 128.49 0.960 0.0000e+00
ACC2 2048 8 6.00 0.9950 128.49 0.980 5.8241e-04
ACC2 2048 8 6.00 0.9950 128.49 1.000 6.1153e-03
ACC2 2048 8 6.50 0.8000 2.03 0.900 0.0000e+00
ACC2 2048 8 6.50 0.8000 2.03 0.930 2.7218e-04
ACC2 2048 8 6.50 0.8000 2.03 0.960 2.7218e-04
ACC2 2048 8 6.50 0.8000 2.03 0.980 2.7218e-04
ACC2 2048 8 6.50 0.8000 2.03 1.000 8.1655e-04
ACC2 2048 8 6.50 0.8000 3.94 0.900 0.0000e+00
ACC2 2048 8 6.50 0.8000 3.94 0.930 0.0000e+00
ACC2 2048 8 6.50 0.8000 3.94 0.960 2.8425e-04
ACC2 2048 8 6.50 0.8000 3.94 0.980 5.6850e-04
ACC2 2048 8 6.50 0.8000 3.94 1.000 8.5276e-04
ACC2 2048 8 6.50 0.8000 8.14 0.900 0.0000e+00
ACC2 2048 8 6.50 0.8000 8.14 0.930 0.0000e+00
ACC2 2048 8 6.50 0.8000 8.14 0.960 0.0000e+00
ACC2 2048 8 6.50 0.8000 8.14 0.980 8.7387e-04
ACC2 2048 8 6.50 0.8000 8.14 1.000 1.1652e-03
ACC2 2048 8 6.50 0.8000 16.12 0.900 0.0000e+00
ACC2 2048 8 6.50 0.8000 16.12 0.930 0.0000e+00
ACC2 2048 8 6.50 0.8000 16.12 0.960 2.9762e-04
ACC2 2048 8 6.50 0.8000 16.12 0.980 2.9762e-04
ACC2 2048 8 6.50 0.8000 16.12 1.000 2.9762e-04
ACC2 2048 8 6.50 0.8000 32.61 0.900 0.0000e+00
ACC2 2048 8 6.50 0.8000 32.61 0.930 0.0000e+00
ACC2 2048 8 6.50 0.8000 32.61 0.960 0.0000e+00
ACC2 2048 8 6.50 0.8000 32.61 0.980 0.0000e+00
ACC2 2048 8 6.50 0.8000 32.61 1.000 2.9842e-04
ACC2 2048 8 6.50 0.8000 64.60 0.900 0.0000e+00
ACC2 2048 8 6.50 0.8000 64.60 0.930 0.0000e+00
ACC2 2048 8 6.50 0.8000 64.60 0.960 0.0000e+00
ACC2 2048 8 6.50 0.8000 64.60 0.980 0.0000e+00
ACC2 2048 8 6.50 0.8000 64.60 1.000 0.0000e+00
ACC2 2048 8 6.50 0.8000 128.49 0.900 0.0000e+00
ACC2 2048 8 6.50 0.8000 128.49 0.930 0.0000e+00
ACC2 2048 8 6.50 0.8000 128.49 0.960 0.0000e+00
ACC2 2048 8 6.50 0.8000 128.49 0.980 0.0000e+00
ACC2 2048 8 6.50 0.8000 128.49 1.000 9.2707e-04
ACC2 2048 8 6.50 0.9000 2.03 0.900 0.0000e+00
ACC2 2048 8 6.50 0.9000 2.03 0.930 0.0000e+00
ACC2 2048 8 6.50 0.9000 2.03 0.960 0.0000e+00
ACC2 2048 8 6.50 0.9000 2.03 0.980 0.0000e+00
ACC2 2048 8 6.50 0.9000 2.03 1.000 2.5407e-04
ACC2 2048 8 6.50 0.9000 3.94 0.900 0.0000e+00
ACC2 2048 8 6.50 0.9000 3.94 0.930 0.0000e+00
ACC2 2048 8 6.50 0.9000 3.94 0.960 0.0000e+00
ACC2 2048 8 6.50 0.9000 3.94 0.980 0.0000e+00
ACC2 2048 8 6.50 0.9000 3.94 1.000 2.6511e-04
ACC2 2048 8 6.50 0.9000 8.14 0.900 0.0000e+00
ACC2 2048 8 6.50 0.9000 8.14 0.930 0.0000e+00
ACC2 2048 8 6.50 0.9000 8.14 0.960 0.0000e+00
ACC2 2048 8 6.50 0.9000 8.14 0.980 0.0000e+00
ACC2 2048 8 6.50 0.9000 8.14 1.000 0.0000e+00
ACC2 2048 8 6.50 0.9000 16.12 0.900 0.0000e+00
ACC2 2048 8 6.50 0.9000 16.12 0.930 0.0000e+00
ACC2 2048 8 6.50 0.9000 16.12 0.960 0.0000e+00
ACC2 2048 8 6.50 0.9000 16.12 0.980 5.6561e-04
ACC2 2048 8 6.50 0.9000 16.12 1.000 8.4842e-04
ACC2 2048 8 6.50 0.9000 32.61 0.900 0.0000e+00
ACC2 2048 8 6.50 0.9000 32.61 0.930 0.0000e+00
ACC2 2048 8 6.50 0.9000 32.61 0.960 0.0000e+00
ACC2 2048 8 6.50 0.9000 32.61 0.980 5.7554e-04
ACC2 2048 8 6.50 0.9000 32.61 1.000 5.7554e-04
ACC2 2048 8 6.50 0.9000 64.60 0.900 0.0000e+00
ACC2 2048 8 6.50 0.9000 64.60 0.930 0.0000e+00
ACC2 2048 8 6.50 0.9000 64.60 0.960 0.0000e+00
ACC2 2048 8 6.50 0.9000 64.60 0.980 2.9403e-04
ACC2 2048 8 6.50 0.9000 64.60 1.000 1.1761e-03
ACC2 2048 8 6.50 0.9000 128.49 0.900 0.0000e+00
ACC2 2048 8 6.50 0.9000 128.49 0.930 0.0000e+00
ACC2 2048 8 6.50 0.9000 128.49 0.960 0.0000e+00
ACC2 2048 8 6.50 0.9000 128.49 0.980 0.0000e+00
ACC2 2048 8 6.50 0.9000 128.49 1.000 3.0713e-04
ACC2 2048 8 6.50 0.9500 2.03 0.900 0.0000e+00
ACC2 2048 8 6.50 0.9500 2.03 0.930 0.0000e+00
ACC2 2048 8 6.50 0.9500 2.03 0.960 0.0000e+00
ACC2 2048 8 6.50 0.9500 2.03 0.980 0.0000e+00
ACC2 2048 8 6.50 0.9500 2.03 1.000 7.5643e-04
ACC2 2048 8 6.50 0.9500 3.94 0.900 0.0000e+00
ACC2 2048 8 6.50 0.9500 3.94 0.930 0.0000e+00
ACC2 2048 8 6.50 0.9500 3.94 0.960 0.0000e+00
ACC2 2048 8 6.50 0.9500 3.94 0.980 0.0000e+00
ACC2 2048 8 6.50 0.9500 3.94 1.000 5.2301e-04
ACC2 2048 8 6.50 0.9500 8.14 0.900 0.0000e+00
ACC2 2048 8 6.50 0.9500 8.14 0.930 0.0000e+00
ACC2 2048 8 6.50 0.9500 8.14 0.960 0.0000e+00
ACC2 2048 8 6.50 0.9500 8.14 0.980 2.6724e-04
ACC2 2048 8 6.50 0.9500 8.14 1.000 1.0689e-03
ACC2 2048 8 6.50 0.9500 16.12 0.900 0.0000e+00
ACC2 2048 8 6.50 0.9500 16.12 0.930 0.0000e+00
ACC2 2048 8 6.50 0.9500 16.12 0.960 0.0000e+00
ACC2 2048 8 6.50 0.9500 16.12 0.980 0.0000e+00
ACC2 2048 8 6.50 0.9500 16.12 1.000 0.0000e+00
ACC2 2048 8 6.50 0.9500 32.61 0.900 0.0000e+00
ACC2 2048 8 6.50 0.9500 32.61 0.930 0.0000e+00
ACC2 2048 8 6.50 0.9500 32.61 0.960 0.0000e+00
ACC2 2048 8 6.50 0.9500 32.61 0.980 0.0000e+00
ACC2 2048 8 6.50 0.9500 32.61 1.000 5.6609e-04
ACC2 2048 8 6.50 0.9500 64.60 0.900 0.0000e+00
ACC2 2048 8 6.50 0.9500 64.60 0.930 0.0000e+00
ACC2 2048 8 6.50 0.9500 64.60 0.960 0.0000e+00
ACC2 2048 8 6.50 0.9500 64.60 0.980 0.0000e+00
ACC2 2048 8 6.50 0.9500 64.60 1.000 2.9011e-04
ACC2 2048 8 6.50 0.9500 128.49 0.900 0.0000e+00
ACC2 2048 8 6.50 0.9500 128.49 0.930 0.0000e+00
ACC2 2048 8 6.50 0.9500 128.49 0.960 0.0000e+00
ACC2 2048 8 6.50 0.9500 128.49 0.980 2.9913e-04
ACC2 2048 8 6.50 0.9500 128.49 1.000 1.1965e-03
ACC2 2048 8 6.50 0.9800 2.03 0.900 0.0000e+00
ACC2 2048 8 6.50 0.9800 2.03 0.930 0.0000e+00
ACC2 2048 8 6.50 0.9800 2.03 0.960 0.0000e+00
ACC2 2048 8 6.50 0.9800 2.03 0.980 0.0000e+00
ACC2 2048 8 6.50 0.9800 2.03 1.000 5.1520e-03
ACC2 2048 8 6.50 0.9800 3.94 0.900 0.0000e+00
ACC2 2048 8 6.50 0.9800 3.94 0.930 0.0000e+00
ACC2 2048 8 6.50 0.9800 3.94 0.960 0.0000e+00
ACC2 2048 8 6.50 0.9800 3.94 0.980 0.0000e+00
ACC2 2048 8 6.50 0.9800 3.94 1.000 2.9255e-03
ACC2 2048 8 6.50 0.9800 8.14 0.900 0.0000e+00
ACC2 2048 8 6.50 0.9800 8.14 0.930 0.0000e+00
ACC2 2048 8 6.50 0.9800 8.14 0.960 0.0000e+00
ACC2 2048 8 6.50 0.9800 8.14 0.980 2.6940e-04
ACC2 2048 8 6.50 0.9800 8.14 1.000 1.8858e-03
ACC2 2048 8 6.50 0.9800 16.12 0.900 0.0000e+00
ACC2 2048 8 6.50 0.9800 16.12 0.930 0.0000e+00
ACC2 2048 8 6.50 0.9800 16.12 0.960 0.0000e+00
ACC2 2048 8 6.50 0.9800 16.12 0.980 0.0000e+00
ACC2 2048 8 6.50 0.9800 16.12 1.000 1.3789e-03
ACC2 2048 8 6.50 0.9800 32.61 0.900 0.0000e+00
ACC2 2048 8 6.50 0.9800 32.61 0.930 0.0000e+00
ACC2 2048 8 6.50 0.9800 32.61 0.960 0.0000e+00
ACC2 2048 8 6.50 0.9800 32.61 0.980 0.0000e+00
ACC2 2048 8 6.50 0.9800 32.61 1.000 8.4483e-04
ACC2 2048 8 6.50 0.9800 64.60 0.900 0.0000e+00
ACC2 2048 8 6.50 0.9800 64.60 0.930 0.0000e+00
ACC2 2048 8 6.50 0.9800 64.60 0.960 0.0000e+00
ACC2 2048 8 6.50 0.9800 64.60 0.980 0.0000e+00
ACC2 2048 8 6.50 0.9800 64.60 1.000 5.7455e-04
ACC2 2048 8 6.50 0.9800 128.49 0.900 0.0000e+00
ACC2 2048 8 6.50 0.9800 128.49 0.930 0.0000e+00
ACC2 2048 8 6.50 0.9800 128.49 0.960 0.0000e+00
ACC2 2048 8 6.50 0.9800 128.49 0.980 2.9586e-04
ACC2 2048 8 6.50 0.9800 128.49 1.000 1.7751e-03
ACC2 2048 8 6.50 0.9950 2.03 0.900 0.0000e+00
ACC2 2048 8 6.50 0.9950 2.03 0.930 0.0000e+00
ACC2 2048 8 6.50 0.9950 2.03 0.960 0.0000e+00
ACC2 2048 8 6.50 0.9950 2.03 0.980 0.0000e+00
ACC2 2048 8 6.50 0.9950 2.03 1.000 3.0753e-02
ACC2 2048 8 6.50 0.9950 3.94 0.900 0.0000e+00
ACC2 2048 8 6.50 0.9950 3.94 0.930 0.0000e+00
ACC2 2048 8 6.50 0.9950 3.94 0.960 0.0000e+00
ACC2 2048 8 6.50 0.9950 3.94 0.980 2.7586e-04
ACC2 2048 8 6.50 0.9950 3.94 1.000 2.1793e-02
ACC2 2048 8 6.50 0.9950 8.14 0.900 0.0000e+00
ACC2 2048 8 6.50 0.9950 8.14 0.930 0.0000e+00
ACC2 2048 8 6.50 0.9950 8.14 0.960 0.0000e+00
ACC2 2048 8 6.50 0.9950 8.14 0.980 0.0000e+00
ACC2 2048 8 6.50 0.9950 8.14 1.000 1.1981e-02
ACC2 2048 8 6.50 0.9950 16.12 0.900 0.0000e+00
ACC2 2048 8 6.50 0.9950 16.12 0.930 0.0000e+00
ACC2 2048 8 6.50 0.9950 16.12 0.960 0.0000e+00
ACC2 2048 8 6.50 0.9950 16.12 0.980 0.0000e+00
ACC2 2048 8 6.50 0.9950 16.12 1.000 4.5172e-03
ACC2 2048 8 6.50 0.9950 32.61 0.900 0.0000e+00
ACC2 2048 8 6.50 0.9950 32.61 0.930 0.0000e+00
ACC2 2048 8 6.50 0.9950 32.61 0.960 0.0000e+00
ACC2 2048 8 6.50 0.9950 32.61 0.980 0.0000e+00
ACC2 2048 8 6.50 0.9950 32.61 1.000 3.7016e-03
ACC2 2048 8 6.50 0.9950 64.60 0.900 0.0000e+00
ACC2 2048 8 6.50 0.9950 64.60 0.930 0.0000e+00
ACC2 2048 8 6.50 0.9950 64.60 0.960 0.0000e+00
ACC2 2048 8 6.50 0.9950 64.60 0.980 0.0000e+00
ACC2 2048 8 6.50 0.9950 64.60 1.000 1.7251e-03
ACC2 2048 8 6.50 0.9950 128.49 0.900 0.0000e+00
ACC2 2048 8 6.50 0.9950 128.49 0.930 0.0000e+00
ACC2 2048 8 6.50 0.9950 128.49 0.960 0.0000e+00
ACC2 2048 8 6.50 0.9950 128.49 0.980 5.8997e-04
ACC2 2048 8 6.50 0.9950 128.49 1.000 7.9646e-03
ACC2 4096 4 5.00 0.8000 2.03 0.900 2.2017e-04
ACC2 4096 4 5.00 0.8000 2.03 0.930 4.4033e-04
ACC2 4096 4 5.00 0.8000 2.03 0.960 4.4033e-04
ACC2 4096 4 5.00 0.8000 2.03 0.980 4.4033e-04
ACC2 4096 4 5.00 0.8000 2.03 1.000 4.4033e-04
ACC2 4096 4 5.00 0.8000 3.94 0.900 0.0000e+00
ACC2 4096 4 5.00 0.8000 3.94 0.930 0.0000e+00
ACC2 4096 4 5.00 0.8000 3.94 0.960 0.0000e+00
ACC2 4096 4 5.00 0.8000 3.94 0.980 2.3148e-04
ACC2 4096 4 5.00 0.8000 3.94 1.000 4.6296e-04
ACC2 4096 4 5.00 0.8000 8.14 0.900 0.0000e+00
ACC2 4096 4 5.00 0.8000 8.14 0.930 0.0000e+00
ACC2 4096 4 5.00 0.8000 8.14 0.960 0.0000e+00
ACC2 4096 4 5.00 0.8000 8.14 0.980 0.0000e+00
ACC2 4096 4 5.00 0.8000 8.14 1.000 7.2516e-04
ACC2 4096 4 5.00 0.8000 16.12 0.900 0.0000e+00
ACC2 4096 4 5.00 0.8000 16.12 0.930 0.0000e+00
ACC2 4096 4 5.00 0.8000 16.12 0.960 0.0000e+00
ACC2 4096 4 5.00 0.8000 16.12 0.980 2.5491e-04
ACC2 4096 4 5.00 0.8000 16.12 1.000 5.0981e-04
ACC2 4096 4 5.00 0.8000 32.61 0.900 0.0000e+00
ACC2 4096 4 5.00 0.8000 32.61 0.930 0.0000e+00
ACC2 4096 4 5.00 0.8000 32.61 0.960 0.0000e+00
ACC2 4096 4 5.00 0.8000 32.61 0.980 0.0000e+00
ACC2 4096 4 5.00 0.8000 32.61 1.000 5.3050e-04
ACC2 4096 4 5.00 0.8000 64.60 0.900 0.0000e+00
ACC2 4096 4 5.00 0.8000 64.60 0.930 0.0000e+00
ACC2 4096 4 5.00 0.8000 64.60 0.960 2.7196e-04
ACC2 4096 4 5.00 0.8000 64.60 0.980 2.7196e-04
ACC2 4096 4 5.00 0.8000 64.60 1.000 2.7196e-04
ACC2 4096 4 5.00 0.8000 128.59 0.900 0.0000e+00
ACC2 4096 4 5.00 0.8000 128.59 0.930 0.0000e+00
ACC2 4096 4 5.00 0.8000 128.59 0.960 0.0000e+00
ACC2 4096 4 5.00 0.8000 128.59 0.980 2.8337e-04
ACC2 4096 4 5.00 0.8000 128.59 1.000 2.8337e-04
ACC2 4096 4 5.00 0.9000 2.03 0.900 0.0000e+00
ACC2 4096 4 5.00 0.9000 2.03 0.930 0.0000e+00
ACC2 4096 4 5.00 0.9000 2.03 0.960 2.1993e-04
ACC2 4096 4 5.00 0.9000 2.03 0.980 8.7970e-04
ACC2 4096 4 5.00 0.9000 2.03 1.000 1.3196e-03
ACC2 4096 4 5.00 0.9000 3.94 0.900 0.0000e+00
ACC2 4096 4 5.00 0.9000 3.94 0.930 0.0000e+00
ACC2 4096 4 5.00 0.9000 3.94 0.960 0.0000e+00
ACC2 4096 4 5.00 0.9000 3.94 0.980 4.5382e-04
ACC2 4096 4 5.00 0.9000 3.94 1.000 4.5382e-04
ACC2 4096 4 5.00 0.9000 8.14 0.900 0.0000e+00
ACC2 4096 4 5.00 0.9000 8.14 0.930 2.3787e-04
ACC2 4096 4 5.00 0.9000 8.14 0.960 2.3787e-04
ACC2 4096 4 5.00 0.9000 8.14 0.980 2.3787e-04
ACC2 4096 4 5.00 0.9000 8.14 1.000 4.7574e-04
ACC2 4096 4 5.00 0.9000 16.12 0.900 0.0000e+00
ACC2 4096 4 5.00 0.9000 16.12 0.930 2.4649e-04
ACC2 4096 4 5.00 0.9000 16.12 0.960 4.9298e-04
ACC2 4096 4 5.00 0.9000 16.12 0.980 4.9298e-04
ACC2 4096 4 5.00 0.9000 16.12 1.000 4.9298e-04
ACC2 4096 4 5.00 0.9000 32.61 0.900 0.0000e+00
ACC2 4096 4 5.00 0.9000 32.61 0.930 2.5634e-04
ACC2 4096 4 5.00 0.9000 32.61 0.960 2.5634e-04
ACC2 4096 4 5.00 0.9000 32.61 0.980 2.5634e-04
ACC2 4096 4 5.00 0.9000 32.61 1.000 2.5634e-04
ACC2 4096 4 5.00 0.9000 64.60 0.900 0.0000e+00
ACC2 4096 4 5.00 0.9000 64.60 0.930 0.0000e+00
ACC2 4096 4 5.00 0.9000 64.60 0.960 0.0000e+00
ACC2 4096 4 5.00 0.9000 64.60 0.980 0.0000e+00
ACC2 4096 4 5.00 0.9000 64.60 1.000 0.0000e+00
ACC2 4096 4 5.00 0.9000 128.59 0.900 0.0000e+00
ACC2 4096 4 5.00 0.9000 128.59 0.930 0.0000e+00
ACC2 4096 4 5.00 0.9000 128.59 0.960 0.0000e+00
ACC2 4096 4 5.00 0.9000 128.59 0.980 0.0000e+00
ACC2 4096 4 5.00 0.9000 128.59 1.000 0.0000e+00
ACC2 4096 4 5.00 0.9500 2.03 0.900 0.0000e+00
ACC2 4096 4 5.00 0.9500 2.03 0.930 0.0000e+00
ACC2 4096 4 5.00 0.9500 2.03 0.960 2.2712e-04
ACC2 4096 4 5.00 0.9500 2.03 0.980 4.5424e-04
ACC2 4096 4 5.00 0.9500 2.03 1.000 2.4983e-03
ACC2 4096 4 5.00 0.9500 3.94 0.900 0.0000e+00
ACC2 4096 4 5.00 0.9500 3.94 0.930 0.0000e+00
ACC2 4096 4 5.00 0.9500 3.94 0.960 0.0000e+00
ACC2 4096 4 5.00 0.9500 3.94 0.980 6.9735e-04
ACC2 4096 4 5.00 0.9500 3.94 1.000 2.7894e-03
ACC2 4096 4 5.00 0.9500 8.14 0.900 0.0000e+00
ACC2 4096 4 5.00 0.9500 8.14 0.930 0.0000e+00
ACC2 4096 4 5.00 0.9500 8.14 0.960 0.0000e+00
ACC2 4096 4 5.00 0.9500 8.14 0.980 2.4137e-04
ACC2 4096 4 5.00 0.9500 8.14 1.000 1.4482e-03
ACC2 4096 4 5.00 0.9500 16.12 0.900 0.0000e+00
ACC2 4096 4 5.00 0.9500 16.12 0.930 0.0000e+00
ACC2 4096 4 5.00 0.9500 16.12 0.960 0.0000e+00
ACC2 4096 4 5.00 0.9500 16.12 0.980 0.0000e+00
ACC2 4096 4 5.00 0.9500 16.12 1.000 4.9665e-04
ACC2 4096 4 5.00 0.9500 32.61 0.900 0.0000e+00
ACC2 4096 4 5.00 0.9500 32.61 0.930 0.0000e+00
ACC2 4096 4 5.00 0.9500 32.61 0.960 0.0000e+00
ACC2 4096 4 5.00 0.9500 32.61 0.980 0.0000e+00
ACC2 4096 4 5.00 0.9500 32.61 1.000 5.1269e-04
ACC2 4096 4 5.00 0.9500 64.60 0.900 0.0000e+00
ACC2 4096 4 5.00 0.9500 64.60 0.930 0.0000e+00
ACC2 4096 4 5.00 0.9500 64.60 0.960 0.0000e+00
ACC2 4096 4 5.00 0.9500 64.60 0.980 0.0000e+00
ACC2 4096 4 5.00 0.9500 64.60 1.000 5.2618e-04
ACC2 4096 4 5.00 0.9500 128.59 0.900 0.0000e+00
ACC2 4096 4 5.00 0.9500 128.59 0.930 0.0000e+00
ACC2 4096 4 5.00 0.9500 128.59 0.960 0.0000e+00
ACC2 4096 4 5.00 0.9500 128.59 0.980 0.0000e+00
ACC2 4096 4 5.00 0.9500 128.59 1.000 2.6991e-04
ACC2 4096 4 5.00 0.9800 2.03 0.900 0.0000e+00
ACC2 4096 4 5.00 0.9800 2.03 0.930 0.0000e+00
ACC2 4096 4 5.00 0.9800 2.03 0.960 0.0000e+00
ACC2 4096 4 5.00 0.9800 2.03 0.980 7.1548e-04
ACC2 4096 4 5.00 0.9800 2.03 1.000 1.6456e-02
ACC2 4096 4 5.00 0.9800 3.94 0.900 0.0000e+00
ACC2 4096 4 5.00 0.9800 3.94 0.930 0.0000e+00
ACC2 4096 4 5.00 0.9800 3.94 0.960 0.0000e+00
ACC2 4096 4 5.00 0.9800 3.94 0.980 9.7490e-04
ACC2 4096 4 5.00 0.9800 3.94 1.000 9.9927e-03
ACC2 4096 4 5.00 0.9800 8.14 0.900 0.0000e+00
ACC2 4096 4 5.00 0.9800 8.14 0.930 0.0000e+00
ACC2 4096 4 5.00 0.9800 8.14 0.960 0.0000e+00
ACC2 4096 4 5.00 0.9800 8.14 0.980 9.9726e-04
ACC2 4096 4 5.00 0.9800 8.14 1.000 5.7342e-03
ACC2 4096 4 5.00 0.9800 16.12 0.900 0.0000e+00
ACC2 4096 4 5.00 0.9800 16.12 0.930 0.0000e+00
ACC2 4096 4 5.00 0.9800 16.12 0.960 2.5465e-04
ACC2 4096 4 5.00 0.9800 16.12 0.980 2.5465e-04
ACC2 4096 4 5.00 0.9800 16.12 1.000 2.5465e-03
ACC2 4096 4 5.00 0.9800 32.61 0.900 0.0000e+00
ACC2 4096 4 5.00 0.9800 32.61 0.930 0.0000e+00
ACC2 4096 4 5.00 0.9800 32.61 0.960 0.0000e+00
ACC2 4096 4 5.00 0.9800 32.61 0.980 2.6076e-04
ACC2 4096 4 5.00 0.9800 32.61 1.000 1.0430e-03
ACC2 4096 4 5.00 0.9800 64.60 0.900 0.0000e+00
ACC2 4096 4 5.00 0.9800 64.60 0.930 0.0000e+00
ACC2 4096 4 5.00 0.9800 64.60 0.960 0.0000e+00
ACC2 4096 4 5.00 0.9800 64.60 0.980 0.0000e+00
ACC2 4096 4 5.00 0.9800 64.60 1.000 2.6483e-04
ACC2 4096 4 5.00 0.9800 128.59 0.900 0.0000e+00
ACC2 4096 4 5.00 0.9800 128.59 0.930 0.0000e+00
ACC2 4096 4 5.00 0.9800 128.59 0.960 0.0000e+00
ACC2 4096 4 5.00 0.9800 128.59 0.980 0.0000e+00
ACC2 4096 4 5.00 0.9800 128.59 1.000 0.0000e+00
ACC2 4096 4 5.00 0.9950 2.03 0.900 0.0000e+00
ACC2 4096 4 5.00 0.9950 2.03 0.930 0.0000e+00
ACC2 4096 4 5.00 0.9950 2.03 0.960 0.0000e+00
ACC2 4096 4 5.00 0.9950 2.03 0.980 2.8285e-03
ACC2 4096 4 5.00 0.9950 2.03 1.000 4.5513e-02
ACC2 4096 4 5.00 0.9950 3.94 0.900 0.0000e+00
ACC2 4096 4 5.00 0.9950 3.94 0.930 0.0000e+00
ACC2 4096 4 5.00 0.9950 3.94 0.960 0.0000e+00
ACC2 4096 4 5.00 0.9950 3.94 0.980 3.1145e-03
ACC2 4096 4 5.00 0.9950 3.94 1.000 3.7893e-02
ACC2 4096 4 5.00 0.9950 8.14 0.900 0.0000e+00
ACC2 4096 4 5.00 0.9950 8.14 0.930 0.0000e+00
ACC2 4096 4 5.00 0.9950 8.14 0.960 0.0000e+00
ACC2 4096 4 5.00 0.9950 8.14 0.980 5.2645e-04
ACC2 4096 4 5.00 0.9950 8.14 1.000 3.2114e-02
ACC2 4096 4 5.00 0.9950 16.12 0.900 0.0000e+00
ACC2 4096 4 5.00 0.9950 16.12 0.930 0.0000e+00
ACC2 4096 4 5.00 0.9950 16.12 0.960 0.0000e+00
ACC2 4096 4 5.00 0.9950 16.12 0.980 2.6745e-04
ACC2 4096 4 5.00 0.9950 16.12 1.000 1.3640e-02
ACC2 4096 4 5.00 0.9950 32.61 0.900 0.0000e+00
ACC2 4096 4 5.00 0.9950 32.61 0.930 0.0000e+00
ACC2 4096 4 5.00 0.9950 32.61 0.960 0.0000e+00
ACC2 4096 4 5.00 0.9950 32.61 0.980 2.6867e-04
ACC2 4096 4 5.00 0.9950 32.61 1.000 8.8662e-03
ACC2 4096 4 5.00 0.9950 64.60 0.900 0.0000e+00
ACC2 4096 4 5.00 0.9950 64.60 0.930 0.0000e+00
ACC2 4096 4 5.00 0.9950 64.60 0.960 0.0000e+00
ACC2 4096 4 5.00 0.9950 64.60 0.980 0.0000e+00
ACC2 4096 4 5.00 0.9950 64.60 1.000 1.0805e-03
ACC2 4096 4 5.00 0.9950 128.59 0.900 0.0000e+00
ACC2 4096 4 5.00 0.9950 128.59 0.930 0.0000e+00
ACC2 4096 4 5.00 0.9950 128.59 0.960 0.0000e+00
ACC2 4096 4 5.00 0.9950 128.59 0.980 0.0000e+00
ACC2 4096 4 5.00 0.9950 128.59 1.000 0.0000e+00
ACC2 4096 4 5.50 0.8000 2.03 0.900 0.0000e+00
ACC2 4096 4 5.50 0.8000 2.03 0.930 2.3474e-04
ACC2 4096 4 5.50 0.8000 2.03 0.960 2.3474e-04
ACC2 4096 4 5.50 0.8000 2.03 0.980 2.3474e-04
ACC2 4096 4 5.50 0.8000 2.03 1.000 2.3474e-04
ACC2 4096 4 5.50 0.8000 3.94 0.900 0.0000e+00
ACC2 4096 4 5.50 0.8000 3.94 0.930 0.0000e+00
ACC2 4096 4 5.50 0.8000 3.94 0.960 0.0000e+00
ACC2 4096 4 5.50 0.8000 3.94 0.980 2.4624e-04
ACC2 4096 4 5.50 0.8000 3.94 1.000 7.3873e-04
ACC2 4096 4 5.50 0.8000 8.14 0.900 0.0000e+00
ACC2 4096 4 5.50 0.8000 8.14 0.930 0.0000e+00
ACC2 4096 4 5.50 0.8000 8.14 0.960 0.0000e+00
ACC2 4096 4 5.50 0.8000 8.14 0.980 0.0000e+00
ACC2 4096 4 5.50 0.8000 8.14 1.000 7.7240e-04
ACC2 4096 4 5.50 0.8000 16.12 0.900 0.0000e+00
ACC2 4096 4 5.50 0.8000 16.12 0.930 0.0000e+00
ACC2 4096 4 5.50 0.8000 16.12 0.960 2.6954e-04
ACC2 4096 4 5.50 0.8000 16.12 0.980 2.6954e-04
ACC2 4096 4 5.50 0.8000 16.12 1.000 5.3908e-04
ACC2 4096 4 5.50 0.8000 32.61 0.900 0.0000e+00
ACC2 4096 4 5.50 0.8000 32.61 0.930 0.0000e+00
ACC2 4096 4 5.50 0.8000 32.61 0.960 0.0000e+00
ACC2 4096 4 5.50 0.8000 32.61 0.980 0.0000e+00
ACC2 4096 4 5.50 0.8000 32.61 1.000 8.3635e-04
ACC2 4096 4 5.50 0.8000 64.60 0.900 0.0000e+00
ACC2 4096 4 5.50 0.8000 64.60 0.930 0.0000e+00
ACC2 4096 4 5.50 0.8000 64.60 0.960 5.7127e-04
ACC2 4096 4 5.50 0.8000 64.60 0.980 5.7127e-04
ACC2 4096 4 5.50 0.8000 64.60 1.000 8.5690e-04
ACC2 4096 4 5.50 0.8000 128.59 0.900 0.0000e+00
ACC2 4096 4 5.50 0.8000 128.59 0.930 0.0000e+00
ACC2 4096 4 5.50 0.8000 128.59 0.960 2.9464e-04
ACC2 4096 4 5.50 0.8000 128.59 0.980 2.9464e-04
ACC2 4096 4 5.50 0.8000 128.59 1.000 2.9464e-04
ACC2 4096 4 5.50 0.9000 2.03 0.900 0.0000e+00
ACC2 4096 4 5.50 0.9000 2.03 0.930 0.0000e+00
ACC2 4096 4 5.50 0.9000 2.03 0.960 0.0000e+00
ACC2 4096 4 5.50 0.9000 2.03 0.980 2.2899e-04
ACC2 4096 4 5.50 0.9000 2.03 1.000 4.5798e-04
ACC2 4096 4 5.50 0.9000 3.94 0.900 0.0000e+00
ACC2 4096 4 5.50 0.9000 3.94 0.930 0.0000e+00
ACC2 4096 4 5.50 0.9000 3.94 0.960 0.0000e+00
ACC2 4096 4 5.50 0.9000 3.94 0.980 4.7450e-04
ACC2 4096 4 5.50 0.9000 3.94 1.000 4.7450e-04
ACC2 4096 4 5.50 0.9000 8.14 0.900 0.0000e+00
ACC2 4096 4 5.50 0.9000 8.14 0.930 2.4857e-04
ACC2 4096 4 5.50 0.9000 8.14 0.960 2.4857e-04
ACC2 4096 4 5.50 0.9000 8.14 0.980 2.4857e-04
ACC2 4096 4 5.50 0.9000 8.14 1.000 4.9714e-04
ACC2 4096 4 5.50 0.9000 16.12 0.900 0.0000e+00
ACC2 4096 4 5.50 0.9000 16.12 0.930 0.0000e+00
ACC2 4096 4 5.50 0.9000 16.12 0.960 5.1560e-04
ACC2 4096 4 5.50 0.9000 16.12 0.980 5.1560e-04
ACC2 4096 4 5.50 0.9000 16.12 1.000 5.1560e-04
ACC2 4096 4 5.50 0.9000 32.61 0.900 0.0000e+00
ACC2 4096 4 5.50 0.9000 32.61 0.930 2.6702e-04
ACC2 4096 4 5.50 0.9000 32.61 0.960 2.6702e-04
ACC2 4096 4 5.50 0.9000 32.61 0.980 2.6702e-04
ACC2 4096 4 5.50 0.9000 32.61 1.000 2.6702e-04
ACC2 4096 4 5.50 0.9000 64.60 0.900 0.0000e+00
ACC2 4096 4 5.50 0.9000 64.60 0.930 0.0000e+00
ACC2 4096 4 5.50 0.9000 64.60 0.960 0.0000e+00
ACC2 4096 4 5.50 0.9000 64.60 0.980 0.0000e+00
ACC2 4096 4 5.50 0.9000 64.60 1.000 0.0000e+00
ACC2 4096 4 5.50 0.9000 128.59 0.900 0.0000e+00
ACC2 4096 4 5.50 0.9000 128.59 0.930 0.0000e+00
ACC2 4096 4 5.50 0.9000 128.59 0.960 0.0000e+00
ACC2 4096 4 5.50 0.9000 128.59 0.980 2.8474e-04
ACC2 4096 4 5.50 0.9000 128.59 1.000 5.6948e-04
ACC2 4096 4 5.50 0.9500 2.03 0.900 0.0000e+00
ACC2 4096 4 5.50 0.9500 2.03 0.930 0.0000e+00
ACC2 4096 4 5.50 0.9500 2.03 0.960 0.0000e+00
ACC2 4096 4 5.50 0.9500 2.03 0.980 2.3310e-04
ACC2 4096 4 5.50 0.9500 2.03 1.000 2.5641e-03
ACC2 4096 4 5.50 0.9500 3.94 0.900 0.0000e+00
ACC2 4096 4 5.50 0.9500 3.94 0.930 0.0000e+00
ACC2 4096 4 5.50 0.9500 3.94 0.960 0.0000e+00
ACC2 4096 4 5.50 0.9500 3.94 0.980 0.0000e+00
ACC2 4096 4 5.50 0.9500 3.94 1.000 1.4364e-03
ACC2 4096 4 5.50 0.9500 8.14 0.900 0.0000e+00
ACC2 4096 4 5.50 0.9500 8.14 0.930 0.0000e+00
ACC2 4096 4 5.50 0.9500 8.14 0.960 2.4863e-04
ACC2 4096 4 5.50 0.9500 8.14 0.980 2.4863e-04
ACC2 4096 4 5.50 0.9500 8.14 1.000 1.2432e-03
ACC2 4096 4 5.50 0.9500 16.12 0.900 0.0000e+00
ACC2 4096 4 5.50 0.9500 16.12 0.930 0.0000e+00
ACC2 4096 4 5.50 0.9500 16.12 0.960 0.0000e+00
ACC2 4096 4 5.50 0.9500 16.12 0.980 0.0000e+00
ACC2 4096 4 5.50 0.9500 16.12 1.000 5.1269e-04
ACC2 4096 4 5.50 0.9500 32.61 0.900 0.0000e+00
ACC2 4096 4 5.50 0.9500 32.61 0.930 0.0000e+00
ACC2 4096 4 5.50 0.9500 32.61 0.960 0.0000e+00
ACC2 4096 4 5.50 0.9500 32.61 0.980 0.0000e+00
ACC2 4096 4 5.50 0.9500 32.61 1.000 7.9365e-04
ACC2 4096 4 5.50 0.9500 64.60 0.900 0.0000e+00
ACC2 4096 4 5.50 0.9500 64.60 0.930 0.0000e+00
ACC2 4096 4 5.50 0.9500 64.60 0.960 0.0000e+00
ACC2 4096 4 5.50 0.9500 64.60 0.980 0.0000e+00
ACC2 4096 4 5.50 0.9500 64.60 1.000 5.4481e-04
ACC2 4096 4 5.50 0.9500 128.59 0.900 0.0000e+00
ACC2 4096 4 5.50 0.9500 128.59 0.930 0.0000e+00
ACC2 4096 4 5.50 0.9500 128.59 0.960 0.0000e+00
ACC2 4096 4 5.50 0.9500 128.59 0.980 0.0000e+00
ACC2 4096 4 5.50 0.9500 128.59 1.000 2.8003e-04
ACC2 4096 4 5.50 0.9800 2.03 0.900 0.0000e+00
ACC2 4096 4 5.50 0.9800 2.03 0.930 0.0000e+00
ACC2 4096 4 5.50 0.9800 2.03 0.960 0.0000e+00
ACC2 4096 4 5.50 0.9800 2.03 0.980 7.3332e-04
ACC2 4096 4 5.50 0.9800 2.03 1.000 1.3689e-02
ACC2 4096 4 5.50 0.9800 3.94 0.900 0.0000e+00
ACC2 4096 4 5.50 0.9800 3.94 0.930 0.0000e+00
ACC2 4096 4 5.50 0.9800 3.94 0.960 0.0000e+00
ACC2 4096 4 5.50 0.9800 3.94 0.980 4.9801e-04
ACC2 4096 4 5.50 0.9800 3.94 1.000 7.7191e-03
ACC2 4096 4 5.50 0.9800 8.14 0.900 0.0000e+00
ACC2 4096 4 5.50 0.9800 8.14 0.930 0.0000e+00
ACC2 4096 4 5.50 0.9800 8.14 0.960 0.0000e+00
ACC2 4096 4 5.50 0.9800 8.14 0.980 7.6472e-04
ACC2 4096 4 5.50 0.9800 8.14 1.000 6.6276e-03
ACC2 4096 4 5.50 0.9800 16.12 0.900 0.0000e+00
ACC2 4096 4 5.50 0.9800 16.12 0.930 0.0000e+00
ACC2 4096 4 5.50 0.9800 16.12 0.960 0.0000e+00
ACC2 4096 4 5.50 0.9800 16.12 0.980 0.0000e+00
ACC2 4096 4 5.50 0.9800 16.12 1.000 1.8272e-03
ACC2 4096 4 5.50 0.9800 32.61 0.900 0.0000e+00
ACC2 4096 4 5.50 0.9800 32.61 0.930 0.0000e+00
ACC2 4096 4 5.50 0.9800 32.61 0.960 0.0000e+00
ACC2 4096 4 5.50 0.9800 32.61 0.980 2.6681e-04
ACC2 4096 4 5.50 0.9800 32.61 1.000 8.0043e-04
ACC2 4096 4 5.50 0.9800 64.60 0.900 0.0000e+00
ACC2 4096 4 5.50 0.9800 64.60 0.930 0.0000e+00
ACC2 4096 4 5.50 0.9800 64.60 0.960 0.0000e+00
ACC2 4096 4 5.50 0.9800 64.60 0.980 0.0000e+00
ACC2 4096 4 5.50 0.9800 64.60 1.000 8.1677e-04
ACC2 4096 4 5.50 0.9800 128.59 0.900 0.0000e+00
ACC2 4096 4 5.50 0.9800 128.59 0.930 0.0000e+00
ACC2 4096 4 5.50 0.9800 128.59 0.960 0.0000e+00
ACC2 4096 4 5.50 0.9800 128.59 0.980 0.0000e+00
ACC2 4096 4 5.50 0.9800 128.59 1.000 0.0000e+00
ACC2 4096 4 5.50 0.9950 2.03 0.900 0.0000e+00
ACC2 4096 4 5.50 0.9950 2.03 0.930 0.0000e+00
ACC2 4096 4 5.50 0.9950 2.03 0.960 0.0000e+00
ACC2 4096 4 5.50 0.9950 2.03 0.980 1.0458e-03
ACC2 4096 4 5.50 0.9950 2.03 1.000 4.3922e-02
ACC2 4096 4 5.50 0.9950 3.94 0.900 0.0000e+00
ACC2 4096 4 5.50 0.9950 3.94 0.930 0.0000e+00
ACC2 4096 4 5.50 0.9950 3.94 0.960 0.0000e+00
ACC2 4096 4 5.50 0.9950 3.94 0.980 1.3207e-03
ACC2 4096 4 5.50 0.9950 3.94 1.000 3.3809e-02
ACC2 4096 4 5.50 0.9950 8.14 0.900 0.0000e+00
ACC2 4096 4 5.50 0.9950 8.14 0.930 0.0000e+00
ACC2 4096 4 5.50 0.9950 8.14 0.960 0.0000e+00
ACC2 4096 4 5.50 0.9950 8.14 0.980 0.0000e+00
ACC2 4096 4 5.50 0.9950 8.14 1.000 2.7353e-02
ACC2 4096 4 5.50 0.9950 16.12 0.900 0.0000e+00
ACC2 4096 4 5.50 0.9950 16.12 0.930 0.0000e+00
ACC2 4096 4 5.50 0.9950 16.12 0.960 0.0000e+00
ACC2 4096 4 5.50 0.9950 16.12 0.980 0.0000e+00
ACC2 4096 4 5.50 0.9950 16.12 1.000 1.1422e-02
ACC2 4096 4 5.50 0.9950 32.61 0.900 0.0000e+00
ACC2 4096 4 5.50 0.9950 32.61 0.930 0.0000e+00
ACC2 4096 4 5.50 0.9950 32.61 0.960 0.0000e+00
ACC2 4096 4 5.50 0.9950 32.61 0.980 0.0000e+00
ACC2 4096 4 5.50 0.9950 32.61 1.000 8.2034e-03
ACC2 4096 4 5.50 0.9950 64.60 0.900 0.0000e+00
ACC2 4096 4 5.50 0.9950 64.60 0.930 0.0000e+00
ACC2 4096 4 5.50 0.9950 64.60 0.960 0.0000e+00
ACC2 4096 4 5.50 0.9950 64.60 0.980 0.0000e+00
ACC2 4096 4 5.50 0.9950 64.60 1.000 1.3759e-03
ACC2 4096 4 5.50 0.9950 128.59 0.900 0.0000e+00
ACC2 4096 4 5.50 0.9950 128.59 0.930 0.0000e+00
ACC2 4096 4 5.50 0.9950 128.59 0.960 0.0000e+00
ACC2 4096 4 5.50 0.9950 128.59 0.980 0.0000e+00
ACC2 4096 4 5.50 0.9950 128.59 1.000 0.0000e+00
ACC2 4096 4 6.00 0.8000 2.03 0.900 0.0000e+00
ACC2 4096 4 6.00 0.8000 2.03 0.930 2.4900e-04
ACC2 4096 4 6.00 0.8000 2.03 0.960 2.4900e-04
ACC2 4096 4 6.00 0.8000 2.03 0.980 2.4900e-04
ACC2 4096 4 6.00 0.8000 2.03 1.000 2.4900e-04
ACC2 4096 4 6.00 0.8000 3.94 0.900 0.0000e+00
ACC2 4096 4 6.00 0.8000 3.94 0.930 0.0000e+00
ACC2 4096 4 6.00 0.8000 3.94 0.960 0.0000e+00
ACC2 4096 4 6.00 0.8000 3.94 0.980 2.6021e-04
ACC2 4096 4 6.00 0.8000 3.94 1.000 7.8064e-04
ACC2 4096 4 6.00 0.8000 8.14 0.900 0.0000e+00
ACC2 4096 4 6.00 0.8000 8.14 0.930 0.0000e+00
ACC2 4096 4 6.00 0.8000 8.14 0.960 0.0000e+00
ACC2 4096 4 6.00 0.8000 8.14 0.980 0.0000e+00
ACC2 4096 4 6.00 0.8000 8.14 1.000 8.1257e-04
ACC2 4096 4 6.00 0.8000 16.12 0.900 0.0000e+00
ACC2 4096 4 6.00 0.8000 16.12 0.930 0.0000e+00
ACC2 4096 4 6.00 0.8000 16.12 0.960 0.0000e+00
ACC2 4096 4 6.00 0.8000 16.12 0.980 2.8106e-04
ACC2 4096 4 6.00 0.8000 16.12 1.000 5.6211e-04
ACC2 4096 4 6.00 0.8000 32.61 0.900 0.0000e+00
ACC2 4096 4 6.00 0.8000 32.61 0.930 0.0000e+00
ACC2 4096 4 6.00 0.8000 32.61 0.960 0.0000e+00
ACC2 4096 4 6.00 0.8000 32.61 0.980 0.0000e+00
ACC2 4096 4 6.00 0.8000 32.61 1.000 8.6655e-04
ACC2 4096 4 6.00 0.8000 64.60 0.900 0.0000e+00
ACC2 4096 4 6.00 0.8000 64.60 0.930 0.0000e+00
ACC2 4096 4 6.00 0.8000 64.60 0.960 5.9084e-04
ACC2 4096 4 6.00 0.8000 64.60 0.980 5.9084e-04
ACC2 4096 4 6.00 0.8000 64.60 1.000 1.1817e-03
ACC2 4096 4 6.00 0.8000 128.59 0.900 0.0000e+00
ACC2 4096 4 6.00 0.8000 128.59 0.930 0.0000e+00
ACC2 4096 4 6.00 0.8000 128.59 0.960 3.0239e-04
ACC2 4096 4 6.00 0.8000 128.59 0.980 3.0239e-04
ACC2 4096 4 6.00 0.8000 128.59 1.000 3.0239e-04
ACC2 4096 4 6.00 0.9000 2.03 0.900 0.0000e+00
ACC2 4096 4 6.00 0.9000 2.03 0.930 0.0000e+00
ACC2 4096 4 6.00 0.9000 2.03 0.960 0.0000e+00
ACC2 4096 4 6.00 0.9000 2.03 0.980 2.3793e-04
ACC2 4096 4 6.00 0.9000 2.03 1.000 4.7585e-04
ACC2 4096 4 6.00 0.9000 3.94 0.900 0.0000e+00
ACC2 4096 4 6.00 0.9000 3.94 0.930 0.0000e+00
ACC2 4096 4 6.00 0.9000 3.94 0.960 2.4655e-04
ACC2 4096 4 6.00 0.9000 3.94 0.980 2.4655e-04
ACC2 4096 4 6.00 0.9000 3.94 1.000 2.4655e-04
ACC2 4096 4 6.00 0.9000 8.14 0.900 0.0000e+00
ACC2 4096 4 6.00 0.9000 8.14 0.930 2.5589e-04
ACC2 4096 4 6.00 0.9000 8.14 0.960 2.5589e-04
ACC2 4096 4 6.00 0.9000 8.14 0.980 2.5589e-04
ACC2 4096 4 6.00 0.9000 8.14 1.000 7.6766e-04
ACC2 4096 4 6.00 0.9000 16.12 0.900 0.0000e+00
ACC2 4096 4 6.00 0.9000 16.12 0.930 0.0000e+00
ACC2 4096 4 6.00 0.9000 16.12 0.960 2.6546e-04
ACC2 4096 4 6.00 0.9000 16.12 0.980 5.3093e-04
ACC2 4096 4 6.00 0.9000 16.12 1.000 5.3093e-04
ACC2 4096 4 6.00 0.9000 32.61 0.900 0.0000e+00
ACC2 4096 4 6.00 0.9000 32.61 0.930 2.7617e-04
ACC2 4096 4 6.00 0.9000 32.61 0.960 2.7617e-04
ACC2 4096 4 6.00 0.9000 32.61 0.980 2.7617e-04
ACC2 4096 4 6.00 0.9000 32.61 1.000 2.7617e-04
ACC2 4096 4 6.00 0.9000 64.60 0.900 0.0000e+00
ACC2 4096 4 6.00 0.9000 64.60 0.930 0.0000e+00
ACC2 4096 4 6.00 0.9000 64.60 0.960 0.0000e+00
ACC2 4096 4 6.00 0.9000 64.60 0.980 0.0000e+00
ACC2 4096 4 6.00 0.9000 64.60 1.000 0.0000e+00
ACC2 4096 4 6.00 0.9000 128.59 0.900 0.0000e+00
ACC2 4096 4 6.00 0.9000 128.59 0.930 0.0000e+00
ACC2 4096 4 6.00 0.9000 128.59 0.960 0.0000e+00
ACC2 4096 4 6.00 0.9000 128.59 0.980 0.0000e+00
ACC2 4096 4 6.00 0.9000 128.59 1.000 1.1662e-03
ACC2 4096 4 6.00 0.9500 2.03 0.900 0.0000e+00
ACC2 4096 4 6.00 0.9500 2.03 0.930 0.0000e+00
ACC2 4096 4 6.00 0.9500 2.03 0.960 0.0000e+00
ACC2 4096 4 6.00 0.9500 2.03 0.980 0.0000e+00
ACC2 4096 4 6.00 0.9500 2.03 1.000 1.4358e-03
ACC2 4096 4 6.00 0.9500 3.94 0.900 0.0000e+00
ACC2 4096 4 6.00 0.9500 3.94 0.930 0.0000e+00
ACC2 4096 4 6.00 0.9500 3.94 0.960 0.0000e+00
ACC2 4096 4 6.00 0.9500 3.94 0.980 0.0000e+00
ACC2 4096 4 6.00 0.9500 3.94 1.000 1.2318e-03
ACC2 4096 4 6.00 0.9500 8.14 0.900 0.0000e+00
ACC2 4096 4 6.00 0.9500 8.14 0.930 0.0000e+00
ACC2 4096 4 6.00 0.9500 8.14 0.960 0.0000e+00
ACC2 4096 4 6.00 0.9500 8.14 0.980 0.0000e+00
ACC2 4096 4 6.00 0.9500 8.14 1.000 1.2700e-03
ACC2 4096 4 6.00 0.9500 16.12 0.900 0.0000e+00
ACC2 4096 4 6.00 0.9500 16.12 0.930 0.0000e+00
ACC2 4096 4 6.00 0.9500 16.12 0.960 0.0000e+00
ACC2 4096 4 6.00 0.9500 16.12 0.980 0.0000e+00
ACC2 4096 4 6.00 0.9500 16.12 1.000 5.2549e-04
ACC2 4096 4 6.00 0.9500 32.61 0.900 0.0000e+00
ACC2 4096 4 6.00 0.9500 32.61 0.930 0.0000e+00
ACC2 4096 4 6.00 0.9500 32.61 0.960 0.0000e+00
ACC2 4096 4 6.00 0.9500 32.61 0.980 0.0000e+00
ACC2 4096 4 6.00 0.9500 32.61 1.000 5.4259e-04
ACC2 4096 4 6.00 0.9500 64.60 0.900 0.0000e+00
ACC2 4096 4 6.00 0.9500 64.60 0.930 0.0000e+00
ACC2 4096 4 6.00 0.9500 64.60 0.960 0.0000e+00
ACC2 4096 4 6.00 0.9500 64.60 0.980 0.0000e+00
ACC2 4096 4 6.00 0.9500 64.60 1.000 5.5835e-04
ACC2 4096 4 6.00 0.9500 128.59 0.900 0.0000e+00
ACC2 4096 4 6.00 0.9500 128.59 0.930 0.0000e+00
ACC2 4096 4 6.00 0.9500 128.59 0.960 0.0000e+00
ACC2 4096 4 6.00 0.9500 128.59 0.980 0.0000e+00
ACC2 4096 4 6.00 0.9500 128.59 1.000 5.7471e-04
ACC2 4096 4 6.00 0.9800 2.03 0.900 0.0000e+00
ACC2 4096 4 6.00 0.9800 2.03 0.930 0.0000e+00
ACC2 4096 4 6.00 0.9800 2.03 0.960 0.0000e+00
ACC2 4096 4 6.00 0.9800 2.03 0.980 2.4963e-04
ACC2 4096 4 6.00 0.9800 2.03 1.000 1.1982e-02
ACC2 4096 4 6.00 0.9800 3.94 0.900 0.0000e+00
ACC2 4096 4 6.00 0.9800 3.94 0.930 0.0000e+00
ACC2 4096 4 6.00 0.9800 3.94 0.960 0.0000e+00
ACC2 4096 4 6.00 0.9800 3.94 0.980 2.5355e-04
ACC2 4096 4 6.00 0.9800 3.94 1.000 5.0710e-03
ACC2 4096 4 6.00 0.9800 8.14 0.900 0.0000e+00
ACC2 4096 4 6.00 0.9800 8.14 0.930 0.0000e+00
ACC2 4096 4 6.00 0.9800 8.14 0.960 0.0000e+00
ACC2 4096 4 6.00 0.9800 8.14 0.980 2.5887e-04
ACC2 4096 4 6.00 0.9800 8.14 1.000 3.6241e-03
ACC2 4096 4 6.00 0.9800 16.12 0.900 0.0000e+00
ACC2 4096 4 6.00 0.9800 16.12 0.930 0.0000e+00
ACC2 4096 4 6.00 0.9800 16.12 0.960 0.0000e+00
ACC2 4096 4 6.00 0.9800 16.12 0.980 0.0000e+00
ACC2 4096 4 6.00 0.9800 16.12 1.000 8.0021e-04
ACC2 4096 4 6.00 0.9800 32.61 0.900 0.0000e+00
ACC2 4096 4 6.00 0.9800 32.61 0.930 0.0000e+00
ACC2 4096 4 6.00 0.9800 32.61 0.960 0.0000e+00
ACC2 4096 4 6.00 0.9800 32.61 0.980 2.7122e-04
ACC2 4096 4 6.00 0.9800 32.61 1.000 8.1367e-04
ACC2 4096 4 6.00 0.9800 64.60 0.900 0.0000e+00
ACC2 4096 4 6.00 0.9800 64.60 0.930 0.0000e+00
ACC2 4096 4 6.00 0.9800 64.60 0.960 0.0000e+00
ACC2 4096 4 6.00 0.9800 64.60 0.980 0.0000e+00
ACC2 4096 4 6.00 0.9800 64.60 1.000 0.0000e+00
ACC2 4096 4 6.00 0.9800 128.59 0.900 0.0000e+00
ACC2 4096 4 6.00 0.9800 128.59 0.930 0.0000e+00
ACC2 4096 4 6.00 0.9800 128.59 0.960 0.0000e+00
ACC2 4096 4 6.00 0.9800 128.59 0.980 0.0000e+00
ACC2 4096 4 6.00 0.9800 128.59 1.000 0.0000e+00
ACC2 4096 4 6.00 0.9950 2.03 0.900 0.0000e+00
ACC2 4096 4 6.00 0.9950 2.03 0.930 0.0000e+00
ACC2 4096 4 6.00 0.9950 2.03 0.960 0.0000e+00
ACC2 4096 4 6.00 0.9950 2.03 0.980 0.0000e+00
ACC2 4096 4 6.00 0.9950 2.03 1.000 3.5525e-02
ACC2 4096 4 6.00 0.9950 3.94 0.900 0.0000e+00
ACC2 4096 4 6.00 0.9950 3.94 0.930 0.0000e+00
ACC2 4096 4 6.00 0.9950 3.94 0.960 0.0000e+00
ACC2 4096 4 6.00 0.9950 3.94 0.980 0.0000e+00
ACC2 4096 4 6.00 0.9950 3.94 1.000 2.8709e-02
ACC2 4096 4 6.00 0.9950 8.14 0.900 0.0000e+00
ACC2 4096 4 6.00 0.9950 8.14 0.930 0.0000e+00
ACC2 4096 4 6.00 0.9950 8.14 0.960 0.0000e+00
ACC2 4096 4 6.00 0.9950 8.14 0.980 0.0000e+00
ACC2 4096 4 6.00 0.9950 8.14 1.000 1.9587e-02
ACC2 4096 4 6.00 0.9950 16.12 0.900 0.0000e+00
ACC2 4096 4 6.00 0.9950 16.12 0.930 0.0000e+00
ACC2 4096 4 6.00 0.9950 16.12 0.960 0.0000e+00
ACC2 4096 4 6.00 0.9950 16.12 0.980 0.0000e+00
ACC2 4096 4 6.00 0.9950 16.12 1.000 7.9846e-03
ACC2 4096 4 6.00 0.9950 32.61 0.900 0.0000e+00
ACC2 4096 4 6.00 0.9950 32.61 0.930 0.0000e+00
ACC2 4096 4 6.00 0.9950 32.61 0.960 0.0000e+00
ACC2 4096 4 6.00 0.9950 32.61 0.980 0.0000e+00
ACC2 4096 4 6.00 0.9950 32.61 1.000 5.0042e-03
ACC2 4096 4 6.00 0.9950 64.60 0.900 0.0000e+00
ACC2 4096 4 6.00 0.9950 64.60 0.930 0.0000e+00
ACC2 4096 4 6.00 0.9950 64.60 0.960 0.0000e+00
ACC2 4096 4 6.00 0.9950 64.60 0.980 0.0000e+00
ACC2 4096 4 6.00 0.9950 64.60 1.000 1.3982e-03
ACC2 4096 4 6.00 0.9950 128.59 0.900 0.0000e+00
ACC2 4096 4 6.00 0.9950 128.59 0.930 0.0000e+00
ACC2 4096 4 6.00 0.9950 128.59 0.960 0.0000e+00
ACC2 4096 4 6.00 0.9950 128.59 0.980 0.0000e+00
ACC2 4096 4 6.00 0.9950 128.59 1.000 0.0000e+00
ACC2 4096 4 6.50 0.8000 2.03 0.900 0.0000e+00
ACC2 4096 4 6.50 0.8000 2.03 0.930 2.6295e-04
ACC2 4096 4 6.50 0.8000 2.03 0.960 2.6295e-04
ACC2 4096 4 6.50 0.8000 2.03 0.980 2.6295e-04
ACC2 4096 4 6.50 0.8000 2.03 1.000 2.6295e-04
ACC2 4096 4 6.50 0.8000 3.94 0.900 0.0000e+00
ACC2 4096 4 6.50 0.8000 3.94 0.930 0.0000e+00
ACC2 4096 4 6.50 0.8000 3.94 0.960 0.0000e+00
ACC2 4096 4 6.50 0.8000 3.94 0.980 2.7203e-04
ACC2 4096 4 6.50 0.8000 3.94 1.000 8.1610e-04
ACC2 4096 4 6.50 0.8000 8.14 0.900 0.0000e+00
ACC2 4096 4 6.50 0.8000 8.14 0.930 0.0000e+00
ACC2 4096 4 6.50 0.8000 8.14 0.960 0.0000e+00
ACC2 4096 4 6.50 0.8000 8.14 0.980 0.0000e+00
ACC2 4096 4 6.50 0.8000 8.14 1.000 8.4914e-04
ACC2 4096 4 6.50 0.8000 16.12 0.900 0.0000e+00
ACC2 4096 4 6.50 0.8000 16.12 0.930 0.0000e+00
ACC2 4096 4 6.50 0.8000 16.12 0.960 0.0000e+00
ACC2 4096 4 6.50 0.8000 16.12 0.980 2.9121e-04
ACC2 4096 4 6.50 0.8000 16.12 1.000 5.8241e-04
ACC2 4096 4 6.50 0.8000 32.61 0.900 0.0000e+00
ACC2 4096 4 6.50 0.8000 32.61 0.930 0.0000e+00
ACC2 4096 4 6.50 0.8000 32.61 0.960 0.0000e+00
ACC2 4096 4 6.50 0.8000 32.61 0.980 0.0000e+00
ACC2 4096 4 6.50 0.8000 32.61 1.000 8.9127e-04
ACC2 4096 4 6.50 0.8000 64.60 0.900 0.0000e+00
ACC2 4096 4 6.50 0.8000 64.60 0.930 0.0000e+00
ACC2 4096 4 6.50 0.8000 64.60 0.960 6.0332e-04
ACC2 4096 4 6.50 0.8000 64.60 0.980 6.0332e-04
ACC2 4096 4 6.50 0.8000 64.60 1.000 1.2066e-03
ACC2 4096 4 6.50 0.8000 128.59 0.900 0.0000e+00
ACC2 4096 4 6.50 0.8000 128.59 0.930 0.0000e+00
ACC2 4096 4 6.50 0.8000 128.59 0.960 3.0902e-04
ACC2 4096 4 6.50 0.8000 128.59 0.980 3.0902e-04
ACC2 4096 4 6.50 0.8000 128.59 1.000 3.0902e-04
ACC2 4096 4 6.50 0.9000 2.03 0.900 0.0000e+00
ACC2 4096 4 6.50 0.9000 2.03 0.930 0.0000e+00
ACC2 4096 4 6.50 0.9000 2.03 0.960 0.0000e+00
ACC2 4096 4 6.50 0.9000 2.03 0.980 2.4588e-04
ACC2 4096 4 6.50 0.9000 2.03 1.000 4.9176e-04
ACC2 4096 4 6.50 0.9000 3.94 0.900 0.0000e+00
ACC2 4096 4 6.50 0.9000 3.94 0.930 0.0000e+00
ACC2 4096 4 6.50 0.9000 3.94 0.960 2.5497e-04
ACC2 4096 4 6.50 0.9000 3.94 0.980 2.5497e-04
ACC2 4096 4 6.50 0.9000 3.94 1.000 2.5497e-04
ACC2 4096 4 6.50 0.9000 8.14 0.900 0.0000e+00
ACC2 4096 4 6.50 0.9000 8.14 0.930 0.0000e+00
ACC2 4096 4 6.50 0.9000 8.14 0.960 2.6448e-04
ACC2 4096 4 6.50 0.9000 8.14 0.980 2.6448e-04
ACC2 4096 4 6.50 0.9000 8.14 1.000 5.2896e-04
ACC2 4096 4 6.50 0.9000 16.12 0.900 0.0000e+00
ACC2 4096 4 6.50 0.9000 16.12 0.930 0.0000e+00
ACC2 4096 4 6.50 0.9000 16.12 0.960 2.7533e-04
ACC2 4096 4 6.50 0.9000 16.12 0.980 2.7533e-04
ACC2 4096 4 6.50 0.9000 16.12 1.000 2.7533e-04
ACC2 4096 4 6.50 0.9000 32.61 0.900 0.0000e+00
ACC2 4096 4 6.50 0.9000 32.61 0.930 0.0000e+00
ACC2 4096 4 6.50 0.9000 32.61 0.960 2.8297e-04
ACC2 4096 4 6.50 0.9000 32.61 0.980 2.8297e-04
ACC2 4096 4 6.50 0.9000 32.61 1.000 2.8297e-04
ACC2 4096 4 6.50 0.9000 64.60 0.900 0.0000e+00
ACC2 4096 4 6.50 0.9000 64.60 0.930 0.0000e+00
ACC2 4096 4 6.50 0.9000 64.60 0.960 0.0000e+00
ACC2 4096 4 6.50 0.9000 64.60 0.980 0.0000e+00
ACC2 4096 4 6.50 0.9000 64.60 1.000 0.0000e+00
ACC2 4096 4 6.50 0.9000 128.59 0.900 0.0000e+00
ACC2 4096 4 6.50 0.9000 128.59 0.930 0.0000e+00
ACC2 4096 4 6.50 0.9000 128.59 0.960 0.0000e+00
ACC2 4096 4 6.50 0.9000 128.59 0.980 0.0000e+00
ACC2 4096 4 6.50 0.9000 128.59 1.000 5.9648e-04
ACC2 4096 4 6.50 0.9500 2.03 0.900 0.0000e+00
ACC2 4096 4 6.50 0.9500 2.03 0.930 0.0000e+00
ACC2 4096 4 6.50 0.9500 2.03 0.960 0.0000e+00
ACC2 4096 4 6.50 0.9500 2.03 0.980 0.0000e+00
ACC2 4096 4 6.50 0.9500 2.03 1.000 4.9116e-04
ACC2 4096 4 6.50 0.9500 3.94 0.900 0.0000e+00
ACC2 4096 4 6.50 0.9500 3.94 0.930 0.0000e+00
ACC2 4096 4 6.50 0.9500 3.94 0.960 0.0000e+00
ACC2 4096 4 6.50 0.9500 3.94 0.980 0.0000e+00
ACC2 4096 4 6.50 0.9500 3.94 1.000 7.5662e-04
ACC2 4096 4 6.50 0.9500 8.14 0.900 0.0000e+00
ACC2 4096 4 6.50 0.9500 8.14 0.930 0.0000e+00
ACC2 4096 4 6.50 0.9500 8.14 0.960 0.0000e+00
ACC2 4096 4 6.50 0.9500 8.14 0.980 0.0000e+00
ACC2 4096 4 6.50 0.9500 8.14 1.000 7.7801e-04
ACC2 4096 4 6.50 0.9500 16.12 0.900 0.0000e+00
ACC2 4096 4 6.50 0.9500 16.12 0.930 0.0000e+00
ACC2 4096 4 6.50 0.9500 16.12 0.960 0.0000e+00
ACC2 4096 4 6.50 0.9500 16.12 0.980 0.0000e+00
ACC2 4096 4 6.50 0.9500 16.12 1.000 5.3778e-04
ACC2 4096 4 6.50 0.9500 32.61 0.900 0.0000e+00
ACC2 4096 4 6.50 0.9500 32.61 0.930 0.0000e+00
ACC2 4096 4 6.50 0.9500 32.61 0.960 0.0000e+00
ACC2 4096 4 6.50 0.9500 32.61 0.980 0.0000e+00
ACC2 4096 4 6.50 0.9500 32.61 1.000 5.5325e-04
ACC2 4096 4 6.50 0.9500 64.60 0.900 0.0000e+00
ACC2 4096 4 6.50 0.9500 64.60 0.930 0.0000e+00
ACC2 4096 4 6.50 0.9500 64.60 0.960 0.0000e+00
ACC2 4096 4 6.50 0.9500 64.60 0.980 0.0000e+00
ACC2 4096 4 6.50 0.9500 64.60 1.000 8.5568e-04
ACC2 4096 4 6.50 0.9500 128.59 0.900 0.0000e+00
ACC2 4096 4 6.50 0.9500 128.59 0.930 0.0000e+00
ACC2 4096 4 6.50 0.9500 128.59 0.960 0.0000e+00
ACC2 4096 4 6.50 0.9500 128.59 0.980 0.0000e+00
ACC2 4096 4 6.50 0.9500 128.59 1.000 5.8617e-04
ACC2 4096 4 6.50 0.9800 2.03 0.900 0.0000e+00
ACC2 4096 4 6.50 0.9800 2.03 0.930 0.0000e+00
ACC2 4096 4 6.50 0.9800 2.03 0.960 0.0000e+00
ACC2 4096 4 6.50 0.9800 2.03 0.980 2.5419e-04
ACC2 4096 4 6.50 0.9800 2.03 1.000 9.6594e-03
ACC2 4096 4 6.50 0.9800 3.94 0.900 0.0000e+00
ACC2 4096 4 6.50 0.9800 3.94 0.930 0.0000e+00
ACC2 4096 4 6.50 0.9800 3.94 0.960 0.0000e+00
ACC2 4096 4 6.50 0.9800 3.94 0.980 2.5793e-04
ACC2 4096 4 6.50 0.9800 3.94 1.000 4.9007e-03
ACC2 4096 4 6.50 0.9800 8.14 0.900 0.0000e+00
ACC2 4096 4 6.50 0.9800 8.14 0.930 0.0000e+00
ACC2 4096 4 6.50 0.9800 8.14 0.960 0.0000e+00
ACC2 4096 4 6.50 0.9800 8.14 0.980 2.6337e-04
ACC2 4096 4 6.50 0.9800 8.14 1.000 2.1069e-03
ACC2 4096 4 6.50 0.9800 16.12 0.900 0.0000e+00
ACC2 4096 4 6.50 0.9800 16.12 0.930 0.0000e+00
ACC2 4096 4 6.50 0.9800 16.12 0.960 0.0000e+00
ACC2 4096 4 6.50 0.9800 16.12 0.980 0.0000e+00
ACC2 4096 4 6.50 0.9800 16.12 1.000 1.3506e-03
ACC2 4096 4 6.50 0.9800 32.61 0.900 0.0000e+00
ACC2 4096 4 6.50 0.9800 32.61 0.930 0.0000e+00
ACC2 4096 4 6.50 0.9800 32.61 0.960 0.0000e+00
ACC2 4096 4 6.50 0.9800 32.61 0.980 2.7548e-04
ACC2 4096 4 6.50 0.9800 32.61 1.000 8.2645e-04
ACC2 4096 4 6.50 0.9800 64.60 0.900 0.0000e+00
ACC2 4096 4 6.50 0.9800 64.60 0.930 0.0000e+00
ACC2 4096 4 6.50 0.9800 64.60 0.960 0.0000e+00
ACC2 4096 4 6.50 0.9800 64.60 0.980 0.0000e+00
ACC2 4096 4 6.50 0.9800 64.60 1.000 0.0000e+00
ACC2 4096 4 6.50 0.9800 128.59 0.900 0.0000e+00
ACC2 4096 4 6.50 0.9800 128.59 0.930 0.0000e+00
ACC2 4096 4 6.50 0.9800 128.59 0.960 0.0000e+00
ACC2 4096 4 6.50 0.9800 128.59 0.980 0.0000e+00
ACC2 4096 4 6.50 0.9800 128.59 1.000 0.0000e+00
ACC2 4096 4 6.50 0.9950 2.03 0.900 0.0000e+00
ACC2 4096 4 6.50 0.9950 2.03 0.930 0.0000e+00
ACC2 4096 4 6.50 0.9950 2.03 0.960 0.0000e+00
ACC2 4096 4 6.50 0.9950 2.03 0.980 0.0000e+00
ACC2 4096 4 6.50 0.9950 2.03 1.000 3.4843e-02
ACC2 4096 4 6.50 0.9950 3.94 0.900 0.0000e+00
ACC2 4096 4 6.50 0.9950 3.94 0.930 0.0000e+00
ACC2 4096 4 6.50 0.9950 3.94 0.960 0.0000e+00
ACC2 4096 4 6.50 0.9950 3.94 0.980 0.0000e+00
ACC2 4096 4 6.50 0.9950 3.94 1.000 2.6337e-02
ACC2 4096 4 6.50 0.9950 8.14 0.900 0.0000e+00
ACC2 4096 4 6.50 0.9950 8.14 0.930 0.0000e+00
ACC2 4096 4 6.50 0.9950 8.14 0.960 0.0000e+00
ACC2 4096 4 6.50 0.9950 8.14 0.980 0.0000e+00
ACC2 4096 4 6.50 0.9950 8.14 1.000 1.7936e-02
ACC2 4096 4 6.50 0.9950 16.12 0.900 0.0000e+00
ACC2 4096 4 6.50 0.9950 16.12 0.930 0.0000e+00
ACC2 4096 4 6.50 0.9950 16.12 0.960 0.0000e+00
ACC2 4096 4 6.50 0.9950 16.12 0.980 0.0000e+00
ACC2 4096 4 6.50 0.9950 16.12 1.000 5.5726e-03
ACC2 4096 4 6.50 0.9950 32.61 0.900 0.0000e+00
ACC2 4096 4 6.50 0.9950 32.61 0.930 0.0000e+00
ACC2 4096 4 6.50 0.9950 32.61 0.960 0.0000e+00
ACC2 4096 4 6.50 0.9950 32.61 0.980 0.0000e+00
ACC2 4096 4 6.50 0.9950 32.61 1.000 4.4868e-03
ACC2 4096 4 6.50 0.9950 64.60 0.900 0.0000e+00
ACC2 4096 4 6.50 0.9950 64.60 0.930 0.0000e+00
ACC2 4096 4 6.50 0.9950 64.60 0.960 0.0000e+00
ACC2 4096 4 6.50 0.9950 64.60 0.980 0.0000e+00
ACC2 4096 4 6.50 0.9950 64.60 1.000 8.5155e-04
ACC2 4096 4 6.50 0.9950 128.59 0.900 0.0000e+00
ACC2 4096 4 6.50 0.9950 128.59 0.930 0.0000e+00
ACC2 4096 4 6.50 0.9950 128.59 0.960 0.0000e+00
ACC2 4096 4 6.50 0.9950 128.59 0.980 0.0000e+00
ACC2 4096 4 6.50 0.9950 128.59 1.000 0.0000e+00
ACC2 4096 8 5.00 0.8000 2.03 0.900 2.2017e-04
ACC2 4096 8 5.00 0.8000 2.03 0.930 4.4033e-04
ACC2 4096 8 5.00 0.8000 2.03 0.960 4.4033e-04
ACC2 4096 8 5.00 0.8000 2.03 0.980 4.4033e-04
ACC2 4096 8 5.00 0.8000 2.03 1.000 4.4033e-04
ACC2 4096 8 5.00 0.8000 3.94 0.900 0.0000e+00
ACC2 4096 8 5.00 0.8000 3.94 0.930 0.0000e+00
ACC2 4096 8 5.00 0.8000 3.94 0.960 0.0000e+00
ACC2 4096 8 5.00 0.8000 3.94 0.980 2.3148e-04
ACC2 4096 8 5.00 0.8000 3.94 1.000 4.6296e-04
ACC2 4096 8 5.00 0.8000 8.14 0.900 0.0000e+00
ACC2 4096 8 5.00 0.8000 8.14 0.930 0.0000e+00
ACC2 4096 8 5.00 0.8000 8.14 0.960 0.0000e+00
ACC2 4096 8 5.00 0.8000 8.14 0.980 0.0000e+00
ACC2 4096 8 5.00 0.8000 8.14 1.000 7.2516e-04
ACC2 4096 8 5.00 0.8000 16.12 0.900 0.0000e+00
ACC2 4096 8 5.00 0.8000 16.12 0.930 0.0000e+00
ACC2 4096 8 5.00 0.8000 16.12 0.960 0.0000e+00
ACC2 4096 8 5.00 0.8000 16.12 0.980 2.5491e-04
ACC2 4096 8 5.00 0.8000 16.12 1.000 5.0981e-04
ACC2 4096 8 5.00 0.8000 32.61 0.900 0.0000e+00
ACC2 4096 8 5.00 0.8000 32.61 0.930 0.0000e+00
ACC2 4096 8 5.00 0.8000 32.61 0.960 0.0000e+00
ACC2 4096 8 5.00 0.8000 32.61 0.980 0.0000e+00
ACC2 4096 8 5.00 0.8000 32.61 1.000 5.3050e-04
ACC2 4096 8 5.00 0.8000 64.60 0.900 0.0000e+00
ACC2 4096 8 5.00 0.8000 64.60 0.930 0.0000e+00
ACC2 4096 8 5.00 0.8000 64.60 0.960 2.7196e-04
ACC2 4096 8 5.00 0.8000 64.60 0.980 2.7196e-04
ACC2 4096 8 5.00 0.8000 64.60 1.000 2.7196e-04
ACC2 4096 8 5.00 0.8000 128.59 0.900 0.0000e+00
ACC2 4096 8 5.00 0.8000 128.59 0.930 0.0000e+00
ACC2 4096 8 5.00 0.8000 128.59 0.960 2.8337e-04
ACC2 4096 8 5.00 0.8000 128.59 0.980 2.8337e-04
ACC2 4096 8 5.00 0.8000 128.59 1.000 2.8337e-04
ACC2 4096 8 5.00 0.9000 2.03 0.900 0.0000e+00
ACC2 4096 8 5.00 0.9000 2.03 0.930 0.0000e+00
ACC2 4096 8 5.00 0.9000 2.03 0.960 2.1993e-04
ACC2 4096 8 5.00 0.9000 2.03 0.980 8.7970e-04
ACC2 4096 8 5.00 0.9000 2.03 1.000 1.3196e-03
ACC2 4096 8 5.00 0.9000 3.94 0.900 0.0000e+00
ACC2 4096 8 5.00 0.9000 3.94 0.930 0.0000e+00
ACC2 4096 8 5.00 0.9000 3.94 0.960 0.0000e+00
ACC2 4096 8 5.00 0.9000 3.94 0.980 4.5382e-04
ACC2 4096 8 5.00 0.9000 3.94 1.000 4.5382e-04
ACC2 4096 8 5.00 0.9000 8.14 0.900 0.0000e+00
ACC2 4096 8 5.00 0.9000 8.14 0.930 2.3787e-04
ACC2 4096 8 5.00 0.9000 8.14 0.960 2.3787e-04
ACC2 4096 8 5.00 0.9000 8.14 0.980 2.3787e-04
ACC2 4096 8 5.00 0.9000 8.14 1.000 4.7574e-04
ACC2 4096 8 5.00 0.9000 16.12 0.900 0.0000e+00
ACC2 4096 8 5.00 0.9000 16.12 0.930 2.4649e-04
ACC2 4096 8 5.00 0.9000 16.12 0.960 4.9298e-04
ACC2 4096 8 5.00 0.9000 16.12 0.980 4.9298e-04
ACC2 4096 8 5.00 0.9000 16.12 1.000 4.9298e-04
ACC2 4096 8 5.00 0.9000 32.61 0.900 0.0000e+00
ACC2 4096 8 5.00 0.9000 32.61 0.930 2.5634e-04
ACC2 4096 8 5.00 0.9000 32.61 0.960 2.5634e-04
ACC2 4096 8 5.00 0.9000 32.61 0.980 2.5634e-04
ACC2 4096 8 5.00 0.9000 32.61 1.000 2.5634e-04
ACC2 4096 8 5.00 0.9000 64.60 0.900 0.0000e+00
ACC2 4096 8 5.00 0.9000 64.60 0.930 0.0000e+00
ACC2 4096 8 5.00 0.9000 64.60 0.960 0.0000e+00
ACC2 4096 8 5.00 0.9000 64.60 0.980 0.0000e+00
ACC2 4096 8 5.00 0.9000 64.60 1.000 0.0000e+00
ACC2 4096 8 5.00 0.9000 128.59 0.900 0.0000e+00
ACC2 4096 8 5.00 0.9000 128.59 0.930 0.0000e+00
ACC2 4096 8 5.00 0.9000 128.59 0.960 0.0000e+00
ACC2 4096 8 5.00 0.9000 128.59 0.980 0.0000e+00
ACC2 4096 8 5.00 0.9000 128.59 1.000 0.0000e+00
ACC2 4096 8 5.00 0.9500 2.03 0.900 0.0000e+00
ACC2 4096 8 5.00 0.9500 2.03 0.930 0.0000e+00
ACC2 4096 8 5.00 0.9500 2.03 0.960 2.2712e-04
ACC2 4096 8 5.00 0.9500 2.03 0.980 4.5424e-04
ACC2 4096 8 5.00 0.9500 2.03 1.000 2.4983e-03
ACC2 4096 8 5.00 0.9500 3.94 0.900 0.0000e+00
ACC2 4096 8 5.00 0.9500 3.94 0.930 0.0000e+00
ACC2 4096 8 5.00 0.9500 3.94 0.960 0.0000e+00
ACC2 4096 8 5.00 0.9500 3.94 0.980 6.9735e-04
ACC2 4096 8 5.00 0.9500 3.94 1.000 2.7894e-03
ACC2 4096 8 5.00 0.9500 8.14 0.900 0.0000e+00
ACC2 4096 8 5.00 0.9500 8.14 0.930 0.0000e+00
ACC2 4096 8 5.00 0.9500 8.14 0.960 0.0000e+00
ACC2 4096 8 5.00 0.9500 8.14 0.980 2.4137e-04
ACC2 4096 8 5.00 0.9500 8.14 1.000 1.4482e-03
ACC2 4096 8 5.00 0.9500 16.12 0.900 0.0000e+00
ACC2 4096 8 5.00 0.9500 16.12 0.930 0.0000e+00
ACC2 4096 8 5.00 0.9500 16.12 0.960 0.0000e+00
ACC2 4096 8 5.00 0.9500 16.12 0.980 0.0000e+00
ACC2 4096 8 5.00 0.9500 16.12 1.000 4.9665e-04
ACC2 4096 8 5.00 0.9500 32.61 0.900 0.0000e+00
ACC2 4096 8 5.00 0.9500 32.61 0.930 0.0000e+00
ACC2 4096 8 5.00 0.9500 32.61 0.960 0.0000e+00
ACC2 4096 8 5.00 0.9500 32.61 0.980 0.0000e+00
ACC2 4096 8 5.00 0.9500 32.61 1.000 5.1269e-04
ACC2 4096 8 5.00 0.9500 64.60 0.900 0.0000e+00
ACC2 4096 8 5.00 0.9500 64.60 0.930 0.0000e+00
ACC2 4096 8 5.00 0.9500 64.60 0.960 0.0000e+00
ACC2 4096 8 5.00 0.9500 64.60 0.980 0.0000e+00
ACC2 4096 8 5.00 0.9500 64.60 1.000 5.2618e-04
ACC2 4096 8 5.00 0.9500 128.59 0.900 0.0000e+00
ACC2 4096 8 5.00 0.9500 128.59 0.930 0.0000e+00
ACC2 4096 8 5.00 0.9500 128.59 0.960 0.0000e+00
ACC2 4096 8 5.00 0.9500 128.59 0.980 2.6991e-04
ACC2 4096 8 5.00 0.9500 128.59 1.000 1.0796e-03
ACC2 4096 8 5.00 0.9800 2.03 0.900 0.0000e+00
ACC2 4096 8 5.00 0.9800 2.03 0.930 0.0000e+00
ACC2 4096 8 5.00 0.9800 2.03 0.960 0.0000e+00
ACC2 4096 8 5.00 0.9800 2.03 0.980 7.1548e-04
ACC2 4096 8 5.00 0.9800 2.03 1.000 1.6456e-02
ACC2 4096 8 5.00 0.9800 3.94 0.900 0.0000e+00
ACC2 4096 8 5.00 0.9800 3.94 0.930 0.0000e+00
ACC2 4096 8 5.00 0.9800 3.94 0.960 0.0000e+00
ACC2 4096 8 5.00 0.9800 3.94 0.980 9.7490e-04
ACC2 4096 8 5.00 0.9800 3.94 1.000 9.9927e-03
ACC2 4096 8 5.00 0.9800 8.14 0.900 0.0000e+00
ACC2 4096 8 5.00 0.9800 8.14 0.930 0.0000e+00
ACC2 4096 8 5.00 0.9800 8.14 0.960 0.0000e+00
ACC2 4096 8 5.00 0.9800 8.14 0.980 9.9726e-04
ACC2 4096 8 5.00 0.9800 8.14 1.000 5.7342e-03
ACC2 4096 8 5.00 0.9800 16.12 0.900 0.0000e+00
ACC2 4096 8 5.00 0.9800 16.12 0.930 0.0000e+00
ACC2 4096 8 5.00 0.9800 16.12 0.960 2.5465e-04
ACC2 4096 8 5.00 0.9800 16.12 0.980 5.0929e-04
ACC2 4096 8 5.00 0.9800 16.12 1.000 2.8011e-03
ACC2 4096 8 5.00 0.9800 32.61 0.900 0.0000e+00
ACC2 4096 8 5.00 0.9800 32.61 0.930 0.0000e+00
ACC2 4096 8 5.00 0.9800 32.61 0.960 0.0000e+00
ACC2 4096 8 5.00 0.9800 32.61 0.980 2.6076e-04
ACC2 4096 8 5.00 0.9800 32.61 1.000 1.8253e-03
ACC2 4096 8 5.00 0.9800 64.60 0.900 0.0000e+00
ACC2 4096 8 5.00 0.9800 64.60 0.930 0.0000e+00
ACC2 4096 8 5.00 0.9800 64.60 0.960 0.0000e+00
ACC2 4096 8 5.00 0.9800 64.60 0.980 0.0000e+00
ACC2 4096 8 5.00 0.9800 64.60 1.000 7.9449e-04
ACC2 4096 8 5.00 0.9800 128.59 0.900 0.0000e+00
ACC2 4096 8 5.00 0.9800 128.59 0.930 0.0000e+00
ACC2 4096 8 5.00 0.9800 128.59 0.960 0.0000e+00
ACC2 4096 8 5.00 0.9800 128.59 0.980 0.0000e+00
ACC2 4096 8 5.00 0.9800 128.59 1.000 1.3510e-03
ACC2 4096 8 5.00 0.9950 2.03 0.900 0.0000e+00
ACC2 4096 8 5.00 0.9950 2.03 0.930 0.0000e+00
ACC2 4096 8 5.00 0.9950 2.03 0.960 0.0000e+00
ACC2 4096 8 5.00 0.9950 2.03 0.980 2.8285e-03
ACC2 4096 8 5.00 0.9950 2.03 1.000 4.5513e-02
ACC2 4096 8 5.00 0.9950 3.94 0.900 0.0000e+00
ACC2 4096 8 5.00 0.9950 3.94 0.930 0.0000e+00
ACC2 4096 8 5.00 0.9950 3.94 0.960 0.0000e+00
ACC2 4096 8 5.00 0.9950 3.94 0.980 3.1145e-03
ACC2 4096 8 5.00 0.9950 3.94 1.000 3.7893e-02
ACC2 4096 8 5.00 0.9950 8.14 0.900 0.0000e+00
ACC2 4096 8 5.00 0.9950 8.14 0.930 0.0000e+00
ACC2 4096 8 5.00 0.9950 8.14 0.960 0.0000e+00
ACC2 4096 8 5.00 0.9950 8.14 0.980 5.2645e-04
ACC2 4096 8 5.00 0.9950 8.14 1.000 3.2640e-02
ACC2 4096 8 5.00 0.9950 16.12 0.900 0.0000e+00
ACC2 4096 8 5.00 0.9950 16.12 0.930 0.0000e+00
ACC2 4096 8 5.00 0.9950 16.12 0.960 0.0000e+00
ACC2 4096 8 5.00 0.9950 16.12 0.980 2.6745e-04
ACC2 4096 8 5.00 0.9950 16.12 1.000 1.3907e-02
ACC2 4096 8 5.00 0.9950 32.61 0.900 0.0000e+00
ACC2 4096 8 5.00 0.9950 32.61 0.930 0.0000e+00
ACC2 4096 8 5.00 0.9950 32.61 0.960 0.0000e+00
ACC2 4096 8 5.00 0.9950 32.61 0.980 2.6867e-04
ACC2 4096 8 5.00 0.9950 32.61 1.000 1.1553e-02
ACC2 4096 8 5.00 0.9950 64.60 0.900 0.0000e+00
ACC2 4096 8 5.00 0.9950 64.60 0.930 0.0000e+00
ACC2 4096 8 5.00 0.9950 64.60 0.960 0.0000e+00
ACC2 4096 8 5.00 0.9950 64.60 0.980 2.7012e-04
ACC2 4096 8 5.00 0.9950 64.60 1.000 5.4025e-03
ACC2 4096 8 5.00 0.9950 128.59 0.900 0.0000e+00
ACC2 4096 8 5.00 0.9950 128.59 0.930 0.0000e+00
ACC2 4096 8 5.00 0.9950 128.59 0.960 0.0000e+00
ACC2 4096 8 5.00 0.9950 128.59 0.980 2.7412e-04
ACC2 4096 8 5.00 0.9950 128.59 1.000 4.3860e-03
ACC2 4096 8 5.50 0.8000 2.03 0.900 0.0000e+00
ACC2 4096 8 5.50 0.8000 2.03 0.930 2.3474e-04
ACC2 4096 8 5.50 0.8000 2.03 0.960 2.3474e-04
ACC2 4096 8 5.50 0.8000 2.03 0.980 2.3474e-04
ACC2 4096 8 5.50 0.8000 2.03 1.000 2.3474e-04
ACC2 4096 8 5.50 0.8000 3.94 0.900 0.0000e+00
ACC2 4096 8 5.50 0.8000 3.94 0.930 0.0000e+00
ACC2 4096 8 5.50 0.8000 3.94 0.960 0.0000e+00
ACC2 4096 8 5.50 0.8000 3.94 0.980 2.4624e-04
ACC2 4096 8 5.50 0.8000 3.94 1.000 7.3873e-04
ACC2 4096 8 5.50 0.8000 8.14 0.900 0.0000e+00
ACC2 4096 8 5.50 0.8000 8.14 0.930 0.0000e+00
ACC2 4096 8 5.50 0.8000 8.14 0.960 0.0000e+00
ACC2 4096 8 5.50 0.8000 8.14 0.980 0.0000e+00
ACC2 4096 8 5.50 0.8000 8.14 1.000 7.7240e-04
ACC2 4096 8 5.50 0.8000 16.12 0.900 0.0000e+00
ACC2 4096 8 5.50 0.8000 16.12 0.930 0.0000e+00
ACC2 4096 8 5.50 0.8000 16.12 0.960 2.6954e-04
ACC2 4096 8 5.50 0.8000 16.12 0.980 2.6954e-04
ACC2 4096 8 5.50 0.8000 16.12 1.000 5.3908e-04
ACC2 4096 8 5.50 0.8000 32.61 0.900 0.0000e+00
ACC2 4096 8 5.50 0.8000 32.61 0.930 0.0000e+00
ACC2 4096 8 5.50 0.8000 32.61 0.960 0.0000e+00
ACC2 4096 8 5.50 0.8000 32.61 0.980 0.0000e+00
ACC2 4096 8 5.50 0.8000 32.61 1.000 8.3635e-04
ACC2 4096 8 5.50 0.8000 64.60 0.900 0.0000e+00
ACC2 4096 8 5.50 0.8000 64.60 0.930 0.0000e+00
ACC2 4096 8 5.50 0.8000 64.60 0.960 5.7127e-04
ACC2 4096 8 5.50 0.8000 64.60 0.980 5.7127e-04
ACC2 4096 8 5.50 0.8000 64.60 1.000 8.5690e-04
ACC2 4096 8 5.50 0.8000 128.59 0.900 0.0000e+00
ACC2 4096 8 5.50 0.8000 128.59 0.930 0.0000e+00
ACC2 4096 8 5.50 0.8000 128.59 0.960 2.9464e-04
ACC2 4096 8 5.50 0.8000 128.59 0.980 2.9464e-04
ACC2 4096 8 5.50 0.8000 128.59 1.000 2.9464e-04
ACC2 4096 8 5.50 0.9000 2.03 0.900 0.0000e+00
ACC2 4096 8 5.50 0.9000 2.03 0.930 0.0000e+00
ACC2 4096 8 5.50 0.9000 2.03 0.960 0.0000e+00
ACC2 4096 8 5.50 0.9000 2.03 0.980 2.2899e-04
ACC2 4096 8 5.50 0.9000 2.03 1.000 4.5798e-04
ACC2 4096 8 5.50 0.9000 3.94 0.900 0.0000e+00
ACC2 4096 8 5.50 0.9000 3.94 0.930 0.0000e+00
ACC2 4096 8 5.50 0.9000 3.94 0.960 0.0000e+00
ACC2 4096 8 5.50 0.9000 3.94 0.980 4.7450e-04
ACC2 4096 8 5.50 0.9000 3.94 1.000 4.7450e-04
ACC2 4096 8 5.50 0.9000 8.14 0.900 0.0000e+00
ACC2 4096 8 5.50 0.9000 8.14 0.930 2.4857e-04
ACC2 4096 8 5.50 0.9000 8.14 0.960 2.4857e-04
ACC2 4096 8 5.50 0.9000 8.14 0.980 2.4857e-04
ACC2 4096 8 5.50 0.9000 8.14 1.000 4.9714e-04
ACC2 4096 8 5.50 0.9000 16.12 0.900 0.0000e+00
ACC2 4096 8 5.50 0.9000 16.12 0.930 0.0000e+00
ACC2 4096 8 5.50 0.9000 16.12 0.960 5.1560e-04
ACC2 4096 8 5.50 0.9000 16.12 0.980 5.1560e-04
ACC2 4096 8 5.50 0.9000 16.12 1.000 5.1560e-04
ACC2 4096 8 5.50 0.9000 32.61 0.900 0.0000e+00
ACC2 4096 8 5.50 0.9000 32.61 0.930 2.6702e-04
ACC2 4096 8 5.50 0.9000 32.61 0.960 2.6702e-04
ACC2 4096 8 5.50 0.9000 32.61 0.980 2.6702e-04
ACC2 4096 8 5.50 0.9000 32.61 1.000 2.6702e-04
ACC2 4096 8 5.50 0.9000 64.60 0.900 0.0000e+00
ACC2 4096 8 5.50 0.9000 64.60 0.930 0.0000e+00
ACC2 4096 8 5.50 0.9000 64.60 0.960 0.0000e+00
ACC2 4096 8 5.50 0.9000 64.60 0.980 0.0000e+00
ACC2 4096 8 5.50 0.9000 64.60 1.000 0.0000e+00
ACC2 4096 8 5.50 0.9000 128.59 0.900 0.0000e+00
ACC2 4096 8 5.50 0.9000 128.59 0.930 0.0000e+00
ACC2 4096 8 5.50 0.9000 128.59 0.960 0.0000e+00
ACC2 4096 8 5.50 0.9000 128.59 0.980 2.8474e-04
ACC2 4096 8 5.50 0.9000 128.59 1.000 8.5421e-04
ACC2 4096 8 5.50 0.9500 2.03 0.900 0.0000e+00
ACC2 4096 8 5.50 0.9500 2.03 0.930 0.0000e+00
ACC2 4096 8 5.50 0.9500 2.03 0.960 0.0000e+00
ACC2 4096 8 5.50 0.9500 2.03 0.980 2.3310e-04
ACC2 4096 8 5.50 0.9500 2.03 1.000 2.5641e-03
ACC2 4096 8 5.50 0.9500 3.94 0.900 0.0000e+00
ACC2 4096 8 5.50 0.9500 3.94 0.930 0.0000e+00
ACC2 4096 8 5.50 0.9500 3.94 0.960 0.0000e+00
ACC2 4096 8 5.50 0.9500 3.94 0.980 0.0000e+00
ACC2 4096 8 5.50 0.9500 3.94 1.000 1.4364e-03
ACC2 4096 8 5.50 0.9500 8.14 0.900 0.0000e+00
ACC2 4096 8 5.50 0.9500 8.14 0.930 0.0000e+00
ACC2 4096 8 5.50 0.9500 8.14 0.960 2.4863e-04
ACC2 4096 8 5.50 0.9500 8.14 0.980 2.4863e-04
ACC2 4096 8 5.50 0.9500 8.14 1.000 1.2432e-03
ACC2 4096 8 5.50 0.9500 16.12 0.900 0.0000e+00
ACC2 4096 8 5.50 0.9500 16.12 0.930 0.0000e+00
ACC2 4096 8 5.50 0.9500 16.12 0.960 0.0000e+00
ACC2 4096 8 5.50 0.9500 16.12 0.980 0.0000e+00
ACC2 4096 8 5.50 0.9500 16.12 1.000 5.1269e-04
ACC2 4096 8 5.50 0.9500 32.61 0.900 0.0000e+00
ACC2 4096 8 5.50 0.9500 32.61 0.930 0.0000e+00
ACC2 4096 8 5.50 0.9500 32.61 0.960 0.0000e+00
ACC2 4096 8 5.50 0.9500 32.61 0.980 0.0000e+00
ACC2 4096 8 5.50 0.9500 32.61 1.000 7.9365e-04
ACC2 4096 8 5.50 0.9500 64.60 0.900 0.0000e+00
ACC2 4096 8 5.50 0.9500 64.60 0.930 0.0000e+00
ACC2 4096 8 5.50 0.9500 64.60 0.960 0.0000e+00
ACC2 4096 8 5.50 0.9500 64.60 0.980 0.0000e+00
ACC2 4096 8 5.50 0.9500 64.60 1.000 8.1722e-04
ACC2 4096 8 5.50 0.9500 128.59 0.900 0.0000e+00
ACC2 4096 8 5.50 0.9500 128.59 0.930 0.0000e+00
ACC2 4096 8 5.50 0.9500 128.59 0.960 0.0000e+00
ACC2 4096 8 5.50 0.9500 128.59 0.980 2.8003e-04
ACC2 4096 8 5.50 0.9500 128.59 1.000 1.1201e-03
ACC2 4096 8 5.50 0.9800 2.03 0.900 0.0000e+00
ACC2 4096 8 5.50 0.9800 2.03 0.930 0.0000e+00
ACC2 4096 8 5.50 0.9800 2.03 0.960 0.0000e+00
ACC2 4096 8 5.50 0.9800 2.03 0.980 7.3332e-04
ACC2 4096 8 5.50 0.9800 2.03 1.000 1.3689e-02
ACC2 4096 8 5.50 0.9800 3.94 0.900 0.0000e+00
ACC2 4096 8 5.50 0.9800 3.94 0.930 0.0000e+00
ACC2 4096 8 5.50 0.9800 3.94 0.960 0.0000e+00
ACC2 4096 8 5.50 0.9800 3.94 0.980 4.9801e-04
ACC2 4096 8 5.50 0.9800 3.94 1.000 7.9681e-03
ACC2 4096 8 5.50 0.9800 8.14 0.900 0.0000e+00
ACC2 4096 8 5.50 0.9800 8.14 0.930 0.0000e+00
ACC2 4096 8 5.50 0.9800 8.14 0.960 0.0000e+00
ACC2 4096 8 5.50 0.9800 8.14 0.980 7.6472e-04
ACC2 4096 8 5.50 0.9800 8.14 1.000 6.6276e-03
ACC2 4096 8 5.50 0.9800 16.12 0.900 0.0000e+00
ACC2 4096 8 5.50 0.9800 16.12 0.930 0.0000e+00
ACC2 4096 8 5.50 0.9800 16.12 0.960 0.0000e+00
ACC2 4096 8 5.50 0.9800 16.12 0.980 0.0000e+00
ACC2 4096 8 5.50 0.9800 16.12 1.000 1.8272e-03
ACC2 4096 8 5.50 0.9800 32.61 0.900 0.0000e+00
ACC2 4096 8 5.50 0.9800 32.61 0.930 0.0000e+00
ACC2 4096 8 5.50 0.9800 32.61 0.960 0.0000e+00
ACC2 4096 8 5.50 0.9800 32.61 0.980 2.6681e-04
ACC2 4096 8 5.50 0.9800 32.61 1.000 1.0672e-03
ACC2 4096 8 5.50 0.9800 64.60 0.900 0.0000e+00
ACC2 4096 8 5.50 0.9800 64.60 0.930 0.0000e+00
ACC2 4096 8 5.50 0.9800 64.60 0.960 0.0000e+00
ACC2 4096 8 5.50 0.9800 64.60 0.980 0.0000e+00
ACC2 4096 8 5.50 0.9800 64.60 1.000 8.1677e-04
ACC2 4096 8 5.50 0.9800 128.59 0.900 0.0000e+00
ACC2 4096 8 5.50 0.9800 128.59 0.930 0.0000e+00
ACC2 4096 8 5.50 0.9800 128.59 0.960 0.0000e+00
ACC2 4096 8 5.50 0.9800 128.59 0.980 0.0000e+00
ACC2 4096 8 5.50 0.9800 128.59 1.000 2.7824e-04
ACC2 4096 8 5.50 0.9950 2.03 0.900 0.0000e+00
ACC2 4096 8 5.50 0.9950 2.03 0.930 0.0000e+00
ACC2 4096 8 5.50 0.9950 2.03 0.960 0.0000e+00
ACC2 4096 8 5.50 0.9950 2.03 0.980 1.0458e-03
ACC2 4096 8 5.50 0.9950 2.03 1.000 4.3922e-02
ACC2 4096 8 5.50 0.9950 3.94 0.900 0.0000e+00
ACC2 4096 8 5.50 0.9950 3.94 0.930 0.0000e+00
ACC2 4096 8 5.50 0.9950 3.94 0.960 0.0000e+00
ACC2 4096 8 5.50 0.9950 3.94 0.980 1.3207e-03
ACC2 4096 8 5.50 0.9950 3.94 1.000 3.3809e-02
ACC2 4096 8 5.50 0.9950 8.14 0.900 0.0000e+00
ACC2 4096 8 5.50 0.9950 8.14 0.930 0.0000e+00
ACC2 4096 8 5.50 0.9950 8.14 0.960 0.0000e+00
ACC2 4096 8 5.50 0.9950 8.14 0.980 0.0000e+00
ACC2 4096 8 5.50 0.9950 8.14 1.000 2.7353e-02
ACC2 4096 8 5.50 0.9950 16.12 0.900 0.0000e+00
ACC2 4096 8 5.50 0.9950 16.12 0.930 0.0000e+00
ACC2 4096 8 5.50 0.9950 16.12 0.960 0.0000e+00
ACC2 4096 8 5.50 0.9950 16.12 0.980 0.0000e+00
ACC2 4096 8 5.50 0.9950 16.12 1.000 1.2238e-02
ACC2 4096 8 5.50 0.9950 32.61 0.900 0.0000e+00
ACC2 4096 8 5.50 0.9950 32.61 0.930 0.0000e+00
ACC2 4096 8 5.50 0.9950 32.61 0.960 0.0000e+00
ACC2 4096 8 5.50 0.9950 32.61 0.980 0.0000e+00
ACC2 4096 8 5.50 0.9950 32.61 1.000 1.0391e-02
ACC2 4096 8 5.50 0.9950 64.60 0.900 0.0000e+00
ACC2 4096 8 5.50 0.9950 64.60 0.930 0.0000e+00
ACC2 4096 8 5.50 0.9950 64.60 0.960 0.0000e+00
ACC2 4096 8 5.50 0.9950 64.60 0.980 0.0000e+00
ACC2 4096 8 5.50 0.9950 64.60 1.000 7.7050e-03
ACC2 4096 8 5.50 0.9950 128.59 0.900 0.0000e+00
ACC2 4096 8 5.50 0.9950 128.59 0.930 0.0000e+00
ACC2 4096 8 5.50 0.9950 128.59 0.960 0.0000e+00
ACC2 4096 8 5.50 0.9950 128.59 0.980 0.0000e+00
ACC2 4096 8 5.50 0.9950 128.59 1.000 3.6507e-03
ACC2 4096 8 6.00 0.8000 2.03 0.900 0.0000e+00
ACC2 4096 8 6.00 0.8000 2.03 0.930 2.4900e-04
ACC2 4096 8 6.00 0.8000 2.03 0.960 2.4900e-04
ACC2 4096 8 6.00 0.8000 2.03 0.980 2.4900e-04
ACC2 4096 8 6.00 0.8000 2.03 1.000 2.4900e-04
ACC2 4096 8 6.00 0.8000 3.94 0.900 0.0000e+00
ACC2 4096 8 6.00 0.8000 3.94 0.930 0.0000e+00
ACC2 4096 8 6.00 0.8000 3.94 0.960 0.0000e+00
ACC2 4096 8 6.00 0.8000 3.94 0.980 2.6021e-04
ACC2 4096 8 6.00 0.8000 3.94 1.000 7.8064e-04
ACC2 4096 8 6.00 0.8000 8.14 0.900 0.0000e+00
ACC2 4096 8 6.00 0.8000 8.14 0.930 0.0000e+00
ACC2 4096 8 6.00 0.8000 8.14 0.960 0.0000e+00
ACC2 4096 8 6.00 0.8000 8.14 0.980 0.0000e+00
ACC2 4096 8 6.00 0.8000 8.14 1.000 8.1257e-04
ACC2 4096 8 6.00 0.8000 16.12 0.900 0.0000e+00
ACC2 4096 8 6.00 0.8000 16.12 0.930 0.0000e+00
ACC2 4096 8 6.00 0.8000 16.12 0.960 0.0000e+00
ACC2 4096 8 6.00 0.8000 16.12 0.980 2.8106e-04
ACC2 4096 8 6.00 0.8000 16.12 1.000 5.6211e-04
ACC2 4096 8 6.00 0.8000 32.61 0.900 0.0000e+00
ACC2 4096 8 6.00 0.8000 32.61 0.930 0.0000e+00
ACC2 4096 8 6.00 0.8000 32.61 0.960 0.0000e+00
ACC2 4096 8 6.00 0.8000 32.61 0.980 0.0000e+00
ACC2 4096 8 6.00 0.8000 32.61 1.000 8.6655e-04
ACC2 4096 8 6.00 0.8000 64.60 0.900 0.0000e+00
ACC2 4096 8 6.00 0.8000 64.60 0.930 0.0000e+00
ACC2 4096 8 6.00 0.8000 64.60 0.960 5.9084e-04
ACC2 4096 8 6.00 0.8000 64.60 0.980 5.9084e-04
ACC2 4096 8 6.00 0.8000 64.60 1.000 1.1817e-03
ACC2 4096 8 6.00 0.8000 128.59 0.900 0.0000e+00
ACC2 4096 8 6.00 0.8000 128.59 0.930 0.0000e+00
ACC2 4096 8 6.00 0.8000 128.59 0.960 3.0239e-04
ACC2 4096 8 6.00 0.8000 128.59 0.980 3.0239e-04
ACC2 4096 8 6.00 0.8000 128.59 1.000 3.0239e-04
ACC2 4096 8 6.00 0.9000 2.03 0.900 0.0000e+00
ACC2 4096 8 6.00 0.9000 2.03 0.930 0.0000e+00
ACC2 4096 8 6.00 0.9000 2.03 0.960 0.0000e+00
ACC2 4096 8 6.00 0.9000 2.03 0.980 2.3793e-04
ACC2 4096 8 6.00 0.9000 2.03 1.000 4.7585e-04
ACC2 4096 8 6.00 0.9000 3.94 0.900 0.0000e+00
ACC2 4096 8 6.00 0.9000 3.94 0.930 0.0000e+00
ACC2 4096 8 6.00 0.9000 3.94 0.960 2.4655e-04
ACC2 4096 8 6.00 0.9000 3.94 0.980 2.4655e-04
ACC2 4096 8 6.00 0.9000 3.94 1.000 2.4655e-04
ACC2 4096 8 6.00 0.9000 8.14 0.900 0.0000e+00
ACC2 4096 8 6.00 0.9000 8.14 0.930 2.5589e-04
ACC2 4096 8 6.00 0.9000 8.14 0.960 2.5589e-04
ACC2 4096 8 6.00 0.9000 8.14 0.980 2.5589e-04
ACC2 4096 8 6.00 0.9000 8.14 1.000 7.6766e-04
ACC2 4096 8 6.00 0.9000 16.12 0.900 0.0000e+00
ACC2 4096 8 6.00 0.9000 16.12 0.930 0.0000e+00
ACC2 4096 8 6.00 0.9000 16.12 0.960 5.3093e-04
ACC2 4096 8 6.00 0.9000 16.12 0.980 5.3093e-04
ACC2 4096 8 6.00 0.9000 16.12 1.000 5.3093e-04
ACC2 4096 8 6.00 0.9000 32.61 0.900 0.0000e+00
ACC2 4096 8 6.00 0.9000 32.61 0.930 2.7617e-04
ACC2 4096 8 6.00 0.9000 32.61 0.960 2.7617e-04
ACC2 4096 8 6.00 0.9000 32.61 0.980 2.7617e-04
ACC2 4096 8 6.00 0.9000 32.61 1.000 2.7617e-04
ACC2 4096 8 6.00 0.9000 64.60 0.900 0.0000e+00
ACC2 4096 8 6.00 0.9000 64.60 0.930 0.0000e+00
ACC2 4096 8 6.00 0.9000 64.60 0.960 0.0000e+00
ACC2 4096 8 6.00 0.9000 64.60 0.980 0.0000e+00
ACC2 4096 8 6.00 0.9000 64.60 1.000 0.0000e+00
ACC2 4096 8 6.00 0.9000 128.59 0.900 0.0000e+00
ACC2 4096 8 6.00 0.9000 128.59 0.930 0.0000e+00
ACC2 4096 8 6.00 0.9000 128.59 0.960 0.0000e+00
ACC2 4096 8 6.00 0.9000 128.59 0.980 2.9155e-04
ACC2 4096 8 6.00 0.9000 128.59 1.000 1.1662e-03
ACC2 4096 8 6.00 0.9500 2.03 0.900 0.0000e+00
ACC2 4096 8 6.00 0.9500 2.03 0.930 0.0000e+00
ACC2 4096 8 6.00 0.9500 2.03 0.960 0.0000e+00
ACC2 4096 8 6.00 0.9500 2.03 0.980 0.0000e+00
ACC2 4096 8 6.00 0.9500 2.03 1.000 1.4358e-03
ACC2 4096 8 6.00 0.9500 3.94 0.900 0.0000e+00
ACC2 4096 8 6.00 0.9500 3.94 0.930 0.0000e+00
ACC2 4096 8 6.00 0.9500 3.94 0.960 0.0000e+00
ACC2 4096 8 6.00 0.9500 3.94 0.980 0.0000e+00
ACC2 4096 8 6.00 0.9500 3.94 1.000 1.2318e-03
ACC2 4096 8 6.00 0.9500 8.14 0.900 0.0000e+00
ACC2 4096 8 6.00 0.9500 8.14 0.930 0.0000e+00
ACC2 4096 8 6.00 0.9500 8.14 0.960 0.0000e+00
ACC2 4096 8 6.00 0.9500 8.14 0.980 0.0000e+00
ACC2 4096 8 6.00 0.9500 8.14 1.000 1.2700e-03
ACC2 4096 8 6.00 0.9500 16.12 0.900 0.0000e+00
ACC2 4096 8 6.00 0.9500 16.12 0.930 0.0000e+00
ACC2 4096 8 6.00 0.9500 16.12 0.960 0.0000e+00
ACC2 4096 8 6.00 0.9500 16.12 0.980 0.0000e+00
ACC2 4096 8 6.00 0.9500 16.12 1.000 5.2549e-04
ACC2 4096 8 6.00 0.9500 32.61 0.900 0.0000e+00
ACC2 4096 8 6.00 0.9500 32.61 0.930 0.0000e+00
ACC2 4096 8 6.00 0.9500 32.61 0.960 0.0000e+00
ACC2 4096 8 6.00 0.9500 32.61 0.980 0.0000e+00
ACC2 4096 8 6.00 0.9500 32.61 1.000 5.4259e-04
ACC2 4096 8 6.00 0.9500 64.60 0.900 0.0000e+00
ACC2 4096 8 6.00 0.9500 64.60 0.930 0.0000e+00
ACC2 4096 8 6.00 0.9500 64.60 0.960 0.0000e+00
ACC2 4096 8 6.00 0.9500 64.60 0.980 0.0000e+00
ACC2 4096 8 6.00 0.9500 64.60 1.000 8.3752e-04
ACC2 4096 8 6.00 0.9500 128.59 0.900 0.0000e+00
ACC2 4096 8 6.00 0.9500 128.59 0.930 0.0000e+00
ACC2 4096 8 6.00 0.9500 128.59 0.960 0.0000e+00
ACC2 4096 8 6.00 0.9500 128.59 0.980 2.8736e-04
ACC2 4096 8 6.00 0.9500 128.59 1.000 8.6207e-04
ACC2 4096 8 6.00 0.9800 2.03 0.900 0.0000e+00
ACC2 4096 8 6.00 0.9800 2.03 0.930 0.0000e+00
ACC2 4096 8 6.00 0.9800 2.03 0.960 0.0000e+00
ACC2 4096 8 6.00 0.9800 2.03 0.980 2.4963e-04
ACC2 4096 8 6.00 0.9800 2.03 1.000 1.1982e-02
ACC2 4096 8 6.00 0.9800 3.94 0.900 0.0000e+00
ACC2 4096 8 6.00 0.9800 3.94 0.930 0.0000e+00
ACC2 4096 8 6.00 0.9800 3.94 0.960 0.0000e+00
ACC2 4096 8 6.00 0.9800 3.94 0.980 2.5355e-04
ACC2 4096 8 6.00 0.9800 3.94 1.000 5.0710e-03
ACC2 4096 8 6.00 0.9800 8.14 0.900 0.0000e+00
ACC2 4096 8 6.00 0.9800 8.14 0.930 0.0000e+00
ACC2 4096 8 6.00 0.9800 8.14 0.960 0.0000e+00
ACC2 4096 8 6.00 0.9800 8.14 0.980 2.5887e-04
ACC2 4096 8 6.00 0.9800 8.14 1.000 3.6241e-03
ACC2 4096 8 6.00 0.9800 16.12 0.900 0.0000e+00
ACC2 4096 8 6.00 0.9800 16.12 0.930 0.0000e+00
ACC2 4096 8 6.00 0.9800 16.12 0.960 0.0000e+00
ACC2 4096 8 6.00 0.9800 16.12 0.980 0.0000e+00
ACC2 4096 8 6.00 0.9800 16.12 1.000 1.0670e-03
ACC2 4096 8 6.00 0.9800 32.61 0.900 0.0000e+00
ACC2 4096 8 6.00 0.9800 32.61 0.930 0.0000e+00
ACC2 4096 8 6.00 0.9800 32.61 0.960 0.0000e+00
ACC2 4096 8 6.00 0.9800 32.61 0.980 2.7122e-04
ACC2 4096 8 6.00 0.9800 32.61 1.000 1.0849e-03
ACC2 4096 8 6.00 0.9800 64.60 0.900 0.0000e+00
ACC2 4096 8 6.00 0.9800 64.60 0.930 0.0000e+00
ACC2 4096 8 6.00 0.9800 64.60 0.960 0.0000e+00
ACC2 4096 8 6.00 0.9800 64.60 0.980 0.0000e+00
ACC2 4096 8 6.00 0.9800 64.60 1.000 2.7732e-04
ACC2 4096 8 6.00 0.9800 128.59 0.900 0.0000e+00
ACC2 4096 8 6.00 0.9800 128.59 0.930 0.0000e+00
ACC2 4096 8 6.00 0.9800 128.59 0.960 0.0000e+00
ACC2 4096 8 6.00 0.9800 128.59 0.980 0.0000e+00
ACC2 4096 8 6.00 0.9800 128.59 1.000 5.7110e-04
ACC2 4096 8 6.00 0.9950 2.03 0.900 0.0000e+00
ACC2 4096 8 6.00 0.9950 2.03 0.930 0.0000e+00
ACC2 4096 8 6.00 0.9950 2.03 0.960 0.0000e+00
ACC2 4096 8 6.00 0.9950 2.03 0.980 0.0000e+00
ACC2 4096 8 6.00 0.9950 2.03 1.000 3.5525e-02
ACC2 4096 8 6.00 0.9950 3.94 0.900 0.0000e+00
ACC2 4096 8 6.00 0.9950 3.94 0.930 0.0000e+00
ACC2 4096 8 6.00 0.9950 3.94 0.960 0.0000e+00
ACC2 4096 8 6.00 0.9950 3.94 0.980 0.0000e+00
ACC2 4096 8 6.00 0.9950 3.94 1.000 2.8709e-02
ACC2 4096 8 6.00 0.9950 8.14 0.900 0.0000e+00
ACC2 4096 8 6.00 0.9950 8.14 0.930 0.0000e+00
ACC2 4096 8 6.00 0.9950 8.14 0.960 0.0000e+00
ACC2 4096 8 6.00 0.9950 8.14 0.980 0.0000e+00
ACC2 4096 8 6.00 0.9950 8.14 1.000 1.9859e-02
ACC2 4096 8 6.00 0.9950 16.12 0.900 0.0000e+00
ACC2 4096 8 6.00 0.9950 16.12 0.930 0.0000e+00
ACC2 4096 8 6.00 0.9950 16.12 0.960 0.0000e+00
ACC2 4096 8 6.00 0.9950 16.12 0.980 0.0000e+00
ACC2 4096 8 6.00 0.9950 16.12 1.000 8.5352e-03
ACC2 4096 8 6.00 0.9950 32.61 0.900 0.0000e+00
ACC2 4096 8 6.00 0.9950 32.61 0.930 0.0000e+00
ACC2 4096 8 6.00 0.9950 32.61 0.960 0.0000e+00
ACC2 4096 8 6.00 0.9950 32.61 0.980 0.0000e+00
ACC2 4096 8 6.00 0.9950 32.61 1.000 6.3942e-03
ACC2 4096 8 6.00 0.9950 64.60 0.900 0.0000e+00
ACC2 4096 8 6.00 0.9950 64.60 0.930 0.0000e+00
ACC2 4096 8 6.00 0.9950 64.60 0.960 0.0000e+00
ACC2 4096 8 6.00 0.9950 64.60 0.980 0.0000e+00
ACC2 4096 8 6.00 0.9950 64.60 1.000 3.9150e-03
ACC2 4096 8 6.00 0.9950 128.59 0.900 0.0000e+00
ACC2 4096 8 6.00 0.9950 128.59 0.930 0.0000e+00
ACC2 4096 8 6.00 0.9950 128.59 0.960 0.0000e+00
ACC2 4096 8 6.00 0.9950 128.59 0.980 0.0000e+00
ACC2 4096 8 6.00 0.9950 128.59 1.000 2.5656e-03
ACC2 4096 8 6.50 0.8000 2.03 0.900 0.0000e+00
ACC2 4096 8 6.50 0.8000 2.03 0.930 2.6295e-04
ACC2 4096 8 6.50 0.8000 2.03 0.960 2.6295e-04
ACC2 4096 8 6.50 0.8000 2.03 0.980 2.6295e-04
ACC2 4096 8 6.50 0.8000 2.03 1.000 2.6295e-04
ACC2 4096 8 6.50 0.8000 3.94 0.900 0.0000e+00
ACC2 4096 8 6.50 0.8000 3.94 0.930 0.0000e+00
ACC2 4096 8 6.50 0.8000 3.94 0.960 0.0000e+00
ACC2 4096 8 6.50 0.8000 3.94 0.980 2.7203e-04
ACC2 4096 8 6.50 0.8000 3.94 1.000 8.1610e-04
ACC2 4096 8 6.50 0.8000 8.14 0.900 0.0000e+00
ACC2 4096 8 6.50 0.8000 8.14 0.930 0.0000e+00
ACC2 4096 8 6.50 0.8000 8.14 0.960 0.0000e+00
ACC2 4096 8 6.50 0.8000 8.14 0.980 0.0000e+00
ACC2 4096 8 6.50 0.8000 8.14 1.000 8.4914e-04
ACC2 4096 8 6.50 0.8000 16.12 0.900 0.0000e+00
ACC2 4096 8 6.50 0.8000 16.12 0.930 0.0000e+00
ACC2 4096 8 6.50 0.8000 16.12 0.960 0.0000e+00
ACC2 4096 8 6.50 0.8000 16.12 0.980 2.9121e-04
ACC2 4096 8 6.50 0.8000 16.12 1.000 5.8241e-04
ACC2 4096 8 6.50 0.8000 32.61 0.900 0.0000e+00
ACC2 4096 8 6.50 0.8000 32.61 0.930 0.0000e+00
ACC2 4096 8 6.50 0.8000 32.61 0.960 0.0000e+00
ACC2 4096 8 6.50 0.8000 32.61 0.980 0.0000e+00
ACC2 4096 8 6.50 0.8000 32.61 1.000 1.1884e-03
ACC2 4096 8 6.50 0.8000 64.60 0.900 0.0000e+00
ACC2 4096 8 6.50 0.8000 64.60 0.930 0.0000e+00
ACC2 4096 8 6.50 0.8000 64.60 0.960 6.0332e-04
ACC2 4096 8 6.50 0.8000 64.60 0.980 6.0332e-04
ACC2 4096 8 6.50 0.8000 64.60 1.000 1.2066e-03
ACC2 4096 8 6.50 0.8000 128.59 0.900 0.0000e+00
ACC2 4096 8 6.50 0.8000 128.59 0.930 0.0000e+00
ACC2 4096 8 6.50 0.8000 128.59 0.960 3.0902e-04
ACC2 4096 8 6.50 0.8000 128.59 0.980 3.0902e-04
ACC2 4096 8 6.50 0.8000 128.59 1.000 3.0902e-04
ACC2 4096 8 6.50 0.9000 2.03 0.900 0.0000e+00
ACC2 4096 8 6.50 0.9000 2.03 0.930 0.0000e+00
ACC2 4096 8 6.50 0.9000 2.03 0.960 0.0000e+00
ACC2 4096 8 6.50 0.9000 2.03 0.980 2.4588e-04
ACC2 4096 8 6.50 0.9000 2.03 1.000 4.9176e-04
ACC2 4096 8 6.50 0.9000 3.94 0.900 0.0000e+00
ACC2 4096 8 6.50 0.9000 3.94 0.930 0.0000e+00
ACC2 4096 8 6.50 0.9000 3.94 0.960 2.5497e-04
ACC2 4096 8 6.50 0.9000 3.94 0.980 2.5497e-04
ACC2 4096 8 6.50 0.9000 3.94 1.000 2.5497e-04
ACC2 4096 8 6.50 0.9000 8.14 0.900 0.0000e+00
ACC2 4096 8 6.50 0.9000 8.14 0.930 0.0000e+00
ACC2 4096 8 6.50 0.9000 8.14 0.960 2.6448e-04
ACC2 4096 8 6.50 0.9000 8.14 0.980 2.6448e-04
ACC2 4096 8 6.50 0.9000 8.14 1.000 5.2896e-04
ACC2 4096 8 6.50 0.9000 16.12 0.900 0.0000e+00
ACC2 4096 8 6.50 0.9000 16.12 0.930 0.0000e+00
ACC2 4096 8 6.50 0.9000 16.12 0.960 2.7533e-04
ACC2 4096 8 6.50 0.9000 16.12 0.980 2.7533e-04
ACC2 4096 8 6.50 0.9000 16.12 1.000 2.7533e-04
ACC2 4096 8 6.50 0.9000 32.61 0.900 0.0000e+00
ACC2 4096 8 6.50 0.9000 32.61 0.930 0.0000e+00
ACC2 4096 8 6.50 0.9000 32.61 0.960 2.8297e-04
ACC2 4096 8 6.50 0.9000 32.61 0.980 2.8297e-04
ACC2 4096 8 6.50 0.9000 32.61 1.000 2.8297e-04
ACC2 4096 8 6.50 0.9000 64.60 0.900 0.0000e+00
ACC2 4096 8 6.50 0.9000 64.60 0.930 0.0000e+00
ACC2 4096 8 6.50 0.9000 64.60 0.960 0.0000e+00
ACC2 4096 8 6.50 0.9000 64.60 0.980 0.0000e+00
ACC2 4096 8 6.50 0.9000 64.60 1.000 0.0000e+00
ACC2 4096 8 6.50 0.9000 128.59 0.900 0.0000e+00
ACC2 4096 8 6.50 0.9000 128.59 0.930 0.0000e+00
ACC2 4096 8 6.50 0.9000 128.59 0.960 0.0000e+00
ACC2 4096 8 6.50 0.9000 128.59 0.980 2.9824e-04
ACC2 4096 8 6.50 0.9000 128.59 1.000 5.9648e-04
ACC2 4096 8 6.50 0.9500 2.03 0.900 0.0000e+00
ACC2 4096 8 6.50 0.9500 2.03 0.930 0.0000e+00
ACC2 4096 8 6.50 0.9500 2.03 0.960 0.0000e+00
ACC2 4096 8 6.50 0.9500 2.03 0.980 0.0000e+00
ACC2 4096 8 6.50 0.9500 2.03 1.000 4.9116e-04
ACC2 4096 8 6.50 0.9500 3.94 0.900 0.0000e+00
ACC2 4096 8 6.50 0.9500 3.94 0.930 0.0000e+00
ACC2 4096 8 6.50 0.9500 3.94 0.960 0.0000e+00
ACC2 4096 8 6.50 0.9500 3.94 0.980 0.0000e+00
ACC2 4096 8 6.50 0.9500 3.94 1.000 7.5662e-04
ACC2 4096 8 6.50 0.9500 8.14 0.900 0.0000e+00
ACC2 4096 8 6.50 0.9500 8.14 0.930 0.0000e+00
ACC2 4096 8 6.50 0.9500 8.14 0.960 0.0000e+00
ACC2 4096 8 6.50 0.9500 8.14 0.980 0.0000e+00
ACC2 4096 8 6.50 0.9500 8.14 1.000 7.7801e-04
ACC2 4096 8 6.50 0.9500 16.12 0.900 0.0000e+00
ACC2 4096 8 6.50 0.9500 16.12 0.930 0.0000e+00
ACC2 4096 8 6.50 0.9500 16.12 0.960 0.0000e+00
ACC2 4096 8 6.50 0.9500 16.12 0.980 0.0000e+00
ACC2 4096 8 6.50 0.9500 16.12 1.000 5.3778e-04
ACC2 4096 8 6.50 0.9500 32.61 0.900 0.0000e+00
ACC2 4096 8 6.50 0.9500 32.61 0.930 0.0000e+00
ACC2 4096 8 6.50 0.9500 32.61 0.960 0.0000e+00
ACC2 4096 8 6.50 0.9500 32.61 0.980 0.0000e+00
ACC2 4096 8 6.50 0.9500 32.61 1.000 5.5325e-04
ACC2 4096 8 6.50 0.9500 64.60 0.900 0.0000e+00
ACC2 4096 8 6.50 0.9500 64.60 0.930 0.0000e+00
ACC2 4096 8 6.50 0.9500 64.60 0.960 0.0000e+00
ACC2 4096 8 6.50 0.9500 64.60 0.980 0.0000e+00
ACC2 4096 8 6.50 0.9500 64.60 1.000 8.5568e-04
ACC2 4096 8 6.50 0.9500 128.59 0.900 0.0000e+00
ACC2 4096 8 6.50 0.9500 128.59 0.930 0.0000e+00
ACC2 4096 8 6.50 0.9500 128.59 0.960 0.0000e+00
ACC2 4096 8 6.50 0.9500 128.59 0.980 5.8617e-04
ACC2 4096 8 6.50 0.9500 128.59 1.000 8.7925e-04
ACC2 4096 8 6.50 0.9800 2.03 0.900 0.0000e+00
ACC2 4096 8 6.50 0.9800 2.03 0.930 0.0000e+00
ACC2 4096 8 6.50 0.9800 2.03 0.960 0.0000e+00
ACC2 4096 8 6.50 0.9800 2.03 0.980 2.5419e-04
ACC2 4096 8 6.50 0.9800 2.03 1.000 9.6594e-03
ACC2 4096 8 6.50 0.9800 3.94 0.900 0.0000e+00
ACC2 4096 8 6.50 0.9800 3.94 0.930 0.0000e+00
ACC2 4096 8 6.50 0.9800 3.94 0.960 0.0000e+00
ACC2 4096 8 6.50 0.9800 3.94 0.980 2.5793e-04
ACC2 4096 8 6.50 0.9800 3.94 1.000 4.9007e-03
ACC2 4096 8 6.50 0.9800 8.14 0.900 0.0000e+00
ACC2 4096 8 6.50 0.9800 8.14 0.930 0.0000e+00
ACC2 4096 8 6.50 0.9800 8.14 0.960 0.0000e+00
ACC2 4096 8 6.50 0.9800 8.14 0.980 2.6337e-04
ACC2 4096 8 6.50 0.9800 8.14 1.000 2.1069e-03
ACC2 4096 8 6.50 0.9800 16.12 0.900 0.0000e+00
ACC2 4096 8 6.50 0.9800 16.12 0.930 0.0000e+00
ACC2 4096 8 6.50 0.9800 16.12 0.960 0.0000e+00
ACC2 4096 8 6.50 0.9800 16.12 0.980 0.0000e+00
ACC2 4096 8 6.50 0.9800 16.12 1.000 1.3506e-03
ACC2 4096 8 6.50 0.9800 32.61 0.900 0.0000e+00
ACC2 4096 8 6.50 0.9800 32.61 0.930 0.0000e+00
ACC2 4096 8 6.50 0.9800 32.61 0.960 0.0000e+00
ACC2 4096 8 6.50 0.9800 32.61 0.980 2.7548e-04
ACC2 4096 8 6.50 0.9800 32.61 1.000 8.2645e-04
ACC2 4096 8 6.50 0.9800 64.60 0.900 0.0000e+00
ACC2 4096 8 6.50 0.9800 64.60 0.930 0.0000e+00
ACC2 4096 8 6.50 0.9800 64.60 0.960 0.0000e+00
ACC2 4096 8 6.50 0.9800 64.60 0.980 0.0000e+00
ACC2 4096 8 6.50 0.9800 64.60 1.000 0.0000e+00
ACC2 4096 8 6.50 0.9800 128.59 0.900 0.0000e+00
ACC2 4096 8 6.50 0.9800 128.59 0.930 0.0000e+00
ACC2 4096 8 6.50 0.9800 128.59 0.960 0.0000e+00
ACC2 4096 8 6.50 0.9800 128.59 0.980 0.0000e+00
ACC2 4096 8 6.50 0.9800 128.59 1.000 8.7057e-04
ACC2 4096 8 6.50 0.9950 2.03 0.900 0.0000e+00
ACC2 4096 8 6.50 0.9950 2.03 0.930 0.0000e+00
ACC2 4096 8 6.50 0.9950 2.03 0.960 0.0000e+00
ACC2 4096 8 6.50 0.9950 2.03 0.980 0.0000e+00
ACC2 4096 8 6.50 0.9950 2.03 1.000 3.4575e-02
ACC2 4096 8 6.50 0.9950 3.94 0.900 0.0000e+00
ACC2 4096 8 6.50 0.9950 3.94 0.930 0.0000e+00
ACC2 4096 8 6.50 0.9950 3.94 0.960 0.0000e+00
ACC2 4096 8 6.50 0.9950 3.94 0.980 0.0000e+00
ACC2 4096 8 6.50 0.9950 3.94 1.000 2.6337e-02
ACC2 4096 8 6.50 0.9950 8.14 0.900 0.0000e+00
ACC2 4096 8 6.50 0.9950 8.14 0.930 0.0000e+00
ACC2 4096 8 6.50 0.9950 8.14 0.960 0.0000e+00
ACC2 4096 8 6.50 0.9950 8.14 0.980 0.0000e+00
ACC2 4096 8 6.50 0.9950 8.14 1.000 1.8764e-02
ACC2 4096 8 6.50 0.9950 16.12 0.900 0.0000e+00
ACC2 4096 8 6.50 0.9950 16.12 0.930 0.0000e+00
ACC2 4096 8 6.50 0.9950 16.12 0.960 0.0000e+00
ACC2 4096 8 6.50 0.9950 16.12 0.980 0.0000e+00
ACC2 4096 8 6.50 0.9950 16.12 1.000 6.1298e-03
ACC2 4096 8 6.50 0.9950 32.61 0.900 0.0000e+00
ACC2 4096 8 6.50 0.9950 32.61 0.930 0.0000e+00
ACC2 4096 8 6.50 0.9950 32.61 0.960 0.0000e+00
ACC2 4096 8 6.50 0.9950 32.61 0.980 0.0000e+00
ACC2 4096 8 6.50 0.9950 32.61 1.000 6.7302e-03
ACC2 4096 8 6.50 0.9950 64.60 0.900 0.0000e+00
ACC2 4096 8 6.50 0.9950 64.60 0.930 0.0000e+00
ACC2 4096 8 6.50 0.9950 64.60 0.960 0.0000e+00
ACC2 4096 8 6.50 0.9950 64.60 0.980 0.0000e+00
ACC2 4096 8 6.50 0.9950 64.60 1.000 3.1223e-03
ACC2 4096 8 6.50 0.9950 128.59 0.900 0.0000e+00
ACC2 4096 8 6.50 0.9950 128.59 0.930 0.0000e+00
ACC2 4096 8 6.50 0.9950 128.59 0.960 0.0000e+00
ACC2 4096 8 6.50 0.9950 128.59 0.980 0.0000e+00
ACC2 4096 8 6.50 0.9950 128.59 1.000 1.1574e-03
ACC2 8192 4 5.00 0.8000 2.03 0.900 0.0000e+00
ACC2 8192 4 5.00 0.8000 2.03 0.930 0.0000e+00
ACC2 8192 4 5.00 0.8000 2.03 0.960 0.0000e+00
ACC2 8192 4 5.00 0.8000 2.03 0.980 2.1088e-04
ACC2 8192 4 5.00 0.8000 2.03 1.000 6.3264e-04
ACC2 8192 4 5.00 0.8000 3.94 0.900 0.0000e+00
ACC2 8192 4 5.00 0.8000 3.94 0.930 0.0000e+00
ACC2 8192 4 5.00 0.8000 3.94 0.960 2.1944e-04
ACC2 8192 4 5.00 0.8000 3.94 0.980 2.1944e-04
ACC2 8192 4 5.00 0.8000 3.94 1.000 4.3889e-04
ACC2 8192 4 5.00 0.8000 8.14 0.900 2.2994e-04
ACC2 8192 4 5.00 0.8000 8.14 0.930 4.5988e-04
ACC2 8192 4 5.00 0.8000 8.14 0.960 4.5988e-04
ACC2 8192 4 5.00 0.8000 8.14 0.980 4.5988e-04
ACC2 8192 4 5.00 0.8000 8.14 1.000 1.1497e-03
ACC2 8192 4 5.00 0.8000 16.12 0.900 0.0000e+00
ACC2 8192 4 5.00 0.8000 16.12 0.930 0.0000e+00
ACC2 8192 4 5.00 0.8000 16.12 0.960 7.2780e-04
ACC2 8192 4 5.00 0.8000 16.12 0.980 7.2780e-04
ACC2 8192 4 5.00 0.8000 16.12 1.000 7.2780e-04
ACC2 8192 4 5.00 0.8000 32.61 0.900 0.0000e+00
ACC2 8192 4 5.00 0.8000 32.61 0.930 0.0000e+00
ACC2 8192 4 5.00 0.8000 32.61 0.960 0.0000e+00
ACC2 8192 4 5.00 0.8000 32.61 0.980 0.0000e+00
ACC2 8192 4 5.00 0.8000 32.61 1.000 0.0000e+00
ACC2 8192 4 5.00 0.8000 64.60 0.900 0.0000e+00
ACC2 8192 4 5.00 0.8000 64.60 0.930 0.0000e+00
ACC2 8192 4 5.00 0.8000 64.60 0.960 0.0000e+00
ACC2 8192 4 5.00 0.8000 64.60 0.980 0.0000e+00
ACC2 8192 4 5.00 0.8000 64.60 1.000 0.0000e+00
ACC2 8192 4 5.00 0.8000 128.59 0.900 0.0000e+00
ACC2 8192 4 5.00 0.8000 128.59 0.930 0.0000e+00
ACC2 8192 4 5.00 0.8000 128.59 0.960 0.0000e+00
ACC2 8192 4 5.00 0.8000 128.59 0.980 0.0000e+00
ACC2 8192 4 5.00 0.8000 128.59 1.000 0.0000e+00
ACC2 8192 4 5.00 0.9000 2.03 0.900 0.0000e+00
ACC2 8192 4 5.00 0.9000 2.03 0.930 0.0000e+00
ACC2 8192 4 5.00 0.9000 2.03 0.960 2.1386e-04
ACC2 8192 4 5.00 0.9000 2.03 0.980 2.1386e-04
ACC2 8192 4 5.00 0.9000 2.03 1.000 1.7109e-03
ACC2 8192 4 5.00 0.9000 3.94 0.900 0.0000e+00
ACC2 8192 4 5.00 0.9000 3.94 0.930 0.0000e+00
ACC2 8192 4 5.00 0.9000 3.94 0.960 0.0000e+00
ACC2 8192 4 5.00 0.9000 3.94 0.980 0.0000e+00
ACC2 8192 4 5.00 0.9000 3.94 1.000 6.5660e-04
ACC2 8192 4 5.00 0.9000 8.14 0.900 0.0000e+00
ACC2 8192 4 5.00 0.9000 8.14 0.930 0.0000e+00
ACC2 8192 4 5.00 0.9000 8.14 0.960 0.0000e+00
ACC2 8192 4 5.00 0.9000 8.14 0.980 2.2962e-04
ACC2 8192 4 5.00 0.9000 8.14 1.000 9.1848e-04
ACC2 8192 4 5.00 0.9000 16.12 0.900 0.0000e+00
ACC2 8192 4 5.00 0.9000 16.12 0.930 0.0000e+00
ACC2 8192 4 5.00 0.9000 16.12 0.960 0.0000e+00
ACC2 8192 4 5.00 0.9000 16.12 0.980 0.0000e+00
ACC2 8192 4 5.00 0.9000 16.12 1.000 7.1548e-04
ACC2 8192 4 5.00 0.9000 32.61 0.900 0.0000e+00
ACC2 8192 4 5.00 0.9000 32.61 0.930 0.0000e+00
ACC2 8192 4 5.00 0.9000 32.61 0.960 0.0000e+00
ACC2 8192 4 5.00 0.9000 32.61 0.980 0.0000e+00
ACC2 8192 4 5.00 0.9000 32.61 1.000 0.0000e+00
ACC2 8192 4 5.00 0.9000 64.60 0.900 0.0000e+00
ACC2 8192 4 5.00 0.9000 64.60 0.930 0.0000e+00
ACC2 8192 4 5.00 0.9000 64.60 0.960 0.0000e+00
ACC2 8192 4 5.00 0.9000 64.60 0.980 2.5608e-04
ACC2 8192 4 5.00 0.9000 64.60 1.000 2.5608e-04
ACC2 8192 4 5.00 0.9000 128.59 0.900 0.0000e+00
ACC2 8192 4 5.00 0.9000 128.59 0.930 0.0000e+00
ACC2 8192 4 5.00 0.9000 128.59 0.960 0.0000e+00
ACC2 8192 4 5.00 0.9000 128.59 0.980 0.0000e+00
ACC2 8192 4 5.00 0.9000 128.59 1.000 0.0000e+00
ACC2 8192 4 5.00 0.9500 2.03 0.900 0.0000e+00
ACC2 8192 4 5.00 0.9500 2.03 0.930 0.0000e+00
ACC2 8192 4 5.00 0.9500 2.03 0.960 2.2075e-04
ACC2 8192 4 5.00 0.9500 2.03 0.980 1.1038e-03
ACC2 8192 4 5.00 0.9500 2.03 1.000 6.1810e-03
ACC2 8192 4 5.00 0.9500 3.94 0.900 0.0000e+00
ACC2 8192 4 5.00 0.9500 3.94 0.930 0.0000e+00
ACC2 8192 4 5.00 0.9500 3.94 0.960 0.0000e+00
ACC2 8192 4 5.00 0.9500 3.94 0.980 1.1261e-03
ACC2 8192 4 5.00 0.9500 3.94 1.000 5.1802e-03
ACC2 8192 4 5.00 0.9500 8.14 0.900 0.0000e+00
ACC2 8192 4 5.00 0.9500 8.14 0.930 0.0000e+00
ACC2 8192 4 5.00 0.9500 8.14 0.960 0.0000e+00
ACC2 8192 4 5.00 0.9500 8.14 0.980 2.3458e-04
ACC2 8192 4 5.00 0.9500 8.14 1.000 1.8766e-03
ACC2 8192 4 5.00 0.9500 16.12 0.900 0.0000e+00
ACC2 8192 4 5.00 0.9500 16.12 0.930 0.0000e+00
ACC2 8192 4 5.00 0.9500 16.12 0.960 4.8473e-04
ACC2 8192 4 5.00 0.9500 16.12 0.980 9.6946e-04
ACC2 8192 4 5.00 0.9500 16.12 1.000 3.8778e-03
ACC2 8192 4 5.00 0.9500 32.61 0.900 0.0000e+00
ACC2 8192 4 5.00 0.9500 32.61 0.930 0.0000e+00
ACC2 8192 4 5.00 0.9500 32.61 0.960 2.4963e-04
ACC2 8192 4 5.00 0.9500 32.61 0.980 7.4888e-04
ACC2 8192 4 5.00 0.9500 32.61 1.000 2.4963e-03
ACC2 8192 4 5.00 0.9500 64.60 0.900 0.0000e+00
ACC2 8192 4 5.00 0.9500 64.60 0.930 0.0000e+00
ACC2 8192 4 5.00 0.9500 64.60 0.960 0.0000e+00
ACC2 8192 4 5.00 0.9500 64.60 0.980 0.0000e+00
ACC2 8192 4 5.00 0.9500 64.60 1.000 7.7101e-04
ACC2 8192 4 5.00 0.9500 128.59 0.900 0.0000e+00
ACC2 8192 4 5.00 0.9500 128.59 0.930 0.0000e+00
ACC2 8192 4 5.00 0.9500 128.59 0.960 0.0000e+00
ACC2 8192 4 5.00 0.9500 128.59 0.980 0.0000e+00
ACC2 8192 4 5.00 0.9500 128.59 1.000 0.0000e+00
ACC2 8192 4 5.00 0.9800 2.03 0.900 0.0000e+00
ACC2 8192 4 5.00 0.9800 2.03 0.930 0.0000e+00
ACC2 8192 4 5.00 0.9800 2.03 0.960 0.0000e+00
ACC2 8192 4 5.00 0.9800 2.03 0.980 2.8077e-03
ACC2 8192 4 5.00 0.9800 2.03 1.000 2.0356e-02
ACC2 8192 4 5.00 0.9800 3.94 0.900 0.0000e+00
ACC2 8192 4 5.00 0.9800 3.94 0.930 0.0000e+00
ACC2 8192 4 5.00 0.9800 3.94 0.960 0.0000e+00
ACC2 8192 4 5.00 0.9800 3.94 0.980 2.3764e-03
ACC2 8192 4 5.00 0.9800 3.94 1.000 1.8298e-02
ACC2 8192 4 5.00 0.9800 8.14 0.900 0.0000e+00
ACC2 8192 4 5.00 0.9800 8.14 0.930 0.0000e+00
ACC2 8192 4 5.00 0.9800 8.14 0.960 2.4504e-04
ACC2 8192 4 5.00 0.9800 8.14 0.980 1.7153e-03
ACC2 8192 4 5.00 0.9800 8.14 1.000 1.0047e-02
ACC2 8192 4 5.00 0.9800 16.12 0.900 0.0000e+00
ACC2 8192 4 5.00 0.9800 16.12 0.930 0.0000e+00
ACC2 8192 4 5.00 0.9800 16.12 0.960 0.0000e+00
ACC2 8192 4 5.00 0.9800 16.12 0.980 7.5738e-04
ACC2 8192 4 5.00 0.9800 16.12 1.000 5.3017e-03
ACC2 8192 4 5.00 0.9800 32.61 0.900 0.0000e+00
ACC2 8192 4 5.00 0.9800 32.61 0.930 0.0000e+00
ACC2 8192 4 5.00 0.9800 32.61 0.960 0.0000e+00
ACC2 8192 4 5.00 0.9800 32.61 0.980 0.0000e+00
ACC2 8192 4 5.00 0.9800 32.61 1.000 2.3118e-03
ACC2 8192 4 5.00 0.9800 64.60 0.900 0.0000e+00
ACC2 8192 4 5.00 0.9800 64.60 0.930 0.0000e+00
ACC2 8192 4 5.00 0.9800 64.60 0.960 0.0000e+00
ACC2 8192 4 5.00 0.9800 64.60 0.980 0.0000e+00
ACC2 8192 4 5.00 0.9800 64.60 1.000 5.2743e-04
ACC2 8192 4 5.00 0.9800 128.59 0.900 0.0000e+00
ACC2 8192 4 5.00 0.9800 128.59 0.930 0.0000e+00
ACC2 8192 4 5.00 0.9800 128.59 0.960 0.0000e+00
ACC2 8192 4 5.00 0.9800 128.59 0.980 0.0000e+00
ACC2 8192 4 5.00 0.9800 128.59 1.000 0.0000e+00
ACC2 8192 4 5.00 0.9950 2.03 0.900 0.0000e+00
ACC2 8192 4 5.00 0.9950 2.03 0.930 0.0000e+00
ACC2 8192 4 5.00 0.9950 2.03 0.960 0.0000e+00
ACC2 8192 4 5.00 0.9950 2.03 0.980 5.2500e-03
ACC2 8192 4 5.00 0.9950 2.03 1.000 5.8750e-02
ACC2 8192 4 5.00 0.9950 3.94 0.900 0.0000e+00
ACC2 8192 4 5.00 0.9950 3.94 0.930 0.0000e+00
ACC2 8192 4 5.00 0.9950 3.94 0.960 2.5589e-04
ACC2 8192 4 5.00 0.9950 3.94 0.980 3.0706e-03
ACC2 8192 4 5.00 0.9950 3.94 1.000 4.6571e-02
ACC2 8192 4 5.00 0.9950 8.14 0.900 0.0000e+00
ACC2 8192 4 5.00 0.9950 8.14 0.930 0.0000e+00
ACC2 8192 4 5.00 0.9950 8.14 0.960 0.0000e+00
ACC2 8192 4 5.00 0.9950 8.14 0.980 1.0390e-03
ACC2 8192 4 5.00 0.9950 8.14 1.000 3.3506e-02
ACC2 8192 4 5.00 0.9950 16.12 0.900 0.0000e+00
ACC2 8192 4 5.00 0.9950 16.12 0.930 0.0000e+00
ACC2 8192 4 5.00 0.9950 16.12 0.960 0.0000e+00
ACC2 8192 4 5.00 0.9950 16.12 0.980 1.0619e-03
ACC2 8192 4 5.00 0.9950 16.12 1.000 2.1237e-02
ACC2 8192 4 5.00 0.9950 32.61 0.900 0.0000e+00
ACC2 8192 4 5.00 0.9950 32.61 0.930 0.0000e+00
ACC2 8192 4 5.00 0.9950 32.61 0.960 0.0000e+00
ACC2 8192 4 5.00 0.9950 32.61 0.980 0.0000e+00
ACC2 8192 4 5.00 0.9950 32.61 1.000 9.0861e-03
ACC2 8192 4 5.00 0.9950 64.60 0.900 0.0000e+00
ACC2 8192 4 5.00 0.9950 64.60 0.930 0.0000e+00
ACC2 8192 4 5.00 0.9950 64.60 0.960 0.0000e+00
ACC2 8192 4 5.00 0.9950 64.60 0.980 0.0000e+00
ACC2 8192 4 5.00 0.9950 64.60 1.000 2.4490e-03
ACC2 8192 4 5.00 0.9950 128.59 0.900 0.0000e+00
ACC2 8192 4 5.00 0.9950 128.59 0.930 0.0000e+00
ACC2 8192 4 5.00 0.9950 128.59 0.960 0.0000e+00
ACC2 8192 4 5.00 0.9950 128.59 0.980 0.0000e+00
ACC2 8192 4 5.00 0.9950 128.59 1.000 0.0000e+00
ACC2 8192 4 5.50 0.8000 2.03 0.900 0.0000e+00
ACC2 8192 4 5.50 0.8000 2.03 0.930 0.0000e+00
ACC2 8192 4 5.50 0.8000 2.03 0.960 0.0000e+00
ACC2 8192 4 5.50 0.8000 2.03 0.980 2.2386e-04
ACC2 8192 4 5.50 0.8000 2.03 1.000 6.7159e-04
ACC2 8192 4 5.50 0.8000 3.94 0.900 0.0000e+00
ACC2 8192 4 5.50 0.8000 3.94 0.930 0.0000e+00
ACC2 8192 4 5.50 0.8000 3.94 0.960 2.3321e-04
ACC2 8192 4 5.50 0.8000 3.94 0.980 4.6642e-04
ACC2 8192 4 5.50 0.8000 3.94 1.000 6.9963e-04
ACC2 8192 4 5.50 0.8000 8.14 0.900 2.4486e-04
ACC2 8192 4 5.50 0.8000 8.14 0.930 4.8972e-04
ACC2 8192 4 5.50 0.8000 8.14 0.960 4.8972e-04
ACC2 8192 4 5.50 0.8000 8.14 0.980 7.3457e-04
ACC2 8192 4 5.50 0.8000 8.14 1.000 1.2243e-03
ACC2 8192 4 5.50 0.8000 16.12 0.900 0.0000e+00
ACC2 8192 4 5.50 0.8000 16.12 0.930 0.0000e+00
ACC2 8192 4 5.50 0.8000 16.12 0.960 7.7101e-04
ACC2 8192 4 5.50 0.8000 16.12 0.980 7.7101e-04
ACC2 8192 4 5.50 0.8000 16.12 1.000 7.7101e-04
ACC2 8192 4 5.50 0.8000 32.61 0.900 0.0000e+00
ACC2 8192 4 5.50 0.8000 32.61 0.930 0.0000e+00
ACC2 8192 4 5.50 0.8000 32.61 0.960 0.0000e+00
ACC2 8192 4 5.50 0.8000 32.61 0.980 0.0000e+00
ACC2 8192 4 5.50 0.8000 32.61 1.000 0.0000e+00
ACC2 8192 4 5.50 0.8000 64.60 0.900 0.0000e+00
ACC2 8192 4 5.50 0.8000 64.60 0.930 0.0000e+00
ACC2 8192 4 5.50 0.8000 64.60 0.960 2.7518e-04
ACC2 8192 4 5.50 0.8000 64.60 0.980 2.7518e-04
ACC2 8192 4 5.50 0.8000 64.60 1.000 5.5036e-04
ACC2 8192 4 5.50 0.8000 128.59 0.900 0.0000e+00
ACC2 8192 4 5.50 0.8000 128.59 0.930 0.0000e+00
ACC2 8192 4 5.50 0.8000 128.59 0.960 0.0000e+00
ACC2 8192 4 5.50 0.8000 128.59 0.980 0.0000e+00
ACC2 8192 4 5.50 0.8000 128.59 1.000 0.0000e+00
ACC2 8192 4 5.50 0.9000 2.03 0.900 0.0000e+00
ACC2 8192 4 5.50 0.9000 2.03 0.930 0.0000e+00
ACC2 8192 4 5.50 0.9000 2.03 0.960 0.0000e+00
ACC2 8192 4 5.50 0.9000 2.03 0.980 2.2148e-04
ACC2 8192 4 5.50 0.9000 2.03 1.000 1.3289e-03
ACC2 8192 4 5.50 0.9000 3.94 0.900 0.0000e+00
ACC2 8192 4 5.50 0.9000 3.94 0.930 0.0000e+00
ACC2 8192 4 5.50 0.9000 3.94 0.960 0.0000e+00
ACC2 8192 4 5.50 0.9000 3.94 0.980 0.0000e+00
ACC2 8192 4 5.50 0.9000 3.94 1.000 6.8368e-04
ACC2 8192 4 5.50 0.9000 8.14 0.900 0.0000e+00
ACC2 8192 4 5.50 0.9000 8.14 0.930 0.0000e+00
ACC2 8192 4 5.50 0.9000 8.14 0.960 0.0000e+00
ACC2 8192 4 5.50 0.9000 8.14 0.980 0.0000e+00
ACC2 8192 4 5.50 0.9000 8.14 1.000 4.7813e-04
ACC2 8192 4 5.50 0.9000 16.12 0.900 0.0000e+00
ACC2 8192 4 5.50 0.9000 16.12 0.930 0.0000e+00
ACC2 8192 4 5.50 0.9000 16.12 0.960 0.0000e+00
ACC2 8192 4 5.50 0.9000 16.12 0.980 0.0000e+00
ACC2 8192 4 5.50 0.9000 16.12 1.000 9.9379e-04
ACC2 8192 4 5.50 0.9000 32.61 0.900 0.0000e+00
ACC2 8192 4 5.50 0.9000 32.61 0.930 0.0000e+00
ACC2 8192 4 5.50 0.9000 32.61 0.960 0.0000e+00
ACC2 8192 4 5.50 0.9000 32.61 0.980 2.5947e-04
ACC2 8192 4 5.50 0.9000 32.61 1.000 7.7841e-04
ACC2 8192 4 5.50 0.9000 64.60 0.900 0.0000e+00
ACC2 8192 4 5.50 0.9000 64.60 0.930 0.0000e+00
ACC2 8192 4 5.50 0.9000 64.60 0.960 0.0000e+00
ACC2 8192 4 5.50 0.9000 64.60 0.980 2.6660e-04
ACC2 8192 4 5.50 0.9000 64.60 1.000 5.3319e-04
ACC2 8192 4 5.50 0.9000 128.59 0.900 0.0000e+00
ACC2 8192 4 5.50 0.9000 128.59 0.930 0.0000e+00
ACC2 8192 4 5.50 0.9000 128.59 0.960 0.0000e+00
ACC2 8192 4 5.50 0.9000 128.59 0.980 0.0000e+00
ACC2 8192 4 5.50 0.9000 128.59 1.000 0.0000e+00
ACC2 8192 4 5.50 0.9500 2.03 0.900 0.0000e+00
ACC2 8192 4 5.50 0.9500 2.03 0.930 0.0000e+00
ACC2 8192 4 5.50 0.9500 2.03 0.960 0.0000e+00
ACC2 8192 4 5.50 0.9500 2.03 0.980 9.0785e-04
ACC2 8192 4 5.50 0.9500 2.03 1.000 4.7662e-03
ACC2 8192 4 5.50 0.9500 3.94 0.900 0.0000e+00
ACC2 8192 4 5.50 0.9500 3.94 0.930 0.0000e+00
ACC2 8192 4 5.50 0.9500 3.94 0.960 0.0000e+00
ACC2 8192 4 5.50 0.9500 3.94 0.980 6.9477e-04
ACC2 8192 4 5.50 0.9500 3.94 1.000 3.7054e-03
ACC2 8192 4 5.50 0.9500 8.14 0.900 0.0000e+00
ACC2 8192 4 5.50 0.9500 8.14 0.930 0.0000e+00
ACC2 8192 4 5.50 0.9500 8.14 0.960 0.0000e+00
ACC2 8192 4 5.50 0.9500 8.14 0.980 0.0000e+00
ACC2 8192 4 5.50 0.9500 8.14 1.000 1.9333e-03
ACC2 8192 4 5.50 0.9500 16.12 0.900 0.0000e+00
ACC2 8192 4 5.50 0.9500 16.12 0.930 0.0000e+00
ACC2 8192 4 5.50 0.9500 16.12 0.960 0.0000e+00
ACC2 8192 4 5.50 0.9500 16.12 0.980 4.9950e-04
ACC2 8192 4 5.50 0.9500 16.12 1.000 3.2468e-03
ACC2 8192 4 5.50 0.9500 32.61 0.900 0.0000e+00
ACC2 8192 4 5.50 0.9500 32.61 0.930 0.0000e+00
ACC2 8192 4 5.50 0.9500 32.61 0.960 0.0000e+00
ACC2 8192 4 5.50 0.9500 32.61 0.980 2.5800e-04
ACC2 8192 4 5.50 0.9500 32.61 1.000 1.0320e-03
ACC2 8192 4 5.50 0.9500 64.60 0.900 0.0000e+00
ACC2 8192 4 5.50 0.9500 64.60 0.930 0.0000e+00
ACC2 8192 4 5.50 0.9500 64.60 0.960 0.0000e+00
ACC2 8192 4 5.50 0.9500 64.60 0.980 0.0000e+00
ACC2 8192 4 5.50 0.9500 64.60 1.000 5.3333e-04
ACC2 8192 4 5.50 0.9500 128.59 0.900 0.0000e+00
ACC2 8192 4 5.50 0.9500 128.59 0.930 0.0000e+00
ACC2 8192 4 5.50 0.9500 128.59 0.960 0.0000e+00
ACC2 8192 4 5.50 0.9500 128.59 0.980 0.0000e+00
ACC2 8192 4 5.50 0.9500 128.59 1.000 0.0000e+00
ACC2 8192 4 5.50 0.9800 2.03 0.900 0.0000e+00
ACC2 8192 4 5.50 0.9800 2.03 0.930 0.0000e+00
ACC2 8192 4 5.50 0.9800 2.03 0.960 0.0000e+00
ACC2 8192 4 5.50 0.9800 2.03 0.980 1.4296e-03
ACC2 8192 4 5.50 0.9800 2.03 1.000 1.8585e-02
ACC2 8192 4 5.50 0.9800 3.94 0.900 0.0000e+00
ACC2 8192 4 5.50 0.9800 3.94 0.930 0.0000e+00
ACC2 8192 4 5.50 0.9800 3.94 0.960 0.0000e+00
ACC2 8192 4 5.50 0.9800 3.94 0.980 1.4613e-03
ACC2 8192 4 5.50 0.9800 3.94 1.000 1.6074e-02
ACC2 8192 4 5.50 0.9800 8.14 0.900 0.0000e+00
ACC2 8192 4 5.50 0.9800 8.14 0.930 0.0000e+00
ACC2 8192 4 5.50 0.9800 8.14 0.960 2.5050e-04
ACC2 8192 4 5.50 0.9800 8.14 0.980 5.0100e-04
ACC2 8192 4 5.50 0.9800 8.14 1.000 7.2645e-03
ACC2 8192 4 5.50 0.9800 16.12 0.900 0.0000e+00
ACC2 8192 4 5.50 0.9800 16.12 0.930 0.0000e+00
ACC2 8192 4 5.50 0.9800 16.12 0.960 0.0000e+00
ACC2 8192 4 5.50 0.9800 16.12 0.980 5.1440e-04
ACC2 8192 4 5.50 0.9800 16.12 1.000 5.6584e-03
ACC2 8192 4 5.50 0.9800 32.61 0.900 0.0000e+00
ACC2 8192 4 5.50 0.9800 32.61 0.930 0.0000e+00
ACC2 8192 4 5.50 0.9800 32.61 0.960 0.0000e+00
ACC2 8192 4 5.50 0.9800 32.61 0.980 0.0000e+00
ACC2 8192 4 5.50 0.9800 32.61 1.000 2.1086e-03
ACC2 8192 4 5.50 0.9800 64.60 0.900 0.0000e+00
ACC2 8192 4 5.50 0.9800 64.60 0.930 0.0000e+00
ACC2 8192 4 5.50 0.9800 64.60 0.960 0.0000e+00
ACC2 8192 4 5.50 0.9800 64.60 0.980 0.0000e+00
ACC2 8192 4 5.50 0.9800 64.60 1.000 0.0000e+00
ACC2 8192 4 5.50 0.9800 128.59 0.900 0.0000e+00
ACC2 8192 4 5.50 0.9800 128.59 0.930 0.0000e+00
ACC2 8192 4 5.50 0.9800 128.59 0.960 0.0000e+00
ACC2 8192 4 5.50 0.9800 128.59 0.980 0.0000e+00
ACC2 8192 4 5.50 0.9800 128.59 1.000 0.0000e+00
ACC2 8192 4 5.50 0.9950 2.03 0.900 0.0000e+00
ACC2 8192 4 5.50 0.9950 2.03 0.930 0.0000e+00
ACC2 8192 4 5.50 0.9950 2.03 0.960 0.0000e+00
ACC2 8192 4 5.50 0.9950 2.03 0.980 3.0496e-03
ACC2 8192 4 5.50 0.9950 2.03 1.000 5.4130e-02
ACC2 8192 4 5.50 0.9950 3.94 0.900 0.0000e+00
ACC2 8192 4 5.50 0.9950 3.94 0.930 0.0000e+00
ACC2 8192 4 5.50 0.9950 3.94 0.960 0.0000e+00
ACC2 8192 4 5.50 0.9950 3.94 0.980 1.5654e-03
ACC2 8192 4 5.50 0.9950 3.94 1.000 4.4613e-02
ACC2 8192 4 5.50 0.9950 8.14 0.900 0.0000e+00
ACC2 8192 4 5.50 0.9950 8.14 0.930 0.0000e+00
ACC2 8192 4 5.50 0.9950 8.14 0.960 0.0000e+00
ACC2 8192 4 5.50 0.9950 8.14 0.980 1.0540e-03
ACC2 8192 4 5.50 0.9950 8.14 1.000 3.0567e-02
ACC2 8192 4 5.50 0.9950 16.12 0.900 0.0000e+00
ACC2 8192 4 5.50 0.9950 16.12 0.930 0.0000e+00
ACC2 8192 4 5.50 0.9950 16.12 0.960 0.0000e+00
ACC2 8192 4 5.50 0.9950 16.12 0.980 5.3937e-04
ACC2 8192 4 5.50 0.9950 16.12 1.000 1.8069e-02
ACC2 8192 4 5.50 0.9950 32.61 0.900 0.0000e+00
ACC2 8192 4 5.50 0.9950 32.61 0.930 0.0000e+00
ACC2 8192 4 5.50 0.9950 32.61 0.960 0.0000e+00
ACC2 8192 4 5.50 0.9950 32.61 0.980 0.0000e+00
ACC2 8192 4 5.50 0.9950 32.61 1.000 1.0664e-02
ACC2 8192 4 5.50 0.9950 64.60 0.900 0.0000e+00
ACC2 8192 4 5.50 0.9950 64.60 0.930 0.0000e+00
ACC2 8192 4 5.50 0.9950 64.60 0.960 0.0000e+00
ACC2 8192 4 5.50 0.9950 64.60 0.980 0.0000e+00
ACC2 8192 4 5.50 0.9950 64.60 1.000 2.4972e-03
ACC2 8192 4 5.50 0.9950 128.59 0.900 0.0000e+00
ACC2 8192 4 5.50 0.9950 128.59 0.930 0.0000e+00
ACC2 8192 4 5.50 0.9950 128.59 0.960 0.0000e+00
ACC2 8192 4 5.50 0.9950 128.59 0.980 0.0000e+00
ACC2 8192 4 5.50 0.9950 128.59 1.000 0.0000e+00
ACC2 8192 4 6.00 0.8000 2.03 0.900 0.0000e+00
ACC2 8192 4 6.00 0.8000 2.03 0.930 0.0000e+00
ACC2 8192 4 6.00 0.8000 2.03 0.960 0.0000e+00
ACC2 8192 4 6.00 0.8000 2.03 0.980 2.3518e-04
ACC2 8192 4 6.00 0.8000 2.03 1.000 7.0555e-04
ACC2 8192 4 6.00 0.8000 3.94 0.900 0.0000e+00
ACC2 8192 4 6.00 0.8000 3.94 0.930 0.0000e+00
ACC2 8192 4 6.00 0.8000 3.94 0.960 2.4594e-04
ACC2 8192 4 6.00 0.8000 3.94 0.980 2.4594e-04
ACC2 8192 4 6.00 0.8000 3.94 1.000 9.8377e-04
ACC2 8192 4 6.00 0.8000 8.14 0.900 2.5615e-04
ACC2 8192 4 6.00 0.8000 8.14 0.930 5.1230e-04
ACC2 8192 4 6.00 0.8000 8.14 0.960 5.1230e-04
ACC2 8192 4 6.00 0.8000 8.14 0.980 1.0246e-03
ACC2 8192 4 6.00 0.8000 8.14 1.000 1.2807e-03
ACC2 8192 4 6.00 0.8000 16.12 0.900 0.0000e+00
ACC2 8192 4 6.00 0.8000 16.12 0.930 0.0000e+00
ACC2 8192 4 6.00 0.8000 16.12 0.960 8.0559e-04
ACC2 8192 4 6.00 0.8000 16.12 0.980 8.0559e-04
ACC2 8192 4 6.00 0.8000 16.12 1.000 8.0559e-04
ACC2 8192 4 6.00 0.8000 32.61 0.900 0.0000e+00
ACC2 8192 4 6.00 0.8000 32.61 0.930 0.0000e+00
ACC2 8192 4 6.00 0.8000 32.61 0.960 0.0000e+00
ACC2 8192 4 6.00 0.8000 32.61 0.980 0.0000e+00
ACC2 8192 4 6.00 0.8000 32.61 1.000 0.0000e+00
ACC2 8192 4 6.00 0.8000 64.60 0.900 0.0000e+00
ACC2 8192 4 6.00 0.8000 64.60 0.930 2.8417e-04
ACC2 8192 4 6.00 0.8000 64.60 0.960 2.8417e-04
ACC2 8192 4 6.00 0.8000 64.60 0.980 5.6834e-04
ACC2 8192 4 6.00 0.8000 64.60 1.000 8.5251e-04
ACC2 8192 4 6.00 0.8000 128.59 0.900 0.0000e+00
ACC2 8192 4 6.00 0.8000 128.59 0.930 2.9028e-04
ACC2 8192 4 6.00 0.8000 128.59 0.960 2.9028e-04
ACC2 8192 4 6.00 0.8000 128.59 0.980 2.9028e-04
ACC2 8192 4 6.00 0.8000 128.59 1.000 2.9028e-04
ACC2 8192 4 6.00 0.9000 2.03 0.900 0.0000e+00
ACC2 8192 4 6.00 0.9000 2.03 0.930 0.0000e+00
ACC2 8192 4 6.00 0.9000 2.03 0.960 0.0000e+00
ACC2 8192 4 6.00 0.9000 2.03 0.980 2.2904e-04
ACC2 8192 4 6.00 0.9000 2.03 1.000 6.8713e-04
ACC2 8192 4 6.00 0.9000 3.94 0.900 0.0000e+00
ACC2 8192 4 6.00 0.9000 3.94 0.930 0.0000e+00
ACC2 8192 4 6.00 0.9000 3.94 0.960 0.0000e+00
ACC2 8192 4 6.00 0.9000 3.94 0.980 0.0000e+00
ACC2 8192 4 6.00 0.9000 3.94 1.000 9.4451e-04
ACC2 8192 4 6.00 0.9000 8.14 0.900 0.0000e+00
ACC2 8192 4 6.00 0.9000 8.14 0.930 0.0000e+00
ACC2 8192 4 6.00 0.9000 8.14 0.960 0.0000e+00
ACC2 8192 4 6.00 0.9000 8.14 0.980 0.0000e+00
ACC2 8192 4 6.00 0.9000 8.14 1.000 4.9273e-04
ACC2 8192 4 6.00 0.9000 16.12 0.900 0.0000e+00
ACC2 8192 4 6.00 0.9000 16.12 0.930 0.0000e+00
ACC2 8192 4 6.00 0.9000 16.12 0.960 0.0000e+00
ACC2 8192 4 6.00 0.9000 16.12 0.980 2.5654e-04
ACC2 8192 4 6.00 0.9000 16.12 1.000 1.0262e-03
ACC2 8192 4 6.00 0.9000 32.61 0.900 0.0000e+00
ACC2 8192 4 6.00 0.9000 32.61 0.930 0.0000e+00
ACC2 8192 4 6.00 0.9000 32.61 0.960 0.0000e+00
ACC2 8192 4 6.00 0.9000 32.61 0.980 2.6882e-04
ACC2 8192 4 6.00 0.9000 32.61 1.000 5.3763e-04
ACC2 8192 4 6.00 0.9000 64.60 0.900 0.0000e+00
ACC2 8192 4 6.00 0.9000 64.60 0.930 0.0000e+00
ACC2 8192 4 6.00 0.9000 64.60 0.960 0.0000e+00
ACC2 8192 4 6.00 0.9000 64.60 0.980 0.0000e+00
ACC2 8192 4 6.00 0.9000 64.60 1.000 8.2531e-04
ACC2 8192 4 6.00 0.9000 128.59 0.900 0.0000e+00
ACC2 8192 4 6.00 0.9000 128.59 0.930 0.0000e+00
ACC2 8192 4 6.00 0.9000 128.59 0.960 0.0000e+00
ACC2 8192 4 6.00 0.9000 128.59 0.980 0.0000e+00
ACC2 8192 4 6.00 0.9000 128.59 1.000 0.0000e+00
ACC2 8192 4 6.00 0.9500 2.03 0.900 0.0000e+00
ACC2 8192 4 6.00 0.9500 2.03 0.930 0.0000e+00
ACC2 8192 4 6.00 0.9500 2.03 0.960 0.0000e+00
ACC2 8192 4 6.00 0.9500 2.03 0.980 4.6371e-04
ACC2 8192 4 6.00 0.9500 2.03 1.000 3.9416e-03
ACC2 8192 4 6.00 0.9500 3.94 0.900 0.0000e+00
ACC2 8192 4 6.00 0.9500 3.94 0.930 0.0000e+00
ACC2 8192 4 6.00 0.9500 3.94 0.960 0.0000e+00
ACC2 8192 4 6.00 0.9500 3.94 0.980 2.3776e-04
ACC2 8192 4 6.00 0.9500 3.94 1.000 1.4265e-03
ACC2 8192 4 6.00 0.9500 8.14 0.900 0.0000e+00
ACC2 8192 4 6.00 0.9500 8.14 0.930 0.0000e+00
ACC2 8192 4 6.00 0.9500 8.14 0.960 0.0000e+00
ACC2 8192 4 6.00 0.9500 8.14 0.980 0.0000e+00
ACC2 8192 4 6.00 0.9500 8.14 1.000 1.4840e-03
ACC2 8192 4 6.00 0.9500 16.12 0.900 0.0000e+00
ACC2 8192 4 6.00 0.9500 16.12 0.930 0.0000e+00
ACC2 8192 4 6.00 0.9500 16.12 0.960 0.0000e+00
ACC2 8192 4 6.00 0.9500 16.12 0.980 0.0000e+00
ACC2 8192 4 6.00 0.9500 16.12 1.000 2.0471e-03
ACC2 8192 4 6.00 0.9500 32.61 0.900 0.0000e+00
ACC2 8192 4 6.00 0.9500 32.61 0.930 0.0000e+00
ACC2 8192 4 6.00 0.9500 32.61 0.960 0.0000e+00
ACC2 8192 4 6.00 0.9500 32.61 0.980 2.6582e-04
ACC2 8192 4 6.00 0.9500 32.61 1.000 1.0633e-03
ACC2 8192 4 6.00 0.9500 64.60 0.900 0.0000e+00
ACC2 8192 4 6.00 0.9500 64.60 0.930 0.0000e+00
ACC2 8192 4 6.00 0.9500 64.60 0.960 0.0000e+00
ACC2 8192 4 6.00 0.9500 64.60 0.980 0.0000e+00
ACC2 8192 4 6.00 0.9500 64.60 1.000 5.4496e-04
ACC2 8192 4 6.00 0.9500 128.59 0.900 0.0000e+00
ACC2 8192 4 6.00 0.9500 128.59 0.930 0.0000e+00
ACC2 8192 4 6.00 0.9500 128.59 0.960 0.0000e+00
ACC2 8192 4 6.00 0.9500 128.59 0.980 0.0000e+00
ACC2 8192 4 6.00 0.9500 128.59 1.000 0.0000e+00
ACC2 8192 4 6.00 0.9800 2.03 0.900 0.0000e+00
ACC2 8192 4 6.00 0.9800 2.03 0.930 0.0000e+00
ACC2 8192 4 6.00 0.9800 2.03 0.960 0.0000e+00
ACC2 8192 4 6.00 0.9800 2.03 0.980 1.4493e-03
ACC2 8192 4 6.00 0.9800 2.03 1.000 1.7874e-02
ACC2 8192 4 6.00 0.9800 3.94 0.900 0.0000e+00
ACC2 8192 4 6.00 0.9800 3.94 0.930 0.0000e+00
ACC2 8192 4 6.00 0.9800 3.94 0.960 0.0000e+00
ACC2 8192 4 6.00 0.9800 3.94 0.980 7.4460e-04
ACC2 8192 4 6.00 0.9800 3.94 1.000 1.3155e-02
ACC2 8192 4 6.00 0.9800 8.14 0.900 0.0000e+00
ACC2 8192 4 6.00 0.9800 8.14 0.930 0.0000e+00
ACC2 8192 4 6.00 0.9800 8.14 0.960 0.0000e+00
ACC2 8192 4 6.00 0.9800 8.14 0.980 0.0000e+00
ACC2 8192 4 6.00 0.9800 8.14 1.000 4.8334e-03
ACC2 8192 4 6.00 0.9800 16.12 0.900 0.0000e+00
ACC2 8192 4 6.00 0.9800 16.12 0.930 0.0000e+00
ACC2 8192 4 6.00 0.9800 16.12 0.960 0.0000e+00
ACC2 8192 4 6.00 0.9800 16.12 0.980 5.2411e-04
ACC2 8192 4 6.00 0.9800 16.12 1.000 3.1447e-03
ACC2 8192 4 6.00 0.9800 32.61 0.900 0.0000e+00
ACC2 8192 4 6.00 0.9800 32.61 0.930 0.0000e+00
ACC2 8192 4 6.00 0.9800 32.61 0.960 0.0000e+00
ACC2 8192 4 6.00 0.9800 32.61 0.980 0.0000e+00
ACC2 8192 4 6.00 0.9800 32.61 1.000 1.3444e-03
ACC2 8192 4 6.00 0.9800 64.60 0.900 0.0000e+00
ACC2 8192 4 6.00 0.9800 64.60 0.930 0.0000e+00
ACC2 8192 4 6.00 0.9800 64.60 0.960 0.0000e+00
ACC2 8192 4 6.00 0.9800 64.60 0.980 0.0000e+00
ACC2 8192 4 6.00 0.9800 64.60 1.000 8.2690e-04
ACC2 8192 4 6.00 0.9800 128.59 0.900 0.0000e+00
ACC2 8192 4 6.00 0.9800 128.59 0.930 0.0000e+00
ACC2 8192 4 6.00 0.9800 128.59 0.960 0.0000e+00
ACC2 8192 4 6.00 0.9800 128.59 0.980 0.0000e+00
ACC2 8192 4 6.00 0.9800 128.59 1.000 0.0000e+00
ACC2 8192 4 6.00 0.9950 2.03 0.900 0.0000e+00
ACC2 8192 4 6.00 0.9950 2.03 0.930 0.0000e+00
ACC2 8192 4 6.00 0.9950 2.03 0.960 0.0000e+00
ACC2 8192 4 6.00 0.9950 2.03 0.980 5.1533e-04
ACC2 8192 4 6.00 0.9950 2.03 1.000 4.8956e-02
ACC2 8192 4 6.00 0.9950 3.94 0.900 0.0000e+00
ACC2 8192 4 6.00 0.9950 3.94 0.930 0.0000e+00
ACC2 8192 4 6.00 0.9950 3.94 0.960 0.0000e+00
ACC2 8192 4 6.00 0.9950 3.94 0.980 7.9660e-04
ACC2 8192 4 6.00 0.9950 3.94 1.000 3.7706e-02
ACC2 8192 4 6.00 0.9950 8.14 0.900 0.0000e+00
ACC2 8192 4 6.00 0.9950 8.14 0.930 0.0000e+00
ACC2 8192 4 6.00 0.9950 8.14 0.960 0.0000e+00
ACC2 8192 4 6.00 0.9950 8.14 0.980 0.0000e+00
ACC2 8192 4 6.00 0.9950 8.14 1.000 2.1089e-02
ACC2 8192 4 6.00 0.9950 16.12 0.900 0.0000e+00
ACC2 8192 4 6.00 0.9950 16.12 0.930 0.0000e+00
ACC2 8192 4 6.00 0.9950 16.12 0.960 0.0000e+00
ACC2 8192 4 6.00 0.9950 16.12 0.980 0.0000e+00
ACC2 8192 4 6.00 0.9950 16.12 1.000 1.2315e-02
ACC2 8192 4 6.00 0.9950 32.61 0.900 0.0000e+00
ACC2 8192 4 6.00 0.9950 32.61 0.930 0.0000e+00
ACC2 8192 4 6.00 0.9950 32.61 0.960 0.0000e+00
ACC2 8192 4 6.00 0.9950 32.61 0.980 0.0000e+00
ACC2 8192 4 6.00 0.9950 32.61 1.000 7.4896e-03
ACC2 8192 4 6.00 0.9950 64.60 0.900 0.0000e+00
ACC2 8192 4 6.00 0.9950 64.60 0.930 0.0000e+00
ACC2 8192 4 6.00 0.9950 64.60 0.960 0.0000e+00
ACC2 8192 4 6.00 0.9950 64.60 0.980 0.0000e+00
ACC2 8192 4 6.00 0.9950 64.60 1.000 1.9663e-03
ACC2 8192 4 6.00 0.9950 128.59 0.900 0.0000e+00
ACC2 8192 4 6.00 0.9950 128.59 0.930 0.0000e+00
ACC2 8192 4 6.00 0.9950 128.59 0.960 0.0000e+00
ACC2 8192 4 6.00 0.9950 128.59 0.980 0.0000e+00
ACC2 8192 4 6.00 0.9950 128.59 1.000 0.0000e+00
ACC2 8192 4 6.50 0.8000 2.03 0.900 0.0000e+00
ACC2 8192 4 6.50 0.8000 2.03 0.930 0.0000e+00
ACC2 8192 4 6.50 0.8000 2.03 0.960 0.0000e+00
ACC2 8192 4 6.50 0.8000 2.03 0.980 2.4759e-04
ACC2 8192 4 6.50 0.8000 2.03 1.000 7.4276e-04
ACC2 8192 4 6.50 0.8000 3.94 0.900 0.0000e+00
ACC2 8192 4 6.50 0.8000 3.94 0.930 0.0000e+00
ACC2 8192 4 6.50 0.8000 3.94 0.960 2.6035e-04
ACC2 8192 4 6.50 0.8000 3.94 0.980 2.6035e-04
ACC2 8192 4 6.50 0.8000 3.94 1.000 1.5621e-03
ACC2 8192 4 6.50 0.8000 8.14 0.900 0.0000e+00
ACC2 8192 4 6.50 0.8000 8.14 0.930 2.6802e-04
ACC2 8192 4 6.50 0.8000 8.14 0.960 5.3605e-04
ACC2 8192 4 6.50 0.8000 8.14 0.980 1.0721e-03
ACC2 8192 4 6.50 0.8000 8.14 1.000 1.3401e-03
ACC2 8192 4 6.50 0.8000 16.12 0.900 0.0000e+00
ACC2 8192 4 6.50 0.8000 16.12 0.930 0.0000e+00
ACC2 8192 4 6.50 0.8000 16.12 0.960 5.6007e-04
ACC2 8192 4 6.50 0.8000 16.12 0.980 8.4010e-04
ACC2 8192 4 6.50 0.8000 16.12 1.000 8.4010e-04
ACC2 8192 4 6.50 0.8000 32.61 0.900 0.0000e+00
ACC2 8192 4 6.50 0.8000 32.61 0.930 0.0000e+00
ACC2 8192 4 6.50 0.8000 32.61 0.960 0.0000e+00
ACC2 8192 4 6.50 0.8000 32.61 0.980 0.0000e+00
ACC2 8192 4 6.50 0.8000 32.61 1.000 0.0000e+00
ACC2 8192 4 6.50 0.8000 64.60 0.900 0.0000e+00
ACC2 8192 4 6.50 0.8000 64.60 0.930 0.0000e+00
ACC2 8192 4 6.50 0.8000 64.60 0.960 2.9146e-04
ACC2 8192 4 6.50 0.8000 64.60 0.980 5.8292e-04
ACC2 8192 4 6.50 0.8000 64.60 1.000 8.7438e-04
ACC2 8192 4 6.50 0.8000 128.59 0.900 2.9542e-04
ACC2 8192 4 6.50 0.8000 128.59 0.930 2.9542e-04
ACC2 8192 4 6.50 0.8000 128.59 0.960 2.9542e-04
ACC2 8192 4 6.50 0.8000 128.59 0.980 2.9542e-04
ACC2 8192 4 6.50 0.8000 128.59 1.000 2.9542e-04
ACC2 8192 4 6.50 0.9000 2.03 0.900 0.0000e+00
ACC2 8192 4 6.50 0.9000 2.03 0.930 0.0000e+00
ACC2 8192 4 6.50 0.9000 2.03 0.960 0.0000e+00
ACC2 8192 4 6.50 0.9000 2.03 0.980 0.0000e+00
ACC2 8192 4 6.50 0.9000 2.03 1.000 7.0855e-04
ACC2 8192 4 6.50 0.9000 3.94 0.900 0.0000e+00
ACC2 8192 4 6.50 0.9000 3.94 0.930 0.0000e+00
ACC2 8192 4 6.50 0.9000 3.94 0.960 0.0000e+00
ACC2 8192 4 6.50 0.9000 3.94 0.980 0.0000e+00
ACC2 8192 4 6.50 0.9000 3.94 1.000 9.7466e-04
ACC2 8192 4 6.50 0.9000 8.14 0.900 0.0000e+00
ACC2 8192 4 6.50 0.9000 8.14 0.930 0.0000e+00
ACC2 8192 4 6.50 0.9000 8.14 0.960 0.0000e+00
ACC2 8192 4 6.50 0.9000 8.14 0.980 0.0000e+00
ACC2 8192 4 6.50 0.9000 8.14 1.000 5.0839e-04
ACC2 8192 4 6.50 0.9000 16.12 0.900 0.0000e+00
ACC2 8192 4 6.50 0.9000 16.12 0.930 0.0000e+00
ACC2 8192 4 6.50 0.9000 16.12 0.960 2.6553e-04
ACC2 8192 4 6.50 0.9000 16.12 0.980 2.6553e-04
ACC2 8192 4 6.50 0.9000 16.12 1.000 1.0621e-03
ACC2 8192 4 6.50 0.9000 32.61 0.900 0.0000e+00
ACC2 8192 4 6.50 0.9000 32.61 0.930 0.0000e+00
ACC2 8192 4 6.50 0.9000 32.61 0.960 0.0000e+00
ACC2 8192 4 6.50 0.9000 32.61 0.980 5.5340e-04
ACC2 8192 4 6.50 0.9000 32.61 1.000 8.3011e-04
ACC2 8192 4 6.50 0.9000 64.60 0.900 0.0000e+00
ACC2 8192 4 6.50 0.9000 64.60 0.930 0.0000e+00
ACC2 8192 4 6.50 0.9000 64.60 0.960 0.0000e+00
ACC2 8192 4 6.50 0.9000 64.60 0.980 2.8177e-04
ACC2 8192 4 6.50 0.9000 64.60 1.000 8.4531e-04
ACC2 8192 4 6.50 0.9000 128.59 0.900 0.0000e+00
ACC2 8192 4 6.50 0.9000 128.59 0.930 0.0000e+00
ACC2 8192 4 6.50 0.9000 128.59 0.960 0.0000e+00
ACC2 8192 4 6.50 0.9000 128.59 0.980 0.0000e+00
ACC2 8192 4 6.50 0.9000 128.59 1.000 0.0000e+00
ACC2 8192 4 6.50 0.9500 2.03 0.900 0.0000e+00
ACC2 8192 4 6.50 0.9500 2.03 0.930 0.0000e+00
ACC2 8192 4 6.50 0.9500 2.03 0.960 0.0000e+00
ACC2 8192 4 6.50 0.9500 2.03 0.980 2.3725e-04
ACC2 8192 4 6.50 0.9500 2.03 1.000 2.1352e-03
ACC2 8192 4 6.50 0.9500 3.94 0.900 0.0000e+00
ACC2 8192 4 6.50 0.9500 3.94 0.930 0.0000e+00
ACC2 8192 4 6.50 0.9500 3.94 0.960 0.0000e+00
ACC2 8192 4 6.50 0.9500 3.94 0.980 2.4331e-04
ACC2 8192 4 6.50 0.9500 3.94 1.000 1.2165e-03
ACC2 8192 4 6.50 0.9500 8.14 0.900 0.0000e+00
ACC2 8192 4 6.50 0.9500 8.14 0.930 0.0000e+00
ACC2 8192 4 6.50 0.9500 8.14 0.960 0.0000e+00
ACC2 8192 4 6.50 0.9500 8.14 0.980 0.0000e+00
ACC2 8192 4 6.50 0.9500 8.14 1.000 1.0109e-03
ACC2 8192 4 6.50 0.9500 16.12 0.900 0.0000e+00
ACC2 8192 4 6.50 0.9500 16.12 0.930 0.0000e+00
ACC2 8192 4 6.50 0.9500 16.12 0.960 0.0000e+00
ACC2 8192 4 6.50 0.9500 16.12 0.980 0.0000e+00
ACC2 8192 4 6.50 0.9500 16.12 1.000 1.8349e-03
ACC2 8192 4 6.50 0.9500 32.61 0.900 0.0000e+00
ACC2 8192 4 6.50 0.9500 32.61 0.930 0.0000e+00
ACC2 8192 4 6.50 0.9500 32.61 0.960 0.0000e+00
ACC2 8192 4 6.50 0.9500 32.61 0.980 2.7270e-04
ACC2 8192 4 6.50 0.9500 32.61 1.000 8.1811e-04
ACC2 8192 4 6.50 0.9500 64.60 0.900 0.0000e+00
ACC2 8192 4 6.50 0.9500 64.60 0.930 0.0000e+00
ACC2 8192 4 6.50 0.9500 64.60 0.960 0.0000e+00
ACC2 8192 4 6.50 0.9500 64.60 0.980 0.0000e+00
ACC2 8192 4 6.50 0.9500 64.60 1.000 2.7886e-04
ACC2 8192 4 6.50 0.9500 128.59 0.900 0.0000e+00
ACC2 8192 4 6.50 0.9500 128.59 0.930 0.0000e+00
ACC2 8192 4 6.50 0.9500 128.59 0.960 0.0000e+00
ACC2 8192 4 6.50 0.9500 128.59 0.980 0.0000e+00
ACC2 8192 4 6.50 0.9500 128.59 1.000 0.0000e+00
ACC2 8192 4 6.50 0.9800 2.03 0.900 0.0000e+00
ACC2 8192 4 6.50 0.9800 2.03 0.930 0.0000e+00
ACC2 8192 4 6.50 0.9800 2.03 0.960 0.0000e+00
ACC2 8192 4 6.50 0.9800 2.03 0.980 4.8840e-04
ACC2 8192 4 6.50 0.9800 2.03 1.000 1.6117e-02
ACC2 8192 4 6.50 0.9800 3.94 0.900 0.0000e+00
ACC2 8192 4 6.50 0.9800 3.94 0.930 0.0000e+00
ACC2 8192 4 6.50 0.9800 3.94 0.960 0.0000e+00
ACC2 8192 4 6.50 0.9800 3.94 0.980 5.0556e-04
ACC2 8192 4 6.50 0.9800 3.94 1.000 9.3529e-03
ACC2 8192 4 6.50 0.9800 8.14 0.900 0.0000e+00
ACC2 8192 4 6.50 0.9800 8.14 0.930 0.0000e+00
ACC2 8192 4 6.50 0.9800 8.14 0.960 0.0000e+00
ACC2 8192 4 6.50 0.9800 8.14 0.980 0.0000e+00
ACC2 8192 4 6.50 0.9800 8.14 1.000 3.6129e-03
ACC2 8192 4 6.50 0.9800 16.12 0.900 0.0000e+00
ACC2 8192 4 6.50 0.9800 16.12 0.930 0.0000e+00
ACC2 8192 4 6.50 0.9800 16.12 0.960 0.0000e+00
ACC2 8192 4 6.50 0.9800 16.12 0.980 5.3277e-04
ACC2 8192 4 6.50 0.9800 16.12 1.000 2.6638e-03
ACC2 8192 4 6.50 0.9800 32.61 0.900 0.0000e+00
ACC2 8192 4 6.50 0.9800 32.61 0.930 0.0000e+00
ACC2 8192 4 6.50 0.9800 32.61 0.960 0.0000e+00
ACC2 8192 4 6.50 0.9800 32.61 0.980 0.0000e+00
ACC2 8192 4 6.50 0.9800 32.61 1.000 1.3665e-03
ACC2 8192 4 6.50 0.9800 64.60 0.900 0.0000e+00
ACC2 8192 4 6.50 0.9800 64.60 0.930 0.0000e+00
ACC2 8192 4 6.50 0.9800 64.60 0.960 0.0000e+00
ACC2 8192 4 6.50 0.9800 64.60 0.980 0.0000e+00
ACC2 8192 4 6.50 0.9800 64.60 1.000 5.5944e-04
ACC2 8192 4 6.50 0.9800 128.59 0.900 0.0000e+00
ACC2 8192 4 6.50 0.9800 128.59 0.930 0.0000e+00
ACC2 8192 4 6.50 0.9800 128.59 0.960 0.0000e+00
ACC2 8192 4 6.50 0.9800 128.59 0.980 0.0000e+00
ACC2 8192 4 6.50 0.9800 128.59 1.000 0.0000e+00
ACC2 8192 4 6.50 0.9950 2.03 0.900 0.0000e+00
ACC2 8192 4 6.50 0.9950 2.03 0.930 0.0000e+00
ACC2 8192 4 6.50 0.9950 2.03 0.960 0.0000e+00
ACC2 8192 4 6.50 0.9950 2.03 0.980 2.6082e-04
ACC2 8192 4 6.50 0.9950 2.03 1.000 4.9296e-02
ACC2 8192 4 6.50 0.9950 3.94 0.900 0.0000e+00
ACC2 8192 4 6.50 0.9950 3.94 0.930 0.0000e+00
ACC2 8192 4 6.50 0.9950 3.94 0.960 0.0000e+00
ACC2 8192 4 6.50 0.9950 3.94 0.980 0.0000e+00
ACC2 8192 4 6.50 0.9950 3.94 1.000 3.3711e-02
ACC2 8192 4 6.50 0.9950 8.14 0.900 0.0000e+00
ACC2 8192 4 6.50 0.9950 8.14 0.930 0.0000e+00
ACC2 8192 4 6.50 0.9950 8.14 0.960 0.0000e+00
ACC2 8192 4 6.50 0.9950 8.14 0.980 0.0000e+00
ACC2 8192 4 6.50 0.9950 8.14 1.000 2.0766e-02
ACC2 8192 4 6.50 0.9950 16.12 0.900 0.0000e+00
ACC2 8192 4 6.50 0.9950 16.12 0.930 0.0000e+00
ACC2 8192 4 6.50 0.9950 16.12 0.960 0.0000e+00
ACC2 8192 4 6.50 0.9950 16.12 0.980 0.0000e+00
ACC2 8192 4 6.50 0.9950 16.12 1.000 1.2182e-02
ACC2 8192 4 6.50 0.9950 32.61 0.900 0.0000e+00
ACC2 8192 4 6.50 0.9950 32.61 0.930 0.0000e+00
ACC2 8192 4 6.50 0.9950 32.61 0.960 0.0000e+00
ACC2 8192 4 6.50 0.9950 32.61 0.980 0.0000e+00
ACC2 8192 4 6.50 0.9950 32.61 1.000 5.9055e-03
ACC2 8192 4 6.50 0.9950 64.60 0.900 0.0000e+00
ACC2 8192 4 6.50 0.9950 64.60 0.930 0.0000e+00
ACC2 8192 4 6.50 0.9950 64.60 0.960 0.0000e+00
ACC2 8192 4 6.50 0.9950 64.60 0.980 0.0000e+00
ACC2 8192 4 6.50 0.9950 64.60 1.000 1.7060e-03
ACC2 8192 4 6.50 0.9950 128.59 0.900 0.0000e+00
ACC2 8192 4 6.50 0.9950 128.59 0.930 0.0000e+00
ACC2 8192 4 6.50 0.9950 128.59 0.960 0.0000e+00
ACC2 8192 4 6.50 0.9950 128.59 0.980 0.0000e+00
ACC2 8192 4 6.50 0.9950 128.59 1.000 0.0000e+00
ACC2 8192 8 5.00 0.8000 2.03 0.900 0.0000e+00
ACC2 8192 8 5.00 0.8000 2.03 0.930 0.0000e+00
ACC2 8192 8 5.00 0.8000 2.03 0.960 0.0000e+00
ACC2 8192 8 5.00 0.8000 2.03 0.980 2.1088e-04
ACC2 8192 8 5.00 0.8000 2.03 1.000 6.3264e-04
ACC2 8192 8 5.00 0.8000 3.94 0.900 0.0000e+00
ACC2 8192 8 5.00 0.8000 3.94 0.930 0.0000e+00
ACC2 8192 8 5.00 0.8000 3.94 0.960 2.1944e-04
ACC2 8192 8 5.00 0.8000 3.94 0.980 2.1944e-04
ACC2 8192 8 5.00 0.8000 3.94 1.000 4.3889e-04
ACC2 8192 8 5.00 0.8000 8.14 0.900 2.2994e-04
ACC2 8192 8 5.00 0.8000 8.14 0.930 4.5988e-04
ACC2 8192 8 5.00 0.8000 8.14 0.960 4.5988e-04
ACC2 8192 8 5.00 0.8000 8.14 0.980 4.5988e-04
ACC2 8192 8 5.00 0.8000 8.14 1.000 1.1497e-03
ACC2 8192 8 5.00 0.8000 16.12 0.900 0.0000e+00
ACC2 8192 8 5.00 0.8000 16.12 0.930 0.0000e+00
ACC2 8192 8 5.00 0.8000 16.12 0.960 7.2780e-04
ACC2 8192 8 5.00 0.8000 16.12 0.980 7.2780e-04
ACC2 8192 8 5.00 0.8000 16.12 1.000 7.2780e-04
ACC2 8192 8 5.00 0.8000 32.61 0.900 0.0000e+00
ACC2 8192 8 5.00 0.8000 32.61 0.930 0.0000e+00
ACC2 8192 8 5.00 0.8000 32.61 0.960 0.0000e+00
ACC2 8192 8 5.00 0.8000 32.61 0.980 0.0000e+00
ACC2 8192 8 5.00 0.8000 32.61 1.000 0.0000e+00
ACC2 8192 8 5.00 0.8000 64.60 0.900 0.0000e+00
ACC2 8192 8 5.00 0.8000 64.60 0.930 0.0000e+00
ACC2 8192 8 5.00 0.8000 64.60 0.960 0.0000e+00
ACC2 8192 8 5.00 0.8000 64.60 0.980 0.0000e+00
ACC2 8192 8 5.00 0.8000 64.60 1.000 0.0000e+00
ACC2 8192 8 5.00 0.8000 128.59 0.900 0.0000e+00
ACC2 8192 8 5.00 0.8000 128.59 0.930 0.0000e+00
ACC2 8192 8 5.00 0.8000 128.59 0.960 0.0000e+00
ACC2 8192 8 5.00 0.8000 128.59 0.980 0.0000e+00
ACC2 8192 8 5.00 0.8000 128.59 1.000 0.0000e+00
ACC2 8192 8 5.00 0.9000 2.03 0.900 0.0000e+00
ACC2 8192 8 5.00 0.9000 2.03 0.930 0.0000e+00
ACC2 8192 8 5.00 0.9000 2.03 0.960 2.1386e-04
ACC2 8192 8 5.00 0.9000 2.03 0.980 2.1386e-04
ACC2 8192 8 5.00 0.9000 2.03 1.000 1.7109e-03
ACC2 8192 8 5.00 0.9000 3.94 0.900 0.0000e+00
ACC2 8192 8 5.00 0.9000 3.94 0.930 0.0000e+00
ACC2 8192 8 5.00 0.9000 3.94 0.960 0.0000e+00
ACC2 8192 8 5.00 0.9000 3.94 0.980 0.0000e+00
ACC2 8192 8 5.00 0.9000 3.94 1.000 6.5660e-04
ACC2 8192 8 5.00 0.9000 8.14 0.900 0.0000e+00
ACC2 8192 8 5.00 0.9000 8.14 0.930 0.0000e+00
ACC2 8192 8 5.00 0.9000 8.14 0.960 0.0000e+00
ACC2 8192 8 5.00 0.9000 8.14 0.980 2.2962e-04
ACC2 8192 8 5.00 0.9000 8.14 1.000 9.1848e-04
ACC2 8192 8 5.00 0.9000 16.12 0.900 0.0000e+00
ACC2 8192 8 5.00 0.9000 16.12 0.930 0.0000e+00
ACC2 8192 8 5.00 0.9000 16.12 0.960 0.0000e+00
ACC2 8192 8 5.00 0.9000 16.12 0.980 0.0000e+00
ACC2 8192 8 5.00 0.9000 16.12 1.000 7.1548e-04
ACC2 8192 8 5.00 0.9000 32.61 0.900 0.0000e+00
ACC2 8192 8 5.00 0.9000 32.61 0.930 0.0000e+00
ACC2 8192 8 5.00 0.9000 32.61 0.960 0.0000e+00
ACC2 8192 8 5.00 0.9000 32.61 0.980 0.0000e+00
ACC2 8192 8 5.00 0.9000 32.61 1.000 0.0000e+00
ACC2 8192 8 5.00 0.9000 64.60 0.900 0.0000e+00
ACC2 8192 8 5.00 0.9000 64.60 0.930 0.0000e+00
ACC2 8192 8 5.00 0.9000 64.60 0.960 0.0000e+00
ACC2 8192 8 5.00 0.9000 64.60 0.980 2.5608e-04
ACC2 8192 8 5.00 0.9000 64.60 1.000 2.5608e-04
ACC2 8192 8 5.00 0.9000 128.59 0.900 0.0000e+00
ACC2 8192 8 5.00 0.9000 128.59 0.930 0.0000e+00
ACC2 8192 8 5.00 0.9000 128.59 0.960 0.0000e+00
ACC2 8192 8 5.00 0.9000 128.59 0.980 0.0000e+00
ACC2 8192 8 5.00 0.9000 128.59 1.000 2.6469e-04
ACC2 8192 8 5.00 0.9500 2.03 0.900 0.0000e+00
ACC2 8192 8 5.00 0.9500 2.03 0.930 0.0000e+00
ACC2 8192 8 5.00 0.9500 2.03 0.960 2.2075e-04
ACC2 8192 8 5.00 0.9500 2.03 0.980 1.1038e-03
ACC2 8192 8 5.00 0.9500 2.03 1.000 6.1810e-03
ACC2 8192 8 5.00 0.9500 3.94 0.900 0.0000e+00
ACC2 8192 8 5.00 0.9500 3.94 0.930 0.0000e+00
ACC2 8192 8 5.00 0.9500 3.94 0.960 0.0000e+00
ACC2 8192 8 5.00 0.9500 3.94 0.980 1.1261e-03
ACC2 8192 8 5.00 0.9500 3.94 1.000 5.1802e-03
ACC2 8192 8 5.00 0.9500 8.14 0.900 0.0000e+00
ACC2 8192 8 5.00 0.9500 8.14 0.930 0.0000e+00
ACC2 8192 8 5.00 0.9500 8.14 0.960 0.0000e+00
ACC2 8192 8 5.00 0.9500 8.14 0.980 2.3458e-04
ACC2 8192 8 5.00 0.9500 8.14 1.000 1.8766e-03
ACC2 8192 8 5.00 0.9500 16.12 0.900 0.0000e+00
ACC2 8192 8 5.00 0.9500 16.12 0.930 0.0000e+00
ACC2 8192 8 5.00 0.9500 16.12 0.960 4.8473e-04
ACC2 8192 8 5.00 0.9500 16.12 0.980 9.6946e-04
ACC2 8192 8 5.00 0.9500 16.12 1.000 3.8778e-03
ACC2 8192 8 5.00 0.9500 32.61 0.900 0.0000e+00
ACC2 8192 8 5.00 0.9500 32.61 0.930 0.0000e+00
ACC2 8192 8 5.00 0.9500 32.61 0.960 2.4963e-04
ACC2 8192 8 5.00 0.9500 32.61 0.980 7.4888e-04
ACC2 8192 8 5.00 0.9500 32.61 1.000 2.4963e-03
ACC2 8192 8 5.00 0.9500 64.60 0.900 0.0000e+00
ACC2 8192 8 5.00 0.9500 64.60 0.930 0.0000e+00
ACC2 8192 8 5.00 0.9500 64.60 0.960 0.0000e+00
ACC2 8192 8 5.00 0.9500 64.60 0.980 0.0000e+00
ACC2 8192 8 5.00 0.9500 64.60 1.000 7.7101e-04
ACC2 8192 8 5.00 0.9500 128.59 0.900 0.0000e+00
ACC2 8192 8 5.00 0.9500 128.59 0.930 0.0000e+00
ACC2 8192 8 5.00 0.9500 128.59 0.960 0.0000e+00
ACC2 8192 8 5.00 0.9500 128.59 0.980 0.0000e+00
ACC2 8192 8 5.00 0.9500 128.59 1.000 5.2659e-04
ACC2 8192 8 5.00 0.9800 2.03 0.900 0.0000e+00
ACC2 8192 8 5.00 0.9800 2.03 0.930 0.0000e+00
ACC2 8192 8 5.00 0.9800 2.03 0.960 0.0000e+00
ACC2 8192 8 5.00 0.9800 2.03 0.980 2.5737e-03
ACC2 8192 8 5.00 0.9800 2.03 1.000 2.0356e-02
ACC2 8192 8 5.00 0.9800 3.94 0.900 0.0000e+00
ACC2 8192 8 5.00 0.9800 3.94 0.930 0.0000e+00
ACC2 8192 8 5.00 0.9800 3.94 0.960 0.0000e+00
ACC2 8192 8 5.00 0.9800 3.94 0.980 2.3764e-03
ACC2 8192 8 5.00 0.9800 3.94 1.000 1.8298e-02
ACC2 8192 8 5.00 0.9800 8.14 0.900 0.0000e+00
ACC2 8192 8 5.00 0.9800 8.14 0.930 0.0000e+00
ACC2 8192 8 5.00 0.9800 8.14 0.960 2.4504e-04
ACC2 8192 8 5.00 0.9800 8.14 0.980 1.7153e-03
ACC2 8192 8 5.00 0.9800 8.14 1.000 1.0047e-02
ACC2 8192 8 5.00 0.9800 16.12 0.900 0.0000e+00
ACC2 8192 8 5.00 0.9800 16.12 0.930 0.0000e+00
ACC2 8192 8 5.00 0.9800 16.12 0.960 0.0000e+00
ACC2 8192 8 5.00 0.9800 16.12 0.980 7.5738e-04
ACC2 8192 8 5.00 0.9800 16.12 1.000 5.8066e-03
ACC2 8192 8 5.00 0.9800 32.61 0.900 0.0000e+00
ACC2 8192 8 5.00 0.9800 32.61 0.930 0.0000e+00
ACC2 8192 8 5.00 0.9800 32.61 0.960 0.0000e+00
ACC2 8192 8 5.00 0.9800 32.61 0.980 2.5687e-04
ACC2 8192 8 5.00 0.9800 32.61 1.000 2.8256e-03
ACC2 8192 8 5.00 0.9800 64.60 0.900 0.0000e+00
ACC2 8192 8 5.00 0.9800 64.60 0.930 0.0000e+00
ACC2 8192 8 5.00 0.9800 64.60 0.960 0.0000e+00
ACC2 8192 8 5.00 0.9800 64.60 0.980 0.0000e+00
ACC2 8192 8 5.00 0.9800 64.60 1.000 1.8460e-03
ACC2 8192 8 5.00 0.9800 128.59 0.900 0.0000e+00
ACC2 8192 8 5.00 0.9800 128.59 0.930 0.0000e+00
ACC2 8192 8 5.00 0.9800 128.59 0.960 0.0000e+00
ACC2 8192 8 5.00 0.9800 128.59 0.980 0.0000e+00
ACC2 8192 8 5.00 0.9800 128.59 1.000 1.8652e-03
ACC2 8192 8 5.00 0.9950 2.03 0.900 0.0000e+00
ACC2 8192 8 5.00 0.9950 2.03 0.930 0.0000e+00
ACC2 8192 8 5.00 0.9950 2.03 0.960 0.0000e+00
ACC2 8192 8 5.00 0.9950 2.03 0.980 5.2500e-03
ACC2 8192 8 5.00 0.9950 2.03 1.000 5.8750e-02
ACC2 8192 8 5.00 0.9950 3.94 0.900 0.0000e+00
ACC2 8192 8 5.00 0.9950 3.94 0.930 0.0000e+00
ACC2 8192 8 5.00 0.9950 3.94 0.960 2.5589e-04
ACC2 8192 8 5.00 0.9950 3.94 0.980 3.0706e-03
ACC2 8192 8 5.00 0.9950 3.94 1.000 4.6571e-02
ACC2 8192 8 5.00 0.9950 8.14 0.900 0.0000e+00
ACC2 8192 8 5.00 0.9950 8.14 0.930 0.0000e+00
ACC2 8192 8 5.00 0.9950 8.14 0.960 0.0000e+00
ACC2 8192 8 5.00 0.9950 8.14 0.980 1.0390e-03
ACC2 8192 8 5.00 0.9950 8.14 1.000 3.3766e-02
ACC2 8192 8 5.00 0.9950 16.12 0.900 0.0000e+00
ACC2 8192 8 5.00 0.9950 16.12 0.930 0.0000e+00
ACC2 8192 8 5.00 0.9950 16.12 0.960 0.0000e+00
ACC2 8192 8 5.00 0.9950 16.12 0.980 1.5928e-03
ACC2 8192 8 5.00 0.9950 16.12 1.000 2.2299e-02
ACC2 8192 8 5.00 0.9950 32.61 0.900 0.0000e+00
ACC2 8192 8 5.00 0.9950 32.61 0.930 0.0000e+00
ACC2 8192 8 5.00 0.9950 32.61 0.960 0.0000e+00
ACC2 8192 8 5.00 0.9950 32.61 0.980 0.0000e+00
ACC2 8192 8 5.00 0.9950 32.61 1.000 1.4431e-02
ACC2 8192 8 5.00 0.9950 64.60 0.900 0.0000e+00
ACC2 8192 8 5.00 0.9950 64.60 0.930 0.0000e+00
ACC2 8192 8 5.00 0.9950 64.60 0.960 0.0000e+00
ACC2 8192 8 5.00 0.9950 64.60 0.980 2.7211e-04
ACC2 8192 8 5.00 0.9950 64.60 1.000 8.9796e-03
ACC2 8192 8 5.00 0.9950 128.59 0.900 0.0000e+00
ACC2 8192 8 5.00 0.9950 128.59 0.930 0.0000e+00
ACC2 8192 8 5.00 0.9950 128.59 0.960 0.0000e+00
ACC2 8192 8 5.00 0.9950 128.59 0.980 2.7330e-04
ACC2 8192 8 5.00 0.9950 128.59 1.000 5.7393e-03
ACC2 8192 8 5.50 0.8000 2.03 0.900 0.0000e+00
ACC2 8192 8 5.50 0.8000 2.03 0.930 0.0000e+00
ACC2 8192 8 5.50 0.8000 2.03 0.960 0.0000e+00
ACC2 8192 8 5.50 0.8000 2.03 0.980 2.2386e-04
ACC2 8192 8 5.50 0.8000 2.03 1.000 6.7159e-04
ACC2 8192 8 5.50 0.8000 3.94 0.900 0.0000e+00
ACC2 8192 8 5.50 0.8000 3.94 0.930 0.0000e+00
ACC2 8192 8 5.50 0.8000 3.94 0.960 2.3321e-04
ACC2 8192 8 5.50 0.8000 3.94 0.980 4.6642e-04
ACC2 8192 8 5.50 0.8000 3.94 1.000 6.9963e-04
ACC2 8192 8 5.50 0.8000 8.14 0.900 2.4486e-04
ACC2 8192 8 5.50 0.8000 8.14 0.930 4.8972e-04
ACC2 8192 8 5.50 0.8000 8.14 0.960 4.8972e-04
ACC2 8192 8 5.50 0.8000 8.14 0.980 7.3457e-04
ACC2 8192 8 5.50 0.8000 8.14 1.000 1.2243e-03
ACC2 8192 8 5.50 0.8000 16.12 0.900 0.0000e+00
ACC2 8192 8 5.50 0.8000 16.12 0.930 0.0000e+00
ACC2 8192 8 5.50 0.8000 16.12 0.960 7.7101e-04
ACC2 8192 8 5.50 0.8000 16.12 0.980 7.7101e-04
ACC2 8192 8 5.50 0.8000 16.12 1.000 7.7101e-04
ACC2 8192 8 5.50 0.8000 32.61 0.900 0.0000e+00
ACC2 8192 8 5.50 0.8000 32.61 0.930 0.0000e+00
ACC2 8192 8 5.50 0.8000 32.61 0.960 0.0000e+00
ACC2 8192 8 5.50 0.8000 32.61 0.980 0.0000e+00
ACC2 8192 8 5.50 0.8000 32.61 1.000 0.0000e+00
ACC2 8192 8 5.50 0.8000 64.60 0.900 0.0000e+00
ACC2 8192 8 5.50 0.8000 64.60 0.930 0.0000e+00
ACC2 8192 8 5.50 0.8000 64.60 0.960 2.7518e-04
ACC2 8192 8 5.50 0.8000 64.60 0.980 2.7518e-04
ACC2 8192 8 5.50 0.8000 64.60 1.000 5.5036e-04
ACC2 8192 8 5.50 0.8000 128.59 0.900 0.0000e+00
ACC2 8192 8 5.50 0.8000 128.59 0.930 0.0000e+00
ACC2 8192 8 5.50 0.8000 128.59 0.960 0.0000e+00
ACC2 8192 8 5.50 0.8000 128.59 0.980 0.0000e+00
ACC2 8192 8 5.50 0.8000 128.59 1.000 0.0000e+00
ACC2 8192 8 5.50 0.9000 2.03 0.900 0.0000e+00
ACC2 8192 8 5.50 0.9000 2.03 0.930 0.0000e+00
ACC2 8192 8 5.50 0.9000 2.03 0.960 0.0000e+00
ACC2 8192 8 5.50 0.9000 2.03 0.980 2.2148e-04
ACC2 8192 8 5.50 0.9000 2.03 1.000 1.3289e-03
ACC2 8192 8 5.50 0.9000 3.94 0.900 0.0000e+00
ACC2 8192 8 5.50 0.9000 3.94 0.930 0.0000e+00
ACC2 8192 8 5.50 0.9000 3.94 0.960 0.0000e+00
ACC2 8192 8 5.50 0.9000 3.94 0.980 0.0000e+00
ACC2 8192 8 5.50 0.9000 3.94 1.000 6.8368e-04
ACC2 8192 8 5.50 0.9000 8.14 0.900 0.0000e+00
ACC2 8192 8 5.50 0.9000 8.14 0.930 0.0000e+00
ACC2 8192 8 5.50 0.9000 8.14 0.960 0.0000e+00
ACC2 8192 8 5.50 0.9000 8.14 0.980 0.0000e+00
ACC2 8192 8 5.50 0.9000 8.14 1.000 4.7813e-04
ACC2 8192 8 5.50 0.9000 16.12 0.900 0.0000e+00
ACC2 8192 8 5.50 0.9000 16.12 0.930 0.0000e+00
ACC2 8192 8 5.50 0.9000 16.12 0.960 0.0000e+00
ACC2 8192 8 5.50 0.9000 16.12 0.980 0.0000e+00
ACC2 8192 8 5.50 0.9000 16.12 1.000 9.9379e-04
ACC2 8192 8 5.50 0.9000 32.61 0.900 0.0000e+00
ACC2 8192 8 5.50 0.9000 32.61 0.930 0.0000e+00
ACC2 8192 8 5.50 0.9000 32.61 0.960 0.0000e+00
ACC2 8192 8 5.50 0.9000 32.61 0.980 2.5947e-04
ACC2 8192 8 5.50 0.9000 32.61 1.000 7.7841e-04
ACC2 8192 8 5.50 0.9000 64.60 0.900 0.0000e+00
ACC2 8192 8 5.50 0.9000 64.60 0.930 0.0000e+00
ACC2 8192 8 5.50 0.9000 64.60 0.960 0.0000e+00
ACC2 8192 8 5.50 0.9000 64.60 0.980 2.6660e-04
ACC2 8192 8 5.50 0.9000 64.60 1.000 7.9979e-04
ACC2 8192 8 5.50 0.9000 128.59 0.900 0.0000e+00
ACC2 8192 8 5.50 0.9000 128.59 0.930 0.0000e+00
ACC2 8192 8 5.50 0.9000 128.59 0.960 0.0000e+00
ACC2 8192 8 5.50 0.9000 128.59 0.980 0.0000e+00
ACC2 8192 8 5.50 0.9000 128.59 1.000 5.4855e-04
ACC2 8192 8 5.50 0.9500 2.03 0.900 0.0000e+00
ACC2 8192 8 5.50 0.9500 2.03 0.930 0.0000e+00
ACC2 8192 8 5.50 0.9500 2.03 0.960 0.0000e+00
ACC2 8192 8 5.50 0.9500 2.03 0.980 9.0785e-04
ACC2 8192 8 5.50 0.9500 2.03 1.000 4.7662e-03
ACC2 8192 8 5.50 0.9500 3.94 0.900 0.0000e+00
ACC2 8192 8 5.50 0.9500 3.94 0.930 0.0000e+00
ACC2 8192 8 5.50 0.9500 3.94 0.960 0.0000e+00
ACC2 8192 8 5.50 0.9500 3.94 0.980 6.9477e-04
ACC2 8192 8 5.50 0.9500 3.94 1.000 3.7054e-03
ACC2 8192 8 5.50 0.9500 8.14 0.900 0.0000e+00
ACC2 8192 8 5.50 0.9500 8.14 0.930 0.0000e+00
ACC2 8192 8 5.50 0.9500 8.14 0.960 0.0000e+00
ACC2 8192 8 5.50 0.9500 8.14 0.980 0.0000e+00
ACC2 8192 8 5.50 0.9500 8.14 1.000 1.9333e-03
ACC2 8192 8 5.50 0.9500 16.12 0.900 0.0000e+00
ACC2 8192 8 5.50 0.9500 16.12 0.930 0.0000e+00
ACC2 8192 8 5.50 0.9500 16.12 0.960 0.0000e+00
ACC2 8192 8 5.50 0.9500 16.12 0.980 4.9950e-04
ACC2 8192 8 5.50 0.9500 16.12 1.000 3.2468e-03
ACC2 8192 8 5.50 0.9500 32.61 0.900 0.0000e+00
ACC2 8192 8 5.50 0.9500 32.61 0.930 0.0000e+00
ACC2 8192 8 5.50 0.9500 32.61 0.960 0.0000e+00
ACC2 8192 8 5.50 0.9500 32.61 0.980 2.5800e-04
ACC2 8192 8 5.50 0.9500 32.61 1.000 1.0320e-03
ACC2 8192 8 5.50 0.9500 64.60 0.900 0.0000e+00
ACC2 8192 8 5.50 0.9500 64.60 0.930 0.0000e+00
ACC2 8192 8 5.50 0.9500 64.60 0.960 0.0000e+00
ACC2 8192 8 5.50 0.9500 64.60 0.980 2.6667e-04
ACC2 8192 8 5.50 0.9500 64.60 1.000 1.0667e-03
ACC2 8192 8 5.50 0.9500 128.59 0.900 0.0000e+00
ACC2 8192 8 5.50 0.9500 128.59 0.930 0.0000e+00
ACC2 8192 8 5.50 0.9500 128.59 0.960 0.0000e+00
ACC2 8192 8 5.50 0.9500 128.59 0.980 0.0000e+00
ACC2 8192 8 5.50 0.9500 128.59 1.000 5.4333e-04
ACC2 8192 8 5.50 0.9800 2.03 0.900 0.0000e+00
ACC2 8192 8 5.50 0.9800 2.03 0.930 0.0000e+00
ACC2 8192 8 5.50 0.9800 2.03 0.960 0.0000e+00
ACC2 8192 8 5.50 0.9800 2.03 0.980 1.4296e-03
ACC2 8192 8 5.50 0.9800 2.03 1.000 1.8346e-02
ACC2 8192 8 5.50 0.9800 3.94 0.900 0.0000e+00
ACC2 8192 8 5.50 0.9800 3.94 0.930 0.0000e+00
ACC2 8192 8 5.50 0.9800 3.94 0.960 0.0000e+00
ACC2 8192 8 5.50 0.9800 3.94 0.980 1.4613e-03
ACC2 8192 8 5.50 0.9800 3.94 1.000 1.6074e-02
ACC2 8192 8 5.50 0.9800 8.14 0.900 0.0000e+00
ACC2 8192 8 5.50 0.9800 8.14 0.930 0.0000e+00
ACC2 8192 8 5.50 0.9800 8.14 0.960 2.5050e-04
ACC2 8192 8 5.50 0.9800 8.14 0.980 5.0100e-04
ACC2 8192 8 5.50 0.9800 8.14 1.000 7.2645e-03
ACC2 8192 8 5.50 0.9800 16.12 0.900 0.0000e+00
ACC2 8192 8 5.50 0.9800 16.12 0.930 0.0000e+00
ACC2 8192 8 5.50 0.9800 16.12 0.960 0.0000e+00
ACC2 8192 8 5.50 0.9800 16.12 0.980 5.1440e-04
ACC2 8192 8 5.50 0.9800 16.12 1.000 5.6584e-03
ACC2 8192 8 5.50 0.9800 32.61 0.900 0.0000e+00
ACC2 8192 8 5.50 0.9800 32.61 0.930 0.0000e+00
ACC2 8192 8 5.50 0.9800 32.61 0.960 0.0000e+00
ACC2 8192 8 5.50 0.9800 32.61 0.980 0.0000e+00
ACC2 8192 8 5.50 0.9800 32.61 1.000 2.3722e-03
ACC2 8192 8 5.50 0.9800 64.60 0.900 0.0000e+00
ACC2 8192 8 5.50 0.9800 64.60 0.930 0.0000e+00
ACC2 8192 8 5.50 0.9800 64.60 0.960 0.0000e+00
ACC2 8192 8 5.50 0.9800 64.60 0.980 0.0000e+00
ACC2 8192 8 5.50 0.9800 64.60 1.000 8.1279e-04
ACC2 8192 8 5.50 0.9800 128.59 0.900 0.0000e+00
ACC2 8192 8 5.50 0.9800 128.59 0.930 0.0000e+00
ACC2 8192 8 5.50 0.9800 128.59 0.960 0.0000e+00
ACC2 8192 8 5.50 0.9800 128.59 0.980 2.7405e-04
ACC2 8192 8 5.50 0.9800 128.59 1.000 1.3702e-03
ACC2 8192 8 5.50 0.9950 2.03 0.900 0.0000e+00
ACC2 8192 8 5.50 0.9950 2.03 0.930 0.0000e+00
ACC2 8192 8 5.50 0.9950 2.03 0.960 0.0000e+00
ACC2 8192 8 5.50 0.9950 2.03 0.980 3.0496e-03
ACC2 8192 8 5.50 0.9950 2.03 1.000 5.4130e-02
ACC2 8192 8 5.50 0.9950 3.94 0.900 0.0000e+00
ACC2 8192 8 5.50 0.9950 3.94 0.930 0.0000e+00
ACC2 8192 8 5.50 0.9950 3.94 0.960 0.0000e+00
ACC2 8192 8 5.50 0.9950 3.94 0.980 1.5654e-03
ACC2 8192 8 5.50 0.9950 3.94 1.000 4.4613e-02
ACC2 8192 8 5.50 0.9950 8.14 0.900 0.0000e+00
ACC2 8192 8 5.50 0.9950 8.14 0.930 0.0000e+00
ACC2 8192 8 5.50 0.9950 8.14 0.960 0.0000e+00
ACC2 8192 8 5.50 0.9950 8.14 0.980 1.0540e-03
ACC2 8192 8 5.50 0.9950 8.14 1.000 3.0567e-02
ACC2 8192 8 5.50 0.9950 16.12 0.900 0.0000e+00
ACC2 8192 8 5.50 0.9950 16.12 0.930 0.0000e+00
ACC2 8192 8 5.50 0.9950 16.12 0.960 0.0000e+00
ACC2 8192 8 5.50 0.9950 16.12 0.980 5.3937e-04
ACC2 8192 8 5.50 0.9950 16.12 1.000 1.9417e-02
ACC2 8192 8 5.50 0.9950 32.61 0.900 0.0000e+00
ACC2 8192 8 5.50 0.9950 32.61 0.930 0.0000e+00
ACC2 8192 8 5.50 0.9950 32.61 0.960 0.0000e+00
ACC2 8192 8 5.50 0.9950 32.61 0.980 0.0000e+00
ACC2 8192 8 5.50 0.9950 32.61 1.000 1.3672e-02
ACC2 8192 8 5.50 0.9950 64.60 0.900 0.0000e+00
ACC2 8192 8 5.50 0.9950 64.60 0.930 0.0000e+00
ACC2 8192 8 5.50 0.9950 64.60 0.960 0.0000e+00
ACC2 8192 8 5.50 0.9950 64.60 0.980 0.0000e+00
ACC2 8192 8 5.50 0.9950 64.60 1.000 8.0466e-03
ACC2 8192 8 5.50 0.9950 128.59 0.900 0.0000e+00
ACC2 8192 8 5.50 0.9950 128.59 0.930 0.0000e+00
ACC2 8192 8 5.50 0.9950 128.59 0.960 0.0000e+00
ACC2 8192 8 5.50 0.9950 128.59 0.980 0.0000e+00
ACC2 8192 8 5.50 0.9950 128.59 1.000 4.1748e-03
ACC2 8192 8 6.00 0.8000 2.03 0.900 0.0000e+00
ACC2 8192 8 6.00 0.8000 2.03 0.930 0.0000e+00
ACC2 8192 8 6.00 0.8000 2.03 0.960 0.0000e+00
ACC2 8192 8 6.00 0.8000 2.03 0.980 2.3518e-04
ACC2 8192 8 6.00 0.8000 2.03 1.000 7.0555e-04
ACC2 8192 8 6.00 0.8000 3.94 0.900 0.0000e+00
ACC2 8192 8 6.00 0.8000 3.94 0.930 0.0000e+00
ACC2 8192 8 6.00 0.8000 3.94 0.960 2.4594e-04
ACC2 8192 8 6.00 0.8000 3.94 0.980 2.4594e-04
ACC2 8192 8 6.00 0.8000 3.94 1.000 9.8377e-04
ACC2 8192 8 6.00 0.8000 8.14 0.900 2.5615e-04
ACC2 8192 8 6.00 0.8000 8.14 0.930 5.1230e-04
ACC2 8192 8 6.00 0.8000 8.14 0.960 5.1230e-04
ACC2 8192 8 6.00 0.8000 8.14 0.980 1.0246e-03
ACC2 8192 8 6.00 0.8000 8.14 1.000 1.2807e-03
ACC2 8192 8 6.00 0.8000 16.12 0.900 0.0000e+00
ACC2 8192 8 6.00 0.8000 16.12 0.930 0.0000e+00
ACC2 8192 8 6.00 0.8000 16.12 0.960 8.0559e-04
ACC2 8192 8 6.00 0.8000 16.12 0.980 8.0559e-04
ACC2 8192 8 6.00 0.8000 16.12 1.000 8.0559e-04
ACC2 8192 8 6.00 0.8000 32.61 0.900 0.0000e+00
ACC2 8192 8 6.00 0.8000 32.61 0.930 0.0000e+00
ACC2 8192 8 6.00 0.8000 32.61 0.960 0.0000e+00
ACC2 8192 8 6.00 0.8000 32.61 0.980 0.0000e+00
ACC2 8192 8 6.00 0.8000 32.61 1.000 0.0000e+00
ACC2 8192 8 6.00 0.8000 64.60 0.900 0.0000e+00
ACC2 8192 8 6.00 0.8000 64.60 0.930 2.8417e-04
ACC2 8192 8 6.00 0.8000 64.60 0.960 2.8417e-04
ACC2 8192 8 6.00 0.8000 64.60 0.980 5.6834e-04
ACC2 8192 8 6.00 0.8000 64.60 1.000 8.5251e-04
ACC2 8192 8 6.00 0.8000 128.59 0.900 0.0000e+00
ACC2 8192 8 6.00 0.8000 128.59 0.930 2.9028e-04
ACC2 8192 8 6.00 0.8000 128.59 0.960 2.9028e-04
ACC2 8192 8 6.00 0.8000 128.59 0.980 2.9028e-04
ACC2 8192 8 6.00 0.8000 128.59 1.000 2.9028e-04
ACC2 8192 8 6.00 0.9000 2.03 0.900 0.0000e+00
ACC2 8192 8 6.00 0.9000 2.03 0.930 0.0000e+00
ACC2 8192 8 6.00 0.9000 2.03 0.960 0.0000e+00
ACC2 8192 8 6.00 0.9000 2.03 0.980 2.2904e-04
ACC2 8192 8 6.00 0.9000 2.03 1.000 6.8713e-04
ACC2 8192 8 6.00 0.9000 3.94 0.900 0.0000e+00
ACC2 8192 8 6.00 0.9000 3.94 0.930 0.0000e+00
ACC2 8192 8 6.00 0.9000 3.94 0.960 0.0000e+00
ACC2 8192 8 6.00 0.9000 3.94 0.980 0.0000e+00
ACC2 8192 8 6.00 0.9000 3.94 1.000 9.4451e-04
ACC2 8192 8 6.00 0.9000 8.14 0.900 0.0000e+00
ACC2 8192 8 6.00 0.9000 8.14 0.930 0.0000e+00
ACC2 8192 8 6.00 0.9000 8.14 0.960 0.0000e+00
ACC2 8192 8 6.00 0.9000 8.14 0.980 0.0000e+00
ACC2 8192 8 6.00 0.9000 8.14 1.000 4.9273e-04
ACC2 8192 8 6.00 0.9000 16.12 0.900 0.0000e+00
ACC2 8192 8 6.00 0.9000 16.12 0.930 0.0000e+00
ACC2 8192 8 6.00 0.9000 16.12 0.960 0.0000e+00
ACC2 8192 8 6.00 0.9000 16.12 0.980 2.5654e-04
ACC2 8192 8 6.00 0.9000 16.12 1.000 1.0262e-03
ACC2 8192 8 6.00 0.9000 32.61 0.900 0.0000e+00
ACC2 8192 8 6.00 0.9000 32.61 0.930 0.0000e+00
ACC2 8192 8 6.00 0.9000 32.61 0.960 0.0000e+00
ACC2 8192 8 6.00 0.9000 32.61 0.980 2.6882e-04
ACC2 8192 8 6.00 0.9000 32.61 1.000 5.3763e-04
ACC2 8192 8 6.00 0.9000 64.60 0.900 0.0000e+00
ACC2 8192 8 6.00 0.9000 64.60 0.930 0.0000e+00
ACC2 8192 8 6.00 0.9000 64.60 0.960 0.0000e+00
ACC2 8192 8 6.00 0.9000 64.60 0.980 2.7510e-04
ACC2 8192 8 6.00 0.9000 64.60 1.000 8.2531e-04
ACC2 8192 8 6.00 0.9000 128.59 0.900 0.0000e+00
ACC2 8192 8 6.00 0.9000 128.59 0.930 0.0000e+00
ACC2 8192 8 6.00 0.9000 128.59 0.960 0.0000e+00
ACC2 8192 8 6.00 0.9000 128.59 0.980 0.0000e+00
ACC2 8192 8 6.00 0.9000 128.59 1.000 5.6038e-04
ACC2 8192 8 6.00 0.9500 2.03 0.900 0.0000e+00
ACC2 8192 8 6.00 0.9500 2.03 0.930 0.0000e+00
ACC2 8192 8 6.00 0.9500 2.03 0.960 0.0000e+00
ACC2 8192 8 6.00 0.9500 2.03 0.980 4.6371e-04
ACC2 8192 8 6.00 0.9500 2.03 1.000 3.9416e-03
ACC2 8192 8 6.00 0.9500 3.94 0.900 0.0000e+00
ACC2 8192 8 6.00 0.9500 3.94 0.930 0.0000e+00
ACC2 8192 8 6.00 0.9500 3.94 0.960 0.0000e+00
ACC2 8192 8 6.00 0.9500 3.94 0.980 2.3776e-04
ACC2 8192 8 6.00 0.9500 3.94 1.000 1.4265e-03
ACC2 8192 8 6.00 0.9500 8.14 0.900 0.0000e+00
ACC2 8192 8 6.00 0.9500 8.14 0.930 0.0000e+00
ACC2 8192 8 6.00 0.9500 8.14 0.960 0.0000e+00
ACC2 8192 8 6.00 0.9500 8.14 0.980 0.0000e+00
ACC2 8192 8 6.00 0.9500 8.14 1.000 1.4840e-03
ACC2 8192 8 6.00 0.9500 16.12 0.900 0.0000e+00
ACC2 8192 8 6.00 0.9500 16.12 0.930 0.0000e+00
ACC2 8192 8 6.00 0.9500 16.12 0.960 0.0000e+00
ACC2 8192 8 6.00 0.9500 16.12 0.980 0.0000e+00
ACC2 8192 8 6.00 0.9500 16.12 1.000 2.0471e-03
ACC2 8192 8 6.00 0.9500 32.61 0.900 0.0000e+00
ACC2 8192 8 6.00 0.9500 32.61 0.930 0.0000e+00
ACC2 8192 8 6.00 0.9500 32.61 0.960 0.0000e+00
ACC2 8192 8 6.00 0.9500 32.61 0.980 2.6582e-04
ACC2 8192 8 6.00 0.9500 32.61 1.000 1.0633e-03
ACC2 8192 8 6.00 0.9500 64.60 0.900 0.0000e+00
ACC2 8192 8 6.00 0.9500 64.60 0.930 0.0000e+00
ACC2 8192 8 6.00 0.9500 64.60 0.960 0.0000e+00
ACC2 8192 8 6.00 0.9500 64.60 0.980 0.0000e+00
ACC2 8192 8 6.00 0.9500 64.60 1.000 8.1744e-04
ACC2 8192 8 6.00 0.9500 128.59 0.900 0.0000e+00
ACC2 8192 8 6.00 0.9500 128.59 0.930 0.0000e+00
ACC2 8192 8 6.00 0.9500 128.59 0.960 0.0000e+00
ACC2 8192 8 6.00 0.9500 128.59 0.980 0.0000e+00
ACC2 8192 8 6.00 0.9500 128.59 1.000 5.5571e-04
ACC2 8192 8 6.00 0.9800 2.03 0.900 0.0000e+00
ACC2 8192 8 6.00 0.9800 2.03 0.930 0.0000e+00
ACC2 8192 8 6.00 0.9800 2.03 0.960 0.0000e+00
ACC2 8192 8 6.00 0.9800 2.03 0.980 1.4493e-03
ACC2 8192 8 6.00 0.9800 2.03 1.000 1.7874e-02
ACC2 8192 8 6.00 0.9800 3.94 0.900 0.0000e+00
ACC2 8192 8 6.00 0.9800 3.94 0.930 0.0000e+00
ACC2 8192 8 6.00 0.9800 3.94 0.960 0.0000e+00
ACC2 8192 8 6.00 0.9800 3.94 0.980 7.4460e-04
ACC2 8192 8 6.00 0.9800 3.94 1.000 1.3155e-02
ACC2 8192 8 6.00 0.9800 8.14 0.900 0.0000e+00
ACC2 8192 8 6.00 0.9800 8.14 0.930 0.0000e+00
ACC2 8192 8 6.00 0.9800 8.14 0.960 0.0000e+00
ACC2 8192 8 6.00 0.9800 8.14 0.980 0.0000e+00
ACC2 8192 8 6.00 0.9800 8.14 1.000 5.0878e-03
ACC2 8192 8 6.00 0.9800 16.12 0.900 0.0000e+00
ACC2 8192 8 6.00 0.9800 16.12 0.930 0.0000e+00
ACC2 8192 8 6.00 0.9800 16.12 0.960 0.0000e+00
ACC2 8192 8 6.00 0.9800 16.12 0.980 5.2411e-04
ACC2 8192 8 6.00 0.9800 16.12 1.000 3.1447e-03
ACC2 8192 8 6.00 0.9800 32.61 0.900 0.0000e+00
ACC2 8192 8 6.00 0.9800 32.61 0.930 0.0000e+00
ACC2 8192 8 6.00 0.9800 32.61 0.960 0.0000e+00
ACC2 8192 8 6.00 0.9800 32.61 0.980 0.0000e+00
ACC2 8192 8 6.00 0.9800 32.61 1.000 1.6133e-03
ACC2 8192 8 6.00 0.9800 64.60 0.900 0.0000e+00
ACC2 8192 8 6.00 0.9800 64.60 0.930 0.0000e+00
ACC2 8192 8 6.00 0.9800 64.60 0.960 0.0000e+00
ACC2 8192 8 6.00 0.9800 64.60 0.980 0.0000e+00
ACC2 8192 8 6.00 0.9800 64.60 1.000 1.3782e-03
ACC2 8192 8 6.00 0.9800 128.59 0.900 0.0000e+00
ACC2 8192 8 6.00 0.9800 128.59 0.930 0.0000e+00
ACC2 8192 8 6.00 0.9800 128.59 0.960 0.0000e+00
ACC2 8192 8 6.00 0.9800 128.59 0.980 0.0000e+00
ACC2 8192 8 6.00 0.9800 128.59 1.000 1.6667e-03
ACC2 8192 8 6.00 0.9950 2.03 0.900 0.0000e+00
ACC2 8192 8 6.00 0.9950 2.03 0.930 0.0000e+00
ACC2 8192 8 6.00 0.9950 2.03 0.960 0.0000e+00
ACC2 8192 8 6.00 0.9950 2.03 0.980 5.1533e-04
ACC2 8192 8 6.00 0.9950 2.03 1.000 4.8956e-02
ACC2 8192 8 6.00 0.9950 3.94 0.900 0.0000e+00
ACC2 8192 8 6.00 0.9950 3.94 0.930 0.0000e+00
ACC2 8192 8 6.00 0.9950 3.94 0.960 0.0000e+00
ACC2 8192 8 6.00 0.9950 3.94 0.980 7.9660e-04
ACC2 8192 8 6.00 0.9950 3.94 1.000 3.7971e-02
ACC2 8192 8 6.00 0.9950 8.14 0.900 0.0000e+00
ACC2 8192 8 6.00 0.9950 8.14 0.930 0.0000e+00
ACC2 8192 8 6.00 0.9950 8.14 0.960 0.0000e+00
ACC2 8192 8 6.00 0.9950 8.14 0.980 0.0000e+00
ACC2 8192 8 6.00 0.9950 8.14 1.000 2.1089e-02
ACC2 8192 8 6.00 0.9950 16.12 0.900 0.0000e+00
ACC2 8192 8 6.00 0.9950 16.12 0.930 0.0000e+00
ACC2 8192 8 6.00 0.9950 16.12 0.960 0.0000e+00
ACC2 8192 8 6.00 0.9950 16.12 0.980 0.0000e+00
ACC2 8192 8 6.00 0.9950 16.12 1.000 1.2315e-02
ACC2 8192 8 6.00 0.9950 32.61 0.900 0.0000e+00
ACC2 8192 8 6.00 0.9950 32.61 0.930 0.0000e+00
ACC2 8192 8 6.00 0.9950 32.61 0.960 0.0000e+00
ACC2 8192 8 6.00 0.9950 32.61 0.980 0.0000e+00
ACC2 8192 8 6.00 0.9950 32.61 1.000 9.7087e-03
ACC2 8192 8 6.00 0.9950 64.60 0.900 0.0000e+00
ACC2 8192 8 6.00 0.9950 64.60 0.930 0.0000e+00
ACC2 8192 8 6.00 0.9950 64.60 0.960 0.0000e+00
ACC2 8192 8 6.00 0.9950 64.60 0.980 0.0000e+00
ACC2 8192 8 6.00 0.9950 64.60 1.000 5.3371e-03
ACC2 8192 8 6.00 0.9950 128.59 0.900 0.0000e+00
ACC2 8192 8 6.00 0.9950 128.59 0.930 0.0000e+00
ACC2 8192 8 6.00 0.9950 128.59 0.960 0.0000e+00
ACC2 8192 8 6.00 0.9950 128.59 0.980 0.0000e+00
ACC2 8192 8 6.00 0.9950 128.59 1.000 4.2277e-03
ACC2 8192 8 6.50 0.8000 2.03 0.900 0.0000e+00
ACC2 8192 8 6.50 0.8000 2.03 0.930 0.0000e+00
ACC2 8192 8 6.50 0.8000 2.03 0.960 0.0000e+00
ACC2 8192 8 6.50 0.8000 2.03 0.980 2.4759e-04
ACC2 8192 8 6.50 0.8000 2.03 1.000 7.4276e-04
ACC2 8192 8 6.50 0.8000 3.94 0.900 0.0000e+00
ACC2 8192 8 6.50 0.8000 3.94 0.930 0.0000e+00
ACC2 8192 8 6.50 0.8000 3.94 0.960 2.6035e-04
ACC2 8192 8 6.50 0.8000 3.94 0.980 2.6035e-04
ACC2 8192 8 6.50 0.8000 3.94 1.000 1.5621e-03
ACC2 8192 8 6.50 0.8000 8.14 0.900 0.0000e+00
ACC2 8192 8 6.50 0.8000 8.14 0.930 2.6802e-04
ACC2 8192 8 6.50 0.8000 8.14 0.960 5.3605e-04
ACC2 8192 8 6.50 0.8000 8.14 0.980 1.0721e-03
ACC2 8192 8 6.50 0.8000 8.14 1.000 1.3401e-03
ACC2 8192 8 6.50 0.8000 16.12 0.900 0.0000e+00
ACC2 8192 8 6.50 0.8000 16.12 0.930 0.0000e+00
ACC2 8192 8 6.50 0.8000 16.12 0.960 5.6007e-04
ACC2 8192 8 6.50 0.8000 16.12 0.980 8.4010e-04
ACC2 8192 8 6.50 0.8000 16.12 1.000 8.4010e-04
ACC2 8192 8 6.50 0.8000 32.61 0.900 0.0000e+00
ACC2 8192 8 6.50 0.8000 32.61 0.930 0.0000e+00
ACC2 8192 8 6.50 0.8000 32.61 0.960 0.0000e+00
ACC2 8192 8 6.50 0.8000 32.61 0.980 0.0000e+00
ACC2 8192 8 6.50 0.8000 32.61 1.000 0.0000e+00
ACC2 8192 8 6.50 0.8000 64.60 0.900 0.0000e+00
ACC2 8192 8 6.50 0.8000 64.60 0.930 0.0000e+00
ACC2 8192 8 6.50 0.8000 64.60 0.960 5.8292e-04
ACC2 8192 8 6.50 0.8000 64.60 0.980 5.8292e-04
ACC2 8192 8 6.50 0.8000 64.60 1.000 8.7438e-04
ACC2 8192 8 6.50 0.8000 128.59 0.900 2.9542e-04
ACC2 8192 8 6.50 0.8000 128.59 0.930 2.9542e-04
ACC2 8192 8 6.50 0.8000 128.59 0.960 2.9542e-04
ACC2 8192 8 6.50 0.8000 128.59 0.980 2.9542e-04
ACC2 8192 8 6.50 0.8000 128.59 1.000 2.9542e-04
ACC2 8192 8 6.50 0.9000 2.03 0.900 0.0000e+00
ACC2 8192 8 6.50 0.9000 2.03 0.930 0.0000e+00
ACC2 8192 8 6.50 0.9000 2.03 0.960 0.0000e+00
ACC2 8192 8 6.50 0.9000 2.03 0.980 0.0000e+00
ACC2 8192 8 6.50 0.9000 2.03 1.000 7.0855e-04
ACC2 8192 8 6.50 0.9000 3.94 0.900 0.0000e+00
ACC2 8192 8 6.50 0.9000 3.94 0.930 0.0000e+00
ACC2 8192 8 6.50 0.9000 3.94 0.960 0.0000e+00
ACC2 8192 8 6.50 0.9000 3.94 0.980 0.0000e+00
ACC2 8192 8 6.50 0.9000 3.94 1.000 9.7466e-04
ACC2 8192 8 6.50 0.9000 8.14 0.900 0.0000e+00
ACC2 8192 8 6.50 0.9000 8.14 0.930 0.0000e+00
ACC2 8192 8 6.50 0.9000 8.14 0.960 0.0000e+00
ACC2 8192 8 6.50 0.9000 8.14 0.980 0.0000e+00
ACC2 8192 8 6.50 0.9000 8.14 1.000 5.0839e-04
ACC2 8192 8 6.50 0.9000 16.12 0.900 0.0000e+00
ACC2 8192 8 6.50 0.9000 16.12 0.930 0.0000e+00
ACC2 8192 8 6.50 0.9000 16.12 0.960 2.6553e-04
ACC2 8192 8 6.50 0.9000 16.12 0.980 2.6553e-04
ACC2 8192 8 6.50 0.9000 16.12 1.000 1.0621e-03
ACC2 8192 8 6.50 0.9000 32.61 0.900 0.0000e+00
ACC2 8192 8 6.50 0.9000 32.61 0.930 0.0000e+00
ACC2 8192 8 6.50 0.9000 32.61 0.960 0.0000e+00
ACC2 8192 8 6.50 0.9000 32.61 0.980 5.5340e-04
ACC2 8192 8 6.50 0.9000 32.61 1.000 8.3011e-04
ACC2 8192 8 6.50 0.9000 64.60 0.900 0.0000e+00
ACC2 8192 8 6.50 0.9000 64.60 0.930 0.0000e+00
ACC2 8192 8 6.50 0.9000 64.60 0.960 0.0000e+00
ACC2 8192 8 6.50 0.9000 64.60 0.980 2.8177e-04
ACC2 8192 8 6.50 0.9000 64.60 1.000 8.4531e-04
ACC2 8192 8 6.50 0.9000 128.59 0.900 0.0000e+00
ACC2 8192 8 6.50 0.9000 128.59 0.930 0.0000e+00
ACC2 8192 8 6.50 0.9000 128.59 0.960 0.0000e+00
ACC2 8192 8 6.50 0.9000 128.59 0.980 0.0000e+00
ACC2 8192 8 6.50 0.9000 128.59 1.000 1.1468e-03
ACC2 8192 8 6.50 0.9500 2.03 0.900 0.0000e+00
ACC2 8192 8 6.50 0.9500 2.03 0.930 0.0000e+00
ACC2 8192 8 6.50 0.9500 2.03 0.960 0.0000e+00
ACC2 8192 8 6.50 0.9500 2.03 0.980 2.3725e-04
ACC2 8192 8 6.50 0.9500 2.03 1.000 2.1352e-03
ACC2 8192 8 6.50 0.9500 3.94 0.900 0.0000e+00
ACC2 8192 8 6.50 0.9500 3.94 0.930 0.0000e+00
ACC2 8192 8 6.50 0.9500 3.94 0.960 0.0000e+00
ACC2 8192 8 6.50 0.9500 3.94 0.980 2.4331e-04
ACC2 8192 8 6.50 0.9500 3.94 1.000 1.2165e-03
ACC2 8192 8 6.50 0.9500 8.14 0.900 0.0000e+00
ACC2 8192 8 6.50 0.9500 8.14 0.930 0.0000e+00
ACC2 8192 8 6.50 0.9500 8.14 0.960 0.0000e+00
ACC2 8192 8 6.50 0.9500 8.14 0.980 0.0000e+00
ACC2 8192 8 6.50 0.9500 8.14 1.000 1.0109e-03
ACC2 8192 8 6.50 0.9500 16.12 0.900 0.0000e+00
ACC2 8192 8 6.50 0.9500 16.12 0.930 0.0000e+00
ACC2 8192 8 6.50 0.9500 16.12 0.960 0.0000e+00
ACC2 8192 8 6.50 0.9500 16.12 0.980 0.0000e+00
ACC2 8192 8 6.50 0.9500 16.12 1.000 1.8349e-03
ACC2 8192 8 6.50 0.9500 32.61 0.900 0.0000e+00
ACC2 8192 8 6.50 0.9500 32.61 0.930 0.0000e+00
ACC2 8192 8 6.50 0.9500 32.61 0.960 0.0000e+00
ACC2 8192 8 6.50 0.9500 32.61 0.980 2.7270e-04
ACC2 8192 8 6.50 0.9500 32.61 1.000 8.1811e-04
ACC2 8192 8 6.50 0.9500 64.60 0.900 0.0000e+00
ACC2 8192 8 6.50 0.9500 64.60 0.930 0.0000e+00
ACC2 8192 8 6.50 0.9500 64.60 0.960 0.0000e+00
ACC2 8192 8 6.50 0.9500 64.60 0.980 0.0000e+00
ACC2 8192 8 6.50 0.9500 64.60 1.000 5.5772e-04
ACC2 8192 8 6.50 0.9500 128.59 0.900 0.0000e+00
ACC2 8192 8 6.50 0.9500 128.59 0.930 0.0000e+00
ACC2 8192 8 6.50 0.9500 128.59 0.960 0.0000e+00
ACC2 8192 8 6.50 0.9500 128.59 0.980 0.0000e+00
ACC2 8192 8 6.50 0.9500 128.59 1.000 5.6577e-04
ACC2 8192 8 6.50 0.9800 2.03 0.900 0.0000e+00
ACC2 8192 8 6.50 0.9800 2.03 0.930 0.0000e+00
ACC2 8192 8 6.50 0.9800 2.03 0.960 0.0000e+00
ACC2 8192 8 6.50 0.9800 2.03 0.980 4.8840e-04
ACC2 8192 8 6.50 0.9800 2.03 1.000 1.6117e-02
ACC2 8192 8 6.50 0.9800 3.94 0.900 0.0000e+00
ACC2 8192 8 6.50 0.9800 3.94 0.930 0.0000e+00
ACC2 8192 8 6.50 0.9800 3.94 0.960 0.0000e+00
ACC2 8192 8 6.50 0.9800 3.94 0.980 5.0556e-04
ACC2 8192 8 6.50 0.9800 3.94 1.000 9.3529e-03
ACC2 8192 8 6.50 0.9800 8.14 0.900 0.0000e+00
ACC2 8192 8 6.50 0.9800 8.14 0.930 0.0000e+00
ACC2 8192 8 6.50 0.9800 8.14 0.960 0.0000e+00
ACC2 8192 8 6.50 0.9800 8.14 0.980 0.0000e+00
ACC2 8192 8 6.50 0.9800 8.14 1.000 3.6129e-03
ACC2 8192 8 6.50 0.9800 16.12 0.900 0.0000e+00
ACC2 8192 8 6.50 0.9800 16.12 0.930 0.0000e+00
ACC2 8192 8 6.50 0.9800 16.12 0.960 0.0000e+00
ACC2 8192 8 6.50 0.9800 16.12 0.980 5.3277e-04
ACC2 8192 8 6.50 0.9800 16.12 1.000 2.9302e-03
ACC2 8192 8 6.50 0.9800 32.61 0.900 0.0000e+00
ACC2 8192 8 6.50 0.9800 32.61 0.930 0.0000e+00
ACC2 8192 8 6.50 0.9800 32.61 0.960 0.0000e+00
ACC2 8192 8 6.50 0.9800 32.61 0.980 0.0000e+00
ACC2 8192 8 6.50 0.9800 32.61 1.000 1.6398e-03
ACC2 8192 8 6.50 0.9800 64.60 0.900 0.0000e+00
ACC2 8192 8 6.50 0.9800 64.60 0.930 0.0000e+00
ACC2 8192 8 6.50 0.9800 64.60 0.960 0.0000e+00
ACC2 8192 8 6.50 0.9800 64.60 0.980 0.0000e+00
ACC2 8192 8 6.50 0.9800 64.60 1.000 1.3986e-03
ACC2 8192 8 6.50 0.9800 128.59 0.900 0.0000e+00
ACC2 8192 8 6.50 0.9800 128.59 0.930 0.0000e+00
ACC2 8192 8 6.50 0.9800 128.59 0.960 0.0000e+00
ACC2 8192 8 6.50 0.9800 128.59 0.980 0.0000e+00
ACC2 8192 8 6.50 0.9800 128.59 1.000 1.9724e-03
ACC2 8192 8 6.50 0.9950 2.03 0.900 0.0000e+00
ACC2 8192 8 6.50 0.9950 2.03 0.930 0.0000e+00
ACC2 8192 8 6.50 0.9950 2.03 0.960 0.0000e+00
ACC2 8192 8 6.50 0.9950 2.03 0.980 2.6082e-04
ACC2 8192 8 6.50 0.9950 2.03 1.000 4.9296e-02
ACC2 8192 8 6.50 0.9950 3.94 0.900 0.0000e+00
ACC2 8192 8 6.50 0.9950 3.94 0.930 0.0000e+00
ACC2 8192 8 6.50 0.9950 3.94 0.960 0.0000e+00
ACC2 8192 8 6.50 0.9950 3.94 0.980 0.0000e+00
ACC2 8192 8 6.50 0.9950 3.94 1.000 3.3711e-02
ACC2 8192 8 6.50 0.9950 8.14 0.900 0.0000e+00
ACC2 8192 8 6.50 0.9950 8.14 0.930 0.0000e+00
ACC2 8192 8 6.50 0.9950 8.14 0.960 0.0000e+00
ACC2 8192 8 6.50 0.9950 8.14 0.980 0.0000e+00
ACC2 8192 8 6.50 0.9950 8.14 1.000 2.1036e-02
ACC2 8192 8 6.50 0.9950 16.12 0.900 0.0000e+00
ACC2 8192 8 6.50 0.9950 16.12 0.930 0.0000e+00
ACC2 8192 8 6.50 0.9950 16.12 0.960 0.0000e+00
ACC2 8192 8 6.50 0.9950 16.12 0.980 0.0000e+00
ACC2 8192 8 6.50 0.9950 16.12 1.000 1.2182e-02
ACC2 8192 8 6.50 0.9950 32.61 0.900 0.0000e+00
ACC2 8192 8 6.50 0.9950 32.61 0.930 0.0000e+00
ACC2 8192 8 6.50 0.9950 32.61 0.960 0.0000e+00
ACC2 8192 8 6.50 0.9950 32.61 0.980 0.0000e+00
ACC2 8192 8 6.50 0.9950 32.61 1.000 6.7492e-03
ACC2 8192 8 6.50 0.9950 64.60 0.900 0.0000e+00
ACC2 8192 8 6.50 0.9950 64.60 0.930 0.0000e+00
ACC2 8192 8 6.50 0.9950 64.60 0.960 0.0000e+00
ACC2 8192 8 6.50 0.9950 64.60 0.980 0.0000e+00
ACC2 8192 8 6.50 0.9950 64.60 1.000 3.4120e-03
ACC2 8192 8 6.50 0.9950 128.59 0.900 0.0000e+00
ACC2 8192 8 6.50 0.9950 128.59 0.930 0.0000e+00
ACC2 8192 8 6.50 0.9950 128.59 0.960 0.0000e+00
ACC2 8192 8 6.50 0.9950 128.59 0.980 0.0000e+00
ACC2 8192 8 6.50 0.9950 128.59 1.000 4.5675e-03

# LEGACY rows on the OLD key, for the lengths the re-keyed
# grid does not cover yet. tools/regen/accuracy_v2.py is
# generating their replacements; delete these and the old
# lookup in python/matchedfilter/__init__.py when it lands.
# ACC n band U K snr f beff coarse_margin dismissal
ACC 16384 256 2 4 5.00 0.8500 25.6 0.900 0.0000e+00
ACC 16384 256 2 4 5.00 0.8500 25.6 0.940 0.0000e+00
ACC 16384 256 2 4 5.00 0.8500 25.6 0.970 0.0000e+00
ACC 16384 256 2 4 5.00 0.8500 25.6 1.000 0.0000e+00
ACC 16384 256 2 4 5.00 0.8500 103.0 0.900 0.0000e+00
ACC 16384 256 2 4 5.00 0.8500 103.0 0.940 0.0000e+00
ACC 16384 256 2 4 5.00 0.8500 103.0 0.970 0.0000e+00
ACC 16384 256 2 4 5.00 0.8500 103.0 1.000 0.0000e+00
ACC 16384 256 2 4 5.00 0.9200 25.6 0.900 0.0000e+00
ACC 16384 256 2 4 5.00 0.9200 25.6 0.940 0.0000e+00
ACC 16384 256 2 4 5.00 0.9200 25.6 0.970 0.0000e+00
ACC 16384 256 2 4 5.00 0.9200 25.6 1.000 3.7010e-04
ACC 16384 256 2 4 5.00 0.9200 103.0 0.900 0.0000e+00
ACC 16384 256 2 4 5.00 0.9200 103.0 0.940 0.0000e+00
ACC 16384 256 2 4 5.00 0.9200 103.0 0.970 0.0000e+00
ACC 16384 256 2 4 5.00 0.9200 103.0 1.000 0.0000e+00
ACC 16384 256 2 4 5.00 0.9700 25.6 0.900 0.0000e+00
ACC 16384 256 2 4 5.00 0.9700 25.6 0.940 0.0000e+00
ACC 16384 256 2 4 5.00 0.9700 25.6 0.970 3.7793e-04
ACC 16384 256 2 4 5.00 0.9700 25.6 1.000 1.1338e-03
ACC 16384 256 2 4 5.00 0.9700 103.0 0.900 0.0000e+00
ACC 16384 256 2 4 5.00 0.9700 103.0 0.940 0.0000e+00
ACC 16384 256 2 4 5.00 0.9700 103.0 0.970 0.0000e+00
ACC 16384 256 2 4 5.00 0.9700 103.0 1.000 0.0000e+00
ACC 16384 256 2 4 5.50 0.8500 25.6 0.900 0.0000e+00
ACC 16384 256 2 4 5.50 0.8500 25.6 0.940 0.0000e+00
ACC 16384 256 2 4 5.50 0.8500 25.6 0.970 0.0000e+00
ACC 16384 256 2 4 5.50 0.8500 25.6 1.000 0.0000e+00
ACC 16384 256 2 4 5.50 0.8500 103.0 0.900 0.0000e+00
ACC 16384 256 2 4 5.50 0.8500 103.0 0.940 0.0000e+00
ACC 16384 256 2 4 5.50 0.8500 103.0 0.970 0.0000e+00
ACC 16384 256 2 4 5.50 0.8500 103.0 1.000 0.0000e+00
ACC 16384 256 2 4 5.50 0.9200 25.6 0.900 0.0000e+00
ACC 16384 256 2 4 5.50 0.9200 25.6 0.940 0.0000e+00
ACC 16384 256 2 4 5.50 0.9200 25.6 0.970 0.0000e+00
ACC 16384 256 2 4 5.50 0.9200 25.6 1.000 3.8358e-04
ACC 16384 256 2 4 5.50 0.9200 103.0 0.900 0.0000e+00
ACC 16384 256 2 4 5.50 0.9200 103.0 0.940 0.0000e+00
ACC 16384 256 2 4 5.50 0.9200 103.0 0.970 0.0000e+00
ACC 16384 256 2 4 5.50 0.9200 103.0 1.000 0.0000e+00
ACC 16384 256 2 4 5.50 0.9700 25.6 0.900 0.0000e+00
ACC 16384 256 2 4 5.50 0.9700 25.6 0.940 0.0000e+00
ACC 16384 256 2 4 5.50 0.9700 25.6 0.970 0.0000e+00
ACC 16384 256 2 4 5.50 0.9700 25.6 1.000 0.0000e+00
ACC 16384 256 2 4 5.50 0.9700 103.0 0.900 0.0000e+00
ACC 16384 256 2 4 5.50 0.9700 103.0 0.940 0.0000e+00
ACC 16384 256 2 4 5.50 0.9700 103.0 0.970 0.0000e+00
ACC 16384 256 2 4 5.50 0.9700 103.0 1.000 0.0000e+00
ACC 16384 256 2 4 6.00 0.8500 25.6 0.900 0.0000e+00
ACC 16384 256 2 4 6.00 0.8500 25.6 0.940 0.0000e+00
ACC 16384 256 2 4 6.00 0.8500 25.6 0.970 0.0000e+00
ACC 16384 256 2 4 6.00 0.8500 25.6 1.000 4.0274e-04
ACC 16384 256 2 4 6.00 0.8500 103.0 0.900 0.0000e+00
ACC 16384 256 2 4 6.00 0.8500 103.0 0.940 0.0000e+00
ACC 16384 256 2 4 6.00 0.8500 103.0 0.970 0.0000e+00
ACC 16384 256 2 4 6.00 0.8500 103.0 1.000 0.0000e+00
ACC 16384 256 2 4 6.00 0.9200 25.6 0.900 0.0000e+00
ACC 16384 256 2 4 6.00 0.9200 25.6 0.940 0.0000e+00
ACC 16384 256 2 4 6.00 0.9200 25.6 0.970 0.0000e+00
ACC 16384 256 2 4 6.00 0.9200 25.6 1.000 3.9635e-04
ACC 16384 256 2 4 6.00 0.9200 103.0 0.900 0.0000e+00
ACC 16384 256 2 4 6.00 0.9200 103.0 0.940 0.0000e+00
ACC 16384 256 2 4 6.00 0.9200 103.0 0.970 0.0000e+00
ACC 16384 256 2 4 6.00 0.9200 103.0 1.000 0.0000e+00
ACC 16384 256 2 4 6.00 0.9700 25.6 0.900 0.0000e+00
ACC 16384 256 2 4 6.00 0.9700 25.6 0.940 0.0000e+00
ACC 16384 256 2 4 6.00 0.9700 25.6 0.970 0.0000e+00
ACC 16384 256 2 4 6.00 0.9700 25.6 1.000 0.0000e+00
ACC 16384 256 2 4 6.00 0.9700 103.0 0.900 0.0000e+00
ACC 16384 256 2 4 6.00 0.9700 103.0 0.940 0.0000e+00
ACC 16384 256 2 4 6.00 0.9700 103.0 0.970 0.0000e+00
ACC 16384 256 2 4 6.00 0.9700 103.0 1.000 0.0000e+00
ACC 16384 256 2 4 6.50 0.8500 25.6 0.900 0.0000e+00
ACC 16384 256 2 4 6.50 0.8500 25.6 0.940 0.0000e+00
ACC 16384 256 2 4 6.50 0.8500 25.6 0.970 0.0000e+00
ACC 16384 256 2 4 6.50 0.8500 25.6 1.000 4.1667e-04
ACC 16384 256 2 4 6.50 0.8500 103.0 0.900 0.0000e+00
ACC 16384 256 2 4 6.50 0.8500 103.0 0.940 0.0000e+00
ACC 16384 256 2 4 6.50 0.8500 103.0 0.970 0.0000e+00
ACC 16384 256 2 4 6.50 0.8500 103.0 1.000 0.0000e+00
ACC 16384 256 2 4 6.50 0.9200 25.6 0.900 0.0000e+00
ACC 16384 256 2 4 6.50 0.9200 25.6 0.940 0.0000e+00
ACC 16384 256 2 4 6.50 0.9200 25.6 0.970 0.0000e+00
ACC 16384 256 2 4 6.50 0.9200 25.6 1.000 4.0766e-04
ACC 16384 256 2 4 6.50 0.9200 103.0 0.900 0.0000e+00
ACC 16384 256 2 4 6.50 0.9200 103.0 0.940 0.0000e+00
ACC 16384 256 2 4 6.50 0.9200 103.0 0.970 0.0000e+00
ACC 16384 256 2 4 6.50 0.9200 103.0 1.000 0.0000e+00
ACC 16384 256 2 4 6.50 0.9700 25.6 0.900 0.0000e+00
ACC 16384 256 2 4 6.50 0.9700 25.6 0.940 0.0000e+00
ACC 16384 256 2 4 6.50 0.9700 25.6 0.970 0.0000e+00
ACC 16384 256 2 4 6.50 0.9700 25.6 1.000 0.0000e+00
ACC 16384 256 2 4 6.50 0.9700 103.0 0.900 0.0000e+00
ACC 16384 256 2 4 6.50 0.9700 103.0 0.940 0.0000e+00
ACC 16384 256 2 4 6.50 0.9700 103.0 0.970 0.0000e+00
ACC 16384 256 2 4 6.50 0.9700 103.0 1.000 0.0000e+00
ACC 16384 256 2 8 5.00 0.8500 25.6 0.900 0.0000e+00
ACC 16384 256 2 8 5.00 0.8500 25.6 0.940 0.0000e+00
ACC 16384 256 2 8 5.00 0.8500 25.6 0.970 0.0000e+00
ACC 16384 256 2 8 5.00 0.8500 25.6 1.000 3.7286e-04
ACC 16384 256 2 8 5.00 0.8500 103.0 0.900 0.0000e+00
ACC 16384 256 2 8 5.00 0.8500 103.0 0.940 0.0000e+00
ACC 16384 256 2 8 5.00 0.8500 103.0 0.970 0.0000e+00
ACC 16384 256 2 8 5.00 0.8500 103.0 1.000 0.0000e+00
ACC 16384 256 2 8 5.00 0.9200 25.6 0.900 0.0000e+00
ACC 16384 256 2 8 5.00 0.9200 25.6 0.940 0.0000e+00
ACC 16384 256 2 8 5.00 0.9200 25.6 0.970 0.0000e+00
ACC 16384 256 2 8 5.00 0.9200 25.6 1.000 3.7010e-04
ACC 16384 256 2 8 5.00 0.9200 103.0 0.900 0.0000e+00
ACC 16384 256 2 8 5.00 0.9200 103.0 0.940 0.0000e+00
ACC 16384 256 2 8 5.00 0.9200 103.0 0.970 4.0161e-04
ACC 16384 256 2 8 5.00 0.9200 103.0 1.000 1.2048e-03
ACC 16384 256 2 8 5.00 0.9700 25.6 0.900 0.0000e+00
ACC 16384 256 2 8 5.00 0.9700 25.6 0.940 0.0000e+00
ACC 16384 256 2 8 5.00 0.9700 25.6 0.970 3.7793e-04
ACC 16384 256 2 8 5.00 0.9700 25.6 1.000 1.8896e-03
ACC 16384 256 2 8 5.00 0.9700 103.0 0.900 0.0000e+00
ACC 16384 256 2 8 5.00 0.9700 103.0 0.940 0.0000e+00
ACC 16384 256 2 8 5.00 0.9700 103.0 0.970 8.0678e-04
ACC 16384 256 2 8 5.00 0.9700 103.0 1.000 5.2441e-03
ACC 16384 256 2 8 5.50 0.8500 25.6 0.900 0.0000e+00
ACC 16384 256 2 8 5.50 0.8500 25.6 0.940 0.0000e+00
ACC 16384 256 2 8 5.50 0.8500 25.6 0.970 0.0000e+00
ACC 16384 256 2 8 5.50 0.8500 25.6 1.000 3.9108e-04
ACC 16384 256 2 8 5.50 0.8500 103.0 0.900 0.0000e+00
ACC 16384 256 2 8 5.50 0.8500 103.0 0.940 0.0000e+00
ACC 16384 256 2 8 5.50 0.8500 103.0 0.970 0.0000e+00
ACC 16384 256 2 8 5.50 0.8500 103.0 1.000 4.2105e-04
ACC 16384 256 2 8 5.50 0.9200 25.6 0.900 0.0000e+00
ACC 16384 256 2 8 5.50 0.9200 25.6 0.940 0.0000e+00
ACC 16384 256 2 8 5.50 0.9200 25.6 0.970 0.0000e+00
ACC 16384 256 2 8 5.50 0.9200 25.6 1.000 3.8358e-04
ACC 16384 256 2 8 5.50 0.9200 103.0 0.900 0.0000e+00
ACC 16384 256 2 8 5.50 0.9200 103.0 0.940 0.0000e+00
ACC 16384 256 2 8 5.50 0.9200 103.0 0.970 4.1597e-04
ACC 16384 256 2 8 5.50 0.9200 103.0 1.000 1.6639e-03
ACC 16384 256 2 8 5.50 0.9700 25.6 0.900 0.0000e+00
ACC 16384 256 2 8 5.50 0.9700 25.6 0.940 0.0000e+00
ACC 16384 256 2 8 5.50 0.9700 25.6 0.970 0.0000e+00
ACC 16384 256 2 8 5.50 0.9700 25.6 1.000 1.1601e-03
ACC 16384 256 2 8 5.50 0.9700 103.0 0.900 0.0000e+00
ACC 16384 256 2 8 5.50 0.9700 103.0 0.940 0.0000e+00
ACC 16384 256 2 8 5.50 0.9700 103.0 0.970 0.0000e+00
ACC 16384 256 2 8 5.50 0.9700 103.0 1.000 4.9607e-03
ACC 16384 256 2 8 6.00 0.8500 25.6 0.900 0.0000e+00
ACC 16384 256 2 8 6.00 0.8500 25.6 0.940 0.0000e+00
ACC 16384 256 2 8 6.00 0.8500 25.6 0.970 0.0000e+00
ACC 16384 256 2 8 6.00 0.8500 25.6 1.000 4.0274e-04
ACC 16384 256 2 8 6.00 0.8500 103.0 0.900 0.0000e+00
ACC 16384 256 2 8 6.00 0.8500 103.0 0.940 0.0000e+00
ACC 16384 256 2 8 6.00 0.8500 103.0 0.970 0.0000e+00
ACC 16384 256 2 8 6.00 0.8500 103.0 1.000 4.3029e-04
ACC 16384 256 2 8 6.00 0.9200 25.6 0.900 0.0000e+00
ACC 16384 256 2 8 6.00 0.9200 25.6 0.940 0.0000e+00
ACC 16384 256 2 8 6.00 0.9200 25.6 0.970 0.0000e+00
ACC 16384 256 2 8 6.00 0.9200 25.6 1.000 3.9635e-04
ACC 16384 256 2 8 6.00 0.9200 103.0 0.900 0.0000e+00
ACC 16384 256 2 8 6.00 0.9200 103.0 0.940 0.0000e+00
ACC 16384 256 2 8 6.00 0.9200 103.0 0.970 4.2662e-04
ACC 16384 256 2 8 6.00 0.9200 103.0 1.000 1.2799e-03
ACC 16384 256 2 8 6.00 0.9700 25.6 0.900 0.0000e+00
ACC 16384 256 2 8 6.00 0.9700 25.6 0.940 0.0000e+00
ACC 16384 256 2 8 6.00 0.9700 25.6 0.970 0.0000e+00
ACC 16384 256 2 8 6.00 0.9700 25.6 1.000 1.9778e-03
ACC 16384 256 2 8 6.00 0.9700 103.0 0.900 0.0000e+00
ACC 16384 256 2 8 6.00 0.9700 103.0 0.940 0.0000e+00
ACC 16384 256 2 8 6.00 0.9700 103.0 0.970 0.0000e+00
ACC 16384 256 2 8 6.00 0.9700 103.0 1.000 6.7711e-03
ACC 16384 256 2 8 6.50 0.8500 25.6 0.900 0.0000e+00
ACC 16384 256 2 8 6.50 0.8500 25.6 0.940 0.0000e+00
ACC 16384 256 2 8 6.50 0.8500 25.6 0.970 0.0000e+00
ACC 16384 256 2 8 6.50 0.8500 25.6 1.000 4.1667e-04
ACC 16384 256 2 8 6.50 0.8500 103.0 0.900 0.0000e+00
ACC 16384 256 2 8 6.50 0.8500 103.0 0.940 0.0000e+00
ACC 16384 256 2 8 6.50 0.8500 103.0 0.970 0.0000e+00
ACC 16384 256 2 8 6.50 0.8500 103.0 1.000 4.3860e-04
ACC 16384 256 2 8 6.50 0.9200 25.6 0.900 0.0000e+00
ACC 16384 256 2 8 6.50 0.9200 25.6 0.940 0.0000e+00
ACC 16384 256 2 8 6.50 0.9200 25.6 0.970 0.0000e+00
ACC 16384 256 2 8 6.50 0.9200 25.6 1.000 4.0766e-04
ACC 16384 256 2 8 6.50 0.9200 103.0 0.900 0.0000e+00
ACC 16384 256 2 8 6.50 0.9200 103.0 0.940 0.0000e+00
ACC 16384 256 2 8 6.50 0.9200 103.0 0.970 4.3422e-04
ACC 16384 256 2 8 6.50 0.9200 103.0 1.000 1.3026e-03
ACC 16384 256 2 8 6.50 0.9700 25.6 0.900 0.0000e+00
ACC 16384 256 2 8 6.50 0.9700 25.6 0.940 0.0000e+00
ACC 16384 256 2 8 6.50 0.9700 25.6 0.970 0.0000e+00
ACC 16384 256 2 8 6.50 0.9700 25.6 1.000 1.6123e-03
ACC 16384 256 2 8 6.50 0.9700 103.0 0.900 0.0000e+00
ACC 16384 256 2 8 6.50 0.9700 103.0 0.940 0.0000e+00
ACC 16384 256 2 8 6.50 0.9700 103.0 0.970 0.0000e+00
ACC 16384 256 2 8 6.50 0.9700 103.0 1.000 7.7486e-03
ACC 16384 512 2 4 5.00 0.8500 50.6 0.900 0.0000e+00
ACC 16384 512 2 4 5.00 0.8500 50.6 0.940 0.0000e+00
ACC 16384 512 2 4 5.00 0.8500 50.6 0.970 0.0000e+00
ACC 16384 512 2 4 5.00 0.8500 50.6 1.000 3.8095e-04
ACC 16384 512 2 4 5.00 0.8500 205.5 0.900 0.0000e+00
ACC 16384 512 2 4 5.00 0.8500 205.5 0.940 0.0000e+00
ACC 16384 512 2 4 5.00 0.8500 205.5 0.970 0.0000e+00
ACC 16384 512 2 4 5.00 0.8500 205.5 1.000 0.0000e+00
ACC 16384 512 2 4 5.00 0.9200 50.6 0.900 0.0000e+00
ACC 16384 512 2 4 5.00 0.9200 50.6 0.940 0.0000e+00
ACC 16384 512 2 4 5.00 0.9200 50.6 0.970 3.7693e-04
ACC 16384 512 2 4 5.00 0.9200 50.6 1.000 7.5386e-04
ACC 16384 512 2 4 5.00 0.9200 205.5 0.900 0.0000e+00
ACC 16384 512 2 4 5.00 0.9200 205.5 0.940 0.0000e+00
ACC 16384 512 2 4 5.00 0.9200 205.5 0.970 0.0000e+00
ACC 16384 512 2 4 5.00 0.9200 205.5 1.000 0.0000e+00
ACC 16384 512 2 4 5.00 0.9700 50.6 0.900 0.0000e+00
ACC 16384 512 2 4 5.00 0.9700 50.6 0.940 0.0000e+00
ACC 16384 512 2 4 5.00 0.9700 50.6 0.970 0.0000e+00
ACC 16384 512 2 4 5.00 0.9700 50.6 1.000 7.6453e-04
ACC 16384 512 2 4 5.00 0.9700 205.5 0.900 0.0000e+00
ACC 16384 512 2 4 5.00 0.9700 205.5 0.940 0.0000e+00
ACC 16384 512 2 4 5.00 0.9700 205.5 0.970 0.0000e+00
ACC 16384 512 2 4 5.00 0.9700 205.5 1.000 0.0000e+00
ACC 16384 512 2 4 5.50 0.8500 50.6 0.900 0.0000e+00
ACC 16384 512 2 4 5.50 0.8500 50.6 0.940 0.0000e+00
ACC 16384 512 2 4 5.50 0.8500 50.6 0.970 0.0000e+00
ACC 16384 512 2 4 5.50 0.8500 50.6 1.000 1.2034e-03
ACC 16384 512 2 4 5.50 0.8500 205.5 0.900 0.0000e+00
ACC 16384 512 2 4 5.50 0.8500 205.5 0.940 0.0000e+00
ACC 16384 512 2 4 5.50 0.8500 205.5 0.970 0.0000e+00
ACC 16384 512 2 4 5.50 0.8500 205.5 1.000 0.0000e+00
ACC 16384 512 2 4 5.50 0.9200 50.6 0.900 0.0000e+00
ACC 16384 512 2 4 5.50 0.9200 50.6 0.940 0.0000e+00
ACC 16384 512 2 4 5.50 0.9200 50.6 0.970 3.9170e-04
ACC 16384 512 2 4 5.50 0.9200 50.6 1.000 1.1751e-03
ACC 16384 512 2 4 5.50 0.9200 205.5 0.900 0.0000e+00
ACC 16384 512 2 4 5.50 0.9200 205.5 0.940 0.0000e+00
ACC 16384 512 2 4 5.50 0.9200 205.5 0.970 0.0000e+00
ACC 16384 512 2 4 5.50 0.9200 205.5 1.000 0.0000e+00
ACC 16384 512 2 4 5.50 0.9700 50.6 0.900 0.0000e+00
ACC 16384 512 2 4 5.50 0.9700 50.6 0.940 0.0000e+00
ACC 16384 512 2 4 5.50 0.9700 50.6 0.970 0.0000e+00
ACC 16384 512 2 4 5.50 0.9700 50.6 1.000 3.9448e-04
ACC 16384 512 2 4 5.50 0.9700 205.5 0.900 0.0000e+00
ACC 16384 512 2 4 5.50 0.9700 205.5 0.940 0.0000e+00
ACC 16384 512 2 4 5.50 0.9700 205.5 0.970 0.0000e+00
ACC 16384 512 2 4 5.50 0.9700 205.5 1.000 0.0000e+00
ACC 16384 512 2 4 6.00 0.8500 50.6 0.900 0.0000e+00
ACC 16384 512 2 4 6.00 0.8500 50.6 0.940 0.0000e+00
ACC 16384 512 2 4 6.00 0.8500 50.6 0.970 4.1288e-04
ACC 16384 512 2 4 6.00 0.8500 50.6 1.000 1.2386e-03
ACC 16384 512 2 4 6.00 0.8500 205.5 0.900 0.0000e+00
ACC 16384 512 2 4 6.00 0.8500 205.5 0.940 0.0000e+00
ACC 16384 512 2 4 6.00 0.8500 205.5 0.970 0.0000e+00
ACC 16384 512 2 4 6.00 0.8500 205.5 1.000 0.0000e+00
ACC 16384 512 2 4 6.00 0.9200 50.6 0.900 0.0000e+00
ACC 16384 512 2 4 6.00 0.9200 50.6 0.940 0.0000e+00
ACC 16384 512 2 4 6.00 0.9200 50.6 0.970 4.0502e-04
ACC 16384 512 2 4 6.00 0.9200 50.6 1.000 8.1004e-04
ACC 16384 512 2 4 6.00 0.9200 205.5 0.900 0.0000e+00
ACC 16384 512 2 4 6.00 0.9200 205.5 0.940 0.0000e+00
ACC 16384 512 2 4 6.00 0.9200 205.5 0.970 0.0000e+00
ACC 16384 512 2 4 6.00 0.9200 205.5 1.000 0.0000e+00
ACC 16384 512 2 4 6.00 0.9700 50.6 0.900 0.0000e+00
ACC 16384 512 2 4 6.00 0.9700 50.6 0.940 0.0000e+00
ACC 16384 512 2 4 6.00 0.9700 50.6 0.970 0.0000e+00
ACC 16384 512 2 4 6.00 0.9700 50.6 1.000 1.2107e-03
ACC 16384 512 2 4 6.00 0.9700 205.5 0.900 0.0000e+00
ACC 16384 512 2 4 6.00 0.9700 205.5 0.940 0.0000e+00
ACC 16384 512 2 4 6.00 0.9700 205.5 0.970 0.0000e+00
ACC 16384 512 2 4 6.00 0.9700 205.5 1.000 0.0000e+00
ACC 16384 512 2 4 6.50 0.8500 50.6 0.900 0.0000e+00
ACC 16384 512 2 4 6.50 0.8500 50.6 0.940 0.0000e+00
ACC 16384 512 2 4 6.50 0.8500 50.6 0.970 4.2481e-04
ACC 16384 512 2 4 6.50 0.8500 50.6 1.000 1.2744e-03
ACC 16384 512 2 4 6.50 0.8500 205.5 0.900 0.0000e+00
ACC 16384 512 2 4 6.50 0.8500 205.5 0.940 0.0000e+00
ACC 16384 512 2 4 6.50 0.8500 205.5 0.970 0.0000e+00
ACC 16384 512 2 4 6.50 0.8500 205.5 1.000 0.0000e+00
ACC 16384 512 2 4 6.50 0.9200 50.6 0.900 0.0000e+00
ACC 16384 512 2 4 6.50 0.9200 50.6 0.940 0.0000e+00
ACC 16384 512 2 4 6.50 0.9200 50.6 0.970 0.0000e+00
ACC 16384 512 2 4 6.50 0.9200 50.6 1.000 4.1615e-04
ACC 16384 512 2 4 6.50 0.9200 205.5 0.900 0.0000e+00
ACC 16384 512 2 4 6.50 0.9200 205.5 0.940 0.0000e+00
ACC 16384 512 2 4 6.50 0.9200 205.5 0.970 0.0000e+00
ACC 16384 512 2 4 6.50 0.9200 205.5 1.000 0.0000e+00
ACC 16384 512 2 4 6.50 0.9700 50.6 0.900 0.0000e+00
ACC 16384 512 2 4 6.50 0.9700 50.6 0.940 0.0000e+00
ACC 16384 512 2 4 6.50 0.9700 50.6 0.970 0.0000e+00
ACC 16384 512 2 4 6.50 0.9700 50.6 1.000 4.1085e-04
ACC 16384 512 2 4 6.50 0.9700 205.5 0.900 0.0000e+00
ACC 16384 512 2 4 6.50 0.9700 205.5 0.940 0.0000e+00
ACC 16384 512 2 4 6.50 0.9700 205.5 0.970 0.0000e+00
ACC 16384 512 2 4 6.50 0.9700 205.5 1.000 0.0000e+00
ACC 16384 512 2 8 5.00 0.8500 50.6 0.900 0.0000e+00
ACC 16384 512 2 8 5.00 0.8500 50.6 0.940 0.0000e+00
ACC 16384 512 2 8 5.00 0.8500 50.6 0.970 3.8095e-04
ACC 16384 512 2 8 5.00 0.8500 50.6 1.000 3.8095e-04
ACC 16384 512 2 8 5.00 0.8500 205.5 0.900 0.0000e+00
ACC 16384 512 2 8 5.00 0.8500 205.5 0.940 0.0000e+00
ACC 16384 512 2 8 5.00 0.8500 205.5 0.970 4.1374e-04
ACC 16384 512 2 8 5.00 0.8500 205.5 1.000 8.2747e-04
ACC 16384 512 2 8 5.00 0.9200 50.6 0.900 0.0000e+00
ACC 16384 512 2 8 5.00 0.9200 50.6 0.940 3.7693e-04
ACC 16384 512 2 8 5.00 0.9200 50.6 0.970 3.7693e-04
ACC 16384 512 2 8 5.00 0.9200 50.6 1.000 1.5077e-03
ACC 16384 512 2 8 5.00 0.9200 205.5 0.900 0.0000e+00
ACC 16384 512 2 8 5.00 0.9200 205.5 0.940 0.0000e+00
ACC 16384 512 2 8 5.00 0.9200 205.5 0.970 0.0000e+00
ACC 16384 512 2 8 5.00 0.9200 205.5 1.000 4.0883e-04
ACC 16384 512 2 8 5.00 0.9700 50.6 0.900 0.0000e+00
ACC 16384 512 2 8 5.00 0.9700 50.6 0.940 0.0000e+00
ACC 16384 512 2 8 5.00 0.9700 50.6 0.970 0.0000e+00
ACC 16384 512 2 8 5.00 0.9700 50.6 1.000 3.4404e-03
ACC 16384 512 2 8 5.00 0.9700 205.5 0.900 0.0000e+00
ACC 16384 512 2 8 5.00 0.9700 205.5 0.940 0.0000e+00
ACC 16384 512 2 8 5.00 0.9700 205.5 0.970 4.1135e-04
ACC 16384 512 2 8 5.00 0.9700 205.5 1.000 2.8795e-03
ACC 16384 512 2 8 5.50 0.8500 50.6 0.900 0.0000e+00
ACC 16384 512 2 8 5.50 0.8500 50.6 0.940 0.0000e+00
ACC 16384 512 2 8 5.50 0.8500 50.6 0.970 4.0112e-04
ACC 16384 512 2 8 5.50 0.8500 50.6 1.000 1.6045e-03
ACC 16384 512 2 8 5.50 0.8500 205.5 0.900 0.0000e+00
ACC 16384 512 2 8 5.50 0.8500 205.5 0.940 0.0000e+00
ACC 16384 512 2 8 5.50 0.8500 205.5 0.970 4.2717e-04
ACC 16384 512 2 8 5.50 0.8500 205.5 1.000 8.5434e-04
ACC 16384 512 2 8 5.50 0.9200 50.6 0.900 0.0000e+00
ACC 16384 512 2 8 5.50 0.9200 50.6 0.940 3.9170e-04
ACC 16384 512 2 8 5.50 0.9200 50.6 0.970 3.9170e-04
ACC 16384 512 2 8 5.50 0.9200 50.6 1.000 1.1751e-03
ACC 16384 512 2 8 5.50 0.9200 205.5 0.900 0.0000e+00
ACC 16384 512 2 8 5.50 0.9200 205.5 0.940 0.0000e+00
ACC 16384 512 2 8 5.50 0.9200 205.5 0.970 0.0000e+00
ACC 16384 512 2 8 5.50 0.9200 205.5 1.000 1.2717e-03
ACC 16384 512 2 8 5.50 0.9700 50.6 0.900 0.0000e+00
ACC 16384 512 2 8 5.50 0.9700 50.6 0.940 0.0000e+00
ACC 16384 512 2 8 5.50 0.9700 50.6 0.970 0.0000e+00
ACC 16384 512 2 8 5.50 0.9700 50.6 1.000 3.1558e-03
ACC 16384 512 2 8 5.50 0.9700 205.5 0.900 0.0000e+00
ACC 16384 512 2 8 5.50 0.9700 205.5 0.940 0.0000e+00
ACC 16384 512 2 8 5.50 0.9700 205.5 0.970 4.2194e-04
ACC 16384 512 2 8 5.50 0.9700 205.5 1.000 3.3755e-03
ACC 16384 512 2 8 6.00 0.8500 50.6 0.900 0.0000e+00
ACC 16384 512 2 8 6.00 0.8500 50.6 0.940 0.0000e+00
ACC 16384 512 2 8 6.00 0.8500 50.6 0.970 8.2576e-04
ACC 16384 512 2 8 6.00 0.8500 50.6 1.000 1.2386e-03
ACC 16384 512 2 8 6.00 0.8500 205.5 0.900 0.0000e+00
ACC 16384 512 2 8 6.00 0.8500 205.5 0.940 0.0000e+00
ACC 16384 512 2 8 6.00 0.8500 205.5 0.970 4.3687e-04
ACC 16384 512 2 8 6.00 0.8500 205.5 1.000 1.3106e-03
ACC 16384 512 2 8 6.00 0.9200 50.6 0.900 0.0000e+00
ACC 16384 512 2 8 6.00 0.9200 50.6 0.940 4.0502e-04
ACC 16384 512 2 8 6.00 0.9200 50.6 0.970 4.0502e-04
ACC 16384 512 2 8 6.00 0.9200 50.6 1.000 1.2151e-03
ACC 16384 512 2 8 6.00 0.9200 205.5 0.900 0.0000e+00
ACC 16384 512 2 8 6.00 0.9200 205.5 0.940 0.0000e+00
ACC 16384 512 2 8 6.00 0.9200 205.5 0.970 0.0000e+00
ACC 16384 512 2 8 6.00 0.9200 205.5 1.000 1.7264e-03
ACC 16384 512 2 8 6.00 0.9700 50.6 0.900 0.0000e+00
ACC 16384 512 2 8 6.00 0.9700 50.6 0.940 0.0000e+00
ACC 16384 512 2 8 6.00 0.9700 50.6 0.970 0.0000e+00
ACC 16384 512 2 8 6.00 0.9700 50.6 1.000 2.8249e-03
ACC 16384 512 2 8 6.00 0.9700 205.5 0.900 0.0000e+00
ACC 16384 512 2 8 6.00 0.9700 205.5 0.940 0.0000e+00
ACC 16384 512 2 8 6.00 0.9700 205.5 0.970 4.2680e-04
ACC 16384 512 2 8 6.00 0.9700 205.5 1.000 4.2680e-03
ACC 16384 512 2 8 6.50 0.8500 50.6 0.900 0.0000e+00
ACC 16384 512 2 8 6.50 0.8500 50.6 0.940 0.0000e+00
ACC 16384 512 2 8 6.50 0.8500 50.6 0.970 8.4962e-04
ACC 16384 512 2 8 6.50 0.8500 50.6 1.000 1.2744e-03
ACC 16384 512 2 8 6.50 0.8500 205.5 0.900 0.0000e+00
ACC 16384 512 2 8 6.50 0.8500 205.5 0.940 0.0000e+00
ACC 16384 512 2 8 6.50 0.8500 205.5 0.970 0.0000e+00
ACC 16384 512 2 8 6.50 0.8500 205.5 1.000 8.8613e-04
ACC 16384 512 2 8 6.50 0.9200 50.6 0.900 0.0000e+00
ACC 16384 512 2 8 6.50 0.9200 50.6 0.940 0.0000e+00
ACC 16384 512 2 8 6.50 0.9200 50.6 0.970 0.0000e+00
ACC 16384 512 2 8 6.50 0.9200 50.6 1.000 8.3229e-04
ACC 16384 512 2 8 6.50 0.9200 205.5 0.900 0.0000e+00
ACC 16384 512 2 8 6.50 0.9200 205.5 0.940 0.0000e+00
ACC 16384 512 2 8 6.50 0.9200 205.5 0.970 0.0000e+00
ACC 16384 512 2 8 6.50 0.9200 205.5 1.000 1.3158e-03
ACC 16384 512 2 8 6.50 0.9700 50.6 0.900 0.0000e+00
ACC 16384 512 2 8 6.50 0.9700 50.6 0.940 0.0000e+00
ACC 16384 512 2 8 6.50 0.9700 50.6 0.970 0.0000e+00
ACC 16384 512 2 8 6.50 0.9700 50.6 1.000 2.0542e-03
ACC 16384 512 2 8 6.50 0.9700 205.5 0.900 0.0000e+00
ACC 16384 512 2 8 6.50 0.9700 205.5 0.940 0.0000e+00
ACC 16384 512 2 8 6.50 0.9700 205.5 0.970 4.3384e-04
ACC 16384 512 2 8 6.50 0.9700 205.5 1.000 5.2061e-03
ACC 16384 1024 2 4 5.00 0.8500 100.6 0.900 0.0000e+00
ACC 16384 1024 2 4 5.00 0.8500 100.6 0.940 0.0000e+00
ACC 16384 1024 2 4 5.00 0.8500 100.6 0.970 0.0000e+00
ACC 16384 1024 2 4 5.00 0.8500 100.6 1.000 0.0000e+00
ACC 16384 1024 2 4 5.00 0.8500 410.5 0.900 0.0000e+00
ACC 16384 1024 2 4 5.00 0.8500 410.5 0.940 0.0000e+00
ACC 16384 1024 2 4 5.00 0.8500 410.5 0.970 0.0000e+00
ACC 16384 1024 2 4 5.00 0.8500 410.5 1.000 0.0000e+00
ACC 16384 1024 2 4 5.00 0.9200 100.6 0.900 0.0000e+00
ACC 16384 1024 2 4 5.00 0.9200 100.6 0.940 0.0000e+00
ACC 16384 1024 2 4 5.00 0.9200 100.6 0.970 3.8805e-04
ACC 16384 1024 2 4 5.00 0.9200 100.6 1.000 3.8805e-04
ACC 16384 1024 2 4 5.00 0.9200 410.5 0.900 0.0000e+00
ACC 16384 1024 2 4 5.00 0.9200 410.5 0.940 0.0000e+00
ACC 16384 1024 2 4 5.00 0.9200 410.5 0.970 0.0000e+00
ACC 16384 1024 2 4 5.00 0.9200 410.5 1.000 0.0000e+00
ACC 16384 1024 2 4 5.00 0.9700 100.6 0.900 0.0000e+00
ACC 16384 1024 2 4 5.00 0.9700 100.6 0.940 0.0000e+00
ACC 16384 1024 2 4 5.00 0.9700 100.6 0.970 0.0000e+00
ACC 16384 1024 2 4 5.00 0.9700 100.6 1.000 7.8462e-04
ACC 16384 1024 2 4 5.00 0.9700 410.5 0.900 0.0000e+00
ACC 16384 1024 2 4 5.00 0.9700 410.5 0.940 0.0000e+00
ACC 16384 1024 2 4 5.00 0.9700 410.5 0.970 0.0000e+00
ACC 16384 1024 2 4 5.00 0.9700 410.5 1.000 0.0000e+00
ACC 16384 1024 2 4 5.50 0.8500 100.6 0.900 0.0000e+00
ACC 16384 1024 2 4 5.50 0.8500 100.6 0.940 0.0000e+00
ACC 16384 1024 2 4 5.50 0.8500 100.6 0.970 0.0000e+00
ACC 16384 1024 2 4 5.50 0.8500 100.6 1.000 4.0850e-04
ACC 16384 1024 2 4 5.50 0.8500 410.5 0.900 0.0000e+00
ACC 16384 1024 2 4 5.50 0.8500 410.5 0.940 0.0000e+00
ACC 16384 1024 2 4 5.50 0.8500 410.5 0.970 0.0000e+00
ACC 16384 1024 2 4 5.50 0.8500 410.5 1.000 0.0000e+00
ACC 16384 1024 2 4 5.50 0.9200 100.6 0.900 0.0000e+00
ACC 16384 1024 2 4 5.50 0.9200 100.6 0.940 0.0000e+00
ACC 16384 1024 2 4 5.50 0.9200 100.6 0.970 0.0000e+00
ACC 16384 1024 2 4 5.50 0.9200 100.6 1.000 4.0145e-04
ACC 16384 1024 2 4 5.50 0.9200 410.5 0.900 0.0000e+00
ACC 16384 1024 2 4 5.50 0.9200 410.5 0.940 0.0000e+00
ACC 16384 1024 2 4 5.50 0.9200 410.5 0.970 0.0000e+00
ACC 16384 1024 2 4 5.50 0.9200 410.5 1.000 0.0000e+00
ACC 16384 1024 2 4 5.50 0.9700 100.6 0.900 0.0000e+00
ACC 16384 1024 2 4 5.50 0.9700 100.6 0.940 0.0000e+00
ACC 16384 1024 2 4 5.50 0.9700 100.6 0.970 4.0535e-04
ACC 16384 1024 2 4 5.50 0.9700 100.6 1.000 8.1070e-04
ACC 16384 1024 2 4 5.50 0.9700 410.5 0.900 0.0000e+00
ACC 16384 1024 2 4 5.50 0.9700 410.5 0.940 0.0000e+00
ACC 16384 1024 2 4 5.50 0.9700 410.5 0.970 0.0000e+00
ACC 16384 1024 2 4 5.50 0.9700 410.5 1.000 0.0000e+00
ACC 16384 1024 2 4 6.00 0.8500 100.6 0.900 0.0000e+00
ACC 16384 1024 2 4 6.00 0.8500 100.6 0.940 0.0000e+00
ACC 16384 1024 2 4 6.00 0.8500 100.6 0.970 0.0000e+00
ACC 16384 1024 2 4 6.00 0.8500 100.6 1.000 0.0000e+00
ACC 16384 1024 2 4 6.00 0.8500 410.5 0.900 0.0000e+00
ACC 16384 1024 2 4 6.00 0.8500 410.5 0.940 0.0000e+00
ACC 16384 1024 2 4 6.00 0.8500 410.5 0.970 0.0000e+00
ACC 16384 1024 2 4 6.00 0.8500 410.5 1.000 0.0000e+00
ACC 16384 1024 2 4 6.00 0.9200 100.6 0.900 0.0000e+00
ACC 16384 1024 2 4 6.00 0.9200 100.6 0.940 0.0000e+00
ACC 16384 1024 2 4 6.00 0.9200 100.6 0.970 0.0000e+00
ACC 16384 1024 2 4 6.00 0.9200 100.6 1.000 4.1442e-04
ACC 16384 1024 2 4 6.00 0.9200 410.5 0.900 0.0000e+00
ACC 16384 1024 2 4 6.00 0.9200 410.5 0.940 0.0000e+00
ACC 16384 1024 2 4 6.00 0.9200 410.5 0.970 0.0000e+00
ACC 16384 1024 2 4 6.00 0.9200 410.5 1.000 0.0000e+00
ACC 16384 1024 2 4 6.00 0.9700 100.6 0.900 0.0000e+00
ACC 16384 1024 2 4 6.00 0.9700 100.6 0.940 0.0000e+00
ACC 16384 1024 2 4 6.00 0.9700 100.6 0.970 0.0000e+00
ACC 16384 1024 2 4 6.00 0.9700 100.6 1.000 4.1425e-04
ACC 16384 1024 2 4 6.00 0.9700 410.5 0.900 0.0000e+00
ACC 16384 1024 2 4 6.00 0.9700 410.5 0.940 0.0000e+00
ACC 16384 1024 2 4 6.00 0.9700 410.5 0.970 0.0000e+00
ACC 16384 1024 2 4 6.00 0.9700 410.5 1.000 0.0000e+00
ACC 16384 1024 2 4 6.50 0.8500 100.6 0.900 0.0000e+00
ACC 16384 1024 2 4 6.50 0.8500 100.6 0.940 0.0000e+00
ACC 16384 1024 2 4 6.50 0.8500 100.6 0.970 0.0000e+00
ACC 16384 1024 2 4 6.50 0.8500 100.6 1.000 0.0000e+00
ACC 16384 1024 2 4 6.50 0.8500 410.5 0.900 0.0000e+00
ACC 16384 1024 2 4 6.50 0.8500 410.5 0.940 0.0000e+00
ACC 16384 1024 2 4 6.50 0.8500 410.5 0.970 0.0000e+00
ACC 16384 1024 2 4 6.50 0.8500 410.5 1.000 0.0000e+00
ACC 16384 1024 2 4 6.50 0.9200 100.6 0.900 0.0000e+00
ACC 16384 1024 2 4 6.50 0.9200 100.6 0.940 0.0000e+00
ACC 16384 1024 2 4 6.50 0.9200 100.6 0.970 0.0000e+00
ACC 16384 1024 2 4 6.50 0.9200 100.6 1.000 4.2626e-04
ACC 16384 1024 2 4 6.50 0.9200 410.5 0.900 0.0000e+00
ACC 16384 1024 2 4 6.50 0.9200 410.5 0.940 0.0000e+00
ACC 16384 1024 2 4 6.50 0.9200 410.5 0.970 0.0000e+00
ACC 16384 1024 2 4 6.50 0.9200 410.5 1.000 0.0000e+00
ACC 16384 1024 2 4 6.50 0.9700 100.6 0.900 0.0000e+00
ACC 16384 1024 2 4 6.50 0.9700 100.6 0.940 0.0000e+00
ACC 16384 1024 2 4 6.50 0.9700 100.6 0.970 0.0000e+00
ACC 16384 1024 2 4 6.50 0.9700 100.6 1.000 4.1982e-04
ACC 16384 1024 2 4 6.50 0.9700 410.5 0.900 0.0000e+00
ACC 16384 1024 2 4 6.50 0.9700 410.5 0.940 0.0000e+00
ACC 16384 1024 2 4 6.50 0.9700 410.5 0.970 0.0000e+00
ACC 16384 1024 2 4 6.50 0.9700 410.5 1.000 0.0000e+00
ACC 16384 1024 2 8 5.00 0.8500 100.6 0.900 0.0000e+00
ACC 16384 1024 2 8 5.00 0.8500 100.6 0.940 0.0000e+00
ACC 16384 1024 2 8 5.00 0.8500 100.6 0.970 0.0000e+00
ACC 16384 1024 2 8 5.00 0.8500 100.6 1.000 0.0000e+00
ACC 16384 1024 2 8 5.00 0.8500 410.5 0.900 0.0000e+00
ACC 16384 1024 2 8 5.00 0.8500 410.5 0.940 0.0000e+00
ACC 16384 1024 2 8 5.00 0.8500 410.5 0.970 0.0000e+00
ACC 16384 1024 2 8 5.00 0.8500 410.5 1.000 4.1667e-04
ACC 16384 1024 2 8 5.00 0.9200 100.6 0.900 0.0000e+00
ACC 16384 1024 2 8 5.00 0.9200 100.6 0.940 0.0000e+00
ACC 16384 1024 2 8 5.00 0.9200 100.6 0.970 3.8805e-04
ACC 16384 1024 2 8 5.00 0.9200 100.6 1.000 7.7610e-04
ACC 16384 1024 2 8 5.00 0.9200 410.5 0.900 0.0000e+00
ACC 16384 1024 2 8 5.00 0.9200 410.5 0.940 0.0000e+00
ACC 16384 1024 2 8 5.00 0.9200 410.5 0.970 0.0000e+00
ACC 16384 1024 2 8 5.00 0.9200 410.5 1.000 8.2850e-04
ACC 16384 1024 2 8 5.00 0.9700 100.6 0.900 0.0000e+00
ACC 16384 1024 2 8 5.00 0.9700 100.6 0.940 0.0000e+00
ACC 16384 1024 2 8 5.00 0.9700 100.6 0.970 3.9231e-04
ACC 16384 1024 2 8 5.00 0.9700 100.6 1.000 1.1769e-03
ACC 16384 1024 2 8 5.00 0.9700 410.5 0.900 0.0000e+00
ACC 16384 1024 2 8 5.00 0.9700 410.5 0.940 0.0000e+00
ACC 16384 1024 2 8 5.00 0.9700 410.5 0.970 4.1580e-04
ACC 16384 1024 2 8 5.00 0.9700 410.5 1.000 4.9896e-03
ACC 16384 1024 2 8 5.50 0.8500 100.6 0.900 0.0000e+00
ACC 16384 1024 2 8 5.50 0.8500 100.6 0.940 0.0000e+00
ACC 16384 1024 2 8 5.50 0.8500 100.6 0.970 0.0000e+00
ACC 16384 1024 2 8 5.50 0.8500 100.6 1.000 4.0850e-04
ACC 16384 1024 2 8 5.50 0.8500 410.5 0.900 0.0000e+00
ACC 16384 1024 2 8 5.50 0.8500 410.5 0.940 0.0000e+00
ACC 16384 1024 2 8 5.50 0.8500 410.5 0.970 4.3085e-04
ACC 16384 1024 2 8 5.50 0.8500 410.5 1.000 8.6170e-04
ACC 16384 1024 2 8 5.50 0.9200 100.6 0.900 0.0000e+00
ACC 16384 1024 2 8 5.50 0.9200 100.6 0.940 0.0000e+00
ACC 16384 1024 2 8 5.50 0.9200 100.6 0.970 4.0145e-04
ACC 16384 1024 2 8 5.50 0.9200 100.6 1.000 4.0145e-04
ACC 16384 1024 2 8 5.50 0.9200 410.5 0.900 0.0000e+00
ACC 16384 1024 2 8 5.50 0.9200 410.5 0.940 0.0000e+00
ACC 16384 1024 2 8 5.50 0.9200 410.5 0.970 0.0000e+00
ACC 16384 1024 2 8 5.50 0.9200 410.5 1.000 1.7116e-03
ACC 16384 1024 2 8 5.50 0.9700 100.6 0.900 0.0000e+00
ACC 16384 1024 2 8 5.50 0.9700 100.6 0.940 0.0000e+00
ACC 16384 1024 2 8 5.50 0.9700 100.6 0.970 4.0535e-04
ACC 16384 1024 2 8 5.50 0.9700 100.6 1.000 1.2161e-03
ACC 16384 1024 2 8 5.50 0.9700 410.5 0.900 0.0000e+00
ACC 16384 1024 2 8 5.50 0.9700 410.5 0.940 0.0000e+00
ACC 16384 1024 2 8 5.50 0.9700 410.5 0.970 4.2772e-04
ACC 16384 1024 2 8 5.50 0.9700 410.5 1.000 5.1326e-03
ACC 16384 1024 2 8 6.00 0.8500 100.6 0.900 0.0000e+00
ACC 16384 1024 2 8 6.00 0.8500 100.6 0.940 0.0000e+00
ACC 16384 1024 2 8 6.00 0.8500 100.6 0.970 0.0000e+00
ACC 16384 1024 2 8 6.00 0.8500 100.6 1.000 8.4710e-04
ACC 16384 1024 2 8 6.00 0.8500 410.5 0.900 0.0000e+00
ACC 16384 1024 2 8 6.00 0.8500 410.5 0.940 4.3592e-04
ACC 16384 1024 2 8 6.00 0.8500 410.5 0.970 4.3592e-04
ACC 16384 1024 2 8 6.00 0.8500 410.5 1.000 8.7184e-04
ACC 16384 1024 2 8 6.00 0.9200 100.6 0.900 0.0000e+00
ACC 16384 1024 2 8 6.00 0.9200 100.6 0.940 0.0000e+00
ACC 16384 1024 2 8 6.00 0.9200 100.6 0.970 4.1442e-04
ACC 16384 1024 2 8 6.00 0.9200 100.6 1.000 4.1442e-04
ACC 16384 1024 2 8 6.00 0.9200 410.5 0.900 0.0000e+00
ACC 16384 1024 2 8 6.00 0.9200 410.5 0.940 0.0000e+00
ACC 16384 1024 2 8 6.00 0.9200 410.5 0.970 0.0000e+00
ACC 16384 1024 2 8 6.00 0.9200 410.5 1.000 8.7184e-04
ACC 16384 1024 2 8 6.00 0.9700 100.6 0.900 0.0000e+00
ACC 16384 1024 2 8 6.00 0.9700 100.6 0.940 0.0000e+00
ACC 16384 1024 2 8 6.00 0.9700 100.6 0.970 0.0000e+00
ACC 16384 1024 2 8 6.00 0.9700 100.6 1.000 1.2428e-03
ACC 16384 1024 2 8 6.00 0.9700 410.5 0.900 0.0000e+00
ACC 16384 1024 2 8 6.00 0.9700 410.5 0.940 0.0000e+00
ACC 16384 1024 2 8 6.00 0.9700 410.5 0.970 4.3516e-04
ACC 16384 1024 2 8 6.00 0.9700 410.5 1.000 4.7868e-03
ACC 16384 1024 2 8 6.50 0.8500 100.6 0.900 0.0000e+00
ACC 16384 1024 2 8 6.50 0.8500 100.6 0.940 0.0000e+00
ACC 16384 1024 2 8 6.50 0.8500 100.6 0.970 0.0000e+00
ACC 16384 1024 2 8 6.50 0.8500 100.6 1.000 4.3365e-04
ACC 16384 1024 2 8 6.50 0.8500 410.5 0.900 0.0000e+00
ACC 16384 1024 2 8 6.50 0.8500 410.5 0.940 0.0000e+00
ACC 16384 1024 2 8 6.50 0.8500 410.5 0.970 4.4033e-04
ACC 16384 1024 2 8 6.50 0.8500 410.5 1.000 8.8067e-04
ACC 16384 1024 2 8 6.50 0.9200 100.6 0.900 0.0000e+00
ACC 16384 1024 2 8 6.50 0.9200 100.6 0.940 0.0000e+00
ACC 16384 1024 2 8 6.50 0.9200 100.6 0.970 4.2626e-04
ACC 16384 1024 2 8 6.50 0.9200 100.6 1.000 8.5251e-04
ACC 16384 1024 2 8 6.50 0.9200 410.5 0.900 0.0000e+00
ACC 16384 1024 2 8 6.50 0.9200 410.5 0.940 0.0000e+00
ACC 16384 1024 2 8 6.50 0.9200 410.5 0.970 0.0000e+00
ACC 16384 1024 2 8 6.50 0.9200 410.5 1.000 8.8222e-04
ACC 16384 1024 2 8 6.50 0.9700 100.6 0.900 0.0000e+00
ACC 16384 1024 2 8 6.50 0.9700 100.6 0.940 0.0000e+00
ACC 16384 1024 2 8 6.50 0.9700 100.6 0.970 0.0000e+00
ACC 16384 1024 2 8 6.50 0.9700 100.6 1.000 1.2594e-03
ACC 16384 1024 2 8 6.50 0.9700 410.5 0.900 0.0000e+00
ACC 16384 1024 2 8 6.50 0.9700 410.5 0.940 0.0000e+00
ACC 16384 1024 2 8 6.50 0.9700 410.5 0.970 0.0000e+00
ACC 16384 1024 2 8 6.50 0.9700 410.5 1.000 5.3050e-03
ACC 16384 2048 2 4 5.00 0.8500 208.6 0.900 0.0000e+00
ACC 16384 2048 2 4 5.00 0.8500 208.6 0.940 0.0000e+00
ACC 16384 2048 2 4 5.00 0.8500 208.6 0.970 0.0000e+00
ACC 16384 2048 2 4 5.00 0.8500 208.6 1.000 0.0000e+00
ACC 16384 2048 2 4 5.00 0.8500 820.5 0.900 0.0000e+00
ACC 16384 2048 2 4 5.00 0.8500 820.5 0.940 0.0000e+00
ACC 16384 2048 2 4 5.00 0.8500 820.5 0.970 0.0000e+00
ACC 16384 2048 2 4 5.00 0.8500 820.5 1.000 0.0000e+00
ACC 16384 2048 2 4 5.00 0.9200 208.6 0.900 0.0000e+00
ACC 16384 2048 2 4 5.00 0.9200 208.6 0.940 0.0000e+00
ACC 16384 2048 2 4 5.00 0.9200 208.6 0.970 0.0000e+00
ACC 16384 2048 2 4 5.00 0.9200 208.6 1.000 3.9432e-04
ACC 16384 2048 2 4 5.00 0.9200 820.5 0.900 0.0000e+00
ACC 16384 2048 2 4 5.00 0.9200 820.5 0.940 0.0000e+00
ACC 16384 2048 2 4 5.00 0.9200 820.5 0.970 0.0000e+00
ACC 16384 2048 2 4 5.00 0.9200 820.5 1.000 0.0000e+00
ACC 16384 2048 2 4 5.00 0.9700 208.6 0.900 0.0000e+00
ACC 16384 2048 2 4 5.00 0.9700 208.6 0.940 0.0000e+00
ACC 16384 2048 2 4 5.00 0.9700 208.6 0.970 0.0000e+00
ACC 16384 2048 2 4 5.00 0.9700 208.6 1.000 7.9020e-04
ACC 16384 2048 2 4 5.00 0.9700 820.5 0.900 0.0000e+00
ACC 16384 2048 2 4 5.00 0.9700 820.5 0.940 0.0000e+00
ACC 16384 2048 2 4 5.00 0.9700 820.5 0.970 0.0000e+00
ACC 16384 2048 2 4 5.00 0.9700 820.5 1.000 0.0000e+00
ACC 16384 2048 2 4 5.50 0.8500 208.6 0.900 0.0000e+00
ACC 16384 2048 2 4 5.50 0.8500 208.6 0.940 0.0000e+00
ACC 16384 2048 2 4 5.50 0.8500 208.6 0.970 0.0000e+00
ACC 16384 2048 2 4 5.50 0.8500 208.6 1.000 0.0000e+00
ACC 16384 2048 2 4 5.50 0.8500 820.5 0.900 0.0000e+00
ACC 16384 2048 2 4 5.50 0.8500 820.5 0.940 0.0000e+00
ACC 16384 2048 2 4 5.50 0.8500 820.5 0.970 0.0000e+00
ACC 16384 2048 2 4 5.50 0.8500 820.5 1.000 0.0000e+00
ACC 16384 2048 2 4 5.50 0.9200 208.6 0.900 0.0000e+00
ACC 16384 2048 2 4 5.50 0.9200 208.6 0.940 0.0000e+00
ACC 16384 2048 2 4 5.50 0.9200 208.6 0.970 0.0000e+00
ACC 16384 2048 2 4 5.50 0.9200 208.6 1.000 4.1203e-04
ACC 16384 2048 2 4 5.50 0.9200 820.5 0.900 0.0000e+00
ACC 16384 2048 2 4 5.50 0.9200 820.5 0.940 0.0000e+00
ACC 16384 2048 2 4 5.50 0.9200 820.5 0.970 0.0000e+00
ACC 16384 2048 2 4 5.50 0.9200 820.5 1.000 0.0000e+00
ACC 16384 2048 2 4 5.50 0.9700 208.6 0.900 0.0000e+00
ACC 16384 2048 2 4 5.50 0.9700 208.6 0.940 0.0000e+00
ACC 16384 2048 2 4 5.50 0.9700 208.6 0.970 0.0000e+00
ACC 16384 2048 2 4 5.50 0.9700 208.6 1.000 0.0000e+00
ACC 16384 2048 2 4 5.50 0.9700 820.5 0.900 0.0000e+00
ACC 16384 2048 2 4 5.50 0.9700 820.5 0.940 0.0000e+00
ACC 16384 2048 2 4 5.50 0.9700 820.5 0.970 0.0000e+00
ACC 16384 2048 2 4 5.50 0.9700 820.5 1.000 0.0000e+00
ACC 16384 2048 2 4 6.00 0.8500 208.6 0.900 0.0000e+00
ACC 16384 2048 2 4 6.00 0.8500 208.6 0.940 0.0000e+00
ACC 16384 2048 2 4 6.00 0.8500 208.6 0.970 0.0000e+00
ACC 16384 2048 2 4 6.00 0.8500 208.6 1.000 0.0000e+00
ACC 16384 2048 2 4 6.00 0.8500 820.5 0.900 0.0000e+00
ACC 16384 2048 2 4 6.00 0.8500 820.5 0.940 0.0000e+00
ACC 16384 2048 2 4 6.00 0.8500 820.5 0.970 0.0000e+00
ACC 16384 2048 2 4 6.00 0.8500 820.5 1.000 0.0000e+00
ACC 16384 2048 2 4 6.00 0.9200 208.6 0.900 0.0000e+00
ACC 16384 2048 2 4 6.00 0.9200 208.6 0.940 0.0000e+00
ACC 16384 2048 2 4 6.00 0.9200 208.6 0.970 0.0000e+00
ACC 16384 2048 2 4 6.00 0.9200 208.6 1.000 4.2355e-04
ACC 16384 2048 2 4 6.00 0.9200 820.5 0.900 0.0000e+00
ACC 16384 2048 2 4 6.00 0.9200 820.5 0.940 0.0000e+00
ACC 16384 2048 2 4 6.00 0.9200 820.5 0.970 0.0000e+00
ACC 16384 2048 2 4 6.00 0.9200 820.5 1.000 0.0000e+00
ACC 16384 2048 2 4 6.00 0.9700 208.6 0.900 0.0000e+00
ACC 16384 2048 2 4 6.00 0.9700 208.6 0.940 0.0000e+00
ACC 16384 2048 2 4 6.00 0.9700 208.6 0.970 0.0000e+00
ACC 16384 2048 2 4 6.00 0.9700 208.6 1.000 0.0000e+00
ACC 16384 2048 2 4 6.00 0.9700 820.5 0.900 0.0000e+00
ACC 16384 2048 2 4 6.00 0.9700 820.5 0.940 0.0000e+00
ACC 16384 2048 2 4 6.00 0.9700 820.5 0.970 0.0000e+00
ACC 16384 2048 2 4 6.00 0.9700 820.5 1.000 0.0000e+00
ACC 16384 2048 2 4 6.50 0.8500 208.6 0.900 0.0000e+00
ACC 16384 2048 2 4 6.50 0.8500 208.6 0.940 0.0000e+00
ACC 16384 2048 2 4 6.50 0.8500 208.6 0.970 0.0000e+00
ACC 16384 2048 2 4 6.50 0.8500 208.6 1.000 0.0000e+00
ACC 16384 2048 2 4 6.50 0.8500 820.5 0.900 0.0000e+00
ACC 16384 2048 2 4 6.50 0.8500 820.5 0.940 0.0000e+00
ACC 16384 2048 2 4 6.50 0.8500 820.5 0.970 0.0000e+00
ACC 16384 2048 2 4 6.50 0.8500 820.5 1.000 0.0000e+00
ACC 16384 2048 2 4 6.50 0.9200 208.6 0.900 0.0000e+00
ACC 16384 2048 2 4 6.50 0.9200 208.6 0.940 0.0000e+00
ACC 16384 2048 2 4 6.50 0.9200 208.6 0.970 0.0000e+00
ACC 16384 2048 2 4 6.50 0.9200 208.6 1.000 4.3271e-04
ACC 16384 2048 2 4 6.50 0.9200 820.5 0.900 0.0000e+00
ACC 16384 2048 2 4 6.50 0.9200 820.5 0.940 0.0000e+00
ACC 16384 2048 2 4 6.50 0.9200 820.5 0.970 0.0000e+00
ACC 16384 2048 2 4 6.50 0.9200 820.5 1.000 0.0000e+00
ACC 16384 2048 2 4 6.50 0.9700 208.6 0.900 0.0000e+00
ACC 16384 2048 2 4 6.50 0.9700 208.6 0.940 0.0000e+00
ACC 16384 2048 2 4 6.50 0.9700 208.6 0.970 0.0000e+00
ACC 16384 2048 2 4 6.50 0.9700 208.6 1.000 0.0000e+00
ACC 16384 2048 2 4 6.50 0.9700 820.5 0.900 0.0000e+00
ACC 16384 2048 2 4 6.50 0.9700 820.5 0.940 0.0000e+00
ACC 16384 2048 2 4 6.50 0.9700 820.5 0.970 0.0000e+00
ACC 16384 2048 2 4 6.50 0.9700 820.5 1.000 0.0000e+00
ACC 16384 2048 2 8 5.00 0.8500 208.6 0.900 0.0000e+00
ACC 16384 2048 2 8 5.00 0.8500 208.6 0.940 0.0000e+00
ACC 16384 2048 2 8 5.00 0.8500 208.6 0.970 0.0000e+00
ACC 16384 2048 2 8 5.00 0.8500 208.6 1.000 0.0000e+00
ACC 16384 2048 2 8 5.00 0.8500 820.5 0.900 0.0000e+00
ACC 16384 2048 2 8 5.00 0.8500 820.5 0.940 0.0000e+00
ACC 16384 2048 2 8 5.00 0.8500 820.5 0.970 0.0000e+00
ACC 16384 2048 2 8 5.00 0.8500 820.5 1.000 0.0000e+00
ACC 16384 2048 2 8 5.00 0.9200 208.6 0.900 0.0000e+00
ACC 16384 2048 2 8 5.00 0.9200 208.6 0.940 0.0000e+00
ACC 16384 2048 2 8 5.00 0.9200 208.6 0.970 0.0000e+00
ACC 16384 2048 2 8 5.00 0.9200 208.6 1.000 3.9432e-04
ACC 16384 2048 2 8 5.00 0.9200 820.5 0.900 0.0000e+00
ACC 16384 2048 2 8 5.00 0.9200 820.5 0.940 0.0000e+00
ACC 16384 2048 2 8 5.00 0.9200 820.5 0.970 0.0000e+00
ACC 16384 2048 2 8 5.00 0.9200 820.5 1.000 4.1736e-04
ACC 16384 2048 2 8 5.00 0.9700 208.6 0.900 0.0000e+00
ACC 16384 2048 2 8 5.00 0.9700 208.6 0.940 0.0000e+00
ACC 16384 2048 2 8 5.00 0.9700 208.6 0.970 0.0000e+00
ACC 16384 2048 2 8 5.00 0.9700 208.6 1.000 1.5804e-03
ACC 16384 2048 2 8 5.00 0.9700 820.5 0.900 0.0000e+00
ACC 16384 2048 2 8 5.00 0.9700 820.5 0.940 0.0000e+00
ACC 16384 2048 2 8 5.00 0.9700 820.5 0.970 0.0000e+00
ACC 16384 2048 2 8 5.00 0.9700 820.5 1.000 1.2542e-03
ACC 16384 2048 2 8 5.50 0.8500 208.6 0.900 0.0000e+00
ACC 16384 2048 2 8 5.50 0.8500 208.6 0.940 0.0000e+00
ACC 16384 2048 2 8 5.50 0.8500 208.6 0.970 0.0000e+00
ACC 16384 2048 2 8 5.50 0.8500 208.6 1.000 0.0000e+00
ACC 16384 2048 2 8 5.50 0.8500 820.5 0.900 0.0000e+00
ACC 16384 2048 2 8 5.50 0.8500 820.5 0.940 0.0000e+00
ACC 16384 2048 2 8 5.50 0.8500 820.5 0.970 0.0000e+00
ACC 16384 2048 2 8 5.50 0.8500 820.5 1.000 4.3103e-04
ACC 16384 2048 2 8 5.50 0.9200 208.6 0.900 0.0000e+00
ACC 16384 2048 2 8 5.50 0.9200 208.6 0.940 0.0000e+00
ACC 16384 2048 2 8 5.50 0.9200 208.6 0.970 0.0000e+00
ACC 16384 2048 2 8 5.50 0.9200 208.6 1.000 4.1203e-04
ACC 16384 2048 2 8 5.50 0.9200 820.5 0.900 0.0000e+00
ACC 16384 2048 2 8 5.50 0.9200 820.5 0.940 0.0000e+00
ACC 16384 2048 2 8 5.50 0.9200 820.5 0.970 8.6356e-04
ACC 16384 2048 2 8 5.50 0.9200 820.5 1.000 1.2953e-03
ACC 16384 2048 2 8 5.50 0.9700 208.6 0.900 0.0000e+00
ACC 16384 2048 2 8 5.50 0.9700 208.6 0.940 0.0000e+00
ACC 16384 2048 2 8 5.50 0.9700 208.6 0.970 0.0000e+00
ACC 16384 2048 2 8 5.50 0.9700 208.6 1.000 8.1566e-04
ACC 16384 2048 2 8 5.50 0.9700 820.5 0.900 0.0000e+00
ACC 16384 2048 2 8 5.50 0.9700 820.5 0.940 0.0000e+00
ACC 16384 2048 2 8 5.50 0.9700 820.5 0.970 0.0000e+00
ACC 16384 2048 2 8 5.50 0.9700 820.5 1.000 2.1515e-03
ACC 16384 2048 2 8 6.00 0.8500 208.6 0.900 0.0000e+00
ACC 16384 2048 2 8 6.00 0.8500 208.6 0.940 0.0000e+00
ACC 16384 2048 2 8 6.00 0.8500 208.6 0.970 0.0000e+00
ACC 16384 2048 2 8 6.00 0.8500 208.6 1.000 4.2937e-04
ACC 16384 2048 2 8 6.00 0.8500 820.5 0.900 0.0000e+00
ACC 16384 2048 2 8 6.00 0.8500 820.5 0.940 0.0000e+00
ACC 16384 2048 2 8 6.00 0.8500 820.5 0.970 0.0000e+00
ACC 16384 2048 2 8 6.00 0.8500 820.5 1.000 4.3783e-04
ACC 16384 2048 2 8 6.00 0.9200 208.6 0.900 0.0000e+00
ACC 16384 2048 2 8 6.00 0.9200 208.6 0.940 0.0000e+00
ACC 16384 2048 2 8 6.00 0.9200 208.6 0.970 0.0000e+00
ACC 16384 2048 2 8 6.00 0.9200 208.6 1.000 8.4710e-04
ACC 16384 2048 2 8 6.00 0.9200 820.5 0.900 0.0000e+00
ACC 16384 2048 2 8 6.00 0.9200 820.5 0.940 0.0000e+00
ACC 16384 2048 2 8 6.00 0.9200 820.5 0.970 8.7527e-04
ACC 16384 2048 2 8 6.00 0.9200 820.5 1.000 1.3129e-03
ACC 16384 2048 2 8 6.00 0.9700 208.6 0.900 0.0000e+00
ACC 16384 2048 2 8 6.00 0.9700 208.6 0.940 0.0000e+00
ACC 16384 2048 2 8 6.00 0.9700 208.6 0.970 0.0000e+00
ACC 16384 2048 2 8 6.00 0.9700 208.6 1.000 1.2464e-03
ACC 16384 2048 2 8 6.00 0.9700 820.5 0.900 0.0000e+00
ACC 16384 2048 2 8 6.00 0.9700 820.5 0.940 0.0000e+00
ACC 16384 2048 2 8 6.00 0.9700 820.5 0.970 0.0000e+00
ACC 16384 2048 2 8 6.00 0.9700 820.5 1.000 2.6212e-03
ACC 16384 2048 2 8 6.50 0.8500 208.6 0.900 0.0000e+00
ACC 16384 2048 2 8 6.50 0.8500 208.6 0.940 0.0000e+00
ACC 16384 2048 2 8 6.50 0.8500 208.6 0.970 0.0000e+00
ACC 16384 2048 2 8 6.50 0.8500 208.6 1.000 4.3802e-04
ACC 16384 2048 2 8 6.50 0.8500 820.5 0.900 0.0000e+00
ACC 16384 2048 2 8 6.50 0.8500 820.5 0.940 0.0000e+00
ACC 16384 2048 2 8 6.50 0.8500 820.5 0.970 0.0000e+00
ACC 16384 2048 2 8 6.50 0.8500 820.5 1.000 4.4405e-04
ACC 16384 2048 2 8 6.50 0.9200 208.6 0.900 0.0000e+00
ACC 16384 2048 2 8 6.50 0.9200 208.6 0.940 0.0000e+00
ACC 16384 2048 2 8 6.50 0.9200 208.6 0.970 0.0000e+00
ACC 16384 2048 2 8 6.50 0.9200 208.6 1.000 8.6543e-04
ACC 16384 2048 2 8 6.50 0.9200 820.5 0.900 0.0000e+00
ACC 16384 2048 2 8 6.50 0.9200 820.5 0.940 0.0000e+00
ACC 16384 2048 2 8 6.50 0.9200 820.5 0.970 8.8535e-04
ACC 16384 2048 2 8 6.50 0.9200 820.5 1.000 1.3280e-03
ACC 16384 2048 2 8 6.50 0.9700 208.6 0.900 0.0000e+00
ACC 16384 2048 2 8 6.50 0.9700 208.6 0.940 0.0000e+00
ACC 16384 2048 2 8 6.50 0.9700 208.6 0.970 0.0000e+00
ACC 16384 2048 2 8 6.50 0.9700 208.6 1.000 4.2301e-04
ACC 16384 2048 2 8 6.50 0.9700 820.5 0.900 0.0000e+00
ACC 16384 2048 2 8 6.50 0.9700 820.5 0.940 0.0000e+00
ACC 16384 2048 2 8 6.50 0.9700 820.5 0.970 0.0000e+00
ACC 16384 2048 2 8 6.50 0.9700 820.5 1.000 2.6513e-03
ACC 16384 4096 2 4 5.00 0.8500 416.6 0.900 0.0000e+00
ACC 16384 4096 2 4 5.00 0.8500 416.6 0.940 0.0000e+00
ACC 16384 4096 2 4 5.00 0.8500 416.6 0.970 0.0000e+00
ACC 16384 4096 2 4 5.00 0.8500 416.6 1.000 0.0000e+00
ACC 16384 4096 2 4 5.00 0.8500 1640.5 0.900 0.0000e+00
ACC 16384 4096 2 4 5.00 0.8500 1640.5 0.940 0.0000e+00
ACC 16384 4096 2 4 5.00 0.8500 1640.5 0.970 0.0000e+00
ACC 16384 4096 2 4 5.00 0.8500 1640.5 1.000 0.0000e+00
ACC 16384 4096 2 4 5.00 0.9200 416.6 0.900 0.0000e+00
ACC 16384 4096 2 4 5.00 0.9200 416.6 0.940 0.0000e+00
ACC 16384 4096 2 4 5.00 0.9200 416.6 0.970 0.0000e+00
ACC 16384 4096 2 4 5.00 0.9200 416.6 1.000 0.0000e+00
ACC 16384 4096 2 4 5.00 0.9200 1640.5 0.900 0.0000e+00
ACC 16384 4096 2 4 5.00 0.9200 1640.5 0.940 0.0000e+00
ACC 16384 4096 2 4 5.00 0.9200 1640.5 0.970 0.0000e+00
ACC 16384 4096 2 4 5.00 0.9200 1640.5 1.000 0.0000e+00
ACC 16384 4096 2 4 5.00 0.9700 416.6 0.900 0.0000e+00
ACC 16384 4096 2 4 5.00 0.9700 416.6 0.940 0.0000e+00
ACC 16384 4096 2 4 5.00 0.9700 416.6 0.970 0.0000e+00
ACC 16384 4096 2 4 5.00 0.9700 416.6 1.000 0.0000e+00
ACC 16384 4096 2 4 5.00 0.9700 1640.5 0.900 0.0000e+00
ACC 16384 4096 2 4 5.00 0.9700 1640.5 0.940 0.0000e+00
ACC 16384 4096 2 4 5.00 0.9700 1640.5 0.970 0.0000e+00
ACC 16384 4096 2 4 5.00 0.9700 1640.5 1.000 0.0000e+00
ACC 16384 4096 2 4 5.50 0.8500 416.6 0.900 0.0000e+00
ACC 16384 4096 2 4 5.50 0.8500 416.6 0.940 0.0000e+00
ACC 16384 4096 2 4 5.50 0.8500 416.6 0.970 0.0000e+00
ACC 16384 4096 2 4 5.50 0.8500 416.6 1.000 4.3159e-04
ACC 16384 4096 2 4 5.50 0.8500 1640.5 0.900 0.0000e+00
ACC 16384 4096 2 4 5.50 0.8500 1640.5 0.940 0.0000e+00
ACC 16384 4096 2 4 5.50 0.8500 1640.5 0.970 0.0000e+00
ACC 16384 4096 2 4 5.50 0.8500 1640.5 1.000 0.0000e+00
ACC 16384 4096 2 4 5.50 0.9200 416.6 0.900 0.0000e+00
ACC 16384 4096 2 4 5.50 0.9200 416.6 0.940 0.0000e+00
ACC 16384 4096 2 4 5.50 0.9200 416.6 0.970 0.0000e+00
ACC 16384 4096 2 4 5.50 0.9200 416.6 1.000 0.0000e+00
ACC 16384 4096 2 4 5.50 0.9200 1640.5 0.900 0.0000e+00
ACC 16384 4096 2 4 5.50 0.9200 1640.5 0.940 0.0000e+00
ACC 16384 4096 2 4 5.50 0.9200 1640.5 0.970 0.0000e+00
ACC 16384 4096 2 4 5.50 0.9200 1640.5 1.000 0.0000e+00
ACC 16384 4096 2 4 5.50 0.9700 416.6 0.900 0.0000e+00
ACC 16384 4096 2 4 5.50 0.9700 416.6 0.940 0.0000e+00
ACC 16384 4096 2 4 5.50 0.9700 416.6 0.970 0.0000e+00
ACC 16384 4096 2 4 5.50 0.9700 416.6 1.000 0.0000e+00
ACC 16384 4096 2 4 5.50 0.9700 1640.5 0.900 0.0000e+00
ACC 16384 4096 2 4 5.50 0.9700 1640.5 0.940 0.0000e+00
ACC 16384 4096 2 4 5.50 0.9700 1640.5 0.970 0.0000e+00
ACC 16384 4096 2 4 5.50 0.9700 1640.5 1.000 0.0000e+00
ACC 16384 4096 2 4 6.00 0.8500 416.6 0.900 0.0000e+00
ACC 16384 4096 2 4 6.00 0.8500 416.6 0.940 0.0000e+00
ACC 16384 4096 2 4 6.00 0.8500 416.6 0.970 0.0000e+00
ACC 16384 4096 2 4 6.00 0.8500 416.6 1.000 8.8456e-04
ACC 16384 4096 2 4 6.00 0.8500 1640.5 0.900 0.0000e+00
ACC 16384 4096 2 4 6.00 0.8500 1640.5 0.940 0.0000e+00
ACC 16384 4096 2 4 6.00 0.8500 1640.5 0.970 0.0000e+00
ACC 16384 4096 2 4 6.00 0.8500 1640.5 1.000 0.0000e+00
ACC 16384 4096 2 4 6.00 0.9200 416.6 0.900 0.0000e+00
ACC 16384 4096 2 4 6.00 0.9200 416.6 0.940 0.0000e+00
ACC 16384 4096 2 4 6.00 0.9200 416.6 0.970 0.0000e+00
ACC 16384 4096 2 4 6.00 0.9200 416.6 1.000 0.0000e+00
ACC 16384 4096 2 4 6.00 0.9200 1640.5 0.900 0.0000e+00
ACC 16384 4096 2 4 6.00 0.9200 1640.5 0.940 0.0000e+00
ACC 16384 4096 2 4 6.00 0.9200 1640.5 0.970 0.0000e+00
ACC 16384 4096 2 4 6.00 0.9200 1640.5 1.000 0.0000e+00
ACC 16384 4096 2 4 6.00 0.9700 416.6 0.900 0.0000e+00
ACC 16384 4096 2 4 6.00 0.9700 416.6 0.940 0.0000e+00
ACC 16384 4096 2 4 6.00 0.9700 416.6 0.970 0.0000e+00
ACC 16384 4096 2 4 6.00 0.9700 416.6 1.000 0.0000e+00
ACC 16384 4096 2 4 6.00 0.9700 1640.5 0.900 0.0000e+00
ACC 16384 4096 2 4 6.00 0.9700 1640.5 0.940 0.0000e+00
ACC 16384 4096 2 4 6.00 0.9700 1640.5 0.970 0.0000e+00
ACC 16384 4096 2 4 6.00 0.9700 1640.5 1.000 0.0000e+00
ACC 16384 4096 2 4 6.50 0.8500 416.6 0.900 0.0000e+00
ACC 16384 4096 2 4 6.50 0.8500 416.6 0.940 0.0000e+00
ACC 16384 4096 2 4 6.50 0.8500 416.6 0.970 0.0000e+00
ACC 16384 4096 2 4 6.50 0.8500 416.6 1.000 9.0375e-04
ACC 16384 4096 2 4 6.50 0.8500 1640.5 0.900 0.0000e+00
ACC 16384 4096 2 4 6.50 0.8500 1640.5 0.940 0.0000e+00
ACC 16384 4096 2 4 6.50 0.8500 1640.5 0.970 0.0000e+00
ACC 16384 4096 2 4 6.50 0.8500 1640.5 1.000 0.0000e+00
ACC 16384 4096 2 4 6.50 0.9200 416.6 0.900 0.0000e+00
ACC 16384 4096 2 4 6.50 0.9200 416.6 0.940 0.0000e+00
ACC 16384 4096 2 4 6.50 0.9200 416.6 0.970 0.0000e+00
ACC 16384 4096 2 4 6.50 0.9200 416.6 1.000 0.0000e+00
ACC 16384 4096 2 4 6.50 0.9200 1640.5 0.900 0.0000e+00
ACC 16384 4096 2 4 6.50 0.9200 1640.5 0.940 0.0000e+00
ACC 16384 4096 2 4 6.50 0.9200 1640.5 0.970 0.0000e+00
ACC 16384 4096 2 4 6.50 0.9200 1640.5 1.000 0.0000e+00
ACC 16384 4096 2 4 6.50 0.9700 416.6 0.900 0.0000e+00
ACC 16384 4096 2 4 6.50 0.9700 416.6 0.940 0.0000e+00
ACC 16384 4096 2 4 6.50 0.9700 416.6 0.970 0.0000e+00
ACC 16384 4096 2 4 6.50 0.9700 416.6 1.000 0.0000e+00
ACC 16384 4096 2 4 6.50 0.9700 1640.5 0.900 0.0000e+00
ACC 16384 4096 2 4 6.50 0.9700 1640.5 0.940 0.0000e+00
ACC 16384 4096 2 4 6.50 0.9700 1640.5 0.970 0.0000e+00
ACC 16384 4096 2 4 6.50 0.9700 1640.5 1.000 0.0000e+00
ACC 16384 4096 2 8 5.00 0.8500 416.6 0.900 0.0000e+00
ACC 16384 4096 2 8 5.00 0.8500 416.6 0.940 0.0000e+00
ACC 16384 4096 2 8 5.00 0.8500 416.6 0.970 0.0000e+00
ACC 16384 4096 2 8 5.00 0.8500 416.6 1.000 0.0000e+00
ACC 16384 4096 2 8 5.00 0.8500 1640.5 0.900 0.0000e+00
ACC 16384 4096 2 8 5.00 0.8500 1640.5 0.940 0.0000e+00
ACC 16384 4096 2 8 5.00 0.8500 1640.5 0.970 0.0000e+00
ACC 16384 4096 2 8 5.00 0.8500 1640.5 1.000 0.0000e+00
ACC 16384 4096 2 8 5.00 0.9200 416.6 0.900 0.0000e+00
ACC 16384 4096 2 8 5.00 0.9200 416.6 0.940 0.0000e+00
ACC 16384 4096 2 8 5.00 0.9200 416.6 0.970 0.0000e+00
ACC 16384 4096 2 8 5.00 0.9200 416.6 1.000 4.0306e-04
ACC 16384 4096 2 8 5.00 0.9200 1640.5 0.900 0.0000e+00
ACC 16384 4096 2 8 5.00 0.9200 1640.5 0.940 0.0000e+00
ACC 16384 4096 2 8 5.00 0.9200 1640.5 0.970 0.0000e+00
ACC 16384 4096 2 8 5.00 0.9200 1640.5 1.000 0.0000e+00
ACC 16384 4096 2 8 5.00 0.9700 416.6 0.900 0.0000e+00
ACC 16384 4096 2 8 5.00 0.9700 416.6 0.940 0.0000e+00
ACC 16384 4096 2 8 5.00 0.9700 416.6 0.970 0.0000e+00
ACC 16384 4096 2 8 5.00 0.9700 416.6 1.000 0.0000e+00
ACC 16384 4096 2 8 5.00 0.9700 1640.5 0.900 0.0000e+00
ACC 16384 4096 2 8 5.00 0.9700 1640.5 0.940 0.0000e+00
ACC 16384 4096 2 8 5.00 0.9700 1640.5 0.970 0.0000e+00
ACC 16384 4096 2 8 5.00 0.9700 1640.5 1.000 1.2516e-03
ACC 16384 4096 2 8 5.50 0.8500 416.6 0.900 0.0000e+00
ACC 16384 4096 2 8 5.50 0.8500 416.6 0.940 0.0000e+00
ACC 16384 4096 2 8 5.50 0.8500 416.6 0.970 0.0000e+00
ACC 16384 4096 2 8 5.50 0.8500 416.6 1.000 4.3159e-04
ACC 16384 4096 2 8 5.50 0.8500 1640.5 0.900 0.0000e+00
ACC 16384 4096 2 8 5.50 0.8500 1640.5 0.940 0.0000e+00
ACC 16384 4096 2 8 5.50 0.8500 1640.5 0.970 0.0000e+00
ACC 16384 4096 2 8 5.50 0.8500 1640.5 1.000 0.0000e+00
ACC 16384 4096 2 8 5.50 0.9200 416.6 0.900 0.0000e+00
ACC 16384 4096 2 8 5.50 0.9200 416.6 0.940 0.0000e+00
ACC 16384 4096 2 8 5.50 0.9200 416.6 0.970 0.0000e+00
ACC 16384 4096 2 8 5.50 0.9200 416.6 1.000 4.2070e-04
ACC 16384 4096 2 8 5.50 0.9200 1640.5 0.900 0.0000e+00
ACC 16384 4096 2 8 5.50 0.9200 1640.5 0.940 0.0000e+00
ACC 16384 4096 2 8 5.50 0.9200 1640.5 0.970 0.0000e+00
ACC 16384 4096 2 8 5.50 0.9200 1640.5 1.000 0.0000e+00
ACC 16384 4096 2 8 5.50 0.9700 416.6 0.900 0.0000e+00
ACC 16384 4096 2 8 5.50 0.9700 416.6 0.940 0.0000e+00
ACC 16384 4096 2 8 5.50 0.9700 416.6 0.970 0.0000e+00
ACC 16384 4096 2 8 5.50 0.9700 416.6 1.000 0.0000e+00
ACC 16384 4096 2 8 5.50 0.9700 1640.5 0.900 0.0000e+00
ACC 16384 4096 2 8 5.50 0.9700 1640.5 0.940 0.0000e+00
ACC 16384 4096 2 8 5.50 0.9700 1640.5 0.970 0.0000e+00
ACC 16384 4096 2 8 5.50 0.9700 1640.5 1.000 2.6110e-03
ACC 16384 4096 2 8 6.00 0.8500 416.6 0.900 0.0000e+00
ACC 16384 4096 2 8 6.00 0.8500 416.6 0.940 0.0000e+00
ACC 16384 4096 2 8 6.00 0.8500 416.6 0.970 0.0000e+00
ACC 16384 4096 2 8 6.00 0.8500 416.6 1.000 8.8456e-04
ACC 16384 4096 2 8 6.00 0.8500 1640.5 0.900 0.0000e+00
ACC 16384 4096 2 8 6.00 0.8500 1640.5 0.940 0.0000e+00
ACC 16384 4096 2 8 6.00 0.8500 1640.5 0.970 0.0000e+00
ACC 16384 4096 2 8 6.00 0.8500 1640.5 1.000 1.3569e-03
ACC 16384 4096 2 8 6.00 0.9200 416.6 0.900 0.0000e+00
ACC 16384 4096 2 8 6.00 0.9200 416.6 0.940 0.0000e+00
ACC 16384 4096 2 8 6.00 0.9200 416.6 0.970 0.0000e+00
ACC 16384 4096 2 8 6.00 0.9200 416.6 1.000 4.3290e-04
ACC 16384 4096 2 8 6.00 0.9200 1640.5 0.900 0.0000e+00
ACC 16384 4096 2 8 6.00 0.9200 1640.5 0.940 0.0000e+00
ACC 16384 4096 2 8 6.00 0.9200 1640.5 0.970 0.0000e+00
ACC 16384 4096 2 8 6.00 0.9200 1640.5 1.000 0.0000e+00
ACC 16384 4096 2 8 6.00 0.9700 416.6 0.900 0.0000e+00
ACC 16384 4096 2 8 6.00 0.9700 416.6 0.940 0.0000e+00
ACC 16384 4096 2 8 6.00 0.9700 416.6 0.970 0.0000e+00
ACC 16384 4096 2 8 6.00 0.9700 416.6 1.000 0.0000e+00
ACC 16384 4096 2 8 6.00 0.9700 1640.5 0.900 0.0000e+00
ACC 16384 4096 2 8 6.00 0.9700 1640.5 0.940 0.0000e+00
ACC 16384 4096 2 8 6.00 0.9700 1640.5 0.970 0.0000e+00
ACC 16384 4096 2 8 6.00 0.9700 1640.5 1.000 2.6490e-03
ACC 16384 4096 2 8 6.50 0.8500 416.6 0.900 0.0000e+00
ACC 16384 4096 2 8 6.50 0.8500 416.6 0.940 0.0000e+00
ACC 16384 4096 2 8 6.50 0.8500 416.6 0.970 0.0000e+00
ACC 16384 4096 2 8 6.50 0.8500 416.6 1.000 9.0375e-04
ACC 16384 4096 2 8 6.50 0.8500 1640.5 0.900 0.0000e+00
ACC 16384 4096 2 8 6.50 0.8500 1640.5 0.940 0.0000e+00
ACC 16384 4096 2 8 6.50 0.8500 1640.5 0.970 0.0000e+00
ACC 16384 4096 2 8 6.50 0.8500 1640.5 1.000 9.1491e-04
ACC 16384 4096 2 8 6.50 0.9200 416.6 0.900 0.0000e+00
ACC 16384 4096 2 8 6.50 0.9200 416.6 0.940 0.0000e+00
ACC 16384 4096 2 8 6.50 0.9200 416.6 0.970 0.0000e+00
ACC 16384 4096 2 8 6.50 0.9200 416.6 1.000 0.0000e+00
ACC 16384 4096 2 8 6.50 0.9200 1640.5 0.900 0.0000e+00
ACC 16384 4096 2 8 6.50 0.9200 1640.5 0.940 0.0000e+00
ACC 16384 4096 2 8 6.50 0.9200 1640.5 0.970 0.0000e+00
ACC 16384 4096 2 8 6.50 0.9200 1640.5 1.000 4.5208e-04
ACC 16384 4096 2 8 6.50 0.9700 416.6 0.900 0.0000e+00
ACC 16384 4096 2 8 6.50 0.9700 416.6 0.940 0.0000e+00
ACC 16384 4096 2 8 6.50 0.9700 416.6 0.970 0.0000e+00
ACC 16384 4096 2 8 6.50 0.9700 416.6 1.000 0.0000e+00
ACC 16384 4096 2 8 6.50 0.9700 1640.5 0.900 0.0000e+00
ACC 16384 4096 2 8 6.50 0.9700 1640.5 0.940 0.0000e+00
ACC 16384 4096 2 8 6.50 0.9700 1640.5 0.970 0.0000e+00
ACC 16384 4096 2 8 6.50 0.9700 1640.5 1.000 2.2292e-03
ACC 16384 8192 2 4 5.00 0.8500 832.6 0.900 0.0000e+00
ACC 16384 8192 2 4 5.00 0.8500 832.6 0.940 0.0000e+00
ACC 16384 8192 2 4 5.00 0.8500 832.6 0.970 0.0000e+00
ACC 16384 8192 2 4 5.00 0.8500 832.6 1.000 0.0000e+00
ACC 16384 8192 2 4 5.00 0.8500 3280.4 0.900 0.0000e+00
ACC 16384 8192 2 4 5.00 0.8500 3280.4 0.940 0.0000e+00
ACC 16384 8192 2 4 5.00 0.8500 3280.4 0.970 0.0000e+00
ACC 16384 8192 2 4 5.00 0.8500 3280.4 1.000 0.0000e+00
ACC 16384 8192 2 4 5.00 0.9200 832.6 0.900 0.0000e+00
ACC 16384 8192 2 4 5.00 0.9200 832.6 0.940 0.0000e+00
ACC 16384 8192 2 4 5.00 0.9200 832.6 0.970 0.0000e+00
ACC 16384 8192 2 4 5.00 0.9200 832.6 1.000 0.0000e+00
ACC 16384 8192 2 4 5.00 0.9200 3280.4 0.900 0.0000e+00
ACC 16384 8192 2 4 5.00 0.9200 3280.4 0.940 0.0000e+00
ACC 16384 8192 2 4 5.00 0.9200 3280.4 0.970 0.0000e+00
ACC 16384 8192 2 4 5.00 0.9200 3280.4 1.000 0.0000e+00
ACC 16384 8192 2 4 5.00 0.9700 832.6 0.900 0.0000e+00
ACC 16384 8192 2 4 5.00 0.9700 832.6 0.940 0.0000e+00
ACC 16384 8192 2 4 5.00 0.9700 832.6 0.970 0.0000e+00
ACC 16384 8192 2 4 5.00 0.9700 832.6 1.000 0.0000e+00
ACC 16384 8192 2 4 5.00 0.9700 3280.4 0.900 0.0000e+00
ACC 16384 8192 2 4 5.00 0.9700 3280.4 0.940 0.0000e+00
ACC 16384 8192 2 4 5.00 0.9700 3280.4 0.970 0.0000e+00
ACC 16384 8192 2 4 5.00 0.9700 3280.4 1.000 0.0000e+00
ACC 16384 8192 2 4 5.50 0.8500 832.6 0.900 0.0000e+00
ACC 16384 8192 2 4 5.50 0.8500 832.6 0.940 0.0000e+00
ACC 16384 8192 2 4 5.50 0.8500 832.6 0.970 0.0000e+00
ACC 16384 8192 2 4 5.50 0.8500 832.6 1.000 0.0000e+00
ACC 16384 8192 2 4 5.50 0.8500 3280.4 0.900 0.0000e+00
ACC 16384 8192 2 4 5.50 0.8500 3280.4 0.940 0.0000e+00
ACC 16384 8192 2 4 5.50 0.8500 3280.4 0.970 0.0000e+00
ACC 16384 8192 2 4 5.50 0.8500 3280.4 1.000 0.0000e+00
ACC 16384 8192 2 4 5.50 0.9200 832.6 0.900 0.0000e+00
ACC 16384 8192 2 4 5.50 0.9200 832.6 0.940 0.0000e+00
ACC 16384 8192 2 4 5.50 0.9200 832.6 0.970 0.0000e+00
ACC 16384 8192 2 4 5.50 0.9200 832.6 1.000 0.0000e+00
ACC 16384 8192 2 4 5.50 0.9200 3280.4 0.900 0.0000e+00
ACC 16384 8192 2 4 5.50 0.9200 3280.4 0.940 0.0000e+00
ACC 16384 8192 2 4 5.50 0.9200 3280.4 0.970 0.0000e+00
ACC 16384 8192 2 4 5.50 0.9200 3280.4 1.000 0.0000e+00
ACC 16384 8192 2 4 5.50 0.9700 832.6 0.900 0.0000e+00
ACC 16384 8192 2 4 5.50 0.9700 832.6 0.940 0.0000e+00
ACC 16384 8192 2 4 5.50 0.9700 832.6 0.970 0.0000e+00
ACC 16384 8192 2 4 5.50 0.9700 832.6 1.000 0.0000e+00
ACC 16384 8192 2 4 5.50 0.9700 3280.4 0.900 0.0000e+00
ACC 16384 8192 2 4 5.50 0.9700 3280.4 0.940 0.0000e+00
ACC 16384 8192 2 4 5.50 0.9700 3280.4 0.970 0.0000e+00
ACC 16384 8192 2 4 5.50 0.9700 3280.4 1.000 0.0000e+00
ACC 16384 8192 2 4 5.75 0.8500 832.6 0.900 0.0000e+00
ACC 16384 8192 2 4 5.75 0.8500 832.6 0.940 0.0000e+00
ACC 16384 8192 2 4 5.75 0.8500 832.6 0.970 0.0000e+00
ACC 16384 8192 2 4 5.75 0.8500 832.6 1.000 0.0000e+00
ACC 16384 8192 2 4 5.75 0.8500 3280.4 0.900 0.0000e+00
ACC 16384 8192 2 4 5.75 0.8500 3280.4 0.940 0.0000e+00
ACC 16384 8192 2 4 5.75 0.8500 3280.4 0.970 0.0000e+00
ACC 16384 8192 2 4 5.75 0.8500 3280.4 1.000 4.5208e-04
ACC 16384 8192 2 4 5.75 0.9200 832.6 0.900 0.0000e+00
ACC 16384 8192 2 4 5.75 0.9200 832.6 0.940 0.0000e+00
ACC 16384 8192 2 4 5.75 0.9200 832.6 0.970 0.0000e+00
ACC 16384 8192 2 4 5.75 0.9200 832.6 1.000 0.0000e+00
ACC 16384 8192 2 4 5.75 0.9200 3280.4 0.900 0.0000e+00
ACC 16384 8192 2 4 5.75 0.9200 3280.4 0.940 0.0000e+00
ACC 16384 8192 2 4 5.75 0.9200 3280.4 0.970 0.0000e+00
ACC 16384 8192 2 4 5.75 0.9200 3280.4 1.000 4.5208e-04
ACC 16384 8192 2 4 5.75 0.9700 832.6 0.900 0.0000e+00
ACC 16384 8192 2 4 5.75 0.9700 832.6 0.940 0.0000e+00
ACC 16384 8192 2 4 5.75 0.9700 832.6 0.970 0.0000e+00
ACC 16384 8192 2 4 5.75 0.9700 832.6 1.000 0.0000e+00
ACC 16384 8192 2 4 5.75 0.9700 3280.4 0.900 0.0000e+00
ACC 16384 8192 2 4 5.75 0.9700 3280.4 0.940 0.0000e+00
ACC 16384 8192 2 4 5.75 0.9700 3280.4 0.970 0.0000e+00
ACC 16384 8192 2 4 5.75 0.9700 3280.4 1.000 4.5208e-04
ACC 16384 8192 2 4 6.00 0.8500 832.6 0.900 0.0000e+00
ACC 16384 8192 2 4 6.00 0.8500 832.6 0.940 0.0000e+00
ACC 16384 8192 2 4 6.00 0.8500 832.6 0.970 0.0000e+00
ACC 16384 8192 2 4 6.00 0.8500 832.6 1.000 0.0000e+00
ACC 16384 8192 2 4 6.00 0.8500 3280.4 0.900 0.0000e+00
ACC 16384 8192 2 4 6.00 0.8500 3280.4 0.940 0.0000e+00
ACC 16384 8192 2 4 6.00 0.8500 3280.4 0.970 0.0000e+00
ACC 16384 8192 2 4 6.00 0.8500 3280.4 1.000 0.0000e+00
ACC 16384 8192 2 4 6.00 0.9200 832.6 0.900 0.0000e+00
ACC 16384 8192 2 4 6.00 0.9200 832.6 0.940 0.0000e+00
ACC 16384 8192 2 4 6.00 0.9200 832.6 0.970 0.0000e+00
ACC 16384 8192 2 4 6.00 0.9200 832.6 1.000 0.0000e+00
ACC 16384 8192 2 4 6.00 0.9200 3280.4 0.900 0.0000e+00
ACC 16384 8192 2 4 6.00 0.9200 3280.4 0.940 0.0000e+00
ACC 16384 8192 2 4 6.00 0.9200 3280.4 0.970 0.0000e+00
ACC 16384 8192 2 4 6.00 0.9200 3280.4 1.000 0.0000e+00
ACC 16384 8192 2 4 6.00 0.9700 832.6 0.900 0.0000e+00
ACC 16384 8192 2 4 6.00 0.9700 832.6 0.940 0.0000e+00
ACC 16384 8192 2 4 6.00 0.9700 832.6 0.970 0.0000e+00
ACC 16384 8192 2 4 6.00 0.9700 832.6 1.000 0.0000e+00
ACC 16384 8192 2 4 6.00 0.9700 3280.4 0.900 0.0000e+00
ACC 16384 8192 2 4 6.00 0.9700 3280.4 0.940 0.0000e+00
ACC 16384 8192 2 4 6.00 0.9700 3280.4 0.970 0.0000e+00
ACC 16384 8192 2 4 6.00 0.9700 3280.4 1.000 0.0000e+00
ACC 16384 8192 2 4 6.50 0.8500 832.6 0.900 0.0000e+00
ACC 16384 8192 2 4 6.50 0.8500 832.6 0.940 0.0000e+00
ACC 16384 8192 2 4 6.50 0.8500 832.6 0.970 0.0000e+00
ACC 16384 8192 2 4 6.50 0.8500 832.6 1.000 0.0000e+00
ACC 16384 8192 2 4 6.50 0.8500 3280.4 0.900 0.0000e+00
ACC 16384 8192 2 4 6.50 0.8500 3280.4 0.940 0.0000e+00
ACC 16384 8192 2 4 6.50 0.8500 3280.4 0.970 0.0000e+00
ACC 16384 8192 2 4 6.50 0.8500 3280.4 1.000 0.0000e+00
ACC 16384 8192 2 4 6.50 0.9200 832.6 0.900 0.0000e+00
ACC 16384 8192 2 4 6.50 0.9200 832.6 0.940 0.0000e+00
ACC 16384 8192 2 4 6.50 0.9200 832.6 0.970 0.0000e+00
ACC 16384 8192 2 4 6.50 0.9200 832.6 1.000 0.0000e+00
ACC 16384 8192 2 4 6.50 0.9200 3280.4 0.900 0.0000e+00
ACC 16384 8192 2 4 6.50 0.9200 3280.4 0.940 0.0000e+00
ACC 16384 8192 2 4 6.50 0.9200 3280.4 0.970 0.0000e+00
ACC 16384 8192 2 4 6.50 0.9200 3280.4 1.000 0.0000e+00
ACC 16384 8192 2 4 6.50 0.9700 832.6 0.900 0.0000e+00
ACC 16384 8192 2 4 6.50 0.9700 832.6 0.940 0.0000e+00
ACC 16384 8192 2 4 6.50 0.9700 832.6 0.970 0.0000e+00
ACC 16384 8192 2 4 6.50 0.9700 832.6 1.000 0.0000e+00
ACC 16384 8192 2 4 6.50 0.9700 3280.4 0.900 0.0000e+00
ACC 16384 8192 2 4 6.50 0.9700 3280.4 0.940 0.0000e+00
ACC 16384 8192 2 4 6.50 0.9700 3280.4 0.970 0.0000e+00
ACC 16384 8192 2 4 6.50 0.9700 3280.4 1.000 0.0000e+00
ACC 16384 8192 2 8 5.00 0.8500 832.6 0.900 0.0000e+00
ACC 16384 8192 2 8 5.00 0.8500 832.6 0.940 0.0000e+00
ACC 16384 8192 2 8 5.00 0.8500 832.6 0.970 0.0000e+00
ACC 16384 8192 2 8 5.00 0.8500 832.6 1.000 0.0000e+00
ACC 16384 8192 2 8 5.00 0.8500 3280.4 0.900 0.0000e+00
ACC 16384 8192 2 8 5.00 0.8500 3280.4 0.940 0.0000e+00
ACC 16384 8192 2 8 5.00 0.8500 3280.4 0.970 0.0000e+00
ACC 16384 8192 2 8 5.00 0.8500 3280.4 1.000 0.0000e+00
ACC 16384 8192 2 8 5.00 0.9200 832.6 0.900 0.0000e+00
ACC 16384 8192 2 8 5.00 0.9200 832.6 0.940 0.0000e+00
ACC 16384 8192 2 8 5.00 0.9200 832.6 0.970 0.0000e+00
ACC 16384 8192 2 8 5.00 0.9200 832.6 1.000 0.0000e+00
ACC 16384 8192 2 8 5.00 0.9200 3280.4 0.900 0.0000e+00
ACC 16384 8192 2 8 5.00 0.9200 3280.4 0.940 0.0000e+00
ACC 16384 8192 2 8 5.00 0.9200 3280.4 0.970 0.0000e+00
ACC 16384 8192 2 8 5.00 0.9200 3280.4 1.000 0.0000e+00
ACC 16384 8192 2 8 5.00 0.9700 832.6 0.900 0.0000e+00
ACC 16384 8192 2 8 5.00 0.9700 832.6 0.940 0.0000e+00
ACC 16384 8192 2 8 5.00 0.9700 832.6 0.970 0.0000e+00
ACC 16384 8192 2 8 5.00 0.9700 832.6 1.000 0.0000e+00
ACC 16384 8192 2 8 5.00 0.9700 3280.4 0.900 0.0000e+00
ACC 16384 8192 2 8 5.00 0.9700 3280.4 0.940 0.0000e+00
ACC 16384 8192 2 8 5.00 0.9700 3280.4 0.970 0.0000e+00
ACC 16384 8192 2 8 5.00 0.9700 3280.4 1.000 0.0000e+00
ACC 16384 8192 2 8 5.50 0.8500 832.6 0.900 0.0000e+00
ACC 16384 8192 2 8 5.50 0.8500 832.6 0.940 0.0000e+00
ACC 16384 8192 2 8 5.50 0.8500 832.6 0.970 0.0000e+00
ACC 16384 8192 2 8 5.50 0.8500 832.6 1.000 0.0000e+00
ACC 16384 8192 2 8 5.50 0.8500 3280.4 0.900 0.0000e+00
ACC 16384 8192 2 8 5.50 0.8500 3280.4 0.940 0.0000e+00
ACC 16384 8192 2 8 5.50 0.8500 3280.4 0.970 0.0000e+00
ACC 16384 8192 2 8 5.50 0.8500 3280.4 1.000 0.0000e+00
ACC 16384 8192 2 8 5.50 0.9200 832.6 0.900 0.0000e+00
ACC 16384 8192 2 8 5.50 0.9200 832.6 0.940 0.0000e+00
ACC 16384 8192 2 8 5.50 0.9200 832.6 0.970 0.0000e+00
ACC 16384 8192 2 8 5.50 0.9200 832.6 1.000 0.0000e+00
ACC 16384 8192 2 8 5.50 0.9200 3280.4 0.900 0.0000e+00
ACC 16384 8192 2 8 5.50 0.9200 3280.4 0.940 0.0000e+00
ACC 16384 8192 2 8 5.50 0.9200 3280.4 0.970 0.0000e+00
ACC 16384 8192 2 8 5.50 0.9200 3280.4 1.000 0.0000e+00
ACC 16384 8192 2 8 5.50 0.9700 832.6 0.900 0.0000e+00
ACC 16384 8192 2 8 5.50 0.9700 832.6 0.940 0.0000e+00
ACC 16384 8192 2 8 5.50 0.9700 832.6 0.970 0.0000e+00
ACC 16384 8192 2 8 5.50 0.9700 832.6 1.000 0.0000e+00
ACC 16384 8192 2 8 5.50 0.9700 3280.4 0.900 0.0000e+00
ACC 16384 8192 2 8 5.50 0.9700 3280.4 0.940 0.0000e+00
ACC 16384 8192 2 8 5.50 0.9700 3280.4 0.970 0.0000e+00
ACC 16384 8192 2 8 5.50 0.9700 3280.4 1.000 0.0000e+00
ACC 16384 8192 2 8 5.75 0.8500 832.6 0.900 0.0000e+00
ACC 16384 8192 2 8 5.75 0.8500 832.6 0.940 0.0000e+00
ACC 16384 8192 2 8 5.75 0.8500 832.6 0.970 0.0000e+00
ACC 16384 8192 2 8 5.75 0.8500 832.6 1.000 0.0000e+00
ACC 16384 8192 2 8 5.75 0.8500 3280.4 0.900 0.0000e+00
ACC 16384 8192 2 8 5.75 0.8500 3280.4 0.940 0.0000e+00
ACC 16384 8192 2 8 5.75 0.8500 3280.4 0.970 0.0000e+00
ACC 16384 8192 2 8 5.75 0.8500 3280.4 1.000 4.5208e-04
ACC 16384 8192 2 8 5.75 0.9200 832.6 0.900 0.0000e+00
ACC 16384 8192 2 8 5.75 0.9200 832.6 0.940 0.0000e+00
ACC 16384 8192 2 8 5.75 0.9200 832.6 0.970 0.0000e+00
ACC 16384 8192 2 8 5.75 0.9200 832.6 1.000 0.0000e+00
ACC 16384 8192 2 8 5.75 0.9200 3280.4 0.900 0.0000e+00
ACC 16384 8192 2 8 5.75 0.9200 3280.4 0.940 0.0000e+00
ACC 16384 8192 2 8 5.75 0.9200 3280.4 0.970 0.0000e+00
ACC 16384 8192 2 8 5.75 0.9200 3280.4 1.000 4.5208e-04
ACC 16384 8192 2 8 5.75 0.9700 832.6 0.900 0.0000e+00
ACC 16384 8192 2 8 5.75 0.9700 832.6 0.940 0.0000e+00
ACC 16384 8192 2 8 5.75 0.9700 832.6 0.970 0.0000e+00
ACC 16384 8192 2 8 5.75 0.9700 832.6 1.000 0.0000e+00
ACC 16384 8192 2 8 5.75 0.9700 3280.4 0.900 0.0000e+00
ACC 16384 8192 2 8 5.75 0.9700 3280.4 0.940 0.0000e+00
ACC 16384 8192 2 8 5.75 0.9700 3280.4 0.970 0.0000e+00
ACC 16384 8192 2 8 5.75 0.9700 3280.4 1.000 4.5208e-04
ACC 16384 8192 2 8 6.00 0.8500 832.6 0.900 0.0000e+00
ACC 16384 8192 2 8 6.00 0.8500 832.6 0.940 0.0000e+00
ACC 16384 8192 2 8 6.00 0.8500 832.6 0.970 0.0000e+00
ACC 16384 8192 2 8 6.00 0.8500 832.6 1.000 0.0000e+00
ACC 16384 8192 2 8 6.00 0.8500 3280.4 0.900 0.0000e+00
ACC 16384 8192 2 8 6.00 0.8500 3280.4 0.940 0.0000e+00
ACC 16384 8192 2 8 6.00 0.8500 3280.4 0.970 0.0000e+00
ACC 16384 8192 2 8 6.00 0.8500 3280.4 1.000 0.0000e+00
ACC 16384 8192 2 8 6.00 0.9200 832.6 0.900 0.0000e+00
ACC 16384 8192 2 8 6.00 0.9200 832.6 0.940 0.0000e+00
ACC 16384 8192 2 8 6.00 0.9200 832.6 0.970 0.0000e+00
ACC 16384 8192 2 8 6.00 0.9200 832.6 1.000 0.0000e+00
ACC 16384 8192 2 8 6.00 0.9200 3280.4 0.900 0.0000e+00
ACC 16384 8192 2 8 6.00 0.9200 3280.4 0.940 0.0000e+00
ACC 16384 8192 2 8 6.00 0.9200 3280.4 0.970 0.0000e+00
ACC 16384 8192 2 8 6.00 0.9200 3280.4 1.000 0.0000e+00
ACC 16384 8192 2 8 6.00 0.9700 832.6 0.900 0.0000e+00
ACC 16384 8192 2 8 6.00 0.9700 832.6 0.940 0.0000e+00
ACC 16384 8192 2 8 6.00 0.9700 832.6 0.970 0.0000e+00
ACC 16384 8192 2 8 6.00 0.9700 832.6 1.000 0.0000e+00
ACC 16384 8192 2 8 6.00 0.9700 3280.4 0.900 0.0000e+00
ACC 16384 8192 2 8 6.00 0.9700 3280.4 0.940 0.0000e+00
ACC 16384 8192 2 8 6.00 0.9700 3280.4 0.970 0.0000e+00
ACC 16384 8192 2 8 6.00 0.9700 3280.4 1.000 0.0000e+00
ACC 16384 8192 2 8 6.50 0.8500 832.6 0.900 0.0000e+00
ACC 16384 8192 2 8 6.50 0.8500 832.6 0.940 0.0000e+00
ACC 16384 8192 2 8 6.50 0.8500 832.6 0.970 0.0000e+00
ACC 16384 8192 2 8 6.50 0.8500 832.6 1.000 0.0000e+00
ACC 16384 8192 2 8 6.50 0.8500 3280.4 0.900 0.0000e+00
ACC 16384 8192 2 8 6.50 0.8500 3280.4 0.940 0.0000e+00
ACC 16384 8192 2 8 6.50 0.8500 3280.4 0.970 0.0000e+00
ACC 16384 8192 2 8 6.50 0.8500 3280.4 1.000 0.0000e+00
ACC 16384 8192 2 8 6.50 0.9200 832.6 0.900 0.0000e+00
ACC 16384 8192 2 8 6.50 0.9200 832.6 0.940 0.0000e+00
ACC 16384 8192 2 8 6.50 0.9200 832.6 0.970 0.0000e+00
ACC 16384 8192 2 8 6.50 0.9200 832.6 1.000 0.0000e+00
ACC 16384 8192 2 8 6.50 0.9200 3280.4 0.900 0.0000e+00
ACC 16384 8192 2 8 6.50 0.9200 3280.4 0.940 0.0000e+00
ACC 16384 8192 2 8 6.50 0.9200 3280.4 0.970 0.0000e+00
ACC 16384 8192 2 8 6.50 0.9200 3280.4 1.000 0.0000e+00
ACC 16384 8192 2 8 6.50 0.9700 832.6 0.900 0.0000e+00
ACC 16384 8192 2 8 6.50 0.9700 832.6 0.940 0.0000e+00
ACC 16384 8192 2 8 6.50 0.9700 832.6 0.970 0.0000e+00
ACC 16384 8192 2 8 6.50 0.9700 832.6 1.000 0.0000e+00
ACC 16384 8192 2 8 6.50 0.9700 3280.4 0.900 0.0000e+00
ACC 16384 8192 2 8 6.50 0.9700 3280.4 0.940 0.0000e+00
ACC 16384 8192 2 8 6.50 0.9700 3280.4 0.970 0.0000e+00
ACC 16384 8192 2 8 6.50 0.9700 3280.4 1.000 0.0000e+00
ACC 32768 256 2 4 5.00 0.8500 25.6 0.900 0.0000e+00
ACC 32768 256 2 4 5.00 0.8500 25.6 0.940 0.0000e+00
ACC 32768 256 2 4 5.00 0.8500 25.6 0.970 5.8548e-04
ACC 32768 256 2 4 5.00 0.8500 25.6 1.000 5.8548e-04
ACC 32768 256 2 4 5.00 0.8500 103.0 0.900 0.0000e+00
ACC 32768 256 2 4 5.00 0.8500 103.0 0.940 0.0000e+00
ACC 32768 256 2 4 5.00 0.8500 103.0 0.970 0.0000e+00
ACC 32768 256 2 4 5.00 0.8500 103.0 1.000 0.0000e+00
ACC 32768 256 2 4 5.00 0.9200 25.6 0.900 0.0000e+00
ACC 32768 256 2 4 5.00 0.9200 25.6 0.940 0.0000e+00
ACC 32768 256 2 4 5.00 0.9200 25.6 0.970 0.0000e+00
ACC 32768 256 2 4 5.00 0.9200 25.6 1.000 1.1662e-03
ACC 32768 256 2 4 5.00 0.9200 103.0 0.900 0.0000e+00
ACC 32768 256 2 4 5.00 0.9200 103.0 0.940 0.0000e+00
ACC 32768 256 2 4 5.00 0.9200 103.0 0.970 0.0000e+00
ACC 32768 256 2 4 5.00 0.9200 103.0 1.000 0.0000e+00
ACC 32768 256 2 4 5.00 0.9700 25.6 0.900 0.0000e+00
ACC 32768 256 2 4 5.00 0.9700 25.6 0.940 0.0000e+00
ACC 32768 256 2 4 5.00 0.9700 25.6 0.970 0.0000e+00
ACC 32768 256 2 4 5.00 0.9700 25.6 1.000 1.2019e-03
ACC 32768 256 2 4 5.00 0.9700 103.0 0.900 0.0000e+00
ACC 32768 256 2 4 5.00 0.9700 103.0 0.940 0.0000e+00
ACC 32768 256 2 4 5.00 0.9700 103.0 0.970 0.0000e+00
ACC 32768 256 2 4 5.00 0.9700 103.0 1.000 0.0000e+00
ACC 32768 256 2 4 5.50 0.8500 25.6 0.900 0.0000e+00
ACC 32768 256 2 4 5.50 0.8500 25.6 0.940 0.0000e+00
ACC 32768 256 2 4 5.50 0.8500 25.6 0.970 6.1463e-04
ACC 32768 256 2 4 5.50 0.8500 25.6 1.000 6.1463e-04
ACC 32768 256 2 4 5.50 0.8500 103.0 0.900 0.0000e+00
ACC 32768 256 2 4 5.50 0.8500 103.0 0.940 0.0000e+00
ACC 32768 256 2 4 5.50 0.8500 103.0 0.970 0.0000e+00
ACC 32768 256 2 4 5.50 0.8500 103.0 1.000 0.0000e+00
ACC 32768 256 2 4 5.50 0.9200 25.6 0.900 0.0000e+00
ACC 32768 256 2 4 5.50 0.9200 25.6 0.940 0.0000e+00
ACC 32768 256 2 4 5.50 0.9200 25.6 0.970 0.0000e+00
ACC 32768 256 2 4 5.50 0.9200 25.6 1.000 6.0938e-04
ACC 32768 256 2 4 5.50 0.9200 103.0 0.900 0.0000e+00
ACC 32768 256 2 4 5.50 0.9200 103.0 0.940 0.0000e+00
ACC 32768 256 2 4 5.50 0.9200 103.0 0.970 0.0000e+00
ACC 32768 256 2 4 5.50 0.9200 103.0 1.000 0.0000e+00
ACC 32768 256 2 4 5.50 0.9700 25.6 0.900 0.0000e+00
ACC 32768 256 2 4 5.50 0.9700 25.6 0.940 0.0000e+00
ACC 32768 256 2 4 5.50 0.9700 25.6 0.970 6.1501e-04
ACC 32768 256 2 4 5.50 0.9700 25.6 1.000 1.2300e-03
ACC 32768 256 2 4 5.50 0.9700 103.0 0.900 0.0000e+00
ACC 32768 256 2 4 5.50 0.9700 103.0 0.940 0.0000e+00
ACC 32768 256 2 4 5.50 0.9700 103.0 0.970 0.0000e+00
ACC 32768 256 2 4 5.50 0.9700 103.0 1.000 0.0000e+00
ACC 32768 256 2 4 5.75 0.8500 25.6 0.900 0.0000e+00
ACC 32768 256 2 4 5.75 0.8500 25.6 0.940 0.0000e+00
ACC 32768 256 2 4 5.75 0.8500 25.6 0.970 6.2267e-04
ACC 32768 256 2 4 5.75 0.8500 25.6 1.000 6.2267e-04
ACC 32768 256 2 4 5.75 0.8500 103.0 0.900 0.0000e+00
ACC 32768 256 2 4 5.75 0.8500 103.0 0.940 0.0000e+00
ACC 32768 256 2 4 5.75 0.8500 103.0 0.970 0.0000e+00
ACC 32768 256 2 4 5.75 0.8500 103.0 1.000 0.0000e+00
ACC 32768 256 2 4 5.75 0.9200 25.6 0.900 0.0000e+00
ACC 32768 256 2 4 5.75 0.9200 25.6 0.940 0.0000e+00
ACC 32768 256 2 4 5.75 0.9200 25.6 0.970 0.0000e+00
ACC 32768 256 2 4 5.75 0.9200 25.6 1.000 6.2073e-04
ACC 32768 256 2 4 5.75 0.9200 103.0 0.900 0.0000e+00
ACC 32768 256 2 4 5.75 0.9200 103.0 0.940 0.0000e+00
ACC 32768 256 2 4 5.75 0.9200 103.0 0.970 0.0000e+00
ACC 32768 256 2 4 5.75 0.9200 103.0 1.000 0.0000e+00
ACC 32768 256 2 4 5.75 0.9700 25.6 0.900 0.0000e+00
ACC 32768 256 2 4 5.75 0.9700 25.6 0.940 0.0000e+00
ACC 32768 256 2 4 5.75 0.9700 25.6 0.970 0.0000e+00
ACC 32768 256 2 4 5.75 0.9700 25.6 1.000 6.2461e-04
ACC 32768 256 2 4 5.75 0.9700 103.0 0.900 0.0000e+00
ACC 32768 256 2 4 5.75 0.9700 103.0 0.940 0.0000e+00
ACC 32768 256 2 4 5.75 0.9700 103.0 0.970 0.0000e+00
ACC 32768 256 2 4 5.75 0.9700 103.0 1.000 0.0000e+00
ACC 32768 256 2 4 6.00 0.8500 25.6 0.900 0.0000e+00
ACC 32768 256 2 4 6.00 0.8500 25.6 0.940 0.0000e+00
ACC 32768 256 2 4 6.00 0.8500 25.6 0.970 6.3251e-04
ACC 32768 256 2 4 6.00 0.8500 25.6 1.000 6.3251e-04
ACC 32768 256 2 4 6.00 0.8500 103.0 0.900 0.0000e+00
ACC 32768 256 2 4 6.00 0.8500 103.0 0.940 0.0000e+00
ACC 32768 256 2 4 6.00 0.8500 103.0 0.970 0.0000e+00
ACC 32768 256 2 4 6.00 0.8500 103.0 1.000 0.0000e+00
ACC 32768 256 2 4 6.00 0.9200 25.6 0.900 0.0000e+00
ACC 32768 256 2 4 6.00 0.9200 25.6 0.940 0.0000e+00
ACC 32768 256 2 4 6.00 0.9200 25.6 0.970 0.0000e+00
ACC 32768 256 2 4 6.00 0.9200 25.6 1.000 6.2735e-04
ACC 32768 256 2 4 6.00 0.9200 103.0 0.900 0.0000e+00
ACC 32768 256 2 4 6.00 0.9200 103.0 0.940 0.0000e+00
ACC 32768 256 2 4 6.00 0.9200 103.0 0.970 0.0000e+00
ACC 32768 256 2 4 6.00 0.9200 103.0 1.000 0.0000e+00
ACC 32768 256 2 4 6.00 0.9700 25.6 0.900 0.0000e+00
ACC 32768 256 2 4 6.00 0.9700 25.6 0.940 0.0000e+00
ACC 32768 256 2 4 6.00 0.9700 25.6 0.970 0.0000e+00
ACC 32768 256 2 4 6.00 0.9700 25.6 1.000 6.2972e-04
ACC 32768 256 2 4 6.00 0.9700 103.0 0.900 0.0000e+00
ACC 32768 256 2 4 6.00 0.9700 103.0 0.940 0.0000e+00
ACC 32768 256 2 4 6.00 0.9700 103.0 0.970 0.0000e+00
ACC 32768 256 2 4 6.00 0.9700 103.0 1.000 0.0000e+00
ACC 32768 256 2 4 6.50 0.8500 25.6 0.900 0.0000e+00
ACC 32768 256 2 4 6.50 0.8500 25.6 0.940 0.0000e+00
ACC 32768 256 2 4 6.50 0.8500 25.6 0.970 0.0000e+00
ACC 32768 256 2 4 6.50 0.8500 25.6 1.000 6.5147e-04
ACC 32768 256 2 4 6.50 0.8500 103.0 0.900 0.0000e+00
ACC 32768 256 2 4 6.50 0.8500 103.0 0.940 0.0000e+00
ACC 32768 256 2 4 6.50 0.8500 103.0 0.970 0.0000e+00
ACC 32768 256 2 4 6.50 0.8500 103.0 1.000 0.0000e+00
ACC 32768 256 2 4 6.50 0.9200 25.6 0.900 0.0000e+00
ACC 32768 256 2 4 6.50 0.9200 25.6 0.940 0.0000e+00
ACC 32768 256 2 4 6.50 0.9200 25.6 0.970 0.0000e+00
ACC 32768 256 2 4 6.50 0.9200 25.6 1.000 6.4392e-04
ACC 32768 256 2 4 6.50 0.9200 103.0 0.900 0.0000e+00
ACC 32768 256 2 4 6.50 0.9200 103.0 0.940 0.0000e+00
ACC 32768 256 2 4 6.50 0.9200 103.0 0.970 0.0000e+00
ACC 32768 256 2 4 6.50 0.9200 103.0 1.000 0.0000e+00
ACC 32768 256 2 4 6.50 0.9700 25.6 0.900 0.0000e+00
ACC 32768 256 2 4 6.50 0.9700 25.6 0.940 0.0000e+00
ACC 32768 256 2 4 6.50 0.9700 25.6 0.970 0.0000e+00
ACC 32768 256 2 4 6.50 0.9700 25.6 1.000 6.4185e-04
ACC 32768 256 2 4 6.50 0.9700 103.0 0.900 0.0000e+00
ACC 32768 256 2 4 6.50 0.9700 103.0 0.940 0.0000e+00
ACC 32768 256 2 4 6.50 0.9700 103.0 0.970 0.0000e+00
ACC 32768 256 2 4 6.50 0.9700 103.0 1.000 0.0000e+00
ACC 32768 256 2 8 5.00 0.8500 25.6 0.900 0.0000e+00
ACC 32768 256 2 8 5.00 0.8500 25.6 0.940 0.0000e+00
ACC 32768 256 2 8 5.00 0.8500 25.6 0.970 5.8548e-04
ACC 32768 256 2 8 5.00 0.8500 25.6 1.000 5.8548e-04
ACC 32768 256 2 8 5.00 0.8500 103.0 0.900 0.0000e+00
ACC 32768 256 2 8 5.00 0.8500 103.0 0.940 0.0000e+00
ACC 32768 256 2 8 5.00 0.8500 103.0 0.970 0.0000e+00
ACC 32768 256 2 8 5.00 0.8500 103.0 1.000 1.2821e-03
ACC 32768 256 2 8 5.00 0.9200 25.6 0.900 0.0000e+00
ACC 32768 256 2 8 5.00 0.9200 25.6 0.940 0.0000e+00
ACC 32768 256 2 8 5.00 0.9200 25.6 0.970 0.0000e+00
ACC 32768 256 2 8 5.00 0.9200 25.6 1.000 1.1662e-03
ACC 32768 256 2 8 5.00 0.9200 103.0 0.900 0.0000e+00
ACC 32768 256 2 8 5.00 0.9200 103.0 0.940 1.2571e-03
ACC 32768 256 2 8 5.00 0.9200 103.0 0.970 1.8856e-03
ACC 32768 256 2 8 5.00 0.9200 103.0 1.000 1.8856e-03
ACC 32768 256 2 8 5.00 0.9700 25.6 0.900 0.0000e+00
ACC 32768 256 2 8 5.00 0.9700 25.6 0.940 0.0000e+00
ACC 32768 256 2 8 5.00 0.9700 25.6 0.970 6.0096e-04
ACC 32768 256 2 8 5.00 0.9700 25.6 1.000 1.2019e-03
ACC 32768 256 2 8 5.00 0.9700 103.0 0.900 0.0000e+00
ACC 32768 256 2 8 5.00 0.9700 103.0 0.940 0.0000e+00
ACC 32768 256 2 8 5.00 0.9700 103.0 0.970 6.3251e-04
ACC 32768 256 2 8 5.00 0.9700 103.0 1.000 3.7951e-03
ACC 32768 256 2 8 5.50 0.8500 25.6 0.900 0.0000e+00
ACC 32768 256 2 8 5.50 0.8500 25.6 0.940 0.0000e+00
ACC 32768 256 2 8 5.50 0.8500 25.6 0.970 6.1463e-04
ACC 32768 256 2 8 5.50 0.8500 25.6 1.000 1.2293e-03
ACC 32768 256 2 8 5.50 0.8500 103.0 0.900 0.0000e+00
ACC 32768 256 2 8 5.50 0.8500 103.0 0.940 0.0000e+00
ACC 32768 256 2 8 5.50 0.8500 103.0 0.970 0.0000e+00
ACC 32768 256 2 8 5.50 0.8500 103.0 1.000 1.9868e-03
ACC 32768 256 2 8 5.50 0.9200 25.6 0.900 0.0000e+00
ACC 32768 256 2 8 5.50 0.9200 25.6 0.940 0.0000e+00
ACC 32768 256 2 8 5.50 0.9200 25.6 0.970 0.0000e+00
ACC 32768 256 2 8 5.50 0.9200 25.6 1.000 6.0938e-04
ACC 32768 256 2 8 5.50 0.9200 103.0 0.900 0.0000e+00
ACC 32768 256 2 8 5.50 0.9200 103.0 0.940 1.2945e-03
ACC 32768 256 2 8 5.50 0.9200 103.0 0.970 1.9417e-03
ACC 32768 256 2 8 5.50 0.9200 103.0 1.000 1.9417e-03
ACC 32768 256 2 8 5.50 0.9700 25.6 0.900 0.0000e+00
ACC 32768 256 2 8 5.50 0.9700 25.6 0.940 0.0000e+00
ACC 32768 256 2 8 5.50 0.9700 25.6 0.970 6.1501e-04
ACC 32768 256 2 8 5.50 0.9700 25.6 1.000 1.2300e-03
ACC 32768 256 2 8 5.50 0.9700 103.0 0.900 0.0000e+00
ACC 32768 256 2 8 5.50 0.9700 103.0 0.940 0.0000e+00
ACC 32768 256 2 8 5.50 0.9700 103.0 0.970 1.3038e-03
ACC 32768 256 2 8 5.50 0.9700 103.0 1.000 5.2151e-03
ACC 32768 256 2 8 5.75 0.8500 25.6 0.900 0.0000e+00
ACC 32768 256 2 8 5.75 0.8500 25.6 0.940 0.0000e+00
ACC 32768 256 2 8 5.75 0.8500 25.6 0.970 6.2267e-04
ACC 32768 256 2 8 5.75 0.8500 25.6 1.000 1.2453e-03
ACC 32768 256 2 8 5.75 0.8500 103.0 0.900 0.0000e+00
ACC 32768 256 2 8 5.75 0.8500 103.0 0.940 0.0000e+00
ACC 32768 256 2 8 5.75 0.8500 103.0 0.970 0.0000e+00
ACC 32768 256 2 8 5.75 0.8500 103.0 1.000 2.0107e-03
ACC 32768 256 2 8 5.75 0.9200 25.6 0.900 0.0000e+00
ACC 32768 256 2 8 5.75 0.9200 25.6 0.940 0.0000e+00
ACC 32768 256 2 8 5.75 0.9200 25.6 0.970 0.0000e+00
ACC 32768 256 2 8 5.75 0.9200 25.6 1.000 6.2073e-04
ACC 32768 256 2 8 5.75 0.9200 103.0 0.900 0.0000e+00
ACC 32768 256 2 8 5.75 0.9200 103.0 0.940 1.3089e-03
ACC 32768 256 2 8 5.75 0.9200 103.0 0.970 1.9634e-03
ACC 32768 256 2 8 5.75 0.9200 103.0 1.000 1.9634e-03
ACC 32768 256 2 8 5.75 0.9700 25.6 0.900 0.0000e+00
ACC 32768 256 2 8 5.75 0.9700 25.6 0.940 0.0000e+00
ACC 32768 256 2 8 5.75 0.9700 25.6 0.970 0.0000e+00
ACC 32768 256 2 8 5.75 0.9700 25.6 1.000 6.2461e-04
ACC 32768 256 2 8 5.75 0.9700 103.0 0.900 0.0000e+00
ACC 32768 256 2 8 5.75 0.9700 103.0 0.940 0.0000e+00
ACC 32768 256 2 8 5.75 0.9700 103.0 0.970 1.3123e-03
ACC 32768 256 2 8 5.75 0.9700 103.0 1.000 5.2493e-03
ACC 32768 256 2 8 6.00 0.8500 25.6 0.900 0.0000e+00
ACC 32768 256 2 8 6.00 0.8500 25.6 0.940 0.0000e+00
ACC 32768 256 2 8 6.00 0.8500 25.6 0.970 6.3251e-04
ACC 32768 256 2 8 6.00 0.8500 25.6 1.000 1.2650e-03
ACC 32768 256 2 8 6.00 0.8500 103.0 0.900 0.0000e+00
ACC 32768 256 2 8 6.00 0.8500 103.0 0.940 0.0000e+00
ACC 32768 256 2 8 6.00 0.8500 103.0 0.970 0.0000e+00
ACC 32768 256 2 8 6.00 0.8500 103.0 1.000 2.0298e-03
ACC 32768 256 2 8 6.00 0.9200 25.6 0.900 0.0000e+00
ACC 32768 256 2 8 6.00 0.9200 25.6 0.940 0.0000e+00
ACC 32768 256 2 8 6.00 0.9200 25.6 0.970 0.0000e+00
ACC 32768 256 2 8 6.00 0.9200 25.6 1.000 6.2735e-04
ACC 32768 256 2 8 6.00 0.9200 103.0 0.900 0.0000e+00
ACC 32768 256 2 8 6.00 0.9200 103.0 0.940 6.6269e-04
ACC 32768 256 2 8 6.00 0.9200 103.0 0.970 1.3254e-03
ACC 32768 256 2 8 6.00 0.9200 103.0 1.000 1.3254e-03
ACC 32768 256 2 8 6.00 0.9700 25.6 0.900 0.0000e+00
ACC 32768 256 2 8 6.00 0.9700 25.6 0.940 0.0000e+00
ACC 32768 256 2 8 6.00 0.9700 25.6 0.970 0.0000e+00
ACC 32768 256 2 8 6.00 0.9700 25.6 1.000 6.2972e-04
ACC 32768 256 2 8 6.00 0.9700 103.0 0.900 0.0000e+00
ACC 32768 256 2 8 6.00 0.9700 103.0 0.940 0.0000e+00
ACC 32768 256 2 8 6.00 0.9700 103.0 0.970 1.3298e-03
ACC 32768 256 2 8 6.00 0.9700 103.0 1.000 5.9840e-03
ACC 32768 256 2 8 6.50 0.8500 25.6 0.900 0.0000e+00
ACC 32768 256 2 8 6.50 0.8500 25.6 0.940 0.0000e+00
ACC 32768 256 2 8 6.50 0.8500 25.6 0.970 6.5147e-04
ACC 32768 256 2 8 6.50 0.8500 25.6 1.000 1.3029e-03
ACC 32768 256 2 8 6.50 0.8500 103.0 0.900 0.0000e+00
ACC 32768 256 2 8 6.50 0.8500 103.0 0.940 0.0000e+00
ACC 32768 256 2 8 6.50 0.8500 103.0 0.970 6.9300e-04
ACC 32768 256 2 8 6.50 0.8500 103.0 1.000 2.0790e-03
ACC 32768 256 2 8 6.50 0.9200 25.6 0.900 0.0000e+00
ACC 32768 256 2 8 6.50 0.9200 25.6 0.940 0.0000e+00
ACC 32768 256 2 8 6.50 0.9200 25.6 0.970 6.4392e-04
ACC 32768 256 2 8 6.50 0.9200 25.6 1.000 6.4392e-04
ACC 32768 256 2 8 6.50 0.9200 103.0 0.900 0.0000e+00
ACC 32768 256 2 8 6.50 0.9200 103.0 0.940 0.0000e+00
ACC 32768 256 2 8 6.50 0.9200 103.0 0.970 1.3495e-03
ACC 32768 256 2 8 6.50 0.9200 103.0 1.000 1.3495e-03
ACC 32768 256 2 8 6.50 0.9700 25.6 0.900 0.0000e+00
ACC 32768 256 2 8 6.50 0.9700 25.6 0.940 0.0000e+00
ACC 32768 256 2 8 6.50 0.9700 25.6 0.970 0.0000e+00
ACC 32768 256 2 8 6.50 0.9700 25.6 1.000 6.4185e-04
ACC 32768 256 2 8 6.50 0.9700 103.0 0.900 0.0000e+00
ACC 32768 256 2 8 6.50 0.9700 103.0 0.940 0.0000e+00
ACC 32768 256 2 8 6.50 0.9700 103.0 0.970 2.0121e-03
ACC 32768 256 2 8 6.50 0.9700 103.0 1.000 6.7069e-03
ACC 32768 512 2 4 5.00 0.8500 50.6 0.900 0.0000e+00
ACC 32768 512 2 4 5.00 0.8500 50.6 0.940 0.0000e+00
ACC 32768 512 2 4 5.00 0.8500 50.6 0.970 0.0000e+00
ACC 32768 512 2 4 5.00 0.8500 50.6 1.000 6.0277e-04
ACC 32768 512 2 4 5.00 0.8500 205.5 0.900 0.0000e+00
ACC 32768 512 2 4 5.00 0.8500 205.5 0.940 0.0000e+00
ACC 32768 512 2 4 5.00 0.8500 205.5 0.970 0.0000e+00
ACC 32768 512 2 4 5.00 0.8500 205.5 1.000 0.0000e+00
ACC 32768 512 2 4 5.00 0.9200 50.6 0.900 0.0000e+00
ACC 32768 512 2 4 5.00 0.9200 50.6 0.940 0.0000e+00
ACC 32768 512 2 4 5.00 0.9200 50.6 0.970 5.9773e-04
ACC 32768 512 2 4 5.00 0.9200 50.6 1.000 5.9773e-04
ACC 32768 512 2 4 5.00 0.9200 205.5 0.900 0.0000e+00
ACC 32768 512 2 4 5.00 0.9200 205.5 0.940 0.0000e+00
ACC 32768 512 2 4 5.00 0.9200 205.5 0.970 0.0000e+00
ACC 32768 512 2 4 5.00 0.9200 205.5 1.000 0.0000e+00
ACC 32768 512 2 4 5.00 0.9700 50.6 0.900 0.0000e+00
ACC 32768 512 2 4 5.00 0.9700 50.6 0.940 0.0000e+00
ACC 32768 512 2 4 5.00 0.9700 50.6 0.970 0.0000e+00
ACC 32768 512 2 4 5.00 0.9700 50.6 1.000 0.0000e+00
ACC 32768 512 2 4 5.00 0.9700 205.5 0.900 0.0000e+00
ACC 32768 512 2 4 5.00 0.9700 205.5 0.940 0.0000e+00
ACC 32768 512 2 4 5.00 0.9700 205.5 0.970 0.0000e+00
ACC 32768 512 2 4 5.00 0.9700 205.5 1.000 0.0000e+00
ACC 32768 512 2 4 5.50 0.8500 50.6 0.900 0.0000e+00
ACC 32768 512 2 4 5.50 0.8500 50.6 0.940 0.0000e+00
ACC 32768 512 2 4 5.50 0.8500 50.6 0.970 0.0000e+00
ACC 32768 512 2 4 5.50 0.8500 50.6 1.000 6.3251e-04
ACC 32768 512 2 4 5.50 0.8500 205.5 0.900 0.0000e+00
ACC 32768 512 2 4 5.50 0.8500 205.5 0.940 0.0000e+00
ACC 32768 512 2 4 5.50 0.8500 205.5 0.970 0.0000e+00
ACC 32768 512 2 4 5.50 0.8500 205.5 1.000 0.0000e+00
ACC 32768 512 2 4 5.50 0.9200 50.6 0.900 0.0000e+00
ACC 32768 512 2 4 5.50 0.9200 50.6 0.940 0.0000e+00
ACC 32768 512 2 4 5.50 0.9200 50.6 0.970 6.2073e-04
ACC 32768 512 2 4 5.50 0.9200 50.6 1.000 6.2073e-04
ACC 32768 512 2 4 5.50 0.9200 205.5 0.900 0.0000e+00
ACC 32768 512 2 4 5.50 0.9200 205.5 0.940 0.0000e+00
ACC 32768 512 2 4 5.50 0.9200 205.5 0.970 0.0000e+00
ACC 32768 512 2 4 5.50 0.9200 205.5 1.000 0.0000e+00
ACC 32768 512 2 4 5.50 0.9700 50.6 0.900 0.0000e+00
ACC 32768 512 2 4 5.50 0.9700 50.6 0.940 0.0000e+00
ACC 32768 512 2 4 5.50 0.9700 50.6 0.970 0.0000e+00
ACC 32768 512 2 4 5.50 0.9700 50.6 1.000 0.0000e+00
ACC 32768 512 2 4 5.50 0.9700 205.5 0.900 0.0000e+00
ACC 32768 512 2 4 5.50 0.9700 205.5 0.940 0.0000e+00
ACC 32768 512 2 4 5.50 0.9700 205.5 0.970 0.0000e+00
ACC 32768 512 2 4 5.50 0.9700 205.5 1.000 0.0000e+00
ACC 32768 512 2 4 5.75 0.8500 50.6 0.900 0.0000e+00
ACC 32768 512 2 4 5.75 0.8500 50.6 0.940 0.0000e+00
ACC 32768 512 2 4 5.75 0.8500 50.6 0.970 0.0000e+00
ACC 32768 512 2 4 5.75 0.8500 50.6 1.000 6.4475e-04
ACC 32768 512 2 4 5.75 0.8500 205.5 0.900 0.0000e+00
ACC 32768 512 2 4 5.75 0.8500 205.5 0.940 0.0000e+00
ACC 32768 512 2 4 5.75 0.8500 205.5 0.970 0.0000e+00
ACC 32768 512 2 4 5.75 0.8500 205.5 1.000 0.0000e+00
ACC 32768 512 2 4 5.75 0.9200 50.6 0.900 0.0000e+00
ACC 32768 512 2 4 5.75 0.9200 50.6 0.940 0.0000e+00
ACC 32768 512 2 4 5.75 0.9200 50.6 0.970 6.2972e-04
ACC 32768 512 2 4 5.75 0.9200 50.6 1.000 6.2972e-04
ACC 32768 512 2 4 5.75 0.9200 205.5 0.900 0.0000e+00
ACC 32768 512 2 4 5.75 0.9200 205.5 0.940 0.0000e+00
ACC 32768 512 2 4 5.75 0.9200 205.5 0.970 0.0000e+00
ACC 32768 512 2 4 5.75 0.9200 205.5 1.000 0.0000e+00
ACC 32768 512 2 4 5.75 0.9700 50.6 0.900 0.0000e+00
ACC 32768 512 2 4 5.75 0.9700 50.6 0.940 0.0000e+00
ACC 32768 512 2 4 5.75 0.9700 50.6 0.970 0.0000e+00
ACC 32768 512 2 4 5.75 0.9700 50.6 1.000 0.0000e+00
ACC 32768 512 2 4 5.75 0.9700 205.5 0.900 0.0000e+00
ACC 32768 512 2 4 5.75 0.9700 205.5 0.940 0.0000e+00
ACC 32768 512 2 4 5.75 0.9700 205.5 0.970 0.0000e+00
ACC 32768 512 2 4 5.75 0.9700 205.5 1.000 0.0000e+00
ACC 32768 512 2 4 6.00 0.8500 50.6 0.900 0.0000e+00
ACC 32768 512 2 4 6.00 0.8500 50.6 0.940 0.0000e+00
ACC 32768 512 2 4 6.00 0.8500 50.6 0.970 0.0000e+00
ACC 32768 512 2 4 6.00 0.8500 50.6 1.000 6.5574e-04
ACC 32768 512 2 4 6.00 0.8500 205.5 0.900 0.0000e+00
ACC 32768 512 2 4 6.00 0.8500 205.5 0.940 0.0000e+00
ACC 32768 512 2 4 6.00 0.8500 205.5 0.970 0.0000e+00
ACC 32768 512 2 4 6.00 0.8500 205.5 1.000 0.0000e+00
ACC 32768 512 2 4 6.00 0.9200 50.6 0.900 0.0000e+00
ACC 32768 512 2 4 6.00 0.9200 50.6 0.940 0.0000e+00
ACC 32768 512 2 4 6.00 0.9200 50.6 0.970 6.4103e-04
ACC 32768 512 2 4 6.00 0.9200 50.6 1.000 6.4103e-04
ACC 32768 512 2 4 6.00 0.9200 205.5 0.900 0.0000e+00
ACC 32768 512 2 4 6.00 0.9200 205.5 0.940 0.0000e+00
ACC 32768 512 2 4 6.00 0.9200 205.5 0.970 0.0000e+00
ACC 32768 512 2 4 6.00 0.9200 205.5 1.000 0.0000e+00
ACC 32768 512 2 4 6.00 0.9700 50.6 0.900 0.0000e+00
ACC 32768 512 2 4 6.00 0.9700 50.6 0.940 0.0000e+00
ACC 32768 512 2 4 6.00 0.9700 50.6 0.970 0.0000e+00
ACC 32768 512 2 4 6.00 0.9700 50.6 1.000 0.0000e+00
ACC 32768 512 2 4 6.00 0.9700 205.5 0.900 0.0000e+00
ACC 32768 512 2 4 6.00 0.9700 205.5 0.940 0.0000e+00
ACC 32768 512 2 4 6.00 0.9700 205.5 0.970 0.0000e+00
ACC 32768 512 2 4 6.00 0.9700 205.5 1.000 0.0000e+00
ACC 32768 512 2 4 6.50 0.8500 50.6 0.900 0.0000e+00
ACC 32768 512 2 4 6.50 0.8500 50.6 0.940 0.0000e+00
ACC 32768 512 2 4 6.50 0.8500 50.6 0.970 0.0000e+00
ACC 32768 512 2 4 6.50 0.8500 50.6 1.000 6.7431e-04
ACC 32768 512 2 4 6.50 0.8500 205.5 0.900 0.0000e+00
ACC 32768 512 2 4 6.50 0.8500 205.5 0.940 0.0000e+00
ACC 32768 512 2 4 6.50 0.8500 205.5 0.970 0.0000e+00
ACC 32768 512 2 4 6.50 0.8500 205.5 1.000 0.0000e+00
ACC 32768 512 2 4 6.50 0.9200 50.6 0.900 0.0000e+00
ACC 32768 512 2 4 6.50 0.9200 50.6 0.940 0.0000e+00
ACC 32768 512 2 4 6.50 0.9200 50.6 0.970 6.5574e-04
ACC 32768 512 2 4 6.50 0.9200 50.6 1.000 6.5574e-04
ACC 32768 512 2 4 6.50 0.9200 205.5 0.900 0.0000e+00
ACC 32768 512 2 4 6.50 0.9200 205.5 0.940 0.0000e+00
ACC 32768 512 2 4 6.50 0.9200 205.5 0.970 0.0000e+00
ACC 32768 512 2 4 6.50 0.9200 205.5 1.000 0.0000e+00
ACC 32768 512 2 4 6.50 0.9700 50.6 0.900 0.0000e+00
ACC 32768 512 2 4 6.50 0.9700 50.6 0.940 0.0000e+00
ACC 32768 512 2 4 6.50 0.9700 50.6 0.970 0.0000e+00
ACC 32768 512 2 4 6.50 0.9700 50.6 1.000 0.0000e+00
ACC 32768 512 2 4 6.50 0.9700 205.5 0.900 0.0000e+00
ACC 32768 512 2 4 6.50 0.9700 205.5 0.940 0.0000e+00
ACC 32768 512 2 4 6.50 0.9700 205.5 0.970 0.0000e+00
ACC 32768 512 2 4 6.50 0.9700 205.5 1.000 0.0000e+00
ACC 32768 512 2 8 5.00 0.8500 50.6 0.900 0.0000e+00
ACC 32768 512 2 8 5.00 0.8500 50.6 0.940 0.0000e+00
ACC 32768 512 2 8 5.00 0.8500 50.6 0.970 0.0000e+00
ACC 32768 512 2 8 5.00 0.8500 50.6 1.000 1.2055e-03
ACC 32768 512 2 8 5.00 0.8500 205.5 0.900 0.0000e+00
ACC 32768 512 2 8 5.00 0.8500 205.5 0.940 0.0000e+00
ACC 32768 512 2 8 5.00 0.8500 205.5 0.970 6.4599e-04
ACC 32768 512 2 8 5.00 0.8500 205.5 1.000 6.4599e-04
ACC 32768 512 2 8 5.00 0.9200 50.6 0.900 0.0000e+00
ACC 32768 512 2 8 5.00 0.9200 50.6 0.940 5.9773e-04
ACC 32768 512 2 8 5.00 0.9200 50.6 0.970 5.9773e-04
ACC 32768 512 2 8 5.00 0.9200 50.6 1.000 5.9773e-04
ACC 32768 512 2 8 5.00 0.9200 205.5 0.900 0.0000e+00
ACC 32768 512 2 8 5.00 0.9200 205.5 0.940 0.0000e+00
ACC 32768 512 2 8 5.00 0.9200 205.5 0.970 0.0000e+00
ACC 32768 512 2 8 5.00 0.9200 205.5 1.000 1.2837e-03
ACC 32768 512 2 8 5.00 0.9700 50.6 0.900 0.0000e+00
ACC 32768 512 2 8 5.00 0.9700 50.6 0.940 0.0000e+00
ACC 32768 512 2 8 5.00 0.9700 50.6 0.970 0.0000e+00
ACC 32768 512 2 8 5.00 0.9700 50.6 1.000 6.0790e-04
ACC 32768 512 2 8 5.00 0.9700 205.5 0.900 0.0000e+00
ACC 32768 512 2 8 5.00 0.9700 205.5 0.940 0.0000e+00
ACC 32768 512 2 8 5.00 0.9700 205.5 0.970 1.2829e-03
ACC 32768 512 2 8 5.00 0.9700 205.5 1.000 4.4901e-03
ACC 32768 512 2 8 5.50 0.8500 50.6 0.900 0.0000e+00
ACC 32768 512 2 8 5.50 0.8500 50.6 0.940 0.0000e+00
ACC 32768 512 2 8 5.50 0.8500 50.6 0.970 0.0000e+00
ACC 32768 512 2 8 5.50 0.8500 50.6 1.000 1.2650e-03
ACC 32768 512 2 8 5.50 0.8500 205.5 0.900 0.0000e+00
ACC 32768 512 2 8 5.50 0.8500 205.5 0.940 6.7295e-04
ACC 32768 512 2 8 5.50 0.8500 205.5 0.970 2.0188e-03
ACC 32768 512 2 8 5.50 0.8500 205.5 1.000 2.6918e-03
ACC 32768 512 2 8 5.50 0.9200 50.6 0.900 0.0000e+00
ACC 32768 512 2 8 5.50 0.9200 50.6 0.940 0.0000e+00
ACC 32768 512 2 8 5.50 0.9200 50.6 0.970 6.2073e-04
ACC 32768 512 2 8 5.50 0.9200 50.6 1.000 1.2415e-03
ACC 32768 512 2 8 5.50 0.9200 205.5 0.900 0.0000e+00
ACC 32768 512 2 8 5.50 0.9200 205.5 0.940 0.0000e+00
ACC 32768 512 2 8 5.50 0.9200 205.5 0.970 0.0000e+00
ACC 32768 512 2 8 5.50 0.9200 205.5 1.000 1.9973e-03
ACC 32768 512 2 8 5.50 0.9700 50.6 0.900 0.0000e+00
ACC 32768 512 2 8 5.50 0.9700 50.6 0.940 0.0000e+00
ACC 32768 512 2 8 5.50 0.9700 50.6 0.970 0.0000e+00
ACC 32768 512 2 8 5.50 0.9700 50.6 1.000 6.2383e-04
ACC 32768 512 2 8 5.50 0.9700 205.5 0.900 0.0000e+00
ACC 32768 512 2 8 5.50 0.9700 205.5 0.940 0.0000e+00
ACC 32768 512 2 8 5.50 0.9700 205.5 0.970 6.5963e-04
ACC 32768 512 2 8 5.50 0.9700 205.5 1.000 4.6174e-03
ACC 32768 512 2 8 5.75 0.8500 50.6 0.900 0.0000e+00
ACC 32768 512 2 8 5.75 0.8500 50.6 0.940 0.0000e+00
ACC 32768 512 2 8 5.75 0.8500 50.6 0.970 0.0000e+00
ACC 32768 512 2 8 5.75 0.8500 50.6 1.000 1.2895e-03
ACC 32768 512 2 8 5.75 0.8500 205.5 0.900 0.0000e+00
ACC 32768 512 2 8 5.75 0.8500 205.5 0.940 6.8353e-04
ACC 32768 512 2 8 5.75 0.8500 205.5 0.970 1.3671e-03
ACC 32768 512 2 8 5.75 0.8500 205.5 1.000 2.0506e-03
ACC 32768 512 2 8 5.75 0.9200 50.6 0.900 0.0000e+00
ACC 32768 512 2 8 5.75 0.9200 50.6 0.940 0.0000e+00
ACC 32768 512 2 8 5.75 0.9200 50.6 0.970 6.2972e-04
ACC 32768 512 2 8 5.75 0.9200 50.6 1.000 1.2594e-03
ACC 32768 512 2 8 5.75 0.9200 205.5 0.900 0.0000e+00
ACC 32768 512 2 8 5.75 0.9200 205.5 0.940 0.0000e+00
ACC 32768 512 2 8 5.75 0.9200 205.5 0.970 0.0000e+00
ACC 32768 512 2 8 5.75 0.9200 205.5 1.000 2.0175e-03
ACC 32768 512 2 8 5.75 0.9700 50.6 0.900 0.0000e+00
ACC 32768 512 2 8 5.75 0.9700 50.6 0.940 0.0000e+00
ACC 32768 512 2 8 5.75 0.9700 50.6 0.970 0.0000e+00
ACC 32768 512 2 8 5.75 0.9700 50.6 1.000 1.2602e-03
ACC 32768 512 2 8 5.75 0.9700 205.5 0.900 0.0000e+00
ACC 32768 512 2 8 5.75 0.9700 205.5 0.940 0.0000e+00
ACC 32768 512 2 8 5.75 0.9700 205.5 0.970 0.0000e+00
ACC 32768 512 2 8 5.75 0.9700 205.5 1.000 6.0080e-03
ACC 32768 512 2 8 6.00 0.8500 50.6 0.900 0.0000e+00
ACC 32768 512 2 8 6.00 0.8500 50.6 0.940 0.0000e+00
ACC 32768 512 2 8 6.00 0.8500 50.6 0.970 0.0000e+00
ACC 32768 512 2 8 6.00 0.8500 50.6 1.000 1.3115e-03
ACC 32768 512 2 8 6.00 0.8500 205.5 0.900 0.0000e+00
ACC 32768 512 2 8 6.00 0.8500 205.5 0.940 6.9156e-04
ACC 32768 512 2 8 6.00 0.8500 205.5 0.970 1.3831e-03
ACC 32768 512 2 8 6.00 0.8500 205.5 1.000 2.0747e-03
ACC 32768 512 2 8 6.00 0.9200 50.6 0.900 0.0000e+00
ACC 32768 512 2 8 6.00 0.9200 50.6 0.940 0.0000e+00
ACC 32768 512 2 8 6.00 0.9200 50.6 0.970 6.4103e-04
ACC 32768 512 2 8 6.00 0.9200 50.6 1.000 1.2821e-03
ACC 32768 512 2 8 6.00 0.9200 205.5 0.900 0.0000e+00
ACC 32768 512 2 8 6.00 0.9200 205.5 0.940 0.0000e+00
ACC 32768 512 2 8 6.00 0.9200 205.5 0.970 0.0000e+00
ACC 32768 512 2 8 6.00 0.9200 205.5 1.000 2.0394e-03
ACC 32768 512 2 8 6.00 0.9700 50.6 0.900 0.0000e+00
ACC 32768 512 2 8 6.00 0.9700 50.6 0.940 0.0000e+00
ACC 32768 512 2 8 6.00 0.9700 50.6 0.970 0.0000e+00
ACC 32768 512 2 8 6.00 0.9700 50.6 1.000 6.3654e-04
ACC 32768 512 2 8 6.00 0.9700 205.5 0.900 0.0000e+00
ACC 32768 512 2 8 6.00 0.9700 205.5 0.940 0.0000e+00
ACC 32768 512 2 8 6.00 0.9700 205.5 0.970 0.0000e+00
ACC 32768 512 2 8 6.00 0.9700 205.5 1.000 7.4375e-03
ACC 32768 512 2 8 6.50 0.8500 50.6 0.900 0.0000e+00
ACC 32768 512 2 8 6.50 0.8500 50.6 0.940 0.0000e+00
ACC 32768 512 2 8 6.50 0.8500 50.6 0.970 0.0000e+00
ACC 32768 512 2 8 6.50 0.8500 50.6 1.000 6.7431e-04
ACC 32768 512 2 8 6.50 0.8500 205.5 0.900 0.0000e+00
ACC 32768 512 2 8 6.50 0.8500 205.5 0.940 7.0522e-04
ACC 32768 512 2 8 6.50 0.8500 205.5 0.970 1.4104e-03
ACC 32768 512 2 8 6.50 0.8500 205.5 1.000 2.1157e-03
ACC 32768 512 2 8 6.50 0.9200 50.6 0.900 0.0000e+00
ACC 32768 512 2 8 6.50 0.9200 50.6 0.940 0.0000e+00
ACC 32768 512 2 8 6.50 0.9200 50.6 0.970 6.5574e-04
ACC 32768 512 2 8 6.50 0.9200 50.6 1.000 1.3115e-03
ACC 32768 512 2 8 6.50 0.9200 205.5 0.900 0.0000e+00
ACC 32768 512 2 8 6.50 0.9200 205.5 0.940 0.0000e+00
ACC 32768 512 2 8 6.50 0.9200 205.5 0.970 0.0000e+00
ACC 32768 512 2 8 6.50 0.9200 205.5 1.000 2.0848e-03
ACC 32768 512 2 8 6.50 0.9700 50.6 0.900 0.0000e+00
ACC 32768 512 2 8 6.50 0.9700 50.6 0.940 0.0000e+00
ACC 32768 512 2 8 6.50 0.9700 50.6 0.970 0.0000e+00
ACC 32768 512 2 8 6.50 0.9700 50.6 1.000 6.4935e-04
ACC 32768 512 2 8 6.50 0.9700 205.5 0.900 0.0000e+00
ACC 32768 512 2 8 6.50 0.9700 205.5 0.940 0.0000e+00
ACC 32768 512 2 8 6.50 0.9700 205.5 0.970 0.0000e+00
ACC 32768 512 2 8 6.50 0.9700 205.5 1.000 8.2645e-03
ACC 32768 1024 2 4 5.00 0.8500 100.6 0.900 0.0000e+00
ACC 32768 1024 2 4 5.00 0.8500 100.6 0.940 0.0000e+00
ACC 32768 1024 2 4 5.00 0.8500 100.6 0.970 0.0000e+00
ACC 32768 1024 2 4 5.00 0.8500 100.6 1.000 6.1843e-04
ACC 32768 1024 2 4 5.00 0.8500 410.5 0.900 0.0000e+00
ACC 32768 1024 2 4 5.00 0.8500 410.5 0.940 0.0000e+00
ACC 32768 1024 2 4 5.00 0.8500 410.5 0.970 0.0000e+00
ACC 32768 1024 2 4 5.00 0.8500 410.5 1.000 0.0000e+00
ACC 32768 1024 2 4 5.00 0.9200 100.6 0.900 0.0000e+00
ACC 32768 1024 2 4 5.00 0.9200 100.6 0.940 0.0000e+00
ACC 32768 1024 2 4 5.00 0.9200 100.6 0.970 0.0000e+00
ACC 32768 1024 2 4 5.00 0.9200 100.6 1.000 6.1200e-04
ACC 32768 1024 2 4 5.00 0.9200 410.5 0.900 0.0000e+00
ACC 32768 1024 2 4 5.00 0.9200 410.5 0.940 0.0000e+00
ACC 32768 1024 2 4 5.00 0.9200 410.5 0.970 0.0000e+00
ACC 32768 1024 2 4 5.00 0.9200 410.5 1.000 0.0000e+00
ACC 32768 1024 2 4 5.00 0.9700 100.6 0.900 0.0000e+00
ACC 32768 1024 2 4 5.00 0.9700 100.6 0.940 0.0000e+00
ACC 32768 1024 2 4 5.00 0.9700 100.6 0.970 0.0000e+00
ACC 32768 1024 2 4 5.00 0.9700 100.6 1.000 0.0000e+00
ACC 32768 1024 2 4 5.00 0.9700 410.5 0.900 0.0000e+00
ACC 32768 1024 2 4 5.00 0.9700 410.5 0.940 0.0000e+00
ACC 32768 1024 2 4 5.00 0.9700 410.5 0.970 0.0000e+00
ACC 32768 1024 2 4 5.00 0.9700 410.5 1.000 0.0000e+00
ACC 32768 1024 2 4 5.50 0.8500 100.6 0.900 0.0000e+00
ACC 32768 1024 2 4 5.50 0.8500 100.6 0.940 0.0000e+00
ACC 32768 1024 2 4 5.50 0.8500 100.6 0.970 0.0000e+00
ACC 32768 1024 2 4 5.50 0.8500 100.6 1.000 6.4475e-04
ACC 32768 1024 2 4 5.50 0.8500 410.5 0.900 0.0000e+00
ACC 32768 1024 2 4 5.50 0.8500 410.5 0.940 0.0000e+00
ACC 32768 1024 2 4 5.50 0.8500 410.5 0.970 0.0000e+00
ACC 32768 1024 2 4 5.50 0.8500 410.5 1.000 0.0000e+00
ACC 32768 1024 2 4 5.50 0.9200 100.6 0.900 0.0000e+00
ACC 32768 1024 2 4 5.50 0.9200 100.6 0.940 0.0000e+00
ACC 32768 1024 2 4 5.50 0.9200 100.6 0.970 0.0000e+00
ACC 32768 1024 2 4 5.50 0.9200 100.6 1.000 6.3654e-04
ACC 32768 1024 2 4 5.50 0.9200 410.5 0.900 0.0000e+00
ACC 32768 1024 2 4 5.50 0.9200 410.5 0.940 0.0000e+00
ACC 32768 1024 2 4 5.50 0.9200 410.5 0.970 0.0000e+00
ACC 32768 1024 2 4 5.50 0.9200 410.5 1.000 0.0000e+00
ACC 32768 1024 2 4 5.50 0.9700 100.6 0.900 0.0000e+00
ACC 32768 1024 2 4 5.50 0.9700 100.6 0.940 0.0000e+00
ACC 32768 1024 2 4 5.50 0.9700 100.6 0.970 0.0000e+00
ACC 32768 1024 2 4 5.50 0.9700 100.6 1.000 0.0000e+00
ACC 32768 1024 2 4 5.50 0.9700 410.5 0.900 0.0000e+00
ACC 32768 1024 2 4 5.50 0.9700 410.5 0.940 0.0000e+00
ACC 32768 1024 2 4 5.50 0.9700 410.5 0.970 0.0000e+00
ACC 32768 1024 2 4 5.50 0.9700 410.5 1.000 0.0000e+00
ACC 32768 1024 2 4 5.75 0.8500 100.6 0.900 0.0000e+00
ACC 32768 1024 2 4 5.75 0.8500 100.6 0.940 0.0000e+00
ACC 32768 1024 2 4 5.75 0.8500 100.6 0.970 0.0000e+00
ACC 32768 1024 2 4 5.75 0.8500 100.6 1.000 6.5617e-04
ACC 32768 1024 2 4 5.75 0.8500 410.5 0.900 0.0000e+00
ACC 32768 1024 2 4 5.75 0.8500 410.5 0.940 0.0000e+00
ACC 32768 1024 2 4 5.75 0.8500 410.5 0.970 0.0000e+00
ACC 32768 1024 2 4 5.75 0.8500 410.5 1.000 0.0000e+00
ACC 32768 1024 2 4 5.75 0.9200 100.6 0.900 0.0000e+00
ACC 32768 1024 2 4 5.75 0.9200 100.6 0.940 0.0000e+00
ACC 32768 1024 2 4 5.75 0.9200 100.6 0.970 0.0000e+00
ACC 32768 1024 2 4 5.75 0.9200 100.6 1.000 1.2937e-03
ACC 32768 1024 2 4 5.75 0.9200 410.5 0.900 0.0000e+00
ACC 32768 1024 2 4 5.75 0.9200 410.5 0.940 0.0000e+00
ACC 32768 1024 2 4 5.75 0.9200 410.5 0.970 0.0000e+00
ACC 32768 1024 2 4 5.75 0.9200 410.5 1.000 0.0000e+00
ACC 32768 1024 2 4 5.75 0.9700 100.6 0.900 0.0000e+00
ACC 32768 1024 2 4 5.75 0.9700 100.6 0.940 0.0000e+00
ACC 32768 1024 2 4 5.75 0.9700 100.6 0.970 0.0000e+00
ACC 32768 1024 2 4 5.75 0.9700 100.6 1.000 0.0000e+00
ACC 32768 1024 2 4 5.75 0.9700 410.5 0.900 0.0000e+00
ACC 32768 1024 2 4 5.75 0.9700 410.5 0.940 0.0000e+00
ACC 32768 1024 2 4 5.75 0.9700 410.5 0.970 0.0000e+00
ACC 32768 1024 2 4 5.75 0.9700 410.5 1.000 0.0000e+00
ACC 32768 1024 2 4 6.00 0.8500 100.6 0.900 0.0000e+00
ACC 32768 1024 2 4 6.00 0.8500 100.6 0.940 0.0000e+00
ACC 32768 1024 2 4 6.00 0.8500 100.6 0.970 0.0000e+00
ACC 32768 1024 2 4 6.00 0.8500 100.6 1.000 6.6534e-04
ACC 32768 1024 2 4 6.00 0.8500 410.5 0.900 0.0000e+00
ACC 32768 1024 2 4 6.00 0.8500 410.5 0.940 0.0000e+00
ACC 32768 1024 2 4 6.00 0.8500 410.5 0.970 0.0000e+00
ACC 32768 1024 2 4 6.00 0.8500 410.5 1.000 0.0000e+00
ACC 32768 1024 2 4 6.00 0.9200 100.6 0.900 0.0000e+00
ACC 32768 1024 2 4 6.00 0.9200 100.6 0.940 0.0000e+00
ACC 32768 1024 2 4 6.00 0.9200 100.6 0.970 0.0000e+00
ACC 32768 1024 2 4 6.00 0.9200 100.6 1.000 1.3098e-03
ACC 32768 1024 2 4 6.00 0.9200 410.5 0.900 0.0000e+00
ACC 32768 1024 2 4 6.00 0.9200 410.5 0.940 0.0000e+00
ACC 32768 1024 2 4 6.00 0.9200 410.5 0.970 0.0000e+00
ACC 32768 1024 2 4 6.00 0.9200 410.5 1.000 0.0000e+00
ACC 32768 1024 2 4 6.00 0.9700 100.6 0.900 0.0000e+00
ACC 32768 1024 2 4 6.00 0.9700 100.6 0.940 0.0000e+00
ACC 32768 1024 2 4 6.00 0.9700 100.6 0.970 0.0000e+00
ACC 32768 1024 2 4 6.00 0.9700 100.6 1.000 0.0000e+00
ACC 32768 1024 2 4 6.00 0.9700 410.5 0.900 0.0000e+00
ACC 32768 1024 2 4 6.00 0.9700 410.5 0.940 0.0000e+00
ACC 32768 1024 2 4 6.00 0.9700 410.5 0.970 0.0000e+00
ACC 32768 1024 2 4 6.00 0.9700 410.5 1.000 0.0000e+00
ACC 32768 1024 2 4 6.50 0.8500 100.6 0.900 0.0000e+00
ACC 32768 1024 2 4 6.50 0.8500 100.6 0.940 0.0000e+00
ACC 32768 1024 2 4 6.50 0.8500 100.6 0.970 0.0000e+00
ACC 32768 1024 2 4 6.50 0.8500 100.6 1.000 6.8213e-04
ACC 32768 1024 2 4 6.50 0.8500 410.5 0.900 0.0000e+00
ACC 32768 1024 2 4 6.50 0.8500 410.5 0.940 0.0000e+00
ACC 32768 1024 2 4 6.50 0.8500 410.5 0.970 0.0000e+00
ACC 32768 1024 2 4 6.50 0.8500 410.5 1.000 0.0000e+00
ACC 32768 1024 2 4 6.50 0.9200 100.6 0.900 0.0000e+00
ACC 32768 1024 2 4 6.50 0.9200 100.6 0.940 0.0000e+00
ACC 32768 1024 2 4 6.50 0.9200 100.6 0.970 0.0000e+00
ACC 32768 1024 2 4 6.50 0.9200 100.6 1.000 1.3432e-03
ACC 32768 1024 2 4 6.50 0.9200 410.5 0.900 0.0000e+00
ACC 32768 1024 2 4 6.50 0.9200 410.5 0.940 0.0000e+00
ACC 32768 1024 2 4 6.50 0.9200 410.5 0.970 0.0000e+00
ACC 32768 1024 2 4 6.50 0.9200 410.5 1.000 0.0000e+00
ACC 32768 1024 2 4 6.50 0.9700 100.6 0.900 0.0000e+00
ACC 32768 1024 2 4 6.50 0.9700 100.6 0.940 0.0000e+00
ACC 32768 1024 2 4 6.50 0.9700 100.6 0.970 0.0000e+00
ACC 32768 1024 2 4 6.50 0.9700 100.6 1.000 0.0000e+00
ACC 32768 1024 2 4 6.50 0.9700 410.5 0.900 0.0000e+00
ACC 32768 1024 2 4 6.50 0.9700 410.5 0.940 0.0000e+00
ACC 32768 1024 2 4 6.50 0.9700 410.5 0.970 0.0000e+00
ACC 32768 1024 2 4 6.50 0.9700 410.5 1.000 0.0000e+00
ACC 32768 1024 2 8 5.00 0.8500 100.6 0.900 0.0000e+00
ACC 32768 1024 2 8 5.00 0.8500 100.6 0.940 0.0000e+00
ACC 32768 1024 2 8 5.00 0.8500 100.6 0.970 0.0000e+00
ACC 32768 1024 2 8 5.00 0.8500 100.6 1.000 6.1843e-04
ACC 32768 1024 2 8 5.00 0.8500 410.5 0.900 0.0000e+00
ACC 32768 1024 2 8 5.00 0.8500 410.5 0.940 0.0000e+00
ACC 32768 1024 2 8 5.00 0.8500 410.5 0.970 0.0000e+00
ACC 32768 1024 2 8 5.00 0.8500 410.5 1.000 6.4516e-04
ACC 32768 1024 2 8 5.00 0.9200 100.6 0.900 0.0000e+00
ACC 32768 1024 2 8 5.00 0.9200 100.6 0.940 0.0000e+00
ACC 32768 1024 2 8 5.00 0.9200 100.6 0.970 0.0000e+00
ACC 32768 1024 2 8 5.00 0.9200 100.6 1.000 1.2240e-03
ACC 32768 1024 2 8 5.00 0.9200 410.5 0.900 0.0000e+00
ACC 32768 1024 2 8 5.00 0.9200 410.5 0.940 0.0000e+00
ACC 32768 1024 2 8 5.00 0.9200 410.5 0.970 0.0000e+00
ACC 32768 1024 2 8 5.00 0.9200 410.5 1.000 0.0000e+00
ACC 32768 1024 2 8 5.00 0.9700 100.6 0.900 0.0000e+00
ACC 32768 1024 2 8 5.00 0.9700 100.6 0.940 0.0000e+00
ACC 32768 1024 2 8 5.00 0.9700 100.6 0.970 0.0000e+00
ACC 32768 1024 2 8 5.00 0.9700 100.6 1.000 1.2323e-03
ACC 32768 1024 2 8 5.00 0.9700 410.5 0.900 0.0000e+00
ACC 32768 1024 2 8 5.00 0.9700 410.5 0.940 0.0000e+00
ACC 32768 1024 2 8 5.00 0.9700 410.5 0.970 6.4267e-04
ACC 32768 1024 2 8 5.00 0.9700 410.5 1.000 3.8560e-03
ACC 32768 1024 2 8 5.50 0.8500 100.6 0.900 0.0000e+00
ACC 32768 1024 2 8 5.50 0.8500 100.6 0.940 0.0000e+00
ACC 32768 1024 2 8 5.50 0.8500 100.6 0.970 0.0000e+00
ACC 32768 1024 2 8 5.50 0.8500 100.6 1.000 6.4475e-04
ACC 32768 1024 2 8 5.50 0.8500 410.5 0.900 0.0000e+00
ACC 32768 1024 2 8 5.50 0.8500 410.5 0.940 0.0000e+00
ACC 32768 1024 2 8 5.50 0.8500 410.5 0.970 6.6800e-04
ACC 32768 1024 2 8 5.50 0.8500 410.5 1.000 2.0040e-03
ACC 32768 1024 2 8 5.50 0.9200 100.6 0.900 0.0000e+00
ACC 32768 1024 2 8 5.50 0.9200 100.6 0.940 0.0000e+00
ACC 32768 1024 2 8 5.50 0.9200 100.6 0.970 0.0000e+00
ACC 32768 1024 2 8 5.50 0.9200 100.6 1.000 1.2731e-03
ACC 32768 1024 2 8 5.50 0.9200 410.5 0.900 0.0000e+00
ACC 32768 1024 2 8 5.50 0.9200 410.5 0.940 0.0000e+00
ACC 32768 1024 2 8 5.50 0.9200 410.5 0.970 0.0000e+00
ACC 32768 1024 2 8 5.50 0.9200 410.5 1.000 0.0000e+00
ACC 32768 1024 2 8 5.50 0.9700 100.6 0.900 0.0000e+00
ACC 32768 1024 2 8 5.50 0.9700 100.6 0.940 0.0000e+00
ACC 32768 1024 2 8 5.50 0.9700 100.6 0.970 0.0000e+00
ACC 32768 1024 2 8 5.50 0.9700 100.6 1.000 0.0000e+00
ACC 32768 1024 2 8 5.50 0.9700 410.5 0.900 0.0000e+00
ACC 32768 1024 2 8 5.50 0.9700 410.5 0.940 0.0000e+00
ACC 32768 1024 2 8 5.50 0.9700 410.5 0.970 6.6313e-04
ACC 32768 1024 2 8 5.50 0.9700 410.5 1.000 2.6525e-03
ACC 32768 1024 2 8 5.75 0.8500 100.6 0.900 0.0000e+00
ACC 32768 1024 2 8 5.75 0.8500 100.6 0.940 0.0000e+00
ACC 32768 1024 2 8 5.75 0.8500 100.6 0.970 0.0000e+00
ACC 32768 1024 2 8 5.75 0.8500 100.6 1.000 6.5617e-04
ACC 32768 1024 2 8 5.75 0.8500 410.5 0.900 0.0000e+00
ACC 32768 1024 2 8 5.75 0.8500 410.5 0.940 0.0000e+00
ACC 32768 1024 2 8 5.75 0.8500 410.5 0.970 1.3504e-03
ACC 32768 1024 2 8 5.75 0.8500 410.5 1.000 2.0257e-03
ACC 32768 1024 2 8 5.75 0.9200 100.6 0.900 0.0000e+00
ACC 32768 1024 2 8 5.75 0.9200 100.6 0.940 0.0000e+00
ACC 32768 1024 2 8 5.75 0.9200 100.6 0.970 0.0000e+00
ACC 32768 1024 2 8 5.75 0.9200 100.6 1.000 1.2937e-03
ACC 32768 1024 2 8 5.75 0.9200 410.5 0.900 0.0000e+00
ACC 32768 1024 2 8 5.75 0.9200 410.5 0.940 0.0000e+00
ACC 32768 1024 2 8 5.75 0.9200 410.5 0.970 0.0000e+00
ACC 32768 1024 2 8 5.75 0.9200 410.5 1.000 0.0000e+00
ACC 32768 1024 2 8 5.75 0.9700 100.6 0.900 0.0000e+00
ACC 32768 1024 2 8 5.75 0.9700 100.6 0.940 0.0000e+00
ACC 32768 1024 2 8 5.75 0.9700 100.6 0.970 0.0000e+00
ACC 32768 1024 2 8 5.75 0.9700 100.6 1.000 0.0000e+00
ACC 32768 1024 2 8 5.75 0.9700 410.5 0.900 0.0000e+00
ACC 32768 1024 2 8 5.75 0.9700 410.5 0.940 0.0000e+00
ACC 32768 1024 2 8 5.75 0.9700 410.5 0.970 6.6800e-04
ACC 32768 1024 2 8 5.75 0.9700 410.5 1.000 3.3400e-03
ACC 32768 1024 2 8 6.00 0.8500 100.6 0.900 0.0000e+00
ACC 32768 1024 2 8 6.00 0.8500 100.6 0.940 0.0000e+00
ACC 32768 1024 2 8 6.00 0.8500 100.6 0.970 0.0000e+00
ACC 32768 1024 2 8 6.00 0.8500 100.6 1.000 6.6534e-04
ACC 32768 1024 2 8 6.00 0.8500 410.5 0.900 0.0000e+00
ACC 32768 1024 2 8 6.00 0.8500 410.5 0.940 0.0000e+00
ACC 32768 1024 2 8 6.00 0.8500 410.5 0.970 1.3615e-03
ACC 32768 1024 2 8 6.00 0.8500 410.5 1.000 2.0422e-03
ACC 32768 1024 2 8 6.00 0.9200 100.6 0.900 0.0000e+00
ACC 32768 1024 2 8 6.00 0.9200 100.6 0.940 0.0000e+00
ACC 32768 1024 2 8 6.00 0.9200 100.6 0.970 0.0000e+00
ACC 32768 1024 2 8 6.00 0.9200 100.6 1.000 1.9646e-03
ACC 32768 1024 2 8 6.00 0.9200 410.5 0.900 0.0000e+00
ACC 32768 1024 2 8 6.00 0.9200 410.5 0.940 0.0000e+00
ACC 32768 1024 2 8 6.00 0.9200 410.5 0.970 0.0000e+00
ACC 32768 1024 2 8 6.00 0.9200 410.5 1.000 6.8074e-04
ACC 32768 1024 2 8 6.00 0.9700 100.6 0.900 0.0000e+00
ACC 32768 1024 2 8 6.00 0.9700 100.6 0.940 0.0000e+00
ACC 32768 1024 2 8 6.00 0.9700 100.6 0.970 0.0000e+00
ACC 32768 1024 2 8 6.00 0.9700 100.6 1.000 0.0000e+00
ACC 32768 1024 2 8 6.00 0.9700 410.5 0.900 0.0000e+00
ACC 32768 1024 2 8 6.00 0.9700 410.5 0.940 0.0000e+00
ACC 32768 1024 2 8 6.00 0.9700 410.5 0.970 0.0000e+00
ACC 32768 1024 2 8 6.00 0.9700 410.5 1.000 2.6936e-03
ACC 32768 1024 2 8 6.50 0.8500 100.6 0.900 0.0000e+00
ACC 32768 1024 2 8 6.50 0.8500 100.6 0.940 0.0000e+00
ACC 32768 1024 2 8 6.50 0.8500 100.6 0.970 0.0000e+00
ACC 32768 1024 2 8 6.50 0.8500 100.6 1.000 6.8213e-04
ACC 32768 1024 2 8 6.50 0.8500 410.5 0.900 0.0000e+00
ACC 32768 1024 2 8 6.50 0.8500 410.5 0.940 0.0000e+00
ACC 32768 1024 2 8 6.50 0.8500 410.5 0.970 6.9109e-04
ACC 32768 1024 2 8 6.50 0.8500 410.5 1.000 1.3822e-03
ACC 32768 1024 2 8 6.50 0.9200 100.6 0.900 0.0000e+00
ACC 32768 1024 2 8 6.50 0.9200 100.6 0.940 0.0000e+00
ACC 32768 1024 2 8 6.50 0.9200 100.6 0.970 0.0000e+00
ACC 32768 1024 2 8 6.50 0.9200 100.6 1.000 2.0148e-03
ACC 32768 1024 2 8 6.50 0.9200 410.5 0.900 0.0000e+00
ACC 32768 1024 2 8 6.50 0.9200 410.5 0.940 0.0000e+00
ACC 32768 1024 2 8 6.50 0.9200 410.5 0.970 0.0000e+00
ACC 32768 1024 2 8 6.50 0.9200 410.5 1.000 6.9061e-04
ACC 32768 1024 2 8 6.50 0.9700 100.6 0.900 0.0000e+00
ACC 32768 1024 2 8 6.50 0.9700 100.6 0.940 0.0000e+00
ACC 32768 1024 2 8 6.50 0.9700 100.6 0.970 0.0000e+00
ACC 32768 1024 2 8 6.50 0.9700 100.6 1.000 0.0000e+00
ACC 32768 1024 2 8 6.50 0.9700 410.5 0.900 0.0000e+00
ACC 32768 1024 2 8 6.50 0.9700 410.5 0.940 0.0000e+00
ACC 32768 1024 2 8 6.50 0.9700 410.5 0.970 0.0000e+00
ACC 32768 1024 2 8 6.50 0.9700 410.5 1.000 3.4130e-03
ACC 32768 2048 2 4 5.00 0.8500 208.6 0.900 0.0000e+00
ACC 32768 2048 2 4 5.00 0.8500 208.6 0.940 0.0000e+00
ACC 32768 2048 2 4 5.00 0.8500 208.6 0.970 0.0000e+00
ACC 32768 2048 2 4 5.00 0.8500 208.6 1.000 0.0000e+00
ACC 32768 2048 2 4 5.00 0.8500 820.5 0.900 0.0000e+00
ACC 32768 2048 2 4 5.00 0.8500 820.5 0.940 0.0000e+00
ACC 32768 2048 2 4 5.00 0.8500 820.5 0.970 0.0000e+00
ACC 32768 2048 2 4 5.00 0.8500 820.5 1.000 0.0000e+00
ACC 32768 2048 2 4 5.00 0.9200 208.6 0.900 0.0000e+00
ACC 32768 2048 2 4 5.00 0.9200 208.6 0.940 0.0000e+00
ACC 32768 2048 2 4 5.00 0.9200 208.6 0.970 0.0000e+00
ACC 32768 2048 2 4 5.00 0.9200 208.6 1.000 6.1200e-04
ACC 32768 2048 2 4 5.00 0.9200 820.5 0.900 0.0000e+00
ACC 32768 2048 2 4 5.00 0.9200 820.5 0.940 0.0000e+00
ACC 32768 2048 2 4 5.00 0.9200 820.5 0.970 0.0000e+00
ACC 32768 2048 2 4 5.00 0.9200 820.5 1.000 0.0000e+00
ACC 32768 2048 2 4 5.00 0.9700 208.6 0.900 0.0000e+00
ACC 32768 2048 2 4 5.00 0.9700 208.6 0.940 0.0000e+00
ACC 32768 2048 2 4 5.00 0.9700 208.6 0.970 0.0000e+00
ACC 32768 2048 2 4 5.00 0.9700 208.6 1.000 6.2383e-04
ACC 32768 2048 2 4 5.00 0.9700 820.5 0.900 0.0000e+00
ACC 32768 2048 2 4 5.00 0.9700 820.5 0.940 0.0000e+00
ACC 32768 2048 2 4 5.00 0.9700 820.5 0.970 0.0000e+00
ACC 32768 2048 2 4 5.00 0.9700 820.5 1.000 0.0000e+00
ACC 32768 2048 2 4 5.50 0.8500 208.6 0.900 0.0000e+00
ACC 32768 2048 2 4 5.50 0.8500 208.6 0.940 0.0000e+00
ACC 32768 2048 2 4 5.50 0.8500 208.6 0.970 0.0000e+00
ACC 32768 2048 2 4 5.50 0.8500 208.6 1.000 0.0000e+00
ACC 32768 2048 2 4 5.50 0.8500 820.5 0.900 0.0000e+00
ACC 32768 2048 2 4 5.50 0.8500 820.5 0.940 0.0000e+00
ACC 32768 2048 2 4 5.50 0.8500 820.5 0.970 0.0000e+00
ACC 32768 2048 2 4 5.50 0.8500 820.5 1.000 0.0000e+00
ACC 32768 2048 2 4 5.50 0.9200 208.6 0.900 0.0000e+00
ACC 32768 2048 2 4 5.50 0.9200 208.6 0.940 0.0000e+00
ACC 32768 2048 2 4 5.50 0.9200 208.6 0.970 0.0000e+00
ACC 32768 2048 2 4 5.50 0.9200 208.6 1.000 0.0000e+00
ACC 32768 2048 2 4 5.50 0.9200 820.5 0.900 0.0000e+00
ACC 32768 2048 2 4 5.50 0.9200 820.5 0.940 0.0000e+00
ACC 32768 2048 2 4 5.50 0.9200 820.5 0.970 0.0000e+00
ACC 32768 2048 2 4 5.50 0.9200 820.5 1.000 0.0000e+00
ACC 32768 2048 2 4 5.50 0.9700 208.6 0.900 0.0000e+00
ACC 32768 2048 2 4 5.50 0.9700 208.6 0.940 0.0000e+00
ACC 32768 2048 2 4 5.50 0.9700 208.6 0.970 0.0000e+00
ACC 32768 2048 2 4 5.50 0.9700 208.6 1.000 6.4144e-04
ACC 32768 2048 2 4 5.50 0.9700 820.5 0.900 0.0000e+00
ACC 32768 2048 2 4 5.50 0.9700 820.5 0.940 0.0000e+00
ACC 32768 2048 2 4 5.50 0.9700 820.5 0.970 0.0000e+00
ACC 32768 2048 2 4 5.50 0.9700 820.5 1.000 0.0000e+00
ACC 32768 2048 2 4 5.75 0.8500 208.6 0.900 0.0000e+00
ACC 32768 2048 2 4 5.75 0.8500 208.6 0.940 0.0000e+00
ACC 32768 2048 2 4 5.75 0.8500 208.6 0.970 0.0000e+00
ACC 32768 2048 2 4 5.75 0.8500 208.6 1.000 0.0000e+00
ACC 32768 2048 2 4 5.75 0.8500 820.5 0.900 0.0000e+00
ACC 32768 2048 2 4 5.75 0.8500 820.5 0.940 0.0000e+00
ACC 32768 2048 2 4 5.75 0.8500 820.5 0.970 0.0000e+00
ACC 32768 2048 2 4 5.75 0.8500 820.5 1.000 0.0000e+00
ACC 32768 2048 2 4 5.75 0.9200 208.6 0.900 0.0000e+00
ACC 32768 2048 2 4 5.75 0.9200 208.6 0.940 0.0000e+00
ACC 32768 2048 2 4 5.75 0.9200 208.6 0.970 0.0000e+00
ACC 32768 2048 2 4 5.75 0.9200 208.6 1.000 0.0000e+00
ACC 32768 2048 2 4 5.75 0.9200 820.5 0.900 0.0000e+00
ACC 32768 2048 2 4 5.75 0.9200 820.5 0.940 0.0000e+00
ACC 32768 2048 2 4 5.75 0.9200 820.5 0.970 0.0000e+00
ACC 32768 2048 2 4 5.75 0.9200 820.5 1.000 0.0000e+00
ACC 32768 2048 2 4 5.75 0.9700 208.6 0.900 0.0000e+00
ACC 32768 2048 2 4 5.75 0.9700 208.6 0.940 0.0000e+00
ACC 32768 2048 2 4 5.75 0.9700 208.6 0.970 0.0000e+00
ACC 32768 2048 2 4 5.75 0.9700 208.6 1.000 6.4683e-04
ACC 32768 2048 2 4 5.75 0.9700 820.5 0.900 0.0000e+00
ACC 32768 2048 2 4 5.75 0.9700 820.5 0.940 0.0000e+00
ACC 32768 2048 2 4 5.75 0.9700 820.5 0.970 0.0000e+00
ACC 32768 2048 2 4 5.75 0.9700 820.5 1.000 0.0000e+00
ACC 32768 2048 2 4 6.00 0.8500 208.6 0.900 0.0000e+00
ACC 32768 2048 2 4 6.00 0.8500 208.6 0.940 0.0000e+00
ACC 32768 2048 2 4 6.00 0.8500 208.6 0.970 0.0000e+00
ACC 32768 2048 2 4 6.00 0.8500 208.6 1.000 0.0000e+00
ACC 32768 2048 2 4 6.00 0.8500 820.5 0.900 0.0000e+00
ACC 32768 2048 2 4 6.00 0.8500 820.5 0.940 0.0000e+00
ACC 32768 2048 2 4 6.00 0.8500 820.5 0.970 0.0000e+00
ACC 32768 2048 2 4 6.00 0.8500 820.5 1.000 0.0000e+00
ACC 32768 2048 2 4 6.00 0.9200 208.6 0.900 0.0000e+00
ACC 32768 2048 2 4 6.00 0.9200 208.6 0.940 0.0000e+00
ACC 32768 2048 2 4 6.00 0.9200 208.6 0.970 0.0000e+00
ACC 32768 2048 2 4 6.00 0.9200 208.6 1.000 0.0000e+00
ACC 32768 2048 2 4 6.00 0.9200 820.5 0.900 0.0000e+00
ACC 32768 2048 2 4 6.00 0.9200 820.5 0.940 0.0000e+00
ACC 32768 2048 2 4 6.00 0.9200 820.5 0.970 0.0000e+00
ACC 32768 2048 2 4 6.00 0.9200 820.5 1.000 0.0000e+00
ACC 32768 2048 2 4 6.00 0.9700 208.6 0.900 0.0000e+00
ACC 32768 2048 2 4 6.00 0.9700 208.6 0.940 0.0000e+00
ACC 32768 2048 2 4 6.00 0.9700 208.6 0.970 0.0000e+00
ACC 32768 2048 2 4 6.00 0.9700 208.6 1.000 6.5402e-04
ACC 32768 2048 2 4 6.00 0.9700 820.5 0.900 0.0000e+00
ACC 32768 2048 2 4 6.00 0.9700 820.5 0.940 0.0000e+00
ACC 32768 2048 2 4 6.00 0.9700 820.5 0.970 0.0000e+00
ACC 32768 2048 2 4 6.00 0.9700 820.5 1.000 0.0000e+00
ACC 32768 2048 2 4 6.50 0.8500 208.6 0.900 0.0000e+00
ACC 32768 2048 2 4 6.50 0.8500 208.6 0.940 0.0000e+00
ACC 32768 2048 2 4 6.50 0.8500 208.6 0.970 0.0000e+00
ACC 32768 2048 2 4 6.50 0.8500 208.6 1.000 0.0000e+00
ACC 32768 2048 2 4 6.50 0.8500 820.5 0.900 0.0000e+00
ACC 32768 2048 2 4 6.50 0.8500 820.5 0.940 0.0000e+00
ACC 32768 2048 2 4 6.50 0.8500 820.5 0.970 0.0000e+00
ACC 32768 2048 2 4 6.50 0.8500 820.5 1.000 0.0000e+00
ACC 32768 2048 2 4 6.50 0.9200 208.6 0.900 0.0000e+00
ACC 32768 2048 2 4 6.50 0.9200 208.6 0.940 0.0000e+00
ACC 32768 2048 2 4 6.50 0.9200 208.6 0.970 0.0000e+00
ACC 32768 2048 2 4 6.50 0.9200 208.6 1.000 0.0000e+00
ACC 32768 2048 2 4 6.50 0.9200 820.5 0.900 0.0000e+00
ACC 32768 2048 2 4 6.50 0.9200 820.5 0.940 0.0000e+00
ACC 32768 2048 2 4 6.50 0.9200 820.5 0.970 0.0000e+00
ACC 32768 2048 2 4 6.50 0.9200 820.5 1.000 0.0000e+00
ACC 32768 2048 2 4 6.50 0.9700 208.6 0.900 0.0000e+00
ACC 32768 2048 2 4 6.50 0.9700 208.6 0.940 0.0000e+00
ACC 32768 2048 2 4 6.50 0.9700 208.6 0.970 0.0000e+00
ACC 32768 2048 2 4 6.50 0.9700 208.6 1.000 0.0000e+00
ACC 32768 2048 2 4 6.50 0.9700 820.5 0.900 0.0000e+00
ACC 32768 2048 2 4 6.50 0.9700 820.5 0.940 0.0000e+00
ACC 32768 2048 2 4 6.50 0.9700 820.5 0.970 0.0000e+00
ACC 32768 2048 2 4 6.50 0.9700 820.5 1.000 0.0000e+00
ACC 32768 2048 2 8 5.00 0.8500 208.6 0.900 0.0000e+00
ACC 32768 2048 2 8 5.00 0.8500 208.6 0.940 0.0000e+00
ACC 32768 2048 2 8 5.00 0.8500 208.6 0.970 0.0000e+00
ACC 32768 2048 2 8 5.00 0.8500 208.6 1.000 0.0000e+00
ACC 32768 2048 2 8 5.00 0.8500 820.5 0.900 0.0000e+00
ACC 32768 2048 2 8 5.00 0.8500 820.5 0.940 0.0000e+00
ACC 32768 2048 2 8 5.00 0.8500 820.5 0.970 0.0000e+00
ACC 32768 2048 2 8 5.00 0.8500 820.5 1.000 0.0000e+00
ACC 32768 2048 2 8 5.00 0.9200 208.6 0.900 0.0000e+00
ACC 32768 2048 2 8 5.00 0.9200 208.6 0.940 0.0000e+00
ACC 32768 2048 2 8 5.00 0.9200 208.6 0.970 0.0000e+00
ACC 32768 2048 2 8 5.00 0.9200 208.6 1.000 6.1200e-04
ACC 32768 2048 2 8 5.00 0.9200 820.5 0.900 0.0000e+00
ACC 32768 2048 2 8 5.00 0.9200 820.5 0.940 0.0000e+00
ACC 32768 2048 2 8 5.00 0.9200 820.5 0.970 0.0000e+00
ACC 32768 2048 2 8 5.00 0.9200 820.5 1.000 1.2821e-03
ACC 32768 2048 2 8 5.00 0.9700 208.6 0.900 0.0000e+00
ACC 32768 2048 2 8 5.00 0.9700 208.6 0.940 0.0000e+00
ACC 32768 2048 2 8 5.00 0.9700 208.6 0.970 0.0000e+00
ACC 32768 2048 2 8 5.00 0.9700 208.6 1.000 1.2477e-03
ACC 32768 2048 2 8 5.00 0.9700 820.5 0.900 0.0000e+00
ACC 32768 2048 2 8 5.00 0.9700 820.5 0.940 0.0000e+00
ACC 32768 2048 2 8 5.00 0.9700 820.5 0.970 0.0000e+00
ACC 32768 2048 2 8 5.00 0.9700 820.5 1.000 1.9255e-03
ACC 32768 2048 2 8 5.50 0.8500 208.6 0.900 0.0000e+00
ACC 32768 2048 2 8 5.50 0.8500 208.6 0.940 0.0000e+00
ACC 32768 2048 2 8 5.50 0.8500 208.6 0.970 0.0000e+00
ACC 32768 2048 2 8 5.50 0.8500 208.6 1.000 6.4809e-04
ACC 32768 2048 2 8 5.50 0.8500 820.5 0.900 0.0000e+00
ACC 32768 2048 2 8 5.50 0.8500 820.5 0.940 0.0000e+00
ACC 32768 2048 2 8 5.50 0.8500 820.5 0.970 0.0000e+00
ACC 32768 2048 2 8 5.50 0.8500 820.5 1.000 1.3423e-03
ACC 32768 2048 2 8 5.50 0.9200 208.6 0.900 0.0000e+00
ACC 32768 2048 2 8 5.50 0.9200 208.6 0.940 0.0000e+00
ACC 32768 2048 2 8 5.50 0.9200 208.6 0.970 0.0000e+00
ACC 32768 2048 2 8 5.50 0.9200 208.6 1.000 0.0000e+00
ACC 32768 2048 2 8 5.50 0.9200 820.5 0.900 0.0000e+00
ACC 32768 2048 2 8 5.50 0.9200 820.5 0.940 0.0000e+00
ACC 32768 2048 2 8 5.50 0.9200 820.5 0.970 6.7069e-04
ACC 32768 2048 2 8 5.50 0.9200 820.5 1.000 1.3414e-03
ACC 32768 2048 2 8 5.50 0.9700 208.6 0.900 0.0000e+00
ACC 32768 2048 2 8 5.50 0.9700 208.6 0.940 0.0000e+00
ACC 32768 2048 2 8 5.50 0.9700 208.6 0.970 0.0000e+00
ACC 32768 2048 2 8 5.50 0.9700 208.6 1.000 1.2829e-03
ACC 32768 2048 2 8 5.50 0.9700 820.5 0.900 0.0000e+00
ACC 32768 2048 2 8 5.50 0.9700 820.5 0.940 0.0000e+00
ACC 32768 2048 2 8 5.50 0.9700 820.5 0.970 0.0000e+00
ACC 32768 2048 2 8 5.50 0.9700 820.5 1.000 3.3445e-03
ACC 32768 2048 2 8 5.75 0.8500 208.6 0.900 0.0000e+00
ACC 32768 2048 2 8 5.75 0.8500 208.6 0.940 0.0000e+00
ACC 32768 2048 2 8 5.75 0.8500 208.6 0.970 0.0000e+00
ACC 32768 2048 2 8 5.75 0.8500 208.6 1.000 6.5488e-04
ACC 32768 2048 2 8 5.75 0.8500 820.5 0.900 0.0000e+00
ACC 32768 2048 2 8 5.75 0.8500 820.5 0.940 0.0000e+00
ACC 32768 2048 2 8 5.75 0.8500 820.5 0.970 0.0000e+00
ACC 32768 2048 2 8 5.75 0.8500 820.5 1.000 2.0325e-03
ACC 32768 2048 2 8 5.75 0.9200 208.6 0.900 0.0000e+00
ACC 32768 2048 2 8 5.75 0.9200 208.6 0.940 0.0000e+00
ACC 32768 2048 2 8 5.75 0.9200 208.6 0.970 0.0000e+00
ACC 32768 2048 2 8 5.75 0.9200 208.6 1.000 0.0000e+00
ACC 32768 2048 2 8 5.75 0.9200 820.5 0.900 0.0000e+00
ACC 32768 2048 2 8 5.75 0.9200 820.5 0.940 0.0000e+00
ACC 32768 2048 2 8 5.75 0.9200 820.5 0.970 6.7797e-04
ACC 32768 2048 2 8 5.75 0.9200 820.5 1.000 1.3559e-03
ACC 32768 2048 2 8 5.75 0.9700 208.6 0.900 0.0000e+00
ACC 32768 2048 2 8 5.75 0.9700 208.6 0.940 0.0000e+00
ACC 32768 2048 2 8 5.75 0.9700 208.6 0.970 0.0000e+00
ACC 32768 2048 2 8 5.75 0.9700 208.6 1.000 1.2937e-03
ACC 32768 2048 2 8 5.75 0.9700 820.5 0.900 0.0000e+00
ACC 32768 2048 2 8 5.75 0.9700 820.5 0.940 0.0000e+00
ACC 32768 2048 2 8 5.75 0.9700 820.5 0.970 0.0000e+00
ACC 32768 2048 2 8 5.75 0.9700 820.5 1.000 4.7202e-03
ACC 32768 2048 2 8 6.00 0.8500 208.6 0.900 0.0000e+00
ACC 32768 2048 2 8 6.00 0.8500 208.6 0.940 0.0000e+00
ACC 32768 2048 2 8 6.00 0.8500 208.6 0.970 0.0000e+00
ACC 32768 2048 2 8 6.00 0.8500 208.6 1.000 0.0000e+00
ACC 32768 2048 2 8 6.00 0.8500 820.5 0.900 0.0000e+00
ACC 32768 2048 2 8 6.00 0.8500 820.5 0.940 0.0000e+00
ACC 32768 2048 2 8 6.00 0.8500 820.5 0.970 0.0000e+00
ACC 32768 2048 2 8 6.00 0.8500 820.5 1.000 2.7379e-03
ACC 32768 2048 2 8 6.00 0.9200 208.6 0.900 0.0000e+00
ACC 32768 2048 2 8 6.00 0.9200 208.6 0.940 0.0000e+00
ACC 32768 2048 2 8 6.00 0.9200 208.6 0.970 0.0000e+00
ACC 32768 2048 2 8 6.00 0.9200 208.6 1.000 0.0000e+00
ACC 32768 2048 2 8 6.00 0.9200 820.5 0.900 0.0000e+00
ACC 32768 2048 2 8 6.00 0.9200 820.5 0.940 0.0000e+00
ACC 32768 2048 2 8 6.00 0.9200 820.5 0.970 0.0000e+00
ACC 32768 2048 2 8 6.00 0.9200 820.5 1.000 6.8446e-04
ACC 32768 2048 2 8 6.00 0.9700 208.6 0.900 0.0000e+00
ACC 32768 2048 2 8 6.00 0.9700 208.6 0.940 0.0000e+00
ACC 32768 2048 2 8 6.00 0.9700 208.6 0.970 0.0000e+00
ACC 32768 2048 2 8 6.00 0.9700 208.6 1.000 1.3080e-03
ACC 32768 2048 2 8 6.00 0.9700 820.5 0.900 0.0000e+00
ACC 32768 2048 2 8 6.00 0.9700 820.5 0.940 0.0000e+00
ACC 32768 2048 2 8 6.00 0.9700 820.5 0.970 0.0000e+00
ACC 32768 2048 2 8 6.00 0.9700 820.5 1.000 4.0650e-03
ACC 32768 2048 2 8 6.50 0.8500 208.6 0.900 0.0000e+00
ACC 32768 2048 2 8 6.50 0.8500 208.6 0.940 0.0000e+00
ACC 32768 2048 2 8 6.50 0.8500 208.6 0.970 0.0000e+00
ACC 32768 2048 2 8 6.50 0.8500 208.6 1.000 0.0000e+00
ACC 32768 2048 2 8 6.50 0.8500 820.5 0.900 0.0000e+00
ACC 32768 2048 2 8 6.50 0.8500 820.5 0.940 0.0000e+00
ACC 32768 2048 2 8 6.50 0.8500 820.5 0.970 0.0000e+00
ACC 32768 2048 2 8 6.50 0.8500 820.5 1.000 2.0804e-03
ACC 32768 2048 2 8 6.50 0.9200 208.6 0.900 0.0000e+00
ACC 32768 2048 2 8 6.50 0.9200 208.6 0.940 0.0000e+00
ACC 32768 2048 2 8 6.50 0.9200 208.6 0.970 0.0000e+00
ACC 32768 2048 2 8 6.50 0.9200 208.6 1.000 6.7431e-04
ACC 32768 2048 2 8 6.50 0.9200 820.5 0.900 0.0000e+00
ACC 32768 2048 2 8 6.50 0.9200 820.5 0.940 0.0000e+00
ACC 32768 2048 2 8 6.50 0.9200 820.5 0.970 0.0000e+00
ACC 32768 2048 2 8 6.50 0.9200 820.5 1.000 6.9493e-04
ACC 32768 2048 2 8 6.50 0.9700 208.6 0.900 0.0000e+00
ACC 32768 2048 2 8 6.50 0.9700 208.6 0.940 0.0000e+00
ACC 32768 2048 2 8 6.50 0.9700 208.6 0.970 0.0000e+00
ACC 32768 2048 2 8 6.50 0.9700 208.6 1.000 6.6578e-04
ACC 32768 2048 2 8 6.50 0.9700 820.5 0.900 0.0000e+00
ACC 32768 2048 2 8 6.50 0.9700 820.5 0.940 0.0000e+00
ACC 32768 2048 2 8 6.50 0.9700 820.5 0.970 0.0000e+00
ACC 32768 2048 2 8 6.50 0.9700 820.5 1.000 4.1209e-03
ACC 32768 4096 2 4 5.00 0.8500 416.6 0.900 0.0000e+00
ACC 32768 4096 2 4 5.00 0.8500 416.6 0.940 0.0000e+00
ACC 32768 4096 2 4 5.00 0.8500 416.6 0.970 0.0000e+00
ACC 32768 4096 2 4 5.00 0.8500 416.6 1.000 0.0000e+00
ACC 32768 4096 2 4 5.00 0.8500 1640.5 0.900 0.0000e+00
ACC 32768 4096 2 4 5.00 0.8500 1640.5 0.940 0.0000e+00
ACC 32768 4096 2 4 5.00 0.8500 1640.5 0.970 0.0000e+00
ACC 32768 4096 2 4 5.00 0.8500 1640.5 1.000 0.0000e+00
ACC 32768 4096 2 4 5.00 0.9200 416.6 0.900 0.0000e+00
ACC 32768 4096 2 4 5.00 0.9200 416.6 0.940 0.0000e+00
ACC 32768 4096 2 4 5.00 0.9200 416.6 0.970 0.0000e+00
ACC 32768 4096 2 4 5.00 0.9200 416.6 1.000 0.0000e+00
ACC 32768 4096 2 4 5.00 0.9200 1640.5 0.900 0.0000e+00
ACC 32768 4096 2 4 5.00 0.9200 1640.5 0.940 0.0000e+00
ACC 32768 4096 2 4 5.00 0.9200 1640.5 0.970 0.0000e+00
ACC 32768 4096 2 4 5.00 0.9200 1640.5 1.000 0.0000e+00
ACC 32768 4096 2 4 5.00 0.9700 416.6 0.900 0.0000e+00
ACC 32768 4096 2 4 5.00 0.9700 416.6 0.940 0.0000e+00
ACC 32768 4096 2 4 5.00 0.9700 416.6 0.970 0.0000e+00
ACC 32768 4096 2 4 5.00 0.9700 416.6 1.000 6.1576e-04
ACC 32768 4096 2 4 5.00 0.9700 1640.5 0.900 0.0000e+00
ACC 32768 4096 2 4 5.00 0.9700 1640.5 0.940 0.0000e+00
ACC 32768 4096 2 4 5.00 0.9700 1640.5 0.970 0.0000e+00
ACC 32768 4096 2 4 5.00 0.9700 1640.5 1.000 0.0000e+00
ACC 32768 4096 2 4 5.50 0.8500 416.6 0.900 0.0000e+00
ACC 32768 4096 2 4 5.50 0.8500 416.6 0.940 0.0000e+00
ACC 32768 4096 2 4 5.50 0.8500 416.6 0.970 0.0000e+00
ACC 32768 4096 2 4 5.50 0.8500 416.6 1.000 0.0000e+00
ACC 32768 4096 2 4 5.50 0.8500 1640.5 0.900 0.0000e+00
ACC 32768 4096 2 4 5.50 0.8500 1640.5 0.940 0.0000e+00
ACC 32768 4096 2 4 5.50 0.8500 1640.5 0.970 0.0000e+00
ACC 32768 4096 2 4 5.50 0.8500 1640.5 1.000 0.0000e+00
ACC 32768 4096 2 4 5.50 0.9200 416.6 0.900 0.0000e+00
ACC 32768 4096 2 4 5.50 0.9200 416.6 0.940 0.0000e+00
ACC 32768 4096 2 4 5.50 0.9200 416.6 0.970 0.0000e+00
ACC 32768 4096 2 4 5.50 0.9200 416.6 1.000 0.0000e+00
ACC 32768 4096 2 4 5.50 0.9200 1640.5 0.900 0.0000e+00
ACC 32768 4096 2 4 5.50 0.9200 1640.5 0.940 0.0000e+00
ACC 32768 4096 2 4 5.50 0.9200 1640.5 0.970 0.0000e+00
ACC 32768 4096 2 4 5.50 0.9200 1640.5 1.000 0.0000e+00
ACC 32768 4096 2 4 5.50 0.9700 416.6 0.900 0.0000e+00
ACC 32768 4096 2 4 5.50 0.9700 416.6 0.940 0.0000e+00
ACC 32768 4096 2 4 5.50 0.9700 416.6 0.970 0.0000e+00
ACC 32768 4096 2 4 5.50 0.9700 416.6 1.000 6.4185e-04
ACC 32768 4096 2 4 5.50 0.9700 1640.5 0.900 0.0000e+00
ACC 32768 4096 2 4 5.50 0.9700 1640.5 0.940 0.0000e+00
ACC 32768 4096 2 4 5.50 0.9700 1640.5 0.970 0.0000e+00
ACC 32768 4096 2 4 5.50 0.9700 1640.5 1.000 0.0000e+00
ACC 32768 4096 2 4 5.75 0.8500 416.6 0.900 0.0000e+00
ACC 32768 4096 2 4 5.75 0.8500 416.6 0.940 0.0000e+00
ACC 32768 4096 2 4 5.75 0.8500 416.6 0.970 0.0000e+00
ACC 32768 4096 2 4 5.75 0.8500 416.6 1.000 0.0000e+00
ACC 32768 4096 2 4 5.75 0.8500 1640.5 0.900 0.0000e+00
ACC 32768 4096 2 4 5.75 0.8500 1640.5 0.940 0.0000e+00
ACC 32768 4096 2 4 5.75 0.8500 1640.5 0.970 0.0000e+00
ACC 32768 4096 2 4 5.75 0.8500 1640.5 1.000 0.0000e+00
ACC 32768 4096 2 4 5.75 0.9200 416.6 0.900 0.0000e+00
ACC 32768 4096 2 4 5.75 0.9200 416.6 0.940 0.0000e+00
ACC 32768 4096 2 4 5.75 0.9200 416.6 0.970 0.0000e+00
ACC 32768 4096 2 4 5.75 0.9200 416.6 1.000 0.0000e+00
ACC 32768 4096 2 4 5.75 0.9200 1640.5 0.900 0.0000e+00
ACC 32768 4096 2 4 5.75 0.9200 1640.5 0.940 0.0000e+00
ACC 32768 4096 2 4 5.75 0.9200 1640.5 0.970 0.0000e+00
ACC 32768 4096 2 4 5.75 0.9200 1640.5 1.000 0.0000e+00
ACC 32768 4096 2 4 5.75 0.9700 416.6 0.900 0.0000e+00
ACC 32768 4096 2 4 5.75 0.9700 416.6 0.940 0.0000e+00
ACC 32768 4096 2 4 5.75 0.9700 416.6 0.970 0.0000e+00
ACC 32768 4096 2 4 5.75 0.9700 416.6 1.000 6.5062e-04
ACC 32768 4096 2 4 5.75 0.9700 1640.5 0.900 0.0000e+00
ACC 32768 4096 2 4 5.75 0.9700 1640.5 0.940 0.0000e+00
ACC 32768 4096 2 4 5.75 0.9700 1640.5 0.970 0.0000e+00
ACC 32768 4096 2 4 5.75 0.9700 1640.5 1.000 0.0000e+00
ACC 32768 4096 2 4 6.00 0.8500 416.6 0.900 0.0000e+00
ACC 32768 4096 2 4 6.00 0.8500 416.6 0.940 0.0000e+00
ACC 32768 4096 2 4 6.00 0.8500 416.6 0.970 0.0000e+00
ACC 32768 4096 2 4 6.00 0.8500 416.6 1.000 0.0000e+00
ACC 32768 4096 2 4 6.00 0.8500 1640.5 0.900 0.0000e+00
ACC 32768 4096 2 4 6.00 0.8500 1640.5 0.940 0.0000e+00
ACC 32768 4096 2 4 6.00 0.8500 1640.5 0.970 0.0000e+00
ACC 32768 4096 2 4 6.00 0.8500 1640.5 1.000 0.0000e+00
ACC 32768 4096 2 4 6.00 0.9200 416.6 0.900 0.0000e+00
ACC 32768 4096 2 4 6.00 0.9200 416.6 0.940 0.0000e+00
ACC 32768 4096 2 4 6.00 0.9200 416.6 0.970 0.0000e+00
ACC 32768 4096 2 4 6.00 0.9200 416.6 1.000 0.0000e+00
ACC 32768 4096 2 4 6.00 0.9200 1640.5 0.900 0.0000e+00
ACC 32768 4096 2 4 6.00 0.9200 1640.5 0.940 0.0000e+00
ACC 32768 4096 2 4 6.00 0.9200 1640.5 0.970 0.0000e+00
ACC 32768 4096 2 4 6.00 0.9200 1640.5 1.000 0.0000e+00
ACC 32768 4096 2 4 6.00 0.9700 416.6 0.900 0.0000e+00
ACC 32768 4096 2 4 6.00 0.9700 416.6 0.940 0.0000e+00
ACC 32768 4096 2 4 6.00 0.9700 416.6 0.970 0.0000e+00
ACC 32768 4096 2 4 6.00 0.9700 416.6 1.000 0.0000e+00
ACC 32768 4096 2 4 6.00 0.9700 1640.5 0.900 0.0000e+00
ACC 32768 4096 2 4 6.00 0.9700 1640.5 0.940 0.0000e+00
ACC 32768 4096 2 4 6.00 0.9700 1640.5 0.970 0.0000e+00
ACC 32768 4096 2 4 6.00 0.9700 1640.5 1.000 0.0000e+00
ACC 32768 4096 2 4 6.50 0.8500 416.6 0.900 0.0000e+00
ACC 32768 4096 2 4 6.50 0.8500 416.6 0.940 0.0000e+00
ACC 32768 4096 2 4 6.50 0.8500 416.6 0.970 0.0000e+00
ACC 32768 4096 2 4 6.50 0.8500 416.6 1.000 0.0000e+00
ACC 32768 4096 2 4 6.50 0.8500 1640.5 0.900 0.0000e+00
ACC 32768 4096 2 4 6.50 0.8500 1640.5 0.940 0.0000e+00
ACC 32768 4096 2 4 6.50 0.8500 1640.5 0.970 0.0000e+00
ACC 32768 4096 2 4 6.50 0.8500 1640.5 1.000 0.0000e+00
ACC 32768 4096 2 4 6.50 0.9200 416.6 0.900 0.0000e+00
ACC 32768 4096 2 4 6.50 0.9200 416.6 0.940 0.0000e+00
ACC 32768 4096 2 4 6.50 0.9200 416.6 0.970 0.0000e+00
ACC 32768 4096 2 4 6.50 0.9200 416.6 1.000 0.0000e+00
ACC 32768 4096 2 4 6.50 0.9200 1640.5 0.900 0.0000e+00
ACC 32768 4096 2 4 6.50 0.9200 1640.5 0.940 0.0000e+00
ACC 32768 4096 2 4 6.50 0.9200 1640.5 0.970 0.0000e+00
ACC 32768 4096 2 4 6.50 0.9200 1640.5 1.000 0.0000e+00
ACC 32768 4096 2 4 6.50 0.9700 416.6 0.900 0.0000e+00
ACC 32768 4096 2 4 6.50 0.9700 416.6 0.940 0.0000e+00
ACC 32768 4096 2 4 6.50 0.9700 416.6 0.970 0.0000e+00
ACC 32768 4096 2 4 6.50 0.9700 416.6 1.000 0.0000e+00
ACC 32768 4096 2 4 6.50 0.9700 1640.5 0.900 0.0000e+00
ACC 32768 4096 2 4 6.50 0.9700 1640.5 0.940 0.0000e+00
ACC 32768 4096 2 4 6.50 0.9700 1640.5 0.970 0.0000e+00
ACC 32768 4096 2 4 6.50 0.9700 1640.5 1.000 0.0000e+00
ACC 32768 4096 2 8 5.00 0.8500 416.6 0.900 0.0000e+00
ACC 32768 4096 2 8 5.00 0.8500 416.6 0.940 0.0000e+00
ACC 32768 4096 2 8 5.00 0.8500 416.6 0.970 0.0000e+00
ACC 32768 4096 2 8 5.00 0.8500 416.6 1.000 0.0000e+00
ACC 32768 4096 2 8 5.00 0.8500 1640.5 0.900 0.0000e+00
ACC 32768 4096 2 8 5.00 0.8500 1640.5 0.940 0.0000e+00
ACC 32768 4096 2 8 5.00 0.8500 1640.5 0.970 0.0000e+00
ACC 32768 4096 2 8 5.00 0.8500 1640.5 1.000 0.0000e+00
ACC 32768 4096 2 8 5.00 0.9200 416.6 0.900 0.0000e+00
ACC 32768 4096 2 8 5.00 0.9200 416.6 0.940 0.0000e+00
ACC 32768 4096 2 8 5.00 0.9200 416.6 0.970 0.0000e+00
ACC 32768 4096 2 8 5.00 0.9200 416.6 1.000 0.0000e+00
ACC 32768 4096 2 8 5.00 0.9200 1640.5 0.900 0.0000e+00
ACC 32768 4096 2 8 5.00 0.9200 1640.5 0.940 0.0000e+00
ACC 32768 4096 2 8 5.00 0.9200 1640.5 0.970 0.0000e+00
ACC 32768 4096 2 8 5.00 0.9200 1640.5 1.000 6.3613e-04
ACC 32768 4096 2 8 5.00 0.9700 416.6 0.900 0.0000e+00
ACC 32768 4096 2 8 5.00 0.9700 416.6 0.940 0.0000e+00
ACC 32768 4096 2 8 5.00 0.9700 416.6 0.970 0.0000e+00
ACC 32768 4096 2 8 5.00 0.9700 416.6 1.000 1.2315e-03
ACC 32768 4096 2 8 5.00 0.9700 1640.5 0.900 0.0000e+00
ACC 32768 4096 2 8 5.00 0.9700 1640.5 0.940 0.0000e+00
ACC 32768 4096 2 8 5.00 0.9700 1640.5 0.970 0.0000e+00
ACC 32768 4096 2 8 5.00 0.9700 1640.5 1.000 0.0000e+00
ACC 32768 4096 2 8 5.50 0.8500 416.6 0.900 0.0000e+00
ACC 32768 4096 2 8 5.50 0.8500 416.6 0.940 0.0000e+00
ACC 32768 4096 2 8 5.50 0.8500 416.6 0.970 0.0000e+00
ACC 32768 4096 2 8 5.50 0.8500 416.6 1.000 0.0000e+00
ACC 32768 4096 2 8 5.50 0.8500 1640.5 0.900 0.0000e+00
ACC 32768 4096 2 8 5.50 0.8500 1640.5 0.940 0.0000e+00
ACC 32768 4096 2 8 5.50 0.8500 1640.5 0.970 0.0000e+00
ACC 32768 4096 2 8 5.50 0.8500 1640.5 1.000 1.3633e-03
ACC 32768 4096 2 8 5.50 0.9200 416.6 0.900 0.0000e+00
ACC 32768 4096 2 8 5.50 0.9200 416.6 0.940 0.0000e+00
ACC 32768 4096 2 8 5.50 0.9200 416.6 0.970 0.0000e+00
ACC 32768 4096 2 8 5.50 0.9200 416.6 1.000 0.0000e+00
ACC 32768 4096 2 8 5.50 0.9200 1640.5 0.900 0.0000e+00
ACC 32768 4096 2 8 5.50 0.9200 1640.5 0.940 6.7385e-04
ACC 32768 4096 2 8 5.50 0.9200 1640.5 0.970 6.7385e-04
ACC 32768 4096 2 8 5.50 0.9200 1640.5 1.000 6.7385e-04
ACC 32768 4096 2 8 5.50 0.9700 416.6 0.900 0.0000e+00
ACC 32768 4096 2 8 5.50 0.9700 416.6 0.940 0.0000e+00
ACC 32768 4096 2 8 5.50 0.9700 416.6 0.970 0.0000e+00
ACC 32768 4096 2 8 5.50 0.9700 416.6 1.000 6.4185e-04
ACC 32768 4096 2 8 5.50 0.9700 1640.5 0.900 0.0000e+00
ACC 32768 4096 2 8 5.50 0.9700 1640.5 0.940 0.0000e+00
ACC 32768 4096 2 8 5.50 0.9700 1640.5 0.970 0.0000e+00
ACC 32768 4096 2 8 5.50 0.9700 1640.5 1.000 1.3351e-03
ACC 32768 4096 2 8 5.75 0.8500 416.6 0.900 0.0000e+00
ACC 32768 4096 2 8 5.75 0.8500 416.6 0.940 0.0000e+00
ACC 32768 4096 2 8 5.75 0.8500 416.6 0.970 0.0000e+00
ACC 32768 4096 2 8 5.75 0.8500 416.6 1.000 0.0000e+00
ACC 32768 4096 2 8 5.75 0.8500 1640.5 0.900 0.0000e+00
ACC 32768 4096 2 8 5.75 0.8500 1640.5 0.940 0.0000e+00
ACC 32768 4096 2 8 5.75 0.8500 1640.5 0.970 0.0000e+00
ACC 32768 4096 2 8 5.75 0.8500 1640.5 1.000 1.3831e-03
ACC 32768 4096 2 8 5.75 0.9200 416.6 0.900 0.0000e+00
ACC 32768 4096 2 8 5.75 0.9200 416.6 0.940 0.0000e+00
ACC 32768 4096 2 8 5.75 0.9200 416.6 0.970 0.0000e+00
ACC 32768 4096 2 8 5.75 0.9200 416.6 1.000 0.0000e+00
ACC 32768 4096 2 8 5.75 0.9200 1640.5 0.900 0.0000e+00
ACC 32768 4096 2 8 5.75 0.9200 1640.5 0.940 6.8213e-04
ACC 32768 4096 2 8 5.75 0.9200 1640.5 0.970 6.8213e-04
ACC 32768 4096 2 8 5.75 0.9200 1640.5 1.000 6.8213e-04
ACC 32768 4096 2 8 5.75 0.9700 416.6 0.900 0.0000e+00
ACC 32768 4096 2 8 5.75 0.9700 416.6 0.940 0.0000e+00
ACC 32768 4096 2 8 5.75 0.9700 416.6 0.970 0.0000e+00
ACC 32768 4096 2 8 5.75 0.9700 416.6 1.000 6.5062e-04
ACC 32768 4096 2 8 5.75 0.9700 1640.5 0.900 0.0000e+00
ACC 32768 4096 2 8 5.75 0.9700 1640.5 0.940 0.0000e+00
ACC 32768 4096 2 8 5.75 0.9700 1640.5 0.970 0.0000e+00
ACC 32768 4096 2 8 5.75 0.9700 1640.5 1.000 1.3504e-03
ACC 32768 4096 2 8 6.00 0.8500 416.6 0.900 0.0000e+00
ACC 32768 4096 2 8 6.00 0.8500 416.6 0.940 0.0000e+00
ACC 32768 4096 2 8 6.00 0.8500 416.6 0.970 0.0000e+00
ACC 32768 4096 2 8 6.00 0.8500 416.6 1.000 0.0000e+00
ACC 32768 4096 2 8 6.00 0.8500 1640.5 0.900 0.0000e+00
ACC 32768 4096 2 8 6.00 0.8500 1640.5 0.940 0.0000e+00
ACC 32768 4096 2 8 6.00 0.8500 1640.5 0.970 0.0000e+00
ACC 32768 4096 2 8 6.00 0.8500 1640.5 1.000 1.3957e-03
ACC 32768 4096 2 8 6.00 0.9200 416.6 0.900 0.0000e+00
ACC 32768 4096 2 8 6.00 0.9200 416.6 0.940 0.0000e+00
ACC 32768 4096 2 8 6.00 0.9200 416.6 0.970 0.0000e+00
ACC 32768 4096 2 8 6.00 0.9200 416.6 1.000 0.0000e+00
ACC 32768 4096 2 8 6.00 0.9200 1640.5 0.900 0.0000e+00
ACC 32768 4096 2 8 6.00 0.9200 1640.5 0.940 6.9061e-04
ACC 32768 4096 2 8 6.00 0.9200 1640.5 0.970 6.9061e-04
ACC 32768 4096 2 8 6.00 0.9200 1640.5 1.000 6.9061e-04
ACC 32768 4096 2 8 6.00 0.9700 416.6 0.900 0.0000e+00
ACC 32768 4096 2 8 6.00 0.9700 416.6 0.940 0.0000e+00
ACC 32768 4096 2 8 6.00 0.9700 416.6 0.970 0.0000e+00
ACC 32768 4096 2 8 6.00 0.9700 416.6 1.000 0.0000e+00
ACC 32768 4096 2 8 6.00 0.9700 1640.5 0.900 0.0000e+00
ACC 32768 4096 2 8 6.00 0.9700 1640.5 0.940 0.0000e+00
ACC 32768 4096 2 8 6.00 0.9700 1640.5 0.970 0.0000e+00
ACC 32768 4096 2 8 6.00 0.9700 1640.5 1.000 1.3643e-03
ACC 32768 4096 2 8 6.50 0.8500 416.6 0.900 0.0000e+00
ACC 32768 4096 2 8 6.50 0.8500 416.6 0.940 0.0000e+00
ACC 32768 4096 2 8 6.50 0.8500 416.6 0.970 0.0000e+00
ACC 32768 4096 2 8 6.50 0.8500 416.6 1.000 0.0000e+00
ACC 32768 4096 2 8 6.50 0.8500 1640.5 0.900 0.0000e+00
ACC 32768 4096 2 8 6.50 0.8500 1640.5 0.940 0.0000e+00
ACC 32768 4096 2 8 6.50 0.8500 1640.5 0.970 0.0000e+00
ACC 32768 4096 2 8 6.50 0.8500 1640.5 1.000 1.4174e-03
ACC 32768 4096 2 8 6.50 0.9200 416.6 0.900 0.0000e+00
ACC 32768 4096 2 8 6.50 0.9200 416.6 0.940 0.0000e+00
ACC 32768 4096 2 8 6.50 0.9200 416.6 0.970 0.0000e+00
ACC 32768 4096 2 8 6.50 0.9200 416.6 1.000 0.0000e+00
ACC 32768 4096 2 8 6.50 0.9200 1640.5 0.900 0.0000e+00
ACC 32768 4096 2 8 6.50 0.9200 1640.5 0.940 7.0077e-04
ACC 32768 4096 2 8 6.50 0.9200 1640.5 0.970 7.0077e-04
ACC 32768 4096 2 8 6.50 0.9200 1640.5 1.000 1.4015e-03
ACC 32768 4096 2 8 6.50 0.9700 416.6 0.900 0.0000e+00
ACC 32768 4096 2 8 6.50 0.9700 416.6 0.940 0.0000e+00
ACC 32768 4096 2 8 6.50 0.9700 416.6 0.970 0.0000e+00
ACC 32768 4096 2 8 6.50 0.9700 416.6 1.000 0.0000e+00
ACC 32768 4096 2 8 6.50 0.9700 1640.5 0.900 0.0000e+00
ACC 32768 4096 2 8 6.50 0.9700 1640.5 0.940 0.0000e+00
ACC 32768 4096 2 8 6.50 0.9700 1640.5 0.970 0.0000e+00
ACC 32768 4096 2 8 6.50 0.9700 1640.5 1.000 1.3831e-03
ACC 32768 8192 2 4 5.00 0.8500 832.6 0.900 0.0000e+00
ACC 32768 8192 2 4 5.00 0.8500 832.6 0.940 0.0000e+00
ACC 32768 8192 2 4 5.00 0.8500 832.6 0.970 0.0000e+00
ACC 32768 8192 2 4 5.00 0.8500 832.6 1.000 0.0000e+00
ACC 32768 8192 2 4 5.00 0.8500 3280.4 0.900 0.0000e+00
ACC 32768 8192 2 4 5.00 0.8500 3280.4 0.940 0.0000e+00
ACC 32768 8192 2 4 5.00 0.8500 3280.4 0.970 0.0000e+00
ACC 32768 8192 2 4 5.00 0.8500 3280.4 1.000 0.0000e+00
ACC 32768 8192 2 4 5.00 0.9200 832.6 0.900 0.0000e+00
ACC 32768 8192 2 4 5.00 0.9200 832.6 0.940 0.0000e+00
ACC 32768 8192 2 4 5.00 0.9200 832.6 0.970 6.1162e-04
ACC 32768 8192 2 4 5.00 0.9200 832.6 1.000 6.1162e-04
ACC 32768 8192 2 4 5.00 0.9200 3280.4 0.900 0.0000e+00
ACC 32768 8192 2 4 5.00 0.9200 3280.4 0.940 0.0000e+00
ACC 32768 8192 2 4 5.00 0.9200 3280.4 0.970 0.0000e+00
ACC 32768 8192 2 4 5.00 0.9200 3280.4 1.000 0.0000e+00
ACC 32768 8192 2 4 5.00 0.9700 832.6 0.900 0.0000e+00
ACC 32768 8192 2 4 5.00 0.9700 832.6 0.940 0.0000e+00
ACC 32768 8192 2 4 5.00 0.9700 832.6 0.970 0.0000e+00
ACC 32768 8192 2 4 5.00 0.9700 832.6 1.000 0.0000e+00
ACC 32768 8192 2 4 5.00 0.9700 3280.4 0.900 0.0000e+00
ACC 32768 8192 2 4 5.00 0.9700 3280.4 0.940 0.0000e+00
ACC 32768 8192 2 4 5.00 0.9700 3280.4 0.970 0.0000e+00
ACC 32768 8192 2 4 5.00 0.9700 3280.4 1.000 0.0000e+00
ACC 32768 8192 2 4 5.50 0.8500 832.6 0.900 0.0000e+00
ACC 32768 8192 2 4 5.50 0.8500 832.6 0.940 0.0000e+00
ACC 32768 8192 2 4 5.50 0.8500 832.6 0.970 0.0000e+00
ACC 32768 8192 2 4 5.50 0.8500 832.6 1.000 1.3236e-03
ACC 32768 8192 2 4 5.50 0.8500 3280.4 0.900 0.0000e+00
ACC 32768 8192 2 4 5.50 0.8500 3280.4 0.940 0.0000e+00
ACC 32768 8192 2 4 5.50 0.8500 3280.4 0.970 0.0000e+00
ACC 32768 8192 2 4 5.50 0.8500 3280.4 1.000 0.0000e+00
ACC 32768 8192 2 4 5.50 0.9200 832.6 0.900 0.0000e+00
ACC 32768 8192 2 4 5.50 0.9200 832.6 0.940 6.4977e-04
ACC 32768 8192 2 4 5.50 0.9200 832.6 0.970 6.4977e-04
ACC 32768 8192 2 4 5.50 0.9200 832.6 1.000 6.4977e-04
ACC 32768 8192 2 4 5.50 0.9200 3280.4 0.900 0.0000e+00
ACC 32768 8192 2 4 5.50 0.9200 3280.4 0.940 0.0000e+00
ACC 32768 8192 2 4 5.50 0.9200 3280.4 0.970 0.0000e+00
ACC 32768 8192 2 4 5.50 0.9200 3280.4 1.000 0.0000e+00
ACC 32768 8192 2 4 5.50 0.9700 832.6 0.900 0.0000e+00
ACC 32768 8192 2 4 5.50 0.9700 832.6 0.940 0.0000e+00
ACC 32768 8192 2 4 5.50 0.9700 832.6 0.970 0.0000e+00
ACC 32768 8192 2 4 5.50 0.9700 832.6 1.000 0.0000e+00
ACC 32768 8192 2 4 5.50 0.9700 3280.4 0.900 0.0000e+00
ACC 32768 8192 2 4 5.50 0.9700 3280.4 0.940 0.0000e+00
ACC 32768 8192 2 4 5.50 0.9700 3280.4 0.970 0.0000e+00
ACC 32768 8192 2 4 5.50 0.9700 3280.4 1.000 0.0000e+00
ACC 32768 8192 2 4 5.75 0.8500 832.6 0.900 0.0000e+00
ACC 32768 8192 2 4 5.75 0.8500 832.6 0.940 0.0000e+00
ACC 32768 8192 2 4 5.75 0.8500 832.6 0.970 0.0000e+00
ACC 32768 8192 2 4 5.75 0.8500 832.6 1.000 2.0311e-03
ACC 32768 8192 2 4 5.75 0.8500 3280.4 0.900 0.0000e+00
ACC 32768 8192 2 4 5.75 0.8500 3280.4 0.940 0.0000e+00
ACC 32768 8192 2 4 5.75 0.8500 3280.4 0.970 0.0000e+00
ACC 32768 8192 2 4 5.75 0.8500 3280.4 1.000 0.0000e+00
ACC 32768 8192 2 4 5.75 0.9200 832.6 0.900 0.0000e+00
ACC 32768 8192 2 4 5.75 0.9200 832.6 0.940 6.6181e-04
ACC 32768 8192 2 4 5.75 0.9200 832.6 0.970 6.6181e-04
ACC 32768 8192 2 4 5.75 0.9200 832.6 1.000 6.6181e-04
ACC 32768 8192 2 4 5.75 0.9200 3280.4 0.900 0.0000e+00
ACC 32768 8192 2 4 5.75 0.9200 3280.4 0.940 0.0000e+00
ACC 32768 8192 2 4 5.75 0.9200 3280.4 0.970 0.0000e+00
ACC 32768 8192 2 4 5.75 0.9200 3280.4 1.000 0.0000e+00
ACC 32768 8192 2 4 5.75 0.9700 832.6 0.900 0.0000e+00
ACC 32768 8192 2 4 5.75 0.9700 832.6 0.940 0.0000e+00
ACC 32768 8192 2 4 5.75 0.9700 832.6 0.970 0.0000e+00
ACC 32768 8192 2 4 5.75 0.9700 832.6 1.000 0.0000e+00
ACC 32768 8192 2 4 5.75 0.9700 3280.4 0.900 0.0000e+00
ACC 32768 8192 2 4 5.75 0.9700 3280.4 0.940 0.0000e+00
ACC 32768 8192 2 4 5.75 0.9700 3280.4 0.970 0.0000e+00
ACC 32768 8192 2 4 5.75 0.9700 3280.4 1.000 0.0000e+00
ACC 32768 8192 2 4 6.00 0.8500 832.6 0.900 0.0000e+00
ACC 32768 8192 2 4 6.00 0.8500 832.6 0.940 0.0000e+00
ACC 32768 8192 2 4 6.00 0.8500 832.6 0.970 0.0000e+00
ACC 32768 8192 2 4 6.00 0.8500 832.6 1.000 2.0548e-03
ACC 32768 8192 2 4 6.00 0.8500 3280.4 0.900 0.0000e+00
ACC 32768 8192 2 4 6.00 0.8500 3280.4 0.940 0.0000e+00
ACC 32768 8192 2 4 6.00 0.8500 3280.4 0.970 0.0000e+00
ACC 32768 8192 2 4 6.00 0.8500 3280.4 1.000 0.0000e+00
ACC 32768 8192 2 4 6.00 0.9200 832.6 0.900 0.0000e+00
ACC 32768 8192 2 4 6.00 0.9200 832.6 0.940 6.7249e-04
ACC 32768 8192 2 4 6.00 0.9200 832.6 0.970 6.7249e-04
ACC 32768 8192 2 4 6.00 0.9200 832.6 1.000 6.7249e-04
ACC 32768 8192 2 4 6.00 0.9200 3280.4 0.900 0.0000e+00
ACC 32768 8192 2 4 6.00 0.9200 3280.4 0.940 0.0000e+00
ACC 32768 8192 2 4 6.00 0.9200 3280.4 0.970 0.0000e+00
ACC 32768 8192 2 4 6.00 0.9200 3280.4 1.000 0.0000e+00
ACC 32768 8192 2 4 6.00 0.9700 832.6 0.900 0.0000e+00
ACC 32768 8192 2 4 6.00 0.9700 832.6 0.940 0.0000e+00
ACC 32768 8192 2 4 6.00 0.9700 832.6 0.970 0.0000e+00
ACC 32768 8192 2 4 6.00 0.9700 832.6 1.000 0.0000e+00
ACC 32768 8192 2 4 6.00 0.9700 3280.4 0.900 0.0000e+00
ACC 32768 8192 2 4 6.00 0.9700 3280.4 0.940 0.0000e+00
ACC 32768 8192 2 4 6.00 0.9700 3280.4 0.970 0.0000e+00
ACC 32768 8192 2 4 6.00 0.9700 3280.4 1.000 0.0000e+00
ACC 32768 8192 2 4 6.50 0.8500 832.6 0.900 0.0000e+00
ACC 32768 8192 2 4 6.50 0.8500 832.6 0.940 0.0000e+00
ACC 32768 8192 2 4 6.50 0.8500 832.6 0.970 0.0000e+00
ACC 32768 8192 2 4 6.50 0.8500 832.6 1.000 1.4006e-03
ACC 32768 8192 2 4 6.50 0.8500 3280.4 0.900 0.0000e+00
ACC 32768 8192 2 4 6.50 0.8500 3280.4 0.940 0.0000e+00
ACC 32768 8192 2 4 6.50 0.8500 3280.4 0.970 0.0000e+00
ACC 32768 8192 2 4 6.50 0.8500 3280.4 1.000 0.0000e+00
ACC 32768 8192 2 4 6.50 0.9200 832.6 0.900 0.0000e+00
ACC 32768 8192 2 4 6.50 0.9200 832.6 0.940 0.0000e+00
ACC 32768 8192 2 4 6.50 0.9200 832.6 0.970 6.8446e-04
ACC 32768 8192 2 4 6.50 0.9200 832.6 1.000 6.8446e-04
ACC 32768 8192 2 4 6.50 0.9200 3280.4 0.900 0.0000e+00
ACC 32768 8192 2 4 6.50 0.9200 3280.4 0.940 0.0000e+00
ACC 32768 8192 2 4 6.50 0.9200 3280.4 0.970 0.0000e+00
ACC 32768 8192 2 4 6.50 0.9200 3280.4 1.000 0.0000e+00
ACC 32768 8192 2 4 6.50 0.9700 832.6 0.900 0.0000e+00
ACC 32768 8192 2 4 6.50 0.9700 832.6 0.940 0.0000e+00
ACC 32768 8192 2 4 6.50 0.9700 832.6 0.970 0.0000e+00
ACC 32768 8192 2 4 6.50 0.9700 832.6 1.000 0.0000e+00
ACC 32768 8192 2 4 6.50 0.9700 3280.4 0.900 0.0000e+00
ACC 32768 8192 2 4 6.50 0.9700 3280.4 0.940 0.0000e+00
ACC 32768 8192 2 4 6.50 0.9700 3280.4 0.970 0.0000e+00
ACC 32768 8192 2 4 6.50 0.9700 3280.4 1.000 0.0000e+00
ACC 32768 8192 2 8 5.00 0.8500 832.6 0.900 0.0000e+00
ACC 32768 8192 2 8 5.00 0.8500 832.6 0.940 0.0000e+00
ACC 32768 8192 2 8 5.00 0.8500 832.6 0.970 0.0000e+00
ACC 32768 8192 2 8 5.00 0.8500 832.6 1.000 0.0000e+00
ACC 32768 8192 2 8 5.00 0.8500 3280.4 0.900 0.0000e+00
ACC 32768 8192 2 8 5.00 0.8500 3280.4 0.940 0.0000e+00
ACC 32768 8192 2 8 5.00 0.8500 3280.4 0.970 0.0000e+00
ACC 32768 8192 2 8 5.00 0.8500 3280.4 1.000 0.0000e+00
ACC 32768 8192 2 8 5.00 0.9200 832.6 0.900 0.0000e+00
ACC 32768 8192 2 8 5.00 0.9200 832.6 0.940 0.0000e+00
ACC 32768 8192 2 8 5.00 0.9200 832.6 0.970 6.1162e-04
ACC 32768 8192 2 8 5.00 0.9200 832.6 1.000 6.1162e-04
ACC 32768 8192 2 8 5.00 0.9200 3280.4 0.900 0.0000e+00
ACC 32768 8192 2 8 5.00 0.9200 3280.4 0.940 0.0000e+00
ACC 32768 8192 2 8 5.00 0.9200 3280.4 0.970 0.0000e+00
ACC 32768 8192 2 8 5.00 0.9200 3280.4 1.000 0.0000e+00
ACC 32768 8192 2 8 5.00 0.9700 832.6 0.900 0.0000e+00
ACC 32768 8192 2 8 5.00 0.9700 832.6 0.940 0.0000e+00
ACC 32768 8192 2 8 5.00 0.9700 832.6 0.970 0.0000e+00
ACC 32768 8192 2 8 5.00 0.9700 832.6 1.000 0.0000e+00
ACC 32768 8192 2 8 5.00 0.9700 3280.4 0.900 0.0000e+00
ACC 32768 8192 2 8 5.00 0.9700 3280.4 0.940 0.0000e+00
ACC 32768 8192 2 8 5.00 0.9700 3280.4 0.970 6.4061e-04
ACC 32768 8192 2 8 5.00 0.9700 3280.4 1.000 1.2812e-03
ACC 32768 8192 2 8 5.50 0.8500 832.6 0.900 0.0000e+00
ACC 32768 8192 2 8 5.50 0.8500 832.6 0.940 0.0000e+00
ACC 32768 8192 2 8 5.50 0.8500 832.6 0.970 0.0000e+00
ACC 32768 8192 2 8 5.50 0.8500 832.6 1.000 1.3236e-03
ACC 32768 8192 2 8 5.50 0.8500 3280.4 0.900 0.0000e+00
ACC 32768 8192 2 8 5.50 0.8500 3280.4 0.940 0.0000e+00
ACC 32768 8192 2 8 5.50 0.8500 3280.4 0.970 0.0000e+00
ACC 32768 8192 2 8 5.50 0.8500 3280.4 1.000 0.0000e+00
ACC 32768 8192 2 8 5.50 0.9200 832.6 0.900 0.0000e+00
ACC 32768 8192 2 8 5.50 0.9200 832.6 0.940 6.4977e-04
ACC 32768 8192 2 8 5.50 0.9200 832.6 0.970 6.4977e-04
ACC 32768 8192 2 8 5.50 0.9200 832.6 1.000 1.2995e-03
ACC 32768 8192 2 8 5.50 0.9200 3280.4 0.900 0.0000e+00
ACC 32768 8192 2 8 5.50 0.9200 3280.4 0.940 0.0000e+00
ACC 32768 8192 2 8 5.50 0.9200 3280.4 0.970 6.9784e-04
ACC 32768 8192 2 8 5.50 0.9200 3280.4 1.000 1.3957e-03
ACC 32768 8192 2 8 5.50 0.9700 832.6 0.900 0.0000e+00
ACC 32768 8192 2 8 5.50 0.9700 832.6 0.940 0.0000e+00
ACC 32768 8192 2 8 5.50 0.9700 832.6 0.970 0.0000e+00
ACC 32768 8192 2 8 5.50 0.9700 832.6 1.000 0.0000e+00
ACC 32768 8192 2 8 5.50 0.9700 3280.4 0.900 0.0000e+00
ACC 32768 8192 2 8 5.50 0.9700 3280.4 0.940 0.0000e+00
ACC 32768 8192 2 8 5.50 0.9700 3280.4 0.970 1.3689e-03
ACC 32768 8192 2 8 5.50 0.9700 3280.4 1.000 2.7379e-03
ACC 32768 8192 2 8 5.75 0.8500 832.6 0.900 0.0000e+00
ACC 32768 8192 2 8 5.75 0.8500 832.6 0.940 0.0000e+00
ACC 32768 8192 2 8 5.75 0.8500 832.6 0.970 6.7705e-04
ACC 32768 8192 2 8 5.75 0.8500 832.6 1.000 2.0311e-03
ACC 32768 8192 2 8 5.75 0.8500 3280.4 0.900 0.0000e+00
ACC 32768 8192 2 8 5.75 0.8500 3280.4 0.940 0.0000e+00
ACC 32768 8192 2 8 5.75 0.8500 3280.4 0.970 0.0000e+00
ACC 32768 8192 2 8 5.75 0.8500 3280.4 1.000 7.1942e-04
ACC 32768 8192 2 8 5.75 0.9200 832.6 0.900 0.0000e+00
ACC 32768 8192 2 8 5.75 0.9200 832.6 0.940 6.6181e-04
ACC 32768 8192 2 8 5.75 0.9200 832.6 0.970 6.6181e-04
ACC 32768 8192 2 8 5.75 0.9200 832.6 1.000 1.3236e-03
ACC 32768 8192 2 8 5.75 0.9200 3280.4 0.900 0.0000e+00
ACC 32768 8192 2 8 5.75 0.9200 3280.4 0.940 0.0000e+00
ACC 32768 8192 2 8 5.75 0.9200 3280.4 0.970 7.0721e-04
ACC 32768 8192 2 8 5.75 0.9200 3280.4 1.000 1.4144e-03
ACC 32768 8192 2 8 5.75 0.9700 832.6 0.900 0.0000e+00
ACC 32768 8192 2 8 5.75 0.9700 832.6 0.940 0.0000e+00
ACC 32768 8192 2 8 5.75 0.9700 832.6 0.970 0.0000e+00
ACC 32768 8192 2 8 5.75 0.9700 832.6 1.000 0.0000e+00
ACC 32768 8192 2 8 5.75 0.9700 3280.4 0.900 0.0000e+00
ACC 32768 8192 2 8 5.75 0.9700 3280.4 0.940 0.0000e+00
ACC 32768 8192 2 8 5.75 0.9700 3280.4 0.970 1.3889e-03
ACC 32768 8192 2 8 5.75 0.9700 3280.4 1.000 3.4722e-03
ACC 32768 8192 2 8 6.00 0.8500 832.6 0.900 0.0000e+00
ACC 32768 8192 2 8 6.00 0.8500 832.6 0.940 0.0000e+00
ACC 32768 8192 2 8 6.00 0.8500 832.6 0.970 1.3699e-03
ACC 32768 8192 2 8 6.00 0.8500 832.6 1.000 2.0548e-03
ACC 32768 8192 2 8 6.00 0.8500 3280.4 0.900 0.0000e+00
ACC 32768 8192 2 8 6.00 0.8500 3280.4 0.940 0.0000e+00
ACC 32768 8192 2 8 6.00 0.8500 3280.4 0.970 0.0000e+00
ACC 32768 8192 2 8 6.00 0.8500 3280.4 1.000 7.2307e-04
ACC 32768 8192 2 8 6.00 0.9200 832.6 0.900 0.0000e+00
ACC 32768 8192 2 8 6.00 0.9200 832.6 0.940 6.7249e-04
ACC 32768 8192 2 8 6.00 0.9200 832.6 0.970 6.7249e-04
ACC 32768 8192 2 8 6.00 0.9200 832.6 1.000 6.7249e-04
ACC 32768 8192 2 8 6.00 0.9200 3280.4 0.900 0.0000e+00
ACC 32768 8192 2 8 6.00 0.9200 3280.4 0.940 0.0000e+00
ACC 32768 8192 2 8 6.00 0.9200 3280.4 0.970 7.1276e-04
ACC 32768 8192 2 8 6.00 0.9200 3280.4 1.000 2.1383e-03
ACC 32768 8192 2 8 6.00 0.9700 832.6 0.900 0.0000e+00
ACC 32768 8192 2 8 6.00 0.9700 832.6 0.940 0.0000e+00
ACC 32768 8192 2 8 6.00 0.9700 832.6 0.970 0.0000e+00
ACC 32768 8192 2 8 6.00 0.9700 832.6 1.000 0.0000e+00
ACC 32768 8192 2 8 6.00 0.9700 3280.4 0.900 0.0000e+00
ACC 32768 8192 2 8 6.00 0.9700 3280.4 0.940 0.0000e+00
ACC 32768 8192 2 8 6.00 0.9700 3280.4 0.970 2.0994e-03
ACC 32768 8192 2 8 6.00 0.9700 3280.4 1.000 3.4990e-03
ACC 32768 8192 2 8 6.50 0.8500 832.6 0.900 0.0000e+00
ACC 32768 8192 2 8 6.50 0.8500 832.6 0.940 0.0000e+00
ACC 32768 8192 2 8 6.50 0.8500 832.6 0.970 0.0000e+00
ACC 32768 8192 2 8 6.50 0.8500 832.6 1.000 2.1008e-03
ACC 32768 8192 2 8 6.50 0.8500 3280.4 0.900 0.0000e+00
ACC 32768 8192 2 8 6.50 0.8500 3280.4 0.940 0.0000e+00
ACC 32768 8192 2 8 6.50 0.8500 3280.4 0.970 0.0000e+00
ACC 32768 8192 2 8 6.50 0.8500 3280.4 1.000 1.4588e-03
ACC 32768 8192 2 8 6.50 0.9200 832.6 0.900 0.0000e+00
ACC 32768 8192 2 8 6.50 0.9200 832.6 0.940 6.8446e-04
ACC 32768 8192 2 8 6.50 0.9200 832.6 0.970 6.8446e-04
ACC 32768 8192 2 8 6.50 0.9200 832.6 1.000 6.8446e-04
ACC 32768 8192 2 8 6.50 0.9200 3280.4 0.900 0.0000e+00
ACC 32768 8192 2 8 6.50 0.9200 3280.4 0.940 0.0000e+00
ACC 32768 8192 2 8 6.50 0.9200 3280.4 0.970 7.2254e-04
ACC 32768 8192 2 8 6.50 0.9200 3280.4 1.000 2.1676e-03
ACC 32768 8192 2 8 6.50 0.9700 832.6 0.900 0.0000e+00
ACC 32768 8192 2 8 6.50 0.9700 832.6 0.940 0.0000e+00
ACC 32768 8192 2 8 6.50 0.9700 832.6 0.970 0.0000e+00
ACC 32768 8192 2 8 6.50 0.9700 832.6 1.000 0.0000e+00
ACC 32768 8192 2 8 6.50 0.9700 3280.4 0.900 0.0000e+00
ACC 32768 8192 2 8 6.50 0.9700 3280.4 0.940 0.0000e+00
ACC 32768 8192 2 8 6.50 0.9700 3280.4 0.970 1.4296e-03
ACC 32768 8192 2 8 6.50 0.9700 3280.4 1.000 4.2888e-03
ACC 32768 16384 2 4 5.00 0.8500 1664.6 0.900 0.0000e+00
ACC 32768 16384 2 4 5.00 0.8500 1664.6 0.940 0.0000e+00
ACC 32768 16384 2 4 5.00 0.8500 1664.6 0.970 0.0000e+00
ACC 32768 16384 2 4 5.00 0.8500 1664.6 1.000 0.0000e+00
ACC 32768 16384 2 4 5.00 0.8500 6560.4 0.900 0.0000e+00
ACC 32768 16384 2 4 5.00 0.8500 6560.4 0.940 0.0000e+00
ACC 32768 16384 2 4 5.00 0.8500 6560.4 0.970 0.0000e+00
ACC 32768 16384 2 4 5.00 0.8500 6560.4 1.000 0.0000e+00
ACC 32768 16384 2 4 5.00 0.9200 1664.6 0.900 0.0000e+00
ACC 32768 16384 2 4 5.00 0.9200 1664.6 0.940 0.0000e+00
ACC 32768 16384 2 4 5.00 0.9200 1664.6 0.970 0.0000e+00
ACC 32768 16384 2 4 5.00 0.9200 1664.6 1.000 0.0000e+00
ACC 32768 16384 2 4 5.00 0.9200 6560.4 0.900 0.0000e+00
ACC 32768 16384 2 4 5.00 0.9200 6560.4 0.940 0.0000e+00
ACC 32768 16384 2 4 5.00 0.9200 6560.4 0.970 0.0000e+00
ACC 32768 16384 2 4 5.00 0.9200 6560.4 1.000 0.0000e+00
ACC 32768 16384 2 4 5.00 0.9700 1664.6 0.900 0.0000e+00
ACC 32768 16384 2 4 5.00 0.9700 1664.6 0.940 0.0000e+00
ACC 32768 16384 2 4 5.00 0.9700 1664.6 0.970 0.0000e+00
ACC 32768 16384 2 4 5.00 0.9700 1664.6 1.000 0.0000e+00
ACC 32768 16384 2 4 5.00 0.9700 6560.4 0.900 0.0000e+00
ACC 32768 16384 2 4 5.00 0.9700 6560.4 0.940 0.0000e+00
ACC 32768 16384 2 4 5.00 0.9700 6560.4 0.970 0.0000e+00
ACC 32768 16384 2 4 5.00 0.9700 6560.4 1.000 0.0000e+00
ACC 32768 16384 2 4 5.50 0.8500 1664.6 0.900 0.0000e+00
ACC 32768 16384 2 4 5.50 0.8500 1664.6 0.940 0.0000e+00
ACC 32768 16384 2 4 5.50 0.8500 1664.6 0.970 0.0000e+00
ACC 32768 16384 2 4 5.50 0.8500 1664.6 1.000 0.0000e+00
ACC 32768 16384 2 4 5.50 0.8500 6560.4 0.900 0.0000e+00
ACC 32768 16384 2 4 5.50 0.8500 6560.4 0.940 0.0000e+00
ACC 32768 16384 2 4 5.50 0.8500 6560.4 0.970 0.0000e+00
ACC 32768 16384 2 4 5.50 0.8500 6560.4 1.000 0.0000e+00
ACC 32768 16384 2 4 5.50 0.9200 1664.6 0.900 0.0000e+00
ACC 32768 16384 2 4 5.50 0.9200 1664.6 0.940 0.0000e+00
ACC 32768 16384 2 4 5.50 0.9200 1664.6 0.970 0.0000e+00
ACC 32768 16384 2 4 5.50 0.9200 1664.6 1.000 0.0000e+00
ACC 32768 16384 2 4 5.50 0.9200 6560.4 0.900 0.0000e+00
ACC 32768 16384 2 4 5.50 0.9200 6560.4 0.940 0.0000e+00
ACC 32768 16384 2 4 5.50 0.9200 6560.4 0.970 0.0000e+00
ACC 32768 16384 2 4 5.50 0.9200 6560.4 1.000 0.0000e+00
ACC 32768 16384 2 4 5.50 0.9700 1664.6 0.900 0.0000e+00
ACC 32768 16384 2 4 5.50 0.9700 1664.6 0.940 0.0000e+00
ACC 32768 16384 2 4 5.50 0.9700 1664.6 0.970 0.0000e+00
ACC 32768 16384 2 4 5.50 0.9700 1664.6 1.000 0.0000e+00
ACC 32768 16384 2 4 5.50 0.9700 6560.4 0.900 0.0000e+00
ACC 32768 16384 2 4 5.50 0.9700 6560.4 0.940 0.0000e+00
ACC 32768 16384 2 4 5.50 0.9700 6560.4 0.970 0.0000e+00
ACC 32768 16384 2 4 5.50 0.9700 6560.4 1.000 0.0000e+00
ACC 32768 16384 2 4 5.75 0.8500 1664.6 0.900 0.0000e+00
ACC 32768 16384 2 4 5.75 0.8500 1664.6 0.940 0.0000e+00
ACC 32768 16384 2 4 5.75 0.8500 1664.6 0.970 0.0000e+00
ACC 32768 16384 2 4 5.75 0.8500 1664.6 1.000 0.0000e+00
ACC 32768 16384 2 4 5.75 0.8500 6560.4 0.900 0.0000e+00
ACC 32768 16384 2 4 5.75 0.8500 6560.4 0.940 0.0000e+00
ACC 32768 16384 2 4 5.75 0.8500 6560.4 0.970 0.0000e+00
ACC 32768 16384 2 4 5.75 0.8500 6560.4 1.000 0.0000e+00
ACC 32768 16384 2 4 5.75 0.9200 1664.6 0.900 0.0000e+00
ACC 32768 16384 2 4 5.75 0.9200 1664.6 0.940 0.0000e+00
ACC 32768 16384 2 4 5.75 0.9200 1664.6 0.970 0.0000e+00
ACC 32768 16384 2 4 5.75 0.9200 1664.6 1.000 0.0000e+00
ACC 32768 16384 2 4 5.75 0.9200 6560.4 0.900 0.0000e+00
ACC 32768 16384 2 4 5.75 0.9200 6560.4 0.940 0.0000e+00
ACC 32768 16384 2 4 5.75 0.9200 6560.4 0.970 0.0000e+00
ACC 32768 16384 2 4 5.75 0.9200 6560.4 1.000 0.0000e+00
ACC 32768 16384 2 4 5.75 0.9700 1664.6 0.900 0.0000e+00
ACC 32768 16384 2 4 5.75 0.9700 1664.6 0.940 0.0000e+00
ACC 32768 16384 2 4 5.75 0.9700 1664.6 0.970 0.0000e+00
ACC 32768 16384 2 4 5.75 0.9700 1664.6 1.000 0.0000e+00
ACC 32768 16384 2 4 5.75 0.9700 6560.4 0.900 0.0000e+00
ACC 32768 16384 2 4 5.75 0.9700 6560.4 0.940 0.0000e+00
ACC 32768 16384 2 4 5.75 0.9700 6560.4 0.970 0.0000e+00
ACC 32768 16384 2 4 5.75 0.9700 6560.4 1.000 0.0000e+00
ACC 32768 16384 2 4 6.00 0.8500 1664.6 0.900 0.0000e+00
ACC 32768 16384 2 4 6.00 0.8500 1664.6 0.940 0.0000e+00
ACC 32768 16384 2 4 6.00 0.8500 1664.6 0.970 0.0000e+00
ACC 32768 16384 2 4 6.00 0.8500 1664.6 1.000 0.0000e+00
ACC 32768 16384 2 4 6.00 0.8500 6560.4 0.900 0.0000e+00
ACC 32768 16384 2 4 6.00 0.8500 6560.4 0.940 0.0000e+00
ACC 32768 16384 2 4 6.00 0.8500 6560.4 0.970 0.0000e+00
ACC 32768 16384 2 4 6.00 0.8500 6560.4 1.000 7.3046e-04
ACC 32768 16384 2 4 6.00 0.9200 1664.6 0.900 0.0000e+00
ACC 32768 16384 2 4 6.00 0.9200 1664.6 0.940 0.0000e+00
ACC 32768 16384 2 4 6.00 0.9200 1664.6 0.970 0.0000e+00
ACC 32768 16384 2 4 6.00 0.9200 1664.6 1.000 0.0000e+00
ACC 32768 16384 2 4 6.00 0.9200 6560.4 0.900 0.0000e+00
ACC 32768 16384 2 4 6.00 0.9200 6560.4 0.940 0.0000e+00
ACC 32768 16384 2 4 6.00 0.9200 6560.4 0.970 0.0000e+00
ACC 32768 16384 2 4 6.00 0.9200 6560.4 1.000 7.3046e-04
ACC 32768 16384 2 4 6.00 0.9700 1664.6 0.900 0.0000e+00
ACC 32768 16384 2 4 6.00 0.9700 1664.6 0.940 0.0000e+00
ACC 32768 16384 2 4 6.00 0.9700 1664.6 0.970 0.0000e+00
ACC 32768 16384 2 4 6.00 0.9700 1664.6 1.000 0.0000e+00
ACC 32768 16384 2 4 6.00 0.9700 6560.4 0.900 0.0000e+00
ACC 32768 16384 2 4 6.00 0.9700 6560.4 0.940 0.0000e+00
ACC 32768 16384 2 4 6.00 0.9700 6560.4 0.970 0.0000e+00
ACC 32768 16384 2 4 6.00 0.9700 6560.4 1.000 7.3046e-04
ACC 32768 16384 2 4 6.50 0.8500 1664.6 0.900 0.0000e+00
ACC 32768 16384 2 4 6.50 0.8500 1664.6 0.940 0.0000e+00
ACC 32768 16384 2 4 6.50 0.8500 1664.6 0.970 0.0000e+00
ACC 32768 16384 2 4 6.50 0.8500 1664.6 1.000 0.0000e+00
ACC 32768 16384 2 4 6.50 0.8500 6560.4 0.900 0.0000e+00
ACC 32768 16384 2 4 6.50 0.8500 6560.4 0.940 0.0000e+00
ACC 32768 16384 2 4 6.50 0.8500 6560.4 0.970 0.0000e+00
ACC 32768 16384 2 4 6.50 0.8500 6560.4 1.000 0.0000e+00
ACC 32768 16384 2 4 6.50 0.9200 1664.6 0.900 0.0000e+00
ACC 32768 16384 2 4 6.50 0.9200 1664.6 0.940 0.0000e+00
ACC 32768 16384 2 4 6.50 0.9200 1664.6 0.970 0.0000e+00
ACC 32768 16384 2 4 6.50 0.9200 1664.6 1.000 0.0000e+00
ACC 32768 16384 2 4 6.50 0.9200 6560.4 0.900 0.0000e+00
ACC 32768 16384 2 4 6.50 0.9200 6560.4 0.940 0.0000e+00
ACC 32768 16384 2 4 6.50 0.9200 6560.4 0.970 0.0000e+00
ACC 32768 16384 2 4 6.50 0.9200 6560.4 1.000 0.0000e+00
ACC 32768 16384 2 4 6.50 0.9700 1664.6 0.900 0.0000e+00
ACC 32768 16384 2 4 6.50 0.9700 1664.6 0.940 0.0000e+00
ACC 32768 16384 2 4 6.50 0.9700 1664.6 0.970 0.0000e+00
ACC 32768 16384 2 4 6.50 0.9700 1664.6 1.000 0.0000e+00
ACC 32768 16384 2 4 6.50 0.9700 6560.4 0.900 0.0000e+00
ACC 32768 16384 2 4 6.50 0.9700 6560.4 0.940 0.0000e+00
ACC 32768 16384 2 4 6.50 0.9700 6560.4 0.970 0.0000e+00
ACC 32768 16384 2 4 6.50 0.9700 6560.4 1.000 0.0000e+00
ACC 32768 16384 2 8 5.00 0.8500 1664.6 0.900 0.0000e+00
ACC 32768 16384 2 8 5.00 0.8500 1664.6 0.940 0.0000e+00
ACC 32768 16384 2 8 5.00 0.8500 1664.6 0.970 0.0000e+00
ACC 32768 16384 2 8 5.00 0.8500 1664.6 1.000 0.0000e+00
ACC 32768 16384 2 8 5.00 0.8500 6560.4 0.900 0.0000e+00
ACC 32768 16384 2 8 5.00 0.8500 6560.4 0.940 0.0000e+00
ACC 32768 16384 2 8 5.00 0.8500 6560.4 0.970 0.0000e+00
ACC 32768 16384 2 8 5.00 0.8500 6560.4 1.000 0.0000e+00
ACC 32768 16384 2 8 5.00 0.9200 1664.6 0.900 0.0000e+00
ACC 32768 16384 2 8 5.00 0.9200 1664.6 0.940 0.0000e+00
ACC 32768 16384 2 8 5.00 0.9200 1664.6 0.970 0.0000e+00
ACC 32768 16384 2 8 5.00 0.9200 1664.6 1.000 0.0000e+00
ACC 32768 16384 2 8 5.00 0.9200 6560.4 0.900 0.0000e+00
ACC 32768 16384 2 8 5.00 0.9200 6560.4 0.940 0.0000e+00
ACC 32768 16384 2 8 5.00 0.9200 6560.4 0.970 0.0000e+00
ACC 32768 16384 2 8 5.00 0.9200 6560.4 1.000 0.0000e+00
ACC 32768 16384 2 8 5.00 0.9700 1664.6 0.900 0.0000e+00
ACC 32768 16384 2 8 5.00 0.9700 1664.6 0.940 0.0000e+00
ACC 32768 16384 2 8 5.00 0.9700 1664.6 0.970 0.0000e+00
ACC 32768 16384 2 8 5.00 0.9700 1664.6 1.000 0.0000e+00
ACC 32768 16384 2 8 5.00 0.9700 6560.4 0.900 0.0000e+00
ACC 32768 16384 2 8 5.00 0.9700 6560.4 0.940 0.0000e+00
ACC 32768 16384 2 8 5.00 0.9700 6560.4 0.970 0.0000e+00
ACC 32768 16384 2 8 5.00 0.9700 6560.4 1.000 0.0000e+00
ACC 32768 16384 2 8 5.50 0.8500 1664.6 0.900 0.0000e+00
ACC 32768 16384 2 8 5.50 0.8500 1664.6 0.940 0.0000e+00
ACC 32768 16384 2 8 5.50 0.8500 1664.6 0.970 0.0000e+00
ACC 32768 16384 2 8 5.50 0.8500 1664.6 1.000 0.0000e+00
ACC 32768 16384 2 8 5.50 0.8500 6560.4 0.900 0.0000e+00
ACC 32768 16384 2 8 5.50 0.8500 6560.4 0.940 0.0000e+00
ACC 32768 16384 2 8 5.50 0.8500 6560.4 0.970 0.0000e+00
ACC 32768 16384 2 8 5.50 0.8500 6560.4 1.000 0.0000e+00
ACC 32768 16384 2 8 5.50 0.9200 1664.6 0.900 0.0000e+00
ACC 32768 16384 2 8 5.50 0.9200 1664.6 0.940 0.0000e+00
ACC 32768 16384 2 8 5.50 0.9200 1664.6 0.970 0.0000e+00
ACC 32768 16384 2 8 5.50 0.9200 1664.6 1.000 0.0000e+00
ACC 32768 16384 2 8 5.50 0.9200 6560.4 0.900 0.0000e+00
ACC 32768 16384 2 8 5.50 0.9200 6560.4 0.940 0.0000e+00
ACC 32768 16384 2 8 5.50 0.9200 6560.4 0.970 0.0000e+00
ACC 32768 16384 2 8 5.50 0.9200 6560.4 1.000 0.0000e+00
ACC 32768 16384 2 8 5.50 0.9700 1664.6 0.900 0.0000e+00
ACC 32768 16384 2 8 5.50 0.9700 1664.6 0.940 0.0000e+00
ACC 32768 16384 2 8 5.50 0.9700 1664.6 0.970 0.0000e+00
ACC 32768 16384 2 8 5.50 0.9700 1664.6 1.000 0.0000e+00
ACC 32768 16384 2 8 5.50 0.9700 6560.4 0.900 0.0000e+00
ACC 32768 16384 2 8 5.50 0.9700 6560.4 0.940 0.0000e+00
ACC 32768 16384 2 8 5.50 0.9700 6560.4 0.970 0.0000e+00
ACC 32768 16384 2 8 5.50 0.9700 6560.4 1.000 0.0000e+00
ACC 32768 16384 2 8 5.75 0.8500 1664.6 0.900 0.0000e+00
ACC 32768 16384 2 8 5.75 0.8500 1664.6 0.940 0.0000e+00
ACC 32768 16384 2 8 5.75 0.8500 1664.6 0.970 0.0000e+00
ACC 32768 16384 2 8 5.75 0.8500 1664.6 1.000 0.0000e+00
ACC 32768 16384 2 8 5.75 0.8500 6560.4 0.900 0.0000e+00
ACC 32768 16384 2 8 5.75 0.8500 6560.4 0.940 0.0000e+00
ACC 32768 16384 2 8 5.75 0.8500 6560.4 0.970 0.0000e+00
ACC 32768 16384 2 8 5.75 0.8500 6560.4 1.000 0.0000e+00
ACC 32768 16384 2 8 5.75 0.9200 1664.6 0.900 0.0000e+00
ACC 32768 16384 2 8 5.75 0.9200 1664.6 0.940 0.0000e+00
ACC 32768 16384 2 8 5.75 0.9200 1664.6 0.970 0.0000e+00
ACC 32768 16384 2 8 5.75 0.9200 1664.6 1.000 0.0000e+00
ACC 32768 16384 2 8 5.75 0.9200 6560.4 0.900 0.0000e+00
ACC 32768 16384 2 8 5.75 0.9200 6560.4 0.940 0.0000e+00
ACC 32768 16384 2 8 5.75 0.9200 6560.4 0.970 0.0000e+00
ACC 32768 16384 2 8 5.75 0.9200 6560.4 1.000 0.0000e+00
ACC 32768 16384 2 8 5.75 0.9700 1664.6 0.900 0.0000e+00
ACC 32768 16384 2 8 5.75 0.9700 1664.6 0.940 0.0000e+00
ACC 32768 16384 2 8 5.75 0.9700 1664.6 0.970 0.0000e+00
ACC 32768 16384 2 8 5.75 0.9700 1664.6 1.000 0.0000e+00
ACC 32768 16384 2 8 5.75 0.9700 6560.4 0.900 0.0000e+00
ACC 32768 16384 2 8 5.75 0.9700 6560.4 0.940 0.0000e+00
ACC 32768 16384 2 8 5.75 0.9700 6560.4 0.970 0.0000e+00
ACC 32768 16384 2 8 5.75 0.9700 6560.4 1.000 0.0000e+00
ACC 32768 16384 2 8 6.00 0.8500 1664.6 0.900 0.0000e+00
ACC 32768 16384 2 8 6.00 0.8500 1664.6 0.940 0.0000e+00
ACC 32768 16384 2 8 6.00 0.8500 1664.6 0.970 0.0000e+00
ACC 32768 16384 2 8 6.00 0.8500 1664.6 1.000 0.0000e+00
ACC 32768 16384 2 8 6.00 0.8500 6560.4 0.900 0.0000e+00
ACC 32768 16384 2 8 6.00 0.8500 6560.4 0.940 0.0000e+00
ACC 32768 16384 2 8 6.00 0.8500 6560.4 0.970 0.0000e+00
ACC 32768 16384 2 8 6.00 0.8500 6560.4 1.000 7.3046e-04
ACC 32768 16384 2 8 6.00 0.9200 1664.6 0.900 0.0000e+00
ACC 32768 16384 2 8 6.00 0.9200 1664.6 0.940 0.0000e+00
ACC 32768 16384 2 8 6.00 0.9200 1664.6 0.970 0.0000e+00
ACC 32768 16384 2 8 6.00 0.9200 1664.6 1.000 0.0000e+00
ACC 32768 16384 2 8 6.00 0.9200 6560.4 0.900 0.0000e+00
ACC 32768 16384 2 8 6.00 0.9200 6560.4 0.940 0.0000e+00
ACC 32768 16384 2 8 6.00 0.9200 6560.4 0.970 0.0000e+00
ACC 32768 16384 2 8 6.00 0.9200 6560.4 1.000 7.3046e-04
ACC 32768 16384 2 8 6.00 0.9700 1664.6 0.900 0.0000e+00
ACC 32768 16384 2 8 6.00 0.9700 1664.6 0.940 0.0000e+00
ACC 32768 16384 2 8 6.00 0.9700 1664.6 0.970 0.0000e+00
ACC 32768 16384 2 8 6.00 0.9700 1664.6 1.000 0.0000e+00
ACC 32768 16384 2 8 6.00 0.9700 6560.4 0.900 0.0000e+00
ACC 32768 16384 2 8 6.00 0.9700 6560.4 0.940 0.0000e+00
ACC 32768 16384 2 8 6.00 0.9700 6560.4 0.970 0.0000e+00
ACC 32768 16384 2 8 6.00 0.9700 6560.4 1.000 7.3046e-04
ACC 32768 16384 2 8 6.50 0.8500 1664.6 0.900 0.0000e+00
ACC 32768 16384 2 8 6.50 0.8500 1664.6 0.940 0.0000e+00
ACC 32768 16384 2 8 6.50 0.8500 1664.6 0.970 0.0000e+00
ACC 32768 16384 2 8 6.50 0.8500 1664.6 1.000 0.0000e+00
ACC 32768 16384 2 8 6.50 0.8500 6560.4 0.900 0.0000e+00
ACC 32768 16384 2 8 6.50 0.8500 6560.4 0.940 0.0000e+00
ACC 32768 16384 2 8 6.50 0.8500 6560.4 0.970 0.0000e+00
ACC 32768 16384 2 8 6.50 0.8500 6560.4 1.000 0.0000e+00
ACC 32768 16384 2 8 6.50 0.9200 1664.6 0.900 0.0000e+00
ACC 32768 16384 2 8 6.50 0.9200 1664.6 0.940 0.0000e+00
ACC 32768 16384 2 8 6.50 0.9200 1664.6 0.970 0.0000e+00
ACC 32768 16384 2 8 6.50 0.9200 1664.6 1.000 0.0000e+00
ACC 32768 16384 2 8 6.50 0.9200 6560.4 0.900 0.0000e+00
ACC 32768 16384 2 8 6.50 0.9200 6560.4 0.940 0.0000e+00
ACC 32768 16384 2 8 6.50 0.9200 6560.4 0.970 0.0000e+00
ACC 32768 16384 2 8 6.50 0.9200 6560.4 1.000 0.0000e+00
ACC 32768 16384 2 8 6.50 0.9700 1664.6 0.900 0.0000e+00
ACC 32768 16384 2 8 6.50 0.9700 1664.6 0.940 0.0000e+00
ACC 32768 16384 2 8 6.50 0.9700 1664.6 0.970 0.0000e+00
ACC 32768 16384 2 8 6.50 0.9700 1664.6 1.000 0.0000e+00
ACC 32768 16384 2 8 6.50 0.9700 6560.4 0.900 0.0000e+00
ACC 32768 16384 2 8 6.50 0.9700 6560.4 0.940 0.0000e+00
ACC 32768 16384 2 8 6.50 0.9700 6560.4 0.970 0.0000e+00
ACC 32768 16384 2 8 6.50 0.9700 6560.4 1.000 0.0000e+00
ACC 65536 256 2 4 5.00 0.8500 25.6 0.900 0.0000e+00
ACC 65536 256 2 4 5.00 0.8500 25.6 0.940 0.0000e+00
ACC 65536 256 2 4 5.00 0.8500 25.6 0.970 0.0000e+00
ACC 65536 256 2 4 5.00 0.8500 25.6 1.000 0.0000e+00
ACC 65536 256 2 4 5.00 0.8500 103.0 0.900 0.0000e+00
ACC 65536 256 2 4 5.00 0.8500 103.0 0.940 0.0000e+00
ACC 65536 256 2 4 5.00 0.8500 103.0 0.970 0.0000e+00
ACC 65536 256 2 4 5.00 0.8500 103.0 1.000 0.0000e+00
ACC 65536 256 2 4 5.00 0.9200 25.6 0.900 0.0000e+00
ACC 65536 256 2 4 5.00 0.9200 25.6 0.940 0.0000e+00
ACC 65536 256 2 4 5.00 0.9200 25.6 0.970 0.0000e+00
ACC 65536 256 2 4 5.00 0.9200 25.6 1.000 0.0000e+00
ACC 65536 256 2 4 5.00 0.9200 103.0 0.900 0.0000e+00
ACC 65536 256 2 4 5.00 0.9200 103.0 0.940 0.0000e+00
ACC 65536 256 2 4 5.00 0.9200 103.0 0.970 0.0000e+00
ACC 65536 256 2 4 5.00 0.9200 103.0 1.000 0.0000e+00
ACC 65536 256 2 4 5.00 0.9700 25.6 0.900 0.0000e+00
ACC 65536 256 2 4 5.00 0.9700 25.6 0.940 0.0000e+00
ACC 65536 256 2 4 5.00 0.9700 25.6 0.970 0.0000e+00
ACC 65536 256 2 4 5.00 0.9700 25.6 1.000 5.7604e-04
ACC 65536 256 2 4 5.00 0.9700 103.0 0.900 0.0000e+00
ACC 65536 256 2 4 5.00 0.9700 103.0 0.940 0.0000e+00
ACC 65536 256 2 4 5.00 0.9700 103.0 0.970 0.0000e+00
ACC 65536 256 2 4 5.00 0.9700 103.0 1.000 0.0000e+00
ACC 65536 256 2 4 5.50 0.8500 25.6 0.900 0.0000e+00
ACC 65536 256 2 4 5.50 0.8500 25.6 0.940 0.0000e+00
ACC 65536 256 2 4 5.50 0.8500 25.6 0.970 0.0000e+00
ACC 65536 256 2 4 5.50 0.8500 25.6 1.000 0.0000e+00
ACC 65536 256 2 4 5.50 0.8500 103.0 0.900 0.0000e+00
ACC 65536 256 2 4 5.50 0.8500 103.0 0.940 0.0000e+00
ACC 65536 256 2 4 5.50 0.8500 103.0 0.970 0.0000e+00
ACC 65536 256 2 4 5.50 0.8500 103.0 1.000 0.0000e+00
ACC 65536 256 2 4 5.50 0.9200 25.6 0.900 0.0000e+00
ACC 65536 256 2 4 5.50 0.9200 25.6 0.940 0.0000e+00
ACC 65536 256 2 4 5.50 0.9200 25.6 0.970 0.0000e+00
ACC 65536 256 2 4 5.50 0.9200 25.6 1.000 0.0000e+00
ACC 65536 256 2 4 5.50 0.9200 103.0 0.900 0.0000e+00
ACC 65536 256 2 4 5.50 0.9200 103.0 0.940 0.0000e+00
ACC 65536 256 2 4 5.50 0.9200 103.0 0.970 0.0000e+00
ACC 65536 256 2 4 5.50 0.9200 103.0 1.000 0.0000e+00
ACC 65536 256 2 4 5.50 0.9700 25.6 0.900 0.0000e+00
ACC 65536 256 2 4 5.50 0.9700 25.6 0.940 0.0000e+00
ACC 65536 256 2 4 5.50 0.9700 25.6 0.970 0.0000e+00
ACC 65536 256 2 4 5.50 0.9700 25.6 1.000 5.8893e-04
ACC 65536 256 2 4 5.50 0.9700 103.0 0.900 0.0000e+00
ACC 65536 256 2 4 5.50 0.9700 103.0 0.940 0.0000e+00
ACC 65536 256 2 4 5.50 0.9700 103.0 0.970 0.0000e+00
ACC 65536 256 2 4 5.50 0.9700 103.0 1.000 0.0000e+00
ACC 65536 256 2 4 6.00 0.8500 25.6 0.900 0.0000e+00
ACC 65536 256 2 4 6.00 0.8500 25.6 0.940 0.0000e+00
ACC 65536 256 2 4 6.00 0.8500 25.6 0.970 0.0000e+00
ACC 65536 256 2 4 6.00 0.8500 25.6 1.000 0.0000e+00
ACC 65536 256 2 4 6.00 0.8500 103.0 0.900 0.0000e+00
ACC 65536 256 2 4 6.00 0.8500 103.0 0.940 0.0000e+00
ACC 65536 256 2 4 6.00 0.8500 103.0 0.970 0.0000e+00
ACC 65536 256 2 4 6.00 0.8500 103.0 1.000 0.0000e+00
ACC 65536 256 2 4 6.00 0.9200 25.6 0.900 0.0000e+00
ACC 65536 256 2 4 6.00 0.9200 25.6 0.940 0.0000e+00
ACC 65536 256 2 4 6.00 0.9200 25.6 0.970 0.0000e+00
ACC 65536 256 2 4 6.00 0.9200 25.6 1.000 0.0000e+00
ACC 65536 256 2 4 6.00 0.9200 103.0 0.900 0.0000e+00
ACC 65536 256 2 4 6.00 0.9200 103.0 0.940 0.0000e+00
ACC 65536 256 2 4 6.00 0.9200 103.0 0.970 0.0000e+00
ACC 65536 256 2 4 6.00 0.9200 103.0 1.000 0.0000e+00
ACC 65536 256 2 4 6.00 0.9700 25.6 0.900 0.0000e+00
ACC 65536 256 2 4 6.00 0.9700 25.6 0.940 0.0000e+00
ACC 65536 256 2 4 6.00 0.9700 25.6 0.970 0.0000e+00
ACC 65536 256 2 4 6.00 0.9700 25.6 1.000 6.0168e-04
ACC 65536 256 2 4 6.00 0.9700 103.0 0.900 0.0000e+00
ACC 65536 256 2 4 6.00 0.9700 103.0 0.940 0.0000e+00
ACC 65536 256 2 4 6.00 0.9700 103.0 0.970 0.0000e+00
ACC 65536 256 2 4 6.00 0.9700 103.0 1.000 0.0000e+00
ACC 65536 256 2 4 6.50 0.8500 25.6 0.900 0.0000e+00
ACC 65536 256 2 4 6.50 0.8500 25.6 0.940 0.0000e+00
ACC 65536 256 2 4 6.50 0.8500 25.6 0.970 0.0000e+00
ACC 65536 256 2 4 6.50 0.8500 25.6 1.000 0.0000e+00
ACC 65536 256 2 4 6.50 0.8500 103.0 0.900 0.0000e+00
ACC 65536 256 2 4 6.50 0.8500 103.0 0.940 0.0000e+00
ACC 65536 256 2 4 6.50 0.8500 103.0 0.970 0.0000e+00
ACC 65536 256 2 4 6.50 0.8500 103.0 1.000 0.0000e+00
ACC 65536 256 2 4 6.50 0.9200 25.6 0.900 0.0000e+00
ACC 65536 256 2 4 6.50 0.9200 25.6 0.940 0.0000e+00
ACC 65536 256 2 4 6.50 0.9200 25.6 0.970 0.0000e+00
ACC 65536 256 2 4 6.50 0.9200 25.6 1.000 0.0000e+00
ACC 65536 256 2 4 6.50 0.9200 103.0 0.900 0.0000e+00
ACC 65536 256 2 4 6.50 0.9200 103.0 0.940 0.0000e+00
ACC 65536 256 2 4 6.50 0.9200 103.0 0.970 0.0000e+00
ACC 65536 256 2 4 6.50 0.9200 103.0 1.000 0.0000e+00
ACC 65536 256 2 4 6.50 0.9700 25.6 0.900 0.0000e+00
ACC 65536 256 2 4 6.50 0.9700 25.6 0.940 0.0000e+00
ACC 65536 256 2 4 6.50 0.9700 25.6 0.970 0.0000e+00
ACC 65536 256 2 4 6.50 0.9700 25.6 1.000 6.1312e-04
ACC 65536 256 2 4 6.50 0.9700 103.0 0.900 0.0000e+00
ACC 65536 256 2 4 6.50 0.9700 103.0 0.940 0.0000e+00
ACC 65536 256 2 4 6.50 0.9700 103.0 0.970 0.0000e+00
ACC 65536 256 2 4 6.50 0.9700 103.0 1.000 0.0000e+00
ACC 65536 256 2 8 5.00 0.8500 25.6 0.900 0.0000e+00
ACC 65536 256 2 8 5.00 0.8500 25.6 0.940 0.0000e+00
ACC 65536 256 2 8 5.00 0.8500 25.6 0.970 0.0000e+00
ACC 65536 256 2 8 5.00 0.8500 25.6 1.000 5.6689e-04
ACC 65536 256 2 8 5.00 0.8500 103.0 0.900 0.0000e+00
ACC 65536 256 2 8 5.00 0.8500 103.0 0.940 0.0000e+00
ACC 65536 256 2 8 5.00 0.8500 103.0 0.970 6.1013e-04
ACC 65536 256 2 8 5.00 0.8500 103.0 1.000 1.8304e-03
ACC 65536 256 2 8 5.00 0.9200 25.6 0.900 0.0000e+00
ACC 65536 256 2 8 5.00 0.9200 25.6 0.940 0.0000e+00
ACC 65536 256 2 8 5.00 0.9200 25.6 0.970 0.0000e+00
ACC 65536 256 2 8 5.00 0.9200 25.6 1.000 0.0000e+00
ACC 65536 256 2 8 5.00 0.9200 103.0 0.900 0.0000e+00
ACC 65536 256 2 8 5.00 0.9200 103.0 0.940 0.0000e+00
ACC 65536 256 2 8 5.00 0.9200 103.0 0.970 0.0000e+00
ACC 65536 256 2 8 5.00 0.9200 103.0 1.000 6.0716e-04
ACC 65536 256 2 8 5.00 0.9700 25.6 0.900 0.0000e+00
ACC 65536 256 2 8 5.00 0.9700 25.6 0.940 0.0000e+00
ACC 65536 256 2 8 5.00 0.9700 25.6 0.970 0.0000e+00
ACC 65536 256 2 8 5.00 0.9700 25.6 1.000 2.8802e-03
ACC 65536 256 2 8 5.00 0.9700 103.0 0.900 0.0000e+00
ACC 65536 256 2 8 5.00 0.9700 103.0 0.940 0.0000e+00
ACC 65536 256 2 8 5.00 0.9700 103.0 0.970 6.1087e-04
ACC 65536 256 2 8 5.00 0.9700 103.0 1.000 4.2761e-03
ACC 65536 256 2 8 5.50 0.8500 25.6 0.900 0.0000e+00
ACC 65536 256 2 8 5.50 0.8500 25.6 0.940 0.0000e+00
ACC 65536 256 2 8 5.50 0.8500 25.6 0.970 0.0000e+00
ACC 65536 256 2 8 5.50 0.8500 25.6 1.000 1.1848e-03
ACC 65536 256 2 8 5.50 0.8500 103.0 0.900 0.0000e+00
ACC 65536 256 2 8 5.50 0.8500 103.0 0.940 0.0000e+00
ACC 65536 256 2 8 5.50 0.8500 103.0 0.970 1.2682e-03
ACC 65536 256 2 8 5.50 0.8500 103.0 1.000 3.1706e-03
ACC 65536 256 2 8 5.50 0.9200 25.6 0.900 0.0000e+00
ACC 65536 256 2 8 5.50 0.9200 25.6 0.940 0.0000e+00
ACC 65536 256 2 8 5.50 0.9200 25.6 0.970 0.0000e+00
ACC 65536 256 2 8 5.50 0.9200 25.6 1.000 0.0000e+00
ACC 65536 256 2 8 5.50 0.9200 103.0 0.900 0.0000e+00
ACC 65536 256 2 8 5.50 0.9200 103.0 0.940 0.0000e+00
ACC 65536 256 2 8 5.50 0.9200 103.0 0.970 0.0000e+00
ACC 65536 256 2 8 5.50 0.9200 103.0 1.000 6.2657e-04
ACC 65536 256 2 8 5.50 0.9700 25.6 0.900 0.0000e+00
ACC 65536 256 2 8 5.50 0.9700 25.6 0.940 0.0000e+00
ACC 65536 256 2 8 5.50 0.9700 25.6 0.970 5.8893e-04
ACC 65536 256 2 8 5.50 0.9700 25.6 1.000 1.1779e-03
ACC 65536 256 2 8 5.50 0.9700 103.0 0.900 0.0000e+00
ACC 65536 256 2 8 5.50 0.9700 103.0 0.940 0.0000e+00
ACC 65536 256 2 8 5.50 0.9700 103.0 0.970 6.2735e-04
ACC 65536 256 2 8 5.50 0.9700 103.0 1.000 4.3915e-03
ACC 65536 256 2 8 6.00 0.8500 25.6 0.900 0.0000e+00
ACC 65536 256 2 8 6.00 0.8500 25.6 0.940 0.0000e+00
ACC 65536 256 2 8 6.00 0.8500 25.6 0.970 0.0000e+00
ACC 65536 256 2 8 6.00 0.8500 25.6 1.000 6.1920e-04
ACC 65536 256 2 8 6.00 0.8500 103.0 0.900 0.0000e+00
ACC 65536 256 2 8 6.00 0.8500 103.0 0.940 0.0000e+00
ACC 65536 256 2 8 6.00 0.8500 103.0 0.970 1.3080e-03
ACC 65536 256 2 8 6.00 0.8500 103.0 1.000 3.2701e-03
ACC 65536 256 2 8 6.00 0.9200 25.6 0.900 0.0000e+00
ACC 65536 256 2 8 6.00 0.9200 25.6 0.940 0.0000e+00
ACC 65536 256 2 8 6.00 0.9200 25.6 0.970 0.0000e+00
ACC 65536 256 2 8 6.00 0.9200 25.6 1.000 0.0000e+00
ACC 65536 256 2 8 6.00 0.9200 103.0 0.900 0.0000e+00
ACC 65536 256 2 8 6.00 0.9200 103.0 0.940 0.0000e+00
ACC 65536 256 2 8 6.00 0.9200 103.0 0.970 0.0000e+00
ACC 65536 256 2 8 6.00 0.9200 103.0 1.000 1.2788e-03
ACC 65536 256 2 8 6.00 0.9700 25.6 0.900 0.0000e+00
ACC 65536 256 2 8 6.00 0.9700 25.6 0.940 0.0000e+00
ACC 65536 256 2 8 6.00 0.9700 25.6 0.970 6.0168e-04
ACC 65536 256 2 8 6.00 0.9700 25.6 1.000 6.0168e-04
ACC 65536 256 2 8 6.00 0.9700 103.0 0.900 0.0000e+00
ACC 65536 256 2 8 6.00 0.9700 103.0 0.940 0.0000e+00
ACC 65536 256 2 8 6.00 0.9700 103.0 0.970 6.3898e-04
ACC 65536 256 2 8 6.00 0.9700 103.0 1.000 5.1118e-03
ACC 65536 256 2 8 6.50 0.8500 25.6 0.900 0.0000e+00
ACC 65536 256 2 8 6.50 0.8500 25.6 0.940 0.0000e+00
ACC 65536 256 2 8 6.50 0.8500 25.6 0.970 0.0000e+00
ACC 65536 256 2 8 6.50 0.8500 25.6 1.000 0.0000e+00
ACC 65536 256 2 8 6.50 0.8500 103.0 0.900 0.0000e+00
ACC 65536 256 2 8 6.50 0.8500 103.0 0.940 0.0000e+00
ACC 65536 256 2 8 6.50 0.8500 103.0 0.970 6.6711e-04
ACC 65536 256 2 8 6.50 0.8500 103.0 1.000 2.6684e-03
ACC 65536 256 2 8 6.50 0.9200 25.6 0.900 0.0000e+00
ACC 65536 256 2 8 6.50 0.9200 25.6 0.940 0.0000e+00
ACC 65536 256 2 8 6.50 0.9200 25.6 0.970 0.0000e+00
ACC 65536 256 2 8 6.50 0.9200 25.6 1.000 0.0000e+00
ACC 65536 256 2 8 6.50 0.9200 103.0 0.900 0.0000e+00
ACC 65536 256 2 8 6.50 0.9200 103.0 0.940 0.0000e+00
ACC 65536 256 2 8 6.50 0.9200 103.0 0.970 0.0000e+00
ACC 65536 256 2 8 6.50 0.9200 103.0 1.000 1.3004e-03
ACC 65536 256 2 8 6.50 0.9700 25.6 0.900 0.0000e+00
ACC 65536 256 2 8 6.50 0.9700 25.6 0.940 0.0000e+00
ACC 65536 256 2 8 6.50 0.9700 25.6 0.970 6.1312e-04
ACC 65536 256 2 8 6.50 0.9700 25.6 1.000 1.2262e-03
ACC 65536 256 2 8 6.50 0.9700 103.0 0.900 0.0000e+00
ACC 65536 256 2 8 6.50 0.9700 103.0 0.940 0.0000e+00
ACC 65536 256 2 8 6.50 0.9700 103.0 0.970 6.5147e-04
ACC 65536 256 2 8 6.50 0.9700 103.0 1.000 5.8632e-03
ACC 65536 512 2 4 5.00 0.8500 50.6 0.900 0.0000e+00
ACC 65536 512 2 4 5.00 0.8500 50.6 0.940 0.0000e+00
ACC 65536 512 2 4 5.00 0.8500 50.6 0.970 5.8651e-04
ACC 65536 512 2 4 5.00 0.8500 50.6 1.000 5.8651e-04
ACC 65536 512 2 4 5.00 0.8500 205.5 0.900 0.0000e+00
ACC 65536 512 2 4 5.00 0.8500 205.5 0.940 0.0000e+00
ACC 65536 512 2 4 5.00 0.8500 205.5 0.970 0.0000e+00
ACC 65536 512 2 4 5.00 0.8500 205.5 1.000 0.0000e+00
ACC 65536 512 2 4 5.00 0.9200 50.6 0.900 0.0000e+00
ACC 65536 512 2 4 5.00 0.9200 50.6 0.940 0.0000e+00
ACC 65536 512 2 4 5.00 0.9200 50.6 0.970 0.0000e+00
ACC 65536 512 2 4 5.00 0.9200 50.6 1.000 0.0000e+00
ACC 65536 512 2 4 5.00 0.9200 205.5 0.900 0.0000e+00
ACC 65536 512 2 4 5.00 0.9200 205.5 0.940 0.0000e+00
ACC 65536 512 2 4 5.00 0.9200 205.5 0.970 0.0000e+00
ACC 65536 512 2 4 5.00 0.9200 205.5 1.000 0.0000e+00
ACC 65536 512 2 4 5.00 0.9700 50.6 0.900 0.0000e+00
ACC 65536 512 2 4 5.00 0.9700 50.6 0.940 0.0000e+00
ACC 65536 512 2 4 5.00 0.9700 50.6 0.970 0.0000e+00
ACC 65536 512 2 4 5.00 0.9700 50.6 1.000 0.0000e+00
ACC 65536 512 2 4 5.00 0.9700 205.5 0.900 0.0000e+00
ACC 65536 512 2 4 5.00 0.9700 205.5 0.940 0.0000e+00
ACC 65536 512 2 4 5.00 0.9700 205.5 0.970 0.0000e+00
ACC 65536 512 2 4 5.00 0.9700 205.5 1.000 0.0000e+00
ACC 65536 512 2 4 5.50 0.8500 50.6 0.900 6.1463e-04
ACC 65536 512 2 4 5.50 0.8500 50.6 0.940 6.1463e-04
ACC 65536 512 2 4 5.50 0.8500 50.6 0.970 6.1463e-04
ACC 65536 512 2 4 5.50 0.8500 50.6 1.000 6.1463e-04
ACC 65536 512 2 4 5.50 0.8500 205.5 0.900 0.0000e+00
ACC 65536 512 2 4 5.50 0.8500 205.5 0.940 0.0000e+00
ACC 65536 512 2 4 5.50 0.8500 205.5 0.970 0.0000e+00
ACC 65536 512 2 4 5.50 0.8500 205.5 1.000 0.0000e+00
ACC 65536 512 2 4 5.50 0.9200 50.6 0.900 0.0000e+00
ACC 65536 512 2 4 5.50 0.9200 50.6 0.940 0.0000e+00
ACC 65536 512 2 4 5.50 0.9200 50.6 0.970 0.0000e+00
ACC 65536 512 2 4 5.50 0.9200 50.6 1.000 0.0000e+00
ACC 65536 512 2 4 5.50 0.9200 205.5 0.900 0.0000e+00
ACC 65536 512 2 4 5.50 0.9200 205.5 0.940 0.0000e+00
ACC 65536 512 2 4 5.50 0.9200 205.5 0.970 0.0000e+00
ACC 65536 512 2 4 5.50 0.9200 205.5 1.000 0.0000e+00
ACC 65536 512 2 4 5.50 0.9700 50.6 0.900 0.0000e+00
ACC 65536 512 2 4 5.50 0.9700 50.6 0.940 0.0000e+00
ACC 65536 512 2 4 5.50 0.9700 50.6 0.970 0.0000e+00
ACC 65536 512 2 4 5.50 0.9700 50.6 1.000 0.0000e+00
ACC 65536 512 2 4 5.50 0.9700 205.5 0.900 0.0000e+00
ACC 65536 512 2 4 5.50 0.9700 205.5 0.940 0.0000e+00
ACC 65536 512 2 4 5.50 0.9700 205.5 0.970 0.0000e+00
ACC 65536 512 2 4 5.50 0.9700 205.5 1.000 0.0000e+00
ACC 65536 512 2 4 6.00 0.8500 50.6 0.900 0.0000e+00
ACC 65536 512 2 4 6.00 0.8500 50.6 0.940 0.0000e+00
ACC 65536 512 2 4 6.00 0.8500 50.6 0.970 0.0000e+00
ACC 65536 512 2 4 6.00 0.8500 50.6 1.000 0.0000e+00
ACC 65536 512 2 4 6.00 0.8500 205.5 0.900 0.0000e+00
ACC 65536 512 2 4 6.00 0.8500 205.5 0.940 0.0000e+00
ACC 65536 512 2 4 6.00 0.8500 205.5 0.970 0.0000e+00
ACC 65536 512 2 4 6.00 0.8500 205.5 1.000 0.0000e+00
ACC 65536 512 2 4 6.00 0.9200 50.6 0.900 0.0000e+00
ACC 65536 512 2 4 6.00 0.9200 50.6 0.940 0.0000e+00
ACC 65536 512 2 4 6.00 0.9200 50.6 0.970 0.0000e+00
ACC 65536 512 2 4 6.00 0.9200 50.6 1.000 0.0000e+00
ACC 65536 512 2 4 6.00 0.9200 205.5 0.900 0.0000e+00
ACC 65536 512 2 4 6.00 0.9200 205.5 0.940 0.0000e+00
ACC 65536 512 2 4 6.00 0.9200 205.5 0.970 0.0000e+00
ACC 65536 512 2 4 6.00 0.9200 205.5 1.000 0.0000e+00
ACC 65536 512 2 4 6.00 0.9700 50.6 0.900 0.0000e+00
ACC 65536 512 2 4 6.00 0.9700 50.6 0.940 0.0000e+00
ACC 65536 512 2 4 6.00 0.9700 50.6 0.970 0.0000e+00
ACC 65536 512 2 4 6.00 0.9700 50.6 1.000 0.0000e+00
ACC 65536 512 2 4 6.00 0.9700 205.5 0.900 0.0000e+00
ACC 65536 512 2 4 6.00 0.9700 205.5 0.940 0.0000e+00
ACC 65536 512 2 4 6.00 0.9700 205.5 0.970 0.0000e+00
ACC 65536 512 2 4 6.00 0.9700 205.5 1.000 0.0000e+00
ACC 65536 512 2 4 6.50 0.8500 50.6 0.900 0.0000e+00
ACC 65536 512 2 4 6.50 0.8500 50.6 0.940 0.0000e+00
ACC 65536 512 2 4 6.50 0.8500 50.6 0.970 0.0000e+00
ACC 65536 512 2 4 6.50 0.8500 50.6 1.000 0.0000e+00
ACC 65536 512 2 4 6.50 0.8500 205.5 0.900 0.0000e+00
ACC 65536 512 2 4 6.50 0.8500 205.5 0.940 0.0000e+00
ACC 65536 512 2 4 6.50 0.8500 205.5 0.970 0.0000e+00
ACC 65536 512 2 4 6.50 0.8500 205.5 1.000 0.0000e+00
ACC 65536 512 2 4 6.50 0.9200 50.6 0.900 0.0000e+00
ACC 65536 512 2 4 6.50 0.9200 50.6 0.940 0.0000e+00
ACC 65536 512 2 4 6.50 0.9200 50.6 0.970 0.0000e+00
ACC 65536 512 2 4 6.50 0.9200 50.6 1.000 0.0000e+00
ACC 65536 512 2 4 6.50 0.9200 205.5 0.900 0.0000e+00
ACC 65536 512 2 4 6.50 0.9200 205.5 0.940 0.0000e+00
ACC 65536 512 2 4 6.50 0.9200 205.5 0.970 0.0000e+00
ACC 65536 512 2 4 6.50 0.9200 205.5 1.000 0.0000e+00
ACC 65536 512 2 4 6.50 0.9700 50.6 0.900 0.0000e+00
ACC 65536 512 2 4 6.50 0.9700 50.6 0.940 0.0000e+00
ACC 65536 512 2 4 6.50 0.9700 50.6 0.970 0.0000e+00
ACC 65536 512 2 4 6.50 0.9700 50.6 1.000 0.0000e+00
ACC 65536 512 2 4 6.50 0.9700 205.5 0.900 0.0000e+00
ACC 65536 512 2 4 6.50 0.9700 205.5 0.940 0.0000e+00
ACC 65536 512 2 4 6.50 0.9700 205.5 0.970 0.0000e+00
ACC 65536 512 2 4 6.50 0.9700 205.5 1.000 0.0000e+00
ACC 65536 512 2 8 5.00 0.8500 50.6 0.900 0.0000e+00
ACC 65536 512 2 8 5.00 0.8500 50.6 0.940 0.0000e+00
ACC 65536 512 2 8 5.00 0.8500 50.6 0.970 5.8651e-04
ACC 65536 512 2 8 5.00 0.8500 50.6 1.000 5.8651e-04
ACC 65536 512 2 8 5.00 0.8500 205.5 0.900 0.0000e+00
ACC 65536 512 2 8 5.00 0.8500 205.5 0.940 0.0000e+00
ACC 65536 512 2 8 5.00 0.8500 205.5 0.970 6.3898e-04
ACC 65536 512 2 8 5.00 0.8500 205.5 1.000 6.3898e-04
ACC 65536 512 2 8 5.00 0.9200 50.6 0.900 0.0000e+00
ACC 65536 512 2 8 5.00 0.9200 50.6 0.940 0.0000e+00
ACC 65536 512 2 8 5.00 0.9200 50.6 0.970 0.0000e+00
ACC 65536 512 2 8 5.00 0.9200 50.6 1.000 5.8072e-04
ACC 65536 512 2 8 5.00 0.9200 205.5 0.900 0.0000e+00
ACC 65536 512 2 8 5.00 0.9200 205.5 0.940 0.0000e+00
ACC 65536 512 2 8 5.00 0.9200 205.5 0.970 0.0000e+00
ACC 65536 512 2 8 5.00 0.9200 205.5 1.000 2.5237e-03
ACC 65536 512 2 8 5.00 0.9700 50.6 0.900 0.0000e+00
ACC 65536 512 2 8 5.00 0.9700 50.6 0.940 0.0000e+00
ACC 65536 512 2 8 5.00 0.9700 50.6 0.970 0.0000e+00
ACC 65536 512 2 8 5.00 0.9700 50.6 1.000 2.3378e-03
ACC 65536 512 2 8 5.00 0.9700 205.5 0.900 0.0000e+00
ACC 65536 512 2 8 5.00 0.9700 205.5 0.940 0.0000e+00
ACC 65536 512 2 8 5.00 0.9700 205.5 0.970 6.3412e-04
ACC 65536 512 2 8 5.00 0.9700 205.5 1.000 3.1706e-03
ACC 65536 512 2 8 5.50 0.8500 50.6 0.900 6.1463e-04
ACC 65536 512 2 8 5.50 0.8500 50.6 0.940 6.1463e-04
ACC 65536 512 2 8 5.50 0.8500 50.6 0.970 6.1463e-04
ACC 65536 512 2 8 5.50 0.8500 50.6 1.000 6.1463e-04
ACC 65536 512 2 8 5.50 0.8500 205.5 0.900 0.0000e+00
ACC 65536 512 2 8 5.50 0.8500 205.5 0.940 6.6489e-04
ACC 65536 512 2 8 5.50 0.8500 205.5 0.970 6.6489e-04
ACC 65536 512 2 8 5.50 0.8500 205.5 1.000 1.3298e-03
ACC 65536 512 2 8 5.50 0.9200 50.6 0.900 0.0000e+00
ACC 65536 512 2 8 5.50 0.9200 50.6 0.940 0.0000e+00
ACC 65536 512 2 8 5.50 0.9200 50.6 0.970 0.0000e+00
ACC 65536 512 2 8 5.50 0.9200 50.6 1.000 6.0569e-04
ACC 65536 512 2 8 5.50 0.9200 205.5 0.900 0.0000e+00
ACC 65536 512 2 8 5.50 0.9200 205.5 0.940 0.0000e+00
ACC 65536 512 2 8 5.50 0.9200 205.5 0.970 0.0000e+00
ACC 65536 512 2 8 5.50 0.9200 205.5 1.000 2.6195e-03
ACC 65536 512 2 8 5.50 0.9700 50.6 0.900 0.0000e+00
ACC 65536 512 2 8 5.50 0.9700 50.6 0.940 0.0000e+00
ACC 65536 512 2 8 5.50 0.9700 50.6 0.970 0.0000e+00
ACC 65536 512 2 8 5.50 0.9700 50.6 1.000 1.2092e-03
ACC 65536 512 2 8 5.50 0.9700 205.5 0.900 0.0000e+00
ACC 65536 512 2 8 5.50 0.9700 205.5 0.940 0.0000e+00
ACC 65536 512 2 8 5.50 0.9700 205.5 0.970 6.5660e-04
ACC 65536 512 2 8 5.50 0.9700 205.5 1.000 2.6264e-03
ACC 65536 512 2 8 6.00 0.8500 50.6 0.900 0.0000e+00
ACC 65536 512 2 8 6.00 0.8500 50.6 0.940 0.0000e+00
ACC 65536 512 2 8 6.00 0.8500 50.6 0.970 0.0000e+00
ACC 65536 512 2 8 6.00 0.8500 50.6 1.000 0.0000e+00
ACC 65536 512 2 8 6.00 0.8500 205.5 0.900 0.0000e+00
ACC 65536 512 2 8 6.00 0.8500 205.5 0.940 6.7889e-04
ACC 65536 512 2 8 6.00 0.8500 205.5 0.970 6.7889e-04
ACC 65536 512 2 8 6.00 0.8500 205.5 1.000 6.7889e-04
ACC 65536 512 2 8 6.00 0.9200 50.6 0.900 0.0000e+00
ACC 65536 512 2 8 6.00 0.9200 50.6 0.940 0.0000e+00
ACC 65536 512 2 8 6.00 0.9200 50.6 0.970 0.0000e+00
ACC 65536 512 2 8 6.00 0.9200 50.6 1.000 0.0000e+00
ACC 65536 512 2 8 6.00 0.9200 205.5 0.900 0.0000e+00
ACC 65536 512 2 8 6.00 0.9200 205.5 0.940 0.0000e+00
ACC 65536 512 2 8 6.00 0.9200 205.5 0.970 0.0000e+00
ACC 65536 512 2 8 6.00 0.9200 205.5 1.000 2.6702e-03
ACC 65536 512 2 8 6.00 0.9700 50.6 0.900 0.0000e+00
ACC 65536 512 2 8 6.00 0.9700 50.6 0.940 0.0000e+00
ACC 65536 512 2 8 6.00 0.9700 50.6 0.970 0.0000e+00
ACC 65536 512 2 8 6.00 0.9700 50.6 1.000 6.1690e-04
ACC 65536 512 2 8 6.00 0.9700 205.5 0.900 0.0000e+00
ACC 65536 512 2 8 6.00 0.9700 205.5 0.940 0.0000e+00
ACC 65536 512 2 8 6.00 0.9700 205.5 0.970 6.6845e-04
ACC 65536 512 2 8 6.00 0.9700 205.5 1.000 4.0107e-03
ACC 65536 512 2 8 6.50 0.8500 50.6 0.900 0.0000e+00
ACC 65536 512 2 8 6.50 0.8500 50.6 0.940 0.0000e+00
ACC 65536 512 2 8 6.50 0.8500 50.6 0.970 0.0000e+00
ACC 65536 512 2 8 6.50 0.8500 50.6 1.000 0.0000e+00
ACC 65536 512 2 8 6.50 0.8500 205.5 0.900 0.0000e+00
ACC 65536 512 2 8 6.50 0.8500 205.5 0.940 0.0000e+00
ACC 65536 512 2 8 6.50 0.8500 205.5 0.970 6.9109e-04
ACC 65536 512 2 8 6.50 0.8500 205.5 1.000 6.9109e-04
ACC 65536 512 2 8 6.50 0.9200 50.6 0.900 0.0000e+00
ACC 65536 512 2 8 6.50 0.9200 50.6 0.940 0.0000e+00
ACC 65536 512 2 8 6.50 0.9200 50.6 0.970 0.0000e+00
ACC 65536 512 2 8 6.50 0.9200 50.6 1.000 0.0000e+00
ACC 65536 512 2 8 6.50 0.9200 205.5 0.900 0.0000e+00
ACC 65536 512 2 8 6.50 0.9200 205.5 0.940 0.0000e+00
ACC 65536 512 2 8 6.50 0.9200 205.5 0.970 0.0000e+00
ACC 65536 512 2 8 6.50 0.9200 205.5 1.000 2.7248e-03
ACC 65536 512 2 8 6.50 0.9700 50.6 0.900 0.0000e+00
ACC 65536 512 2 8 6.50 0.9700 50.6 0.940 0.0000e+00
ACC 65536 512 2 8 6.50 0.9700 50.6 0.970 0.0000e+00
ACC 65536 512 2 8 6.50 0.9700 50.6 1.000 0.0000e+00
ACC 65536 512 2 8 6.50 0.9700 205.5 0.900 0.0000e+00
ACC 65536 512 2 8 6.50 0.9700 205.5 0.940 0.0000e+00
ACC 65536 512 2 8 6.50 0.9700 205.5 0.970 6.7613e-04
ACC 65536 512 2 8 6.50 0.9700 205.5 1.000 4.0568e-03
ACC 65536 1024 2 4 5.00 0.8500 100.6 0.900 0.0000e+00
ACC 65536 1024 2 4 5.00 0.8500 100.6 0.940 0.0000e+00
ACC 65536 1024 2 4 5.00 0.8500 100.6 0.970 0.0000e+00
ACC 65536 1024 2 4 5.00 0.8500 100.6 1.000 0.0000e+00
ACC 65536 1024 2 4 5.00 0.8500 410.5 0.900 0.0000e+00
ACC 65536 1024 2 4 5.00 0.8500 410.5 0.940 0.0000e+00
ACC 65536 1024 2 4 5.00 0.8500 410.5 0.970 0.0000e+00
ACC 65536 1024 2 4 5.00 0.8500 410.5 1.000 0.0000e+00
ACC 65536 1024 2 4 5.00 0.9200 100.6 0.900 0.0000e+00
ACC 65536 1024 2 4 5.00 0.9200 100.6 0.940 0.0000e+00
ACC 65536 1024 2 4 5.00 0.9200 100.6 0.970 0.0000e+00
ACC 65536 1024 2 4 5.00 0.9200 100.6 1.000 0.0000e+00
ACC 65536 1024 2 4 5.00 0.9200 410.5 0.900 0.0000e+00
ACC 65536 1024 2 4 5.00 0.9200 410.5 0.940 0.0000e+00
ACC 65536 1024 2 4 5.00 0.9200 410.5 0.970 0.0000e+00
ACC 65536 1024 2 4 5.00 0.9200 410.5 1.000 0.0000e+00
ACC 65536 1024 2 4 5.00 0.9700 100.6 0.900 0.0000e+00
ACC 65536 1024 2 4 5.00 0.9700 100.6 0.940 0.0000e+00
ACC 65536 1024 2 4 5.00 0.9700 100.6 0.970 0.0000e+00
ACC 65536 1024 2 4 5.00 0.9700 100.6 1.000 0.0000e+00
ACC 65536 1024 2 4 5.00 0.9700 410.5 0.900 0.0000e+00
ACC 65536 1024 2 4 5.00 0.9700 410.5 0.940 0.0000e+00
ACC 65536 1024 2 4 5.00 0.9700 410.5 0.970 0.0000e+00
ACC 65536 1024 2 4 5.00 0.9700 410.5 1.000 0.0000e+00
ACC 65536 1024 2 4 5.50 0.8500 100.6 0.900 0.0000e+00
ACC 65536 1024 2 4 5.50 0.8500 100.6 0.940 0.0000e+00
ACC 65536 1024 2 4 5.50 0.8500 100.6 0.970 0.0000e+00
ACC 65536 1024 2 4 5.50 0.8500 100.6 1.000 0.0000e+00
ACC 65536 1024 2 4 5.50 0.8500 410.5 0.900 0.0000e+00
ACC 65536 1024 2 4 5.50 0.8500 410.5 0.940 0.0000e+00
ACC 65536 1024 2 4 5.50 0.8500 410.5 0.970 0.0000e+00
ACC 65536 1024 2 4 5.50 0.8500 410.5 1.000 0.0000e+00
ACC 65536 1024 2 4 5.50 0.9200 100.6 0.900 0.0000e+00
ACC 65536 1024 2 4 5.50 0.9200 100.6 0.940 0.0000e+00
ACC 65536 1024 2 4 5.50 0.9200 100.6 0.970 0.0000e+00
ACC 65536 1024 2 4 5.50 0.9200 100.6 1.000 0.0000e+00
ACC 65536 1024 2 4 5.50 0.9200 410.5 0.900 0.0000e+00
ACC 65536 1024 2 4 5.50 0.9200 410.5 0.940 0.0000e+00
ACC 65536 1024 2 4 5.50 0.9200 410.5 0.970 0.0000e+00
ACC 65536 1024 2 4 5.50 0.9200 410.5 1.000 0.0000e+00
ACC 65536 1024 2 4 5.50 0.9700 100.6 0.900 0.0000e+00
ACC 65536 1024 2 4 5.50 0.9700 100.6 0.940 0.0000e+00
ACC 65536 1024 2 4 5.50 0.9700 100.6 0.970 0.0000e+00
ACC 65536 1024 2 4 5.50 0.9700 100.6 1.000 0.0000e+00
ACC 65536 1024 2 4 5.50 0.9700 410.5 0.900 0.0000e+00
ACC 65536 1024 2 4 5.50 0.9700 410.5 0.940 0.0000e+00
ACC 65536 1024 2 4 5.50 0.9700 410.5 0.970 0.0000e+00
ACC 65536 1024 2 4 5.50 0.9700 410.5 1.000 0.0000e+00
ACC 65536 1024 2 4 6.00 0.8500 100.6 0.900 0.0000e+00
ACC 65536 1024 2 4 6.00 0.8500 100.6 0.940 0.0000e+00
ACC 65536 1024 2 4 6.00 0.8500 100.6 0.970 0.0000e+00
ACC 65536 1024 2 4 6.00 0.8500 100.6 1.000 0.0000e+00
ACC 65536 1024 2 4 6.00 0.8500 410.5 0.900 0.0000e+00
ACC 65536 1024 2 4 6.00 0.8500 410.5 0.940 0.0000e+00
ACC 65536 1024 2 4 6.00 0.8500 410.5 0.970 0.0000e+00
ACC 65536 1024 2 4 6.00 0.8500 410.5 1.000 0.0000e+00
ACC 65536 1024 2 4 6.00 0.9200 100.6 0.900 0.0000e+00
ACC 65536 1024 2 4 6.00 0.9200 100.6 0.940 0.0000e+00
ACC 65536 1024 2 4 6.00 0.9200 100.6 0.970 0.0000e+00
ACC 65536 1024 2 4 6.00 0.9200 100.6 1.000 0.0000e+00
ACC 65536 1024 2 4 6.00 0.9200 410.5 0.900 0.0000e+00
ACC 65536 1024 2 4 6.00 0.9200 410.5 0.940 0.0000e+00
ACC 65536 1024 2 4 6.00 0.9200 410.5 0.970 0.0000e+00
ACC 65536 1024 2 4 6.00 0.9200 410.5 1.000 0.0000e+00
ACC 65536 1024 2 4 6.00 0.9700 100.6 0.900 0.0000e+00
ACC 65536 1024 2 4 6.00 0.9700 100.6 0.940 0.0000e+00
ACC 65536 1024 2 4 6.00 0.9700 100.6 0.970 0.0000e+00
ACC 65536 1024 2 4 6.00 0.9700 100.6 1.000 0.0000e+00
ACC 65536 1024 2 4 6.00 0.9700 410.5 0.900 0.0000e+00
ACC 65536 1024 2 4 6.00 0.9700 410.5 0.940 0.0000e+00
ACC 65536 1024 2 4 6.00 0.9700 410.5 0.970 0.0000e+00
ACC 65536 1024 2 4 6.00 0.9700 410.5 1.000 0.0000e+00
ACC 65536 1024 2 4 6.50 0.8500 100.6 0.900 0.0000e+00
ACC 65536 1024 2 4 6.50 0.8500 100.6 0.940 0.0000e+00
ACC 65536 1024 2 4 6.50 0.8500 100.6 0.970 0.0000e+00
ACC 65536 1024 2 4 6.50 0.8500 100.6 1.000 0.0000e+00
ACC 65536 1024 2 4 6.50 0.8500 410.5 0.900 0.0000e+00
ACC 65536 1024 2 4 6.50 0.8500 410.5 0.940 0.0000e+00
ACC 65536 1024 2 4 6.50 0.8500 410.5 0.970 0.0000e+00
ACC 65536 1024 2 4 6.50 0.8500 410.5 1.000 0.0000e+00
ACC 65536 1024 2 4 6.50 0.9200 100.6 0.900 0.0000e+00
ACC 65536 1024 2 4 6.50 0.9200 100.6 0.940 0.0000e+00
ACC 65536 1024 2 4 6.50 0.9200 100.6 0.970 0.0000e+00
ACC 65536 1024 2 4 6.50 0.9200 100.6 1.000 0.0000e+00
ACC 65536 1024 2 4 6.50 0.9200 410.5 0.900 0.0000e+00
ACC 65536 1024 2 4 6.50 0.9200 410.5 0.940 0.0000e+00
ACC 65536 1024 2 4 6.50 0.9200 410.5 0.970 0.0000e+00
ACC 65536 1024 2 4 6.50 0.9200 410.5 1.000 0.0000e+00
ACC 65536 1024 2 4 6.50 0.9700 100.6 0.900 0.0000e+00
ACC 65536 1024 2 4 6.50 0.9700 100.6 0.940 0.0000e+00
ACC 65536 1024 2 4 6.50 0.9700 100.6 0.970 0.0000e+00
ACC 65536 1024 2 4 6.50 0.9700 100.6 1.000 0.0000e+00
ACC 65536 1024 2 4 6.50 0.9700 410.5 0.900 0.0000e+00
ACC 65536 1024 2 4 6.50 0.9700 410.5 0.940 0.0000e+00
ACC 65536 1024 2 4 6.50 0.9700 410.5 0.970 0.0000e+00
ACC 65536 1024 2 4 6.50 0.9700 410.5 1.000 0.0000e+00
ACC 65536 1024 2 8 5.00 0.8500 100.6 0.900 0.0000e+00
ACC 65536 1024 2 8 5.00 0.8500 100.6 0.940 0.0000e+00
ACC 65536 1024 2 8 5.00 0.8500 100.6 0.970 0.0000e+00
ACC 65536 1024 2 8 5.00 0.8500 100.6 1.000 0.0000e+00
ACC 65536 1024 2 8 5.00 0.8500 410.5 0.900 0.0000e+00
ACC 65536 1024 2 8 5.00 0.8500 410.5 0.940 0.0000e+00
ACC 65536 1024 2 8 5.00 0.8500 410.5 0.970 0.0000e+00
ACC 65536 1024 2 8 5.00 0.8500 410.5 1.000 0.0000e+00
ACC 65536 1024 2 8 5.00 0.9200 100.6 0.900 0.0000e+00
ACC 65536 1024 2 8 5.00 0.9200 100.6 0.940 0.0000e+00
ACC 65536 1024 2 8 5.00 0.9200 100.6 0.970 0.0000e+00
ACC 65536 1024 2 8 5.00 0.9200 100.6 1.000 0.0000e+00
ACC 65536 1024 2 8 5.00 0.9200 410.5 0.900 0.0000e+00
ACC 65536 1024 2 8 5.00 0.9200 410.5 0.940 0.0000e+00
ACC 65536 1024 2 8 5.00 0.9200 410.5 0.970 0.0000e+00
ACC 65536 1024 2 8 5.00 0.9200 410.5 1.000 0.0000e+00
ACC 65536 1024 2 8 5.00 0.9700 100.6 0.900 0.0000e+00
ACC 65536 1024 2 8 5.00 0.9700 100.6 0.940 0.0000e+00
ACC 65536 1024 2 8 5.00 0.9700 100.6 0.970 0.0000e+00
ACC 65536 1024 2 8 5.00 0.9700 100.6 1.000 0.0000e+00
ACC 65536 1024 2 8 5.00 0.9700 410.5 0.900 0.0000e+00
ACC 65536 1024 2 8 5.00 0.9700 410.5 0.940 0.0000e+00
ACC 65536 1024 2 8 5.00 0.9700 410.5 0.970 0.0000e+00
ACC 65536 1024 2 8 5.00 0.9700 410.5 1.000 1.2962e-03
ACC 65536 1024 2 8 5.50 0.8500 100.6 0.900 0.0000e+00
ACC 65536 1024 2 8 5.50 0.8500 100.6 0.940 0.0000e+00
ACC 65536 1024 2 8 5.50 0.8500 100.6 0.970 0.0000e+00
ACC 65536 1024 2 8 5.50 0.8500 100.6 1.000 0.0000e+00
ACC 65536 1024 2 8 5.50 0.8500 410.5 0.900 0.0000e+00
ACC 65536 1024 2 8 5.50 0.8500 410.5 0.940 0.0000e+00
ACC 65536 1024 2 8 5.50 0.8500 410.5 0.970 0.0000e+00
ACC 65536 1024 2 8 5.50 0.8500 410.5 1.000 0.0000e+00
ACC 65536 1024 2 8 5.50 0.9200 100.6 0.900 0.0000e+00
ACC 65536 1024 2 8 5.50 0.9200 100.6 0.940 0.0000e+00
ACC 65536 1024 2 8 5.50 0.9200 100.6 0.970 0.0000e+00
ACC 65536 1024 2 8 5.50 0.9200 100.6 1.000 0.0000e+00
ACC 65536 1024 2 8 5.50 0.9200 410.5 0.900 0.0000e+00
ACC 65536 1024 2 8 5.50 0.9200 410.5 0.940 0.0000e+00
ACC 65536 1024 2 8 5.50 0.9200 410.5 0.970 0.0000e+00
ACC 65536 1024 2 8 5.50 0.9200 410.5 1.000 1.3316e-03
ACC 65536 1024 2 8 5.50 0.9700 100.6 0.900 0.0000e+00
ACC 65536 1024 2 8 5.50 0.9700 100.6 0.940 0.0000e+00
ACC 65536 1024 2 8 5.50 0.9700 100.6 0.970 0.0000e+00
ACC 65536 1024 2 8 5.50 0.9700 100.6 1.000 6.0976e-04
ACC 65536 1024 2 8 5.50 0.9700 410.5 0.900 0.0000e+00
ACC 65536 1024 2 8 5.50 0.9700 410.5 0.940 0.0000e+00
ACC 65536 1024 2 8 5.50 0.9700 410.5 0.970 0.0000e+00
ACC 65536 1024 2 8 5.50 0.9700 410.5 1.000 2.0107e-03
ACC 65536 1024 2 8 6.00 0.8500 100.6 0.900 0.0000e+00
ACC 65536 1024 2 8 6.00 0.8500 100.6 0.940 0.0000e+00
ACC 65536 1024 2 8 6.00 0.8500 100.6 0.970 0.0000e+00
ACC 65536 1024 2 8 6.00 0.8500 100.6 1.000 0.0000e+00
ACC 65536 1024 2 8 6.00 0.8500 410.5 0.900 0.0000e+00
ACC 65536 1024 2 8 6.00 0.8500 410.5 0.940 0.0000e+00
ACC 65536 1024 2 8 6.00 0.8500 410.5 0.970 0.0000e+00
ACC 65536 1024 2 8 6.00 0.8500 410.5 1.000 1.3477e-03
ACC 65536 1024 2 8 6.00 0.9200 100.6 0.900 0.0000e+00
ACC 65536 1024 2 8 6.00 0.9200 100.6 0.940 0.0000e+00
ACC 65536 1024 2 8 6.00 0.9200 100.6 0.970 0.0000e+00
ACC 65536 1024 2 8 6.00 0.9200 100.6 1.000 0.0000e+00
ACC 65536 1024 2 8 6.00 0.9200 410.5 0.900 0.0000e+00
ACC 65536 1024 2 8 6.00 0.9200 410.5 0.940 0.0000e+00
ACC 65536 1024 2 8 6.00 0.9200 410.5 0.970 0.0000e+00
ACC 65536 1024 2 8 6.00 0.9200 410.5 1.000 6.7385e-04
ACC 65536 1024 2 8 6.00 0.9700 100.6 0.900 0.0000e+00
ACC 65536 1024 2 8 6.00 0.9700 100.6 0.940 0.0000e+00
ACC 65536 1024 2 8 6.00 0.9700 100.6 0.970 0.0000e+00
ACC 65536 1024 2 8 6.00 0.9700 100.6 1.000 6.2657e-04
ACC 65536 1024 2 8 6.00 0.9700 410.5 0.900 0.0000e+00
ACC 65536 1024 2 8 6.00 0.9700 410.5 0.940 0.0000e+00
ACC 65536 1024 2 8 6.00 0.9700 410.5 0.970 0.0000e+00
ACC 65536 1024 2 8 6.00 0.9700 410.5 1.000 2.0478e-03
ACC 65536 1024 2 8 6.50 0.8500 100.6 0.900 0.0000e+00
ACC 65536 1024 2 8 6.50 0.8500 100.6 0.940 0.0000e+00
ACC 65536 1024 2 8 6.50 0.8500 100.6 0.970 0.0000e+00
ACC 65536 1024 2 8 6.50 0.8500 100.6 1.000 0.0000e+00
ACC 65536 1024 2 8 6.50 0.8500 410.5 0.900 0.0000e+00
ACC 65536 1024 2 8 6.50 0.8500 410.5 0.940 0.0000e+00
ACC 65536 1024 2 8 6.50 0.8500 410.5 0.970 0.0000e+00
ACC 65536 1024 2 8 6.50 0.8500 410.5 1.000 1.3633e-03
ACC 65536 1024 2 8 6.50 0.9200 100.6 0.900 0.0000e+00
ACC 65536 1024 2 8 6.50 0.9200 100.6 0.940 0.0000e+00
ACC 65536 1024 2 8 6.50 0.9200 100.6 0.970 0.0000e+00
ACC 65536 1024 2 8 6.50 0.9200 100.6 1.000 1.2739e-03
ACC 65536 1024 2 8 6.50 0.9200 410.5 0.900 0.0000e+00
ACC 65536 1024 2 8 6.50 0.9200 410.5 0.940 0.0000e+00
ACC 65536 1024 2 8 6.50 0.9200 410.5 0.970 0.0000e+00
ACC 65536 1024 2 8 6.50 0.9200 410.5 1.000 2.0534e-03
ACC 65536 1024 2 8 6.50 0.9700 100.6 0.900 0.0000e+00
ACC 65536 1024 2 8 6.50 0.9700 100.6 0.940 0.0000e+00
ACC 65536 1024 2 8 6.50 0.9700 100.6 0.970 0.0000e+00
ACC 65536 1024 2 8 6.50 0.9700 100.6 1.000 6.3492e-04
ACC 65536 1024 2 8 6.50 0.9700 410.5 0.900 0.0000e+00
ACC 65536 1024 2 8 6.50 0.9700 410.5 0.940 0.0000e+00
ACC 65536 1024 2 8 6.50 0.9700 410.5 0.970 0.0000e+00
ACC 65536 1024 2 8 6.50 0.9700 410.5 1.000 2.7529e-03
ACC 65536 2048 2 4 5.00 0.8500 208.6 0.900 0.0000e+00
ACC 65536 2048 2 4 5.00 0.8500 208.6 0.940 0.0000e+00
ACC 65536 2048 2 4 5.00 0.8500 208.6 0.970 0.0000e+00
ACC 65536 2048 2 4 5.00 0.8500 208.6 1.000 6.0753e-04
ACC 65536 2048 2 4 5.00 0.8500 820.5 0.900 0.0000e+00
ACC 65536 2048 2 4 5.00 0.8500 820.5 0.940 0.0000e+00
ACC 65536 2048 2 4 5.00 0.8500 820.5 0.970 0.0000e+00
ACC 65536 2048 2 4 5.00 0.8500 820.5 1.000 0.0000e+00
ACC 65536 2048 2 4 5.00 0.9200 208.6 0.900 0.0000e+00
ACC 65536 2048 2 4 5.00 0.9200 208.6 0.940 0.0000e+00
ACC 65536 2048 2 4 5.00 0.9200 208.6 0.970 0.0000e+00
ACC 65536 2048 2 4 5.00 0.9200 208.6 1.000 0.0000e+00
ACC 65536 2048 2 4 5.00 0.9200 820.5 0.900 0.0000e+00
ACC 65536 2048 2 4 5.00 0.9200 820.5 0.940 0.0000e+00
ACC 65536 2048 2 4 5.00 0.9200 820.5 0.970 0.0000e+00
ACC 65536 2048 2 4 5.00 0.9200 820.5 1.000 0.0000e+00
ACC 65536 2048 2 4 5.00 0.9700 208.6 0.900 0.0000e+00
ACC 65536 2048 2 4 5.00 0.9700 208.6 0.940 0.0000e+00
ACC 65536 2048 2 4 5.00 0.9700 208.6 0.970 0.0000e+00
ACC 65536 2048 2 4 5.00 0.9700 208.6 1.000 0.0000e+00
ACC 65536 2048 2 4 5.00 0.9700 820.5 0.900 0.0000e+00
ACC 65536 2048 2 4 5.00 0.9700 820.5 0.940 0.0000e+00
ACC 65536 2048 2 4 5.00 0.9700 820.5 0.970 0.0000e+00
ACC 65536 2048 2 4 5.00 0.9700 820.5 1.000 0.0000e+00
ACC 65536 2048 2 4 5.50 0.8500 208.6 0.900 0.0000e+00
ACC 65536 2048 2 4 5.50 0.8500 208.6 0.940 0.0000e+00
ACC 65536 2048 2 4 5.50 0.8500 208.6 0.970 0.0000e+00
ACC 65536 2048 2 4 5.50 0.8500 208.6 1.000 6.3857e-04
ACC 65536 2048 2 4 5.50 0.8500 820.5 0.900 0.0000e+00
ACC 65536 2048 2 4 5.50 0.8500 820.5 0.940 0.0000e+00
ACC 65536 2048 2 4 5.50 0.8500 820.5 0.970 0.0000e+00
ACC 65536 2048 2 4 5.50 0.8500 820.5 1.000 0.0000e+00
ACC 65536 2048 2 4 5.50 0.9200 208.6 0.900 0.0000e+00
ACC 65536 2048 2 4 5.50 0.9200 208.6 0.940 0.0000e+00
ACC 65536 2048 2 4 5.50 0.9200 208.6 0.970 0.0000e+00
ACC 65536 2048 2 4 5.50 0.9200 208.6 1.000 0.0000e+00
ACC 65536 2048 2 4 5.50 0.9200 820.5 0.900 0.0000e+00
ACC 65536 2048 2 4 5.50 0.9200 820.5 0.940 0.0000e+00
ACC 65536 2048 2 4 5.50 0.9200 820.5 0.970 0.0000e+00
ACC 65536 2048 2 4 5.50 0.9200 820.5 1.000 0.0000e+00
ACC 65536 2048 2 4 5.50 0.9700 208.6 0.900 0.0000e+00
ACC 65536 2048 2 4 5.50 0.9700 208.6 0.940 0.0000e+00
ACC 65536 2048 2 4 5.50 0.9700 208.6 0.970 0.0000e+00
ACC 65536 2048 2 4 5.50 0.9700 208.6 1.000 0.0000e+00
ACC 65536 2048 2 4 5.50 0.9700 820.5 0.900 0.0000e+00
ACC 65536 2048 2 4 5.50 0.9700 820.5 0.940 0.0000e+00
ACC 65536 2048 2 4 5.50 0.9700 820.5 0.970 0.0000e+00
ACC 65536 2048 2 4 5.50 0.9700 820.5 1.000 0.0000e+00
ACC 65536 2048 2 4 6.00 0.8500 208.6 0.900 0.0000e+00
ACC 65536 2048 2 4 6.00 0.8500 208.6 0.940 0.0000e+00
ACC 65536 2048 2 4 6.00 0.8500 208.6 0.970 0.0000e+00
ACC 65536 2048 2 4 6.00 0.8500 208.6 1.000 6.5317e-04
ACC 65536 2048 2 4 6.00 0.8500 820.5 0.900 0.0000e+00
ACC 65536 2048 2 4 6.00 0.8500 820.5 0.940 0.0000e+00
ACC 65536 2048 2 4 6.00 0.8500 820.5 0.970 0.0000e+00
ACC 65536 2048 2 4 6.00 0.8500 820.5 1.000 0.0000e+00
ACC 65536 2048 2 4 6.00 0.9200 208.6 0.900 0.0000e+00
ACC 65536 2048 2 4 6.00 0.9200 208.6 0.940 0.0000e+00
ACC 65536 2048 2 4 6.00 0.9200 208.6 0.970 0.0000e+00
ACC 65536 2048 2 4 6.00 0.9200 208.6 1.000 0.0000e+00
ACC 65536 2048 2 4 6.00 0.9200 820.5 0.900 0.0000e+00
ACC 65536 2048 2 4 6.00 0.9200 820.5 0.940 0.0000e+00
ACC 65536 2048 2 4 6.00 0.9200 820.5 0.970 0.0000e+00
ACC 65536 2048 2 4 6.00 0.9200 820.5 1.000 0.0000e+00
ACC 65536 2048 2 4 6.00 0.9700 208.6 0.900 0.0000e+00
ACC 65536 2048 2 4 6.00 0.9700 208.6 0.940 0.0000e+00
ACC 65536 2048 2 4 6.00 0.9700 208.6 0.970 0.0000e+00
ACC 65536 2048 2 4 6.00 0.9700 208.6 1.000 0.0000e+00
ACC 65536 2048 2 4 6.00 0.9700 820.5 0.900 0.0000e+00
ACC 65536 2048 2 4 6.00 0.9700 820.5 0.940 0.0000e+00
ACC 65536 2048 2 4 6.00 0.9700 820.5 0.970 0.0000e+00
ACC 65536 2048 2 4 6.00 0.9700 820.5 1.000 0.0000e+00
ACC 65536 2048 2 4 6.50 0.8500 208.6 0.900 0.0000e+00
ACC 65536 2048 2 4 6.50 0.8500 208.6 0.940 0.0000e+00
ACC 65536 2048 2 4 6.50 0.8500 208.6 0.970 0.0000e+00
ACC 65536 2048 2 4 6.50 0.8500 208.6 1.000 6.6800e-04
ACC 65536 2048 2 4 6.50 0.8500 820.5 0.900 0.0000e+00
ACC 65536 2048 2 4 6.50 0.8500 820.5 0.940 0.0000e+00
ACC 65536 2048 2 4 6.50 0.8500 820.5 0.970 0.0000e+00
ACC 65536 2048 2 4 6.50 0.8500 820.5 1.000 0.0000e+00
ACC 65536 2048 2 4 6.50 0.9200 208.6 0.900 0.0000e+00
ACC 65536 2048 2 4 6.50 0.9200 208.6 0.940 0.0000e+00
ACC 65536 2048 2 4 6.50 0.9200 208.6 0.970 0.0000e+00
ACC 65536 2048 2 4 6.50 0.9200 208.6 1.000 0.0000e+00
ACC 65536 2048 2 4 6.50 0.9200 820.5 0.900 0.0000e+00
ACC 65536 2048 2 4 6.50 0.9200 820.5 0.940 0.0000e+00
ACC 65536 2048 2 4 6.50 0.9200 820.5 0.970 0.0000e+00
ACC 65536 2048 2 4 6.50 0.9200 820.5 1.000 0.0000e+00
ACC 65536 2048 2 4 6.50 0.9700 208.6 0.900 0.0000e+00
ACC 65536 2048 2 4 6.50 0.9700 208.6 0.940 0.0000e+00
ACC 65536 2048 2 4 6.50 0.9700 208.6 0.970 0.0000e+00
ACC 65536 2048 2 4 6.50 0.9700 208.6 1.000 6.5189e-04
ACC 65536 2048 2 4 6.50 0.9700 820.5 0.900 0.0000e+00
ACC 65536 2048 2 4 6.50 0.9700 820.5 0.940 0.0000e+00
ACC 65536 2048 2 4 6.50 0.9700 820.5 0.970 0.0000e+00
ACC 65536 2048 2 4 6.50 0.9700 820.5 1.000 0.0000e+00
ACC 65536 2048 2 8 5.00 0.8500 208.6 0.900 0.0000e+00
ACC 65536 2048 2 8 5.00 0.8500 208.6 0.940 0.0000e+00
ACC 65536 2048 2 8 5.00 0.8500 208.6 0.970 0.0000e+00
ACC 65536 2048 2 8 5.00 0.8500 208.6 1.000 6.0753e-04
ACC 65536 2048 2 8 5.00 0.8500 820.5 0.900 0.0000e+00
ACC 65536 2048 2 8 5.00 0.8500 820.5 0.940 0.0000e+00
ACC 65536 2048 2 8 5.00 0.8500 820.5 0.970 0.0000e+00
ACC 65536 2048 2 8 5.00 0.8500 820.5 1.000 0.0000e+00
ACC 65536 2048 2 8 5.00 0.9200 208.6 0.900 0.0000e+00
ACC 65536 2048 2 8 5.00 0.9200 208.6 0.940 0.0000e+00
ACC 65536 2048 2 8 5.00 0.9200 208.6 0.970 0.0000e+00
ACC 65536 2048 2 8 5.00 0.9200 208.6 1.000 0.0000e+00
ACC 65536 2048 2 8 5.00 0.9200 820.5 0.900 0.0000e+00
ACC 65536 2048 2 8 5.00 0.9200 820.5 0.940 0.0000e+00
ACC 65536 2048 2 8 5.00 0.9200 820.5 0.970 0.0000e+00
ACC 65536 2048 2 8 5.00 0.9200 820.5 1.000 6.5104e-04
ACC 65536 2048 2 8 5.00 0.9700 208.6 0.900 0.0000e+00
ACC 65536 2048 2 8 5.00 0.9700 208.6 0.940 0.0000e+00
ACC 65536 2048 2 8 5.00 0.9700 208.6 0.970 0.0000e+00
ACC 65536 2048 2 8 5.00 0.9700 208.6 1.000 6.0423e-04
ACC 65536 2048 2 8 5.00 0.9700 820.5 0.900 0.0000e+00
ACC 65536 2048 2 8 5.00 0.9700 820.5 0.940 0.0000e+00
ACC 65536 2048 2 8 5.00 0.9700 820.5 0.970 6.5147e-04
ACC 65536 2048 2 8 5.00 0.9700 820.5 1.000 2.6059e-03
ACC 65536 2048 2 8 5.50 0.8500 208.6 0.900 0.0000e+00
ACC 65536 2048 2 8 5.50 0.8500 208.6 0.940 0.0000e+00
ACC 65536 2048 2 8 5.50 0.8500 208.6 0.970 6.3857e-04
ACC 65536 2048 2 8 5.50 0.8500 208.6 1.000 6.3857e-04
ACC 65536 2048 2 8 5.50 0.8500 820.5 0.900 0.0000e+00
ACC 65536 2048 2 8 5.50 0.8500 820.5 0.940 0.0000e+00
ACC 65536 2048 2 8 5.50 0.8500 820.5 0.970 0.0000e+00
ACC 65536 2048 2 8 5.50 0.8500 820.5 1.000 1.3559e-03
ACC 65536 2048 2 8 5.50 0.9200 208.6 0.900 0.0000e+00
ACC 65536 2048 2 8 5.50 0.9200 208.6 0.940 0.0000e+00
ACC 65536 2048 2 8 5.50 0.9200 208.6 0.970 0.0000e+00
ACC 65536 2048 2 8 5.50 0.9200 208.6 1.000 0.0000e+00
ACC 65536 2048 2 8 5.50 0.9200 820.5 0.900 0.0000e+00
ACC 65536 2048 2 8 5.50 0.9200 820.5 0.940 0.0000e+00
ACC 65536 2048 2 8 5.50 0.9200 820.5 0.970 0.0000e+00
ACC 65536 2048 2 8 5.50 0.9200 820.5 1.000 1.3541e-03
ACC 65536 2048 2 8 5.50 0.9700 208.6 0.900 0.0000e+00
ACC 65536 2048 2 8 5.50 0.9700 208.6 0.940 0.0000e+00
ACC 65536 2048 2 8 5.50 0.9700 208.6 0.970 0.0000e+00
ACC 65536 2048 2 8 5.50 0.9700 208.6 1.000 1.2563e-03
ACC 65536 2048 2 8 5.50 0.9700 820.5 0.900 0.0000e+00
ACC 65536 2048 2 8 5.50 0.9700 820.5 0.940 0.0000e+00
ACC 65536 2048 2 8 5.50 0.9700 820.5 0.970 6.7613e-04
ACC 65536 2048 2 8 5.50 0.9700 820.5 1.000 3.3807e-03
ACC 65536 2048 2 8 6.00 0.8500 208.6 0.900 0.0000e+00
ACC 65536 2048 2 8 6.00 0.8500 208.6 0.940 0.0000e+00
ACC 65536 2048 2 8 6.00 0.8500 208.6 0.970 6.5317e-04
ACC 65536 2048 2 8 6.00 0.8500 208.6 1.000 6.5317e-04
ACC 65536 2048 2 8 6.00 0.8500 820.5 0.900 0.0000e+00
ACC 65536 2048 2 8 6.00 0.8500 820.5 0.940 0.0000e+00
ACC 65536 2048 2 8 6.00 0.8500 820.5 0.970 1.3803e-03
ACC 65536 2048 2 8 6.00 0.8500 820.5 1.000 1.3803e-03
ACC 65536 2048 2 8 6.00 0.9200 208.6 0.900 0.0000e+00
ACC 65536 2048 2 8 6.00 0.9200 208.6 0.940 0.0000e+00
ACC 65536 2048 2 8 6.00 0.9200 208.6 0.970 0.0000e+00
ACC 65536 2048 2 8 6.00 0.9200 208.6 1.000 0.0000e+00
ACC 65536 2048 2 8 6.00 0.9200 820.5 0.900 0.0000e+00
ACC 65536 2048 2 8 6.00 0.9200 820.5 0.940 0.0000e+00
ACC 65536 2048 2 8 6.00 0.9200 820.5 0.970 0.0000e+00
ACC 65536 2048 2 8 6.00 0.9200 820.5 1.000 1.3765e-03
ACC 65536 2048 2 8 6.00 0.9700 208.6 0.900 0.0000e+00
ACC 65536 2048 2 8 6.00 0.9700 208.6 0.940 0.0000e+00
ACC 65536 2048 2 8 6.00 0.9700 208.6 0.970 0.0000e+00
ACC 65536 2048 2 8 6.00 0.9700 208.6 1.000 1.2812e-03
ACC 65536 2048 2 8 6.00 0.9700 820.5 0.900 0.0000e+00
ACC 65536 2048 2 8 6.00 0.9700 820.5 0.940 0.0000e+00
ACC 65536 2048 2 8 6.00 0.9700 820.5 0.970 6.8540e-04
ACC 65536 2048 2 8 6.00 0.9700 820.5 1.000 3.4270e-03
ACC 65536 2048 2 8 6.50 0.8500 208.6 0.900 0.0000e+00
ACC 65536 2048 2 8 6.50 0.8500 208.6 0.940 0.0000e+00
ACC 65536 2048 2 8 6.50 0.8500 208.6 0.970 6.6800e-04
ACC 65536 2048 2 8 6.50 0.8500 208.6 1.000 6.6800e-04
ACC 65536 2048 2 8 6.50 0.8500 820.5 0.900 0.0000e+00
ACC 65536 2048 2 8 6.50 0.8500 820.5 0.940 6.9979e-04
ACC 65536 2048 2 8 6.50 0.8500 820.5 0.970 6.9979e-04
ACC 65536 2048 2 8 6.50 0.8500 820.5 1.000 6.9979e-04
ACC 65536 2048 2 8 6.50 0.9200 208.6 0.900 0.0000e+00
ACC 65536 2048 2 8 6.50 0.9200 208.6 0.940 0.0000e+00
ACC 65536 2048 2 8 6.50 0.9200 208.6 0.970 0.0000e+00
ACC 65536 2048 2 8 6.50 0.9200 208.6 1.000 0.0000e+00
ACC 65536 2048 2 8 6.50 0.9200 820.5 0.900 0.0000e+00
ACC 65536 2048 2 8 6.50 0.9200 820.5 0.940 0.0000e+00
ACC 65536 2048 2 8 6.50 0.9200 820.5 0.970 0.0000e+00
ACC 65536 2048 2 8 6.50 0.9200 820.5 1.000 1.3976e-03
ACC 65536 2048 2 8 6.50 0.9700 208.6 0.900 0.0000e+00
ACC 65536 2048 2 8 6.50 0.9700 208.6 0.940 0.0000e+00
ACC 65536 2048 2 8 6.50 0.9700 208.6 0.970 0.0000e+00
ACC 65536 2048 2 8 6.50 0.9700 208.6 1.000 1.3038e-03
ACC 65536 2048 2 8 6.50 0.9700 820.5 0.900 0.0000e+00
ACC 65536 2048 2 8 6.50 0.9700 820.5 0.940 0.0000e+00
ACC 65536 2048 2 8 6.50 0.9700 820.5 0.970 6.9348e-04
ACC 65536 2048 2 8 6.50 0.9700 820.5 1.000 3.4674e-03
ACC 65536 4096 2 4 5.00 0.8500 416.6 0.900 0.0000e+00
ACC 65536 4096 2 4 5.00 0.8500 416.6 0.940 0.0000e+00
ACC 65536 4096 2 4 5.00 0.8500 416.6 0.970 0.0000e+00
ACC 65536 4096 2 4 5.00 0.8500 416.6 1.000 0.0000e+00
ACC 65536 4096 2 4 5.00 0.8500 1640.5 0.900 0.0000e+00
ACC 65536 4096 2 4 5.00 0.8500 1640.5 0.940 0.0000e+00
ACC 65536 4096 2 4 5.00 0.8500 1640.5 0.970 0.0000e+00
ACC 65536 4096 2 4 5.00 0.8500 1640.5 1.000 0.0000e+00
ACC 65536 4096 2 4 5.00 0.9200 416.6 0.900 0.0000e+00
ACC 65536 4096 2 4 5.00 0.9200 416.6 0.940 0.0000e+00
ACC 65536 4096 2 4 5.00 0.9200 416.6 0.970 0.0000e+00
ACC 65536 4096 2 4 5.00 0.9200 416.6 1.000 0.0000e+00
ACC 65536 4096 2 4 5.00 0.9200 1640.5 0.900 0.0000e+00
ACC 65536 4096 2 4 5.00 0.9200 1640.5 0.940 0.0000e+00
ACC 65536 4096 2 4 5.00 0.9200 1640.5 0.970 0.0000e+00
ACC 65536 4096 2 4 5.00 0.9200 1640.5 1.000 0.0000e+00
ACC 65536 4096 2 4 5.00 0.9700 416.6 0.900 0.0000e+00
ACC 65536 4096 2 4 5.00 0.9700 416.6 0.940 0.0000e+00
ACC 65536 4096 2 4 5.00 0.9700 416.6 0.970 0.0000e+00
ACC 65536 4096 2 4 5.00 0.9700 416.6 1.000 0.0000e+00
ACC 65536 4096 2 4 5.00 0.9700 1640.5 0.900 0.0000e+00
ACC 65536 4096 2 4 5.00 0.9700 1640.5 0.940 0.0000e+00
ACC 65536 4096 2 4 5.00 0.9700 1640.5 0.970 0.0000e+00
ACC 65536 4096 2 4 5.00 0.9700 1640.5 1.000 0.0000e+00
ACC 65536 4096 2 4 5.50 0.8500 416.6 0.900 0.0000e+00
ACC 65536 4096 2 4 5.50 0.8500 416.6 0.940 0.0000e+00
ACC 65536 4096 2 4 5.50 0.8500 416.6 0.970 0.0000e+00
ACC 65536 4096 2 4 5.50 0.8500 416.6 1.000 6.3291e-04
ACC 65536 4096 2 4 5.50 0.8500 1640.5 0.900 0.0000e+00
ACC 65536 4096 2 4 5.50 0.8500 1640.5 0.940 0.0000e+00
ACC 65536 4096 2 4 5.50 0.8500 1640.5 0.970 0.0000e+00
ACC 65536 4096 2 4 5.50 0.8500 1640.5 1.000 0.0000e+00
ACC 65536 4096 2 4 5.50 0.9200 416.6 0.900 0.0000e+00
ACC 65536 4096 2 4 5.50 0.9200 416.6 0.940 0.0000e+00
ACC 65536 4096 2 4 5.50 0.9200 416.6 0.970 0.0000e+00
ACC 65536 4096 2 4 5.50 0.9200 416.6 1.000 0.0000e+00
ACC 65536 4096 2 4 5.50 0.9200 1640.5 0.900 0.0000e+00
ACC 65536 4096 2 4 5.50 0.9200 1640.5 0.940 0.0000e+00
ACC 65536 4096 2 4 5.50 0.9200 1640.5 0.970 0.0000e+00
ACC 65536 4096 2 4 5.50 0.9200 1640.5 1.000 0.0000e+00
ACC 65536 4096 2 4 5.50 0.9700 416.6 0.900 0.0000e+00
ACC 65536 4096 2 4 5.50 0.9700 416.6 0.940 0.0000e+00
ACC 65536 4096 2 4 5.50 0.9700 416.6 0.970 0.0000e+00
ACC 65536 4096 2 4 5.50 0.9700 416.6 1.000 0.0000e+00
ACC 65536 4096 2 4 5.50 0.9700 1640.5 0.900 0.0000e+00
ACC 65536 4096 2 4 5.50 0.9700 1640.5 0.940 0.0000e+00
ACC 65536 4096 2 4 5.50 0.9700 1640.5 0.970 0.0000e+00
ACC 65536 4096 2 4 5.50 0.9700 1640.5 1.000 0.0000e+00
ACC 65536 4096 2 4 6.00 0.8500 416.6 0.900 0.0000e+00
ACC 65536 4096 2 4 6.00 0.8500 416.6 0.940 0.0000e+00
ACC 65536 4096 2 4 6.00 0.8500 416.6 0.970 0.0000e+00
ACC 65536 4096 2 4 6.00 0.8500 416.6 1.000 1.3098e-03
ACC 65536 4096 2 4 6.00 0.8500 1640.5 0.900 0.0000e+00
ACC 65536 4096 2 4 6.00 0.8500 1640.5 0.940 0.0000e+00
ACC 65536 4096 2 4 6.00 0.8500 1640.5 0.970 0.0000e+00
ACC 65536 4096 2 4 6.00 0.8500 1640.5 1.000 0.0000e+00
ACC 65536 4096 2 4 6.00 0.9200 416.6 0.900 0.0000e+00
ACC 65536 4096 2 4 6.00 0.9200 416.6 0.940 0.0000e+00
ACC 65536 4096 2 4 6.00 0.9200 416.6 0.970 0.0000e+00
ACC 65536 4096 2 4 6.00 0.9200 416.6 1.000 6.4309e-04
ACC 65536 4096 2 4 6.00 0.9200 1640.5 0.900 0.0000e+00
ACC 65536 4096 2 4 6.00 0.9200 1640.5 0.940 0.0000e+00
ACC 65536 4096 2 4 6.00 0.9200 1640.5 0.970 0.0000e+00
ACC 65536 4096 2 4 6.00 0.9200 1640.5 1.000 0.0000e+00
ACC 65536 4096 2 4 6.00 0.9700 416.6 0.900 0.0000e+00
ACC 65536 4096 2 4 6.00 0.9700 416.6 0.940 0.0000e+00
ACC 65536 4096 2 4 6.00 0.9700 416.6 0.970 0.0000e+00
ACC 65536 4096 2 4 6.00 0.9700 416.6 1.000 0.0000e+00
ACC 65536 4096 2 4 6.00 0.9700 1640.5 0.900 0.0000e+00
ACC 65536 4096 2 4 6.00 0.9700 1640.5 0.940 0.0000e+00
ACC 65536 4096 2 4 6.00 0.9700 1640.5 0.970 0.0000e+00
ACC 65536 4096 2 4 6.00 0.9700 1640.5 1.000 0.0000e+00
ACC 65536 4096 2 4 6.50 0.8500 416.6 0.900 0.0000e+00
ACC 65536 4096 2 4 6.50 0.8500 416.6 0.940 0.0000e+00
ACC 65536 4096 2 4 6.50 0.8500 416.6 0.970 0.0000e+00
ACC 65536 4096 2 4 6.50 0.8500 416.6 1.000 1.3378e-03
ACC 65536 4096 2 4 6.50 0.8500 1640.5 0.900 0.0000e+00
ACC 65536 4096 2 4 6.50 0.8500 1640.5 0.940 0.0000e+00
ACC 65536 4096 2 4 6.50 0.8500 1640.5 0.970 0.0000e+00
ACC 65536 4096 2 4 6.50 0.8500 1640.5 1.000 0.0000e+00
ACC 65536 4096 2 4 6.50 0.9200 416.6 0.900 0.0000e+00
ACC 65536 4096 2 4 6.50 0.9200 416.6 0.940 0.0000e+00
ACC 65536 4096 2 4 6.50 0.9200 416.6 0.970 0.0000e+00
ACC 65536 4096 2 4 6.50 0.9200 416.6 1.000 0.0000e+00
ACC 65536 4096 2 4 6.50 0.9200 1640.5 0.900 0.0000e+00
ACC 65536 4096 2 4 6.50 0.9200 1640.5 0.940 0.0000e+00
ACC 65536 4096 2 4 6.50 0.9200 1640.5 0.970 0.0000e+00
ACC 65536 4096 2 4 6.50 0.9200 1640.5 1.000 0.0000e+00
ACC 65536 4096 2 4 6.50 0.9700 416.6 0.900 0.0000e+00
ACC 65536 4096 2 4 6.50 0.9700 416.6 0.940 0.0000e+00
ACC 65536 4096 2 4 6.50 0.9700 416.6 0.970 0.0000e+00
ACC 65536 4096 2 4 6.50 0.9700 416.6 1.000 0.0000e+00
ACC 65536 4096 2 4 6.50 0.9700 1640.5 0.900 0.0000e+00
ACC 65536 4096 2 4 6.50 0.9700 1640.5 0.940 0.0000e+00
ACC 65536 4096 2 4 6.50 0.9700 1640.5 0.970 0.0000e+00
ACC 65536 4096 2 4 6.50 0.9700 1640.5 1.000 0.0000e+00
ACC 65536 4096 2 8 5.00 0.8500 416.6 0.900 0.0000e+00
ACC 65536 4096 2 8 5.00 0.8500 416.6 0.940 0.0000e+00
ACC 65536 4096 2 8 5.00 0.8500 416.6 0.970 0.0000e+00
ACC 65536 4096 2 8 5.00 0.8500 416.6 1.000 0.0000e+00
ACC 65536 4096 2 8 5.00 0.8500 1640.5 0.900 0.0000e+00
ACC 65536 4096 2 8 5.00 0.8500 1640.5 0.940 0.0000e+00
ACC 65536 4096 2 8 5.00 0.8500 1640.5 0.970 0.0000e+00
ACC 65536 4096 2 8 5.00 0.8500 1640.5 1.000 0.0000e+00
ACC 65536 4096 2 8 5.00 0.9200 416.6 0.900 0.0000e+00
ACC 65536 4096 2 8 5.00 0.9200 416.6 0.940 0.0000e+00
ACC 65536 4096 2 8 5.00 0.9200 416.6 0.970 0.0000e+00
ACC 65536 4096 2 8 5.00 0.9200 416.6 1.000 0.0000e+00
ACC 65536 4096 2 8 5.00 0.9200 1640.5 0.900 0.0000e+00
ACC 65536 4096 2 8 5.00 0.9200 1640.5 0.940 0.0000e+00
ACC 65536 4096 2 8 5.00 0.9200 1640.5 0.970 0.0000e+00
ACC 65536 4096 2 8 5.00 0.9200 1640.5 1.000 6.2972e-04
ACC 65536 4096 2 8 5.00 0.9700 416.6 0.900 0.0000e+00
ACC 65536 4096 2 8 5.00 0.9700 416.6 0.940 0.0000e+00
ACC 65536 4096 2 8 5.00 0.9700 416.6 0.970 0.0000e+00
ACC 65536 4096 2 8 5.00 0.9700 416.6 1.000 0.0000e+00
ACC 65536 4096 2 8 5.00 0.9700 1640.5 0.900 0.0000e+00
ACC 65536 4096 2 8 5.00 0.9700 1640.5 0.940 0.0000e+00
ACC 65536 4096 2 8 5.00 0.9700 1640.5 0.970 0.0000e+00
ACC 65536 4096 2 8 5.00 0.9700 1640.5 1.000 1.9145e-03
ACC 65536 4096 2 8 5.50 0.8500 416.6 0.900 0.0000e+00
ACC 65536 4096 2 8 5.50 0.8500 416.6 0.940 0.0000e+00
ACC 65536 4096 2 8 5.50 0.8500 416.6 0.970 0.0000e+00
ACC 65536 4096 2 8 5.50 0.8500 416.6 1.000 6.3291e-04
ACC 65536 4096 2 8 5.50 0.8500 1640.5 0.900 0.0000e+00
ACC 65536 4096 2 8 5.50 0.8500 1640.5 0.940 0.0000e+00
ACC 65536 4096 2 8 5.50 0.8500 1640.5 0.970 0.0000e+00
ACC 65536 4096 2 8 5.50 0.8500 1640.5 1.000 6.6534e-04
ACC 65536 4096 2 8 5.50 0.9200 416.6 0.900 0.0000e+00
ACC 65536 4096 2 8 5.50 0.9200 416.6 0.940 0.0000e+00
ACC 65536 4096 2 8 5.50 0.9200 416.6 0.970 0.0000e+00
ACC 65536 4096 2 8 5.50 0.9200 416.6 1.000 0.0000e+00
ACC 65536 4096 2 8 5.50 0.9200 1640.5 0.900 0.0000e+00
ACC 65536 4096 2 8 5.50 0.9200 1640.5 0.940 0.0000e+00
ACC 65536 4096 2 8 5.50 0.9200 1640.5 0.970 6.7568e-04
ACC 65536 4096 2 8 5.50 0.9200 1640.5 1.000 6.7568e-04
ACC 65536 4096 2 8 5.50 0.9700 416.6 0.900 0.0000e+00
ACC 65536 4096 2 8 5.50 0.9700 416.6 0.940 0.0000e+00
ACC 65536 4096 2 8 5.50 0.9700 416.6 0.970 0.0000e+00
ACC 65536 4096 2 8 5.50 0.9700 416.6 1.000 6.3052e-04
ACC 65536 4096 2 8 5.50 0.9700 1640.5 0.900 0.0000e+00
ACC 65536 4096 2 8 5.50 0.9700 1640.5 0.940 0.0000e+00
ACC 65536 4096 2 8 5.50 0.9700 1640.5 0.970 0.0000e+00
ACC 65536 4096 2 8 5.50 0.9700 1640.5 1.000 2.6900e-03
ACC 65536 4096 2 8 6.00 0.8500 416.6 0.900 0.0000e+00
ACC 65536 4096 2 8 6.00 0.8500 416.6 0.940 0.0000e+00
ACC 65536 4096 2 8 6.00 0.8500 416.6 0.970 0.0000e+00
ACC 65536 4096 2 8 6.00 0.8500 416.6 1.000 1.3098e-03
ACC 65536 4096 2 8 6.00 0.8500 1640.5 0.900 0.0000e+00
ACC 65536 4096 2 8 6.00 0.8500 1640.5 0.940 0.0000e+00
ACC 65536 4096 2 8 6.00 0.8500 1640.5 0.970 6.7935e-04
ACC 65536 4096 2 8 6.00 0.8500 1640.5 1.000 2.0380e-03
ACC 65536 4096 2 8 6.00 0.9200 416.6 0.900 0.0000e+00
ACC 65536 4096 2 8 6.00 0.9200 416.6 0.940 0.0000e+00
ACC 65536 4096 2 8 6.00 0.9200 416.6 0.970 0.0000e+00
ACC 65536 4096 2 8 6.00 0.9200 416.6 1.000 6.4309e-04
ACC 65536 4096 2 8 6.00 0.9200 1640.5 0.900 0.0000e+00
ACC 65536 4096 2 8 6.00 0.9200 1640.5 0.940 0.0000e+00
ACC 65536 4096 2 8 6.00 0.9200 1640.5 0.970 0.0000e+00
ACC 65536 4096 2 8 6.00 0.9200 1640.5 1.000 0.0000e+00
ACC 65536 4096 2 8 6.00 0.9700 416.6 0.900 0.0000e+00
ACC 65536 4096 2 8 6.00 0.9700 416.6 0.940 0.0000e+00
ACC 65536 4096 2 8 6.00 0.9700 416.6 0.970 0.0000e+00
ACC 65536 4096 2 8 6.00 0.9700 416.6 1.000 0.0000e+00
ACC 65536 4096 2 8 6.00 0.9700 1640.5 0.900 0.0000e+00
ACC 65536 4096 2 8 6.00 0.9700 1640.5 0.940 0.0000e+00
ACC 65536 4096 2 8 6.00 0.9700 1640.5 0.970 0.0000e+00
ACC 65536 4096 2 8 6.00 0.9700 1640.5 1.000 2.7267e-03
ACC 65536 4096 2 8 6.50 0.8500 416.6 0.900 0.0000e+00
ACC 65536 4096 2 8 6.50 0.8500 416.6 0.940 0.0000e+00
ACC 65536 4096 2 8 6.50 0.8500 416.6 0.970 0.0000e+00
ACC 65536 4096 2 8 6.50 0.8500 416.6 1.000 1.3378e-03
ACC 65536 4096 2 8 6.50 0.8500 1640.5 0.900 0.0000e+00
ACC 65536 4096 2 8 6.50 0.8500 1640.5 0.940 0.0000e+00
ACC 65536 4096 2 8 6.50 0.8500 1640.5 0.970 6.8823e-04
ACC 65536 4096 2 8 6.50 0.8500 1640.5 1.000 1.3765e-03
ACC 65536 4096 2 8 6.50 0.9200 416.6 0.900 0.0000e+00
ACC 65536 4096 2 8 6.50 0.9200 416.6 0.940 0.0000e+00
ACC 65536 4096 2 8 6.50 0.9200 416.6 0.970 0.0000e+00
ACC 65536 4096 2 8 6.50 0.9200 416.6 1.000 0.0000e+00
ACC 65536 4096 2 8 6.50 0.9200 1640.5 0.900 0.0000e+00
ACC 65536 4096 2 8 6.50 0.9200 1640.5 0.940 0.0000e+00
ACC 65536 4096 2 8 6.50 0.9200 1640.5 0.970 0.0000e+00
ACC 65536 4096 2 8 6.50 0.9200 1640.5 1.000 0.0000e+00
ACC 65536 4096 2 8 6.50 0.9700 416.6 0.900 0.0000e+00
ACC 65536 4096 2 8 6.50 0.9700 416.6 0.940 0.0000e+00
ACC 65536 4096 2 8 6.50 0.9700 416.6 0.970 0.0000e+00
ACC 65536 4096 2 8 6.50 0.9700 416.6 1.000 6.5617e-04
ACC 65536 4096 2 8 6.50 0.9700 1640.5 0.900 0.0000e+00
ACC 65536 4096 2 8 6.50 0.9700 1640.5 0.940 0.0000e+00
ACC 65536 4096 2 8 6.50 0.9700 1640.5 0.970 0.0000e+00
ACC 65536 4096 2 8 6.50 0.9700 1640.5 1.000 4.8209e-03
ACC 65536 8192 2 4 5.00 0.8500 832.6 0.900 0.0000e+00
ACC 65536 8192 2 4 5.00 0.8500 832.6 0.940 0.0000e+00
ACC 65536 8192 2 4 5.00 0.8500 832.6 0.970 0.0000e+00
ACC 65536 8192 2 4 5.00 0.8500 832.6 1.000 0.0000e+00
ACC 65536 8192 2 4 5.00 0.8500 3280.4 0.900 0.0000e+00
ACC 65536 8192 2 4 5.00 0.8500 3280.4 0.940 0.0000e+00
ACC 65536 8192 2 4 5.00 0.8500 3280.4 0.970 0.0000e+00
ACC 65536 8192 2 4 5.00 0.8500 3280.4 1.000 0.0000e+00
ACC 65536 8192 2 4 5.00 0.9200 832.6 0.900 0.0000e+00
ACC 65536 8192 2 4 5.00 0.9200 832.6 0.940 0.0000e+00
ACC 65536 8192 2 4 5.00 0.9200 832.6 0.970 0.0000e+00
ACC 65536 8192 2 4 5.00 0.9200 832.6 1.000 0.0000e+00
ACC 65536 8192 2 4 5.00 0.9200 3280.4 0.900 0.0000e+00
ACC 65536 8192 2 4 5.00 0.9200 3280.4 0.940 0.0000e+00
ACC 65536 8192 2 4 5.00 0.9200 3280.4 0.970 0.0000e+00
ACC 65536 8192 2 4 5.00 0.9200 3280.4 1.000 0.0000e+00
ACC 65536 8192 2 4 5.00 0.9700 832.6 0.900 0.0000e+00
ACC 65536 8192 2 4 5.00 0.9700 832.6 0.940 0.0000e+00
ACC 65536 8192 2 4 5.00 0.9700 832.6 0.970 0.0000e+00
ACC 65536 8192 2 4 5.00 0.9700 832.6 1.000 6.0569e-04
ACC 65536 8192 2 4 5.00 0.9700 3280.4 0.900 0.0000e+00
ACC 65536 8192 2 4 5.00 0.9700 3280.4 0.940 0.0000e+00
ACC 65536 8192 2 4 5.00 0.9700 3280.4 0.970 0.0000e+00
ACC 65536 8192 2 4 5.00 0.9700 3280.4 1.000 0.0000e+00
ACC 65536 8192 2 4 5.50 0.8500 832.6 0.900 0.0000e+00
ACC 65536 8192 2 4 5.50 0.8500 832.6 0.940 0.0000e+00
ACC 65536 8192 2 4 5.50 0.8500 832.6 0.970 0.0000e+00
ACC 65536 8192 2 4 5.50 0.8500 832.6 1.000 0.0000e+00
ACC 65536 8192 2 4 5.50 0.8500 3280.4 0.900 0.0000e+00
ACC 65536 8192 2 4 5.50 0.8500 3280.4 0.940 0.0000e+00
ACC 65536 8192 2 4 5.50 0.8500 3280.4 0.970 0.0000e+00
ACC 65536 8192 2 4 5.50 0.8500 3280.4 1.000 0.0000e+00
ACC 65536 8192 2 4 5.50 0.9200 832.6 0.900 0.0000e+00
ACC 65536 8192 2 4 5.50 0.9200 832.6 0.940 0.0000e+00
ACC 65536 8192 2 4 5.50 0.9200 832.6 0.970 0.0000e+00
ACC 65536 8192 2 4 5.50 0.9200 832.6 1.000 0.0000e+00
ACC 65536 8192 2 4 5.50 0.9200 3280.4 0.900 0.0000e+00
ACC 65536 8192 2 4 5.50 0.9200 3280.4 0.940 0.0000e+00
ACC 65536 8192 2 4 5.50 0.9200 3280.4 0.970 0.0000e+00
ACC 65536 8192 2 4 5.50 0.9200 3280.4 1.000 0.0000e+00
ACC 65536 8192 2 4 5.50 0.9700 832.6 0.900 0.0000e+00
ACC 65536 8192 2 4 5.50 0.9700 832.6 0.940 0.0000e+00
ACC 65536 8192 2 4 5.50 0.9700 832.6 0.970 0.0000e+00
ACC 65536 8192 2 4 5.50 0.9700 832.6 1.000 0.0000e+00
ACC 65536 8192 2 4 5.50 0.9700 3280.4 0.900 0.0000e+00
ACC 65536 8192 2 4 5.50 0.9700 3280.4 0.940 0.0000e+00
ACC 65536 8192 2 4 5.50 0.9700 3280.4 0.970 0.0000e+00
ACC 65536 8192 2 4 5.50 0.9700 3280.4 1.000 0.0000e+00
ACC 65536 8192 2 4 6.00 0.8500 832.6 0.900 0.0000e+00
ACC 65536 8192 2 4 6.00 0.8500 832.6 0.940 0.0000e+00
ACC 65536 8192 2 4 6.00 0.8500 832.6 0.970 0.0000e+00
ACC 65536 8192 2 4 6.00 0.8500 832.6 1.000 0.0000e+00
ACC 65536 8192 2 4 6.00 0.8500 3280.4 0.900 0.0000e+00
ACC 65536 8192 2 4 6.00 0.8500 3280.4 0.940 0.0000e+00
ACC 65536 8192 2 4 6.00 0.8500 3280.4 0.970 0.0000e+00
ACC 65536 8192 2 4 6.00 0.8500 3280.4 1.000 0.0000e+00
ACC 65536 8192 2 4 6.00 0.9200 832.6 0.900 0.0000e+00
ACC 65536 8192 2 4 6.00 0.9200 832.6 0.940 0.0000e+00
ACC 65536 8192 2 4 6.00 0.9200 832.6 0.970 0.0000e+00
ACC 65536 8192 2 4 6.00 0.9200 832.6 1.000 0.0000e+00
ACC 65536 8192 2 4 6.00 0.9200 3280.4 0.900 0.0000e+00
ACC 65536 8192 2 4 6.00 0.9200 3280.4 0.940 0.0000e+00
ACC 65536 8192 2 4 6.00 0.9200 3280.4 0.970 0.0000e+00
ACC 65536 8192 2 4 6.00 0.9200 3280.4 1.000 0.0000e+00
ACC 65536 8192 2 4 6.00 0.9700 832.6 0.900 0.0000e+00
ACC 65536 8192 2 4 6.00 0.9700 832.6 0.940 0.0000e+00
ACC 65536 8192 2 4 6.00 0.9700 832.6 0.970 0.0000e+00
ACC 65536 8192 2 4 6.00 0.9700 832.6 1.000 0.0000e+00
ACC 65536 8192 2 4 6.00 0.9700 3280.4 0.900 0.0000e+00
ACC 65536 8192 2 4 6.00 0.9700 3280.4 0.940 0.0000e+00
ACC 65536 8192 2 4 6.00 0.9700 3280.4 0.970 0.0000e+00
ACC 65536 8192 2 4 6.00 0.9700 3280.4 1.000 0.0000e+00
ACC 65536 8192 2 4 6.50 0.8500 832.6 0.900 0.0000e+00
ACC 65536 8192 2 4 6.50 0.8500 832.6 0.940 0.0000e+00
ACC 65536 8192 2 4 6.50 0.8500 832.6 0.970 0.0000e+00
ACC 65536 8192 2 4 6.50 0.8500 832.6 1.000 0.0000e+00
ACC 65536 8192 2 4 6.50 0.8500 3280.4 0.900 0.0000e+00
ACC 65536 8192 2 4 6.50 0.8500 3280.4 0.940 0.0000e+00
ACC 65536 8192 2 4 6.50 0.8500 3280.4 0.970 0.0000e+00
ACC 65536 8192 2 4 6.50 0.8500 3280.4 1.000 0.0000e+00
ACC 65536 8192 2 4 6.50 0.9200 832.6 0.900 0.0000e+00
ACC 65536 8192 2 4 6.50 0.9200 832.6 0.940 0.0000e+00
ACC 65536 8192 2 4 6.50 0.9200 832.6 0.970 0.0000e+00
ACC 65536 8192 2 4 6.50 0.9200 832.6 1.000 0.0000e+00
ACC 65536 8192 2 4 6.50 0.9200 3280.4 0.900 0.0000e+00
ACC 65536 8192 2 4 6.50 0.9200 3280.4 0.940 0.0000e+00
ACC 65536 8192 2 4 6.50 0.9200 3280.4 0.970 0.0000e+00
ACC 65536 8192 2 4 6.50 0.9200 3280.4 1.000 0.0000e+00
ACC 65536 8192 2 4 6.50 0.9700 832.6 0.900 0.0000e+00
ACC 65536 8192 2 4 6.50 0.9700 832.6 0.940 0.0000e+00
ACC 65536 8192 2 4 6.50 0.9700 832.6 0.970 0.0000e+00
ACC 65536 8192 2 4 6.50 0.9700 832.6 1.000 0.0000e+00
ACC 65536 8192 2 4 6.50 0.9700 3280.4 0.900 0.0000e+00
ACC 65536 8192 2 4 6.50 0.9700 3280.4 0.940 0.0000e+00
ACC 65536 8192 2 4 6.50 0.9700 3280.4 0.970 0.0000e+00
ACC 65536 8192 2 4 6.50 0.9700 3280.4 1.000 0.0000e+00
ACC 65536 8192 2 8 5.00 0.8500 832.6 0.900 0.0000e+00
ACC 65536 8192 2 8 5.00 0.8500 832.6 0.940 0.0000e+00
ACC 65536 8192 2 8 5.00 0.8500 832.6 0.970 0.0000e+00
ACC 65536 8192 2 8 5.00 0.8500 832.6 1.000 0.0000e+00
ACC 65536 8192 2 8 5.00 0.8500 3280.4 0.900 0.0000e+00
ACC 65536 8192 2 8 5.00 0.8500 3280.4 0.940 0.0000e+00
ACC 65536 8192 2 8 5.00 0.8500 3280.4 0.970 0.0000e+00
ACC 65536 8192 2 8 5.00 0.8500 3280.4 1.000 0.0000e+00
ACC 65536 8192 2 8 5.00 0.9200 832.6 0.900 0.0000e+00
ACC 65536 8192 2 8 5.00 0.9200 832.6 0.940 0.0000e+00
ACC 65536 8192 2 8 5.00 0.9200 832.6 0.970 0.0000e+00
ACC 65536 8192 2 8 5.00 0.9200 832.6 1.000 0.0000e+00
ACC 65536 8192 2 8 5.00 0.9200 3280.4 0.900 0.0000e+00
ACC 65536 8192 2 8 5.00 0.9200 3280.4 0.940 0.0000e+00
ACC 65536 8192 2 8 5.00 0.9200 3280.4 0.970 0.0000e+00
ACC 65536 8192 2 8 5.00 0.9200 3280.4 1.000 0.0000e+00
ACC 65536 8192 2 8 5.00 0.9700 832.6 0.900 0.0000e+00
ACC 65536 8192 2 8 5.00 0.9700 832.6 0.940 0.0000e+00
ACC 65536 8192 2 8 5.00 0.9700 832.6 0.970 6.0569e-04
ACC 65536 8192 2 8 5.00 0.9700 832.6 1.000 1.2114e-03
ACC 65536 8192 2 8 5.00 0.9700 3280.4 0.900 0.0000e+00
ACC 65536 8192 2 8 5.00 0.9700 3280.4 0.940 0.0000e+00
ACC 65536 8192 2 8 5.00 0.9700 3280.4 0.970 0.0000e+00
ACC 65536 8192 2 8 5.00 0.9700 3280.4 1.000 4.3832e-03
ACC 65536 8192 2 8 5.50 0.8500 832.6 0.900 0.0000e+00
ACC 65536 8192 2 8 5.50 0.8500 832.6 0.940 0.0000e+00
ACC 65536 8192 2 8 5.50 0.8500 832.6 0.970 0.0000e+00
ACC 65536 8192 2 8 5.50 0.8500 832.6 1.000 0.0000e+00
ACC 65536 8192 2 8 5.50 0.8500 3280.4 0.900 0.0000e+00
ACC 65536 8192 2 8 5.50 0.8500 3280.4 0.940 0.0000e+00
ACC 65536 8192 2 8 5.50 0.8500 3280.4 0.970 0.0000e+00
ACC 65536 8192 2 8 5.50 0.8500 3280.4 1.000 0.0000e+00
ACC 65536 8192 2 8 5.50 0.9200 832.6 0.900 0.0000e+00
ACC 65536 8192 2 8 5.50 0.9200 832.6 0.940 0.0000e+00
ACC 65536 8192 2 8 5.50 0.9200 832.6 0.970 0.0000e+00
ACC 65536 8192 2 8 5.50 0.9200 832.6 1.000 6.3131e-04
ACC 65536 8192 2 8 5.50 0.9200 3280.4 0.900 0.0000e+00
ACC 65536 8192 2 8 5.50 0.9200 3280.4 0.940 0.0000e+00
ACC 65536 8192 2 8 5.50 0.9200 3280.4 0.970 0.0000e+00
ACC 65536 8192 2 8 5.50 0.9200 3280.4 1.000 6.8213e-04
ACC 65536 8192 2 8 5.50 0.9700 832.6 0.900 0.0000e+00
ACC 65536 8192 2 8 5.50 0.9700 832.6 0.940 0.0000e+00
ACC 65536 8192 2 8 5.50 0.9700 832.6 0.970 0.0000e+00
ACC 65536 8192 2 8 5.50 0.9700 832.6 1.000 0.0000e+00
ACC 65536 8192 2 8 5.50 0.9700 3280.4 0.900 0.0000e+00
ACC 65536 8192 2 8 5.50 0.9700 3280.4 0.940 0.0000e+00
ACC 65536 8192 2 8 5.50 0.9700 3280.4 0.970 0.0000e+00
ACC 65536 8192 2 8 5.50 0.9700 3280.4 1.000 3.3852e-03
ACC 65536 8192 2 8 6.00 0.8500 832.6 0.900 0.0000e+00
ACC 65536 8192 2 8 6.00 0.8500 832.6 0.940 0.0000e+00
ACC 65536 8192 2 8 6.00 0.8500 832.6 0.970 0.0000e+00
ACC 65536 8192 2 8 6.00 0.8500 832.6 1.000 0.0000e+00
ACC 65536 8192 2 8 6.00 0.8500 3280.4 0.900 0.0000e+00
ACC 65536 8192 2 8 6.00 0.8500 3280.4 0.940 0.0000e+00
ACC 65536 8192 2 8 6.00 0.8500 3280.4 0.970 0.0000e+00
ACC 65536 8192 2 8 6.00 0.8500 3280.4 1.000 7.0572e-04
ACC 65536 8192 2 8 6.00 0.9200 832.6 0.900 0.0000e+00
ACC 65536 8192 2 8 6.00 0.9200 832.6 0.940 0.0000e+00
ACC 65536 8192 2 8 6.00 0.9200 832.6 0.970 0.0000e+00
ACC 65536 8192 2 8 6.00 0.9200 832.6 1.000 1.3098e-03
ACC 65536 8192 2 8 6.00 0.9200 3280.4 0.900 0.0000e+00
ACC 65536 8192 2 8 6.00 0.9200 3280.4 0.940 0.0000e+00
ACC 65536 8192 2 8 6.00 0.9200 3280.4 0.970 0.0000e+00
ACC 65536 8192 2 8 6.00 0.9200 3280.4 1.000 1.3976e-03
ACC 65536 8192 2 8 6.00 0.9700 832.6 0.900 0.0000e+00
ACC 65536 8192 2 8 6.00 0.9700 832.6 0.940 0.0000e+00
ACC 65536 8192 2 8 6.00 0.9700 832.6 0.970 0.0000e+00
ACC 65536 8192 2 8 6.00 0.9700 832.6 1.000 0.0000e+00
ACC 65536 8192 2 8 6.00 0.9700 3280.4 0.900 0.0000e+00
ACC 65536 8192 2 8 6.00 0.9700 3280.4 0.940 0.0000e+00
ACC 65536 8192 2 8 6.00 0.9700 3280.4 0.970 0.0000e+00
ACC 65536 8192 2 8 6.00 0.9700 3280.4 1.000 4.1379e-03
ACC 65536 8192 2 8 6.50 0.8500 832.6 0.900 0.0000e+00
ACC 65536 8192 2 8 6.50 0.8500 832.6 0.940 0.0000e+00
ACC 65536 8192 2 8 6.50 0.8500 832.6 0.970 0.0000e+00
ACC 65536 8192 2 8 6.50 0.8500 832.6 1.000 0.0000e+00
ACC 65536 8192 2 8 6.50 0.8500 3280.4 0.900 0.0000e+00
ACC 65536 8192 2 8 6.50 0.8500 3280.4 0.940 0.0000e+00
ACC 65536 8192 2 8 6.50 0.8500 3280.4 0.970 0.0000e+00
ACC 65536 8192 2 8 6.50 0.8500 3280.4 1.000 0.0000e+00
ACC 65536 8192 2 8 6.50 0.9200 832.6 0.900 0.0000e+00
ACC 65536 8192 2 8 6.50 0.9200 832.6 0.940 0.0000e+00
ACC 65536 8192 2 8 6.50 0.9200 832.6 0.970 0.0000e+00
ACC 65536 8192 2 8 6.50 0.9200 832.6 1.000 1.3324e-03
ACC 65536 8192 2 8 6.50 0.9200 3280.4 0.900 0.0000e+00
ACC 65536 8192 2 8 6.50 0.9200 3280.4 0.940 0.0000e+00
ACC 65536 8192 2 8 6.50 0.9200 3280.4 0.970 0.0000e+00
ACC 65536 8192 2 8 6.50 0.9200 3280.4 1.000 7.0822e-04
ACC 65536 8192 2 8 6.50 0.9700 832.6 0.900 0.0000e+00
ACC 65536 8192 2 8 6.50 0.9700 832.6 0.940 0.0000e+00
ACC 65536 8192 2 8 6.50 0.9700 832.6 0.970 0.0000e+00
ACC 65536 8192 2 8 6.50 0.9700 832.6 1.000 0.0000e+00
ACC 65536 8192 2 8 6.50 0.9700 3280.4 0.900 0.0000e+00
ACC 65536 8192 2 8 6.50 0.9700 3280.4 0.940 0.0000e+00
ACC 65536 8192 2 8 6.50 0.9700 3280.4 0.970 0.0000e+00
ACC 65536 8192 2 8 6.50 0.9700 3280.4 1.000 3.4941e-03
ACC 65536 16384 2 4 5.00 0.8500 1664.6 0.900 0.0000e+00
ACC 65536 16384 2 4 5.00 0.8500 1664.6 0.940 0.0000e+00
ACC 65536 16384 2 4 5.00 0.8500 1664.6 0.970 0.0000e+00
ACC 65536 16384 2 4 5.00 0.8500 1664.6 1.000 0.0000e+00
ACC 65536 16384 2 4 5.00 0.8500 6560.4 0.900 0.0000e+00
ACC 65536 16384 2 4 5.00 0.8500 6560.4 0.940 0.0000e+00
ACC 65536 16384 2 4 5.00 0.8500 6560.4 0.970 0.0000e+00
ACC 65536 16384 2 4 5.00 0.8500 6560.4 1.000 0.0000e+00
ACC 65536 16384 2 4 5.00 0.9200 1664.6 0.900 0.0000e+00
ACC 65536 16384 2 4 5.00 0.9200 1664.6 0.940 0.0000e+00
ACC 65536 16384 2 4 5.00 0.9200 1664.6 0.970 0.0000e+00
ACC 65536 16384 2 4 5.00 0.9200 1664.6 1.000 0.0000e+00
ACC 65536 16384 2 4 5.00 0.9200 6560.4 0.900 0.0000e+00
ACC 65536 16384 2 4 5.00 0.9200 6560.4 0.940 0.0000e+00
ACC 65536 16384 2 4 5.00 0.9200 6560.4 0.970 0.0000e+00
ACC 65536 16384 2 4 5.00 0.9200 6560.4 1.000 0.0000e+00
ACC 65536 16384 2 4 5.00 0.9700 1664.6 0.900 0.0000e+00
ACC 65536 16384 2 4 5.00 0.9700 1664.6 0.940 0.0000e+00
ACC 65536 16384 2 4 5.00 0.9700 1664.6 0.970 0.0000e+00
ACC 65536 16384 2 4 5.00 0.9700 1664.6 1.000 6.0350e-04
ACC 65536 16384 2 4 5.00 0.9700 6560.4 0.900 0.0000e+00
ACC 65536 16384 2 4 5.00 0.9700 6560.4 0.940 0.0000e+00
ACC 65536 16384 2 4 5.00 0.9700 6560.4 0.970 0.0000e+00
ACC 65536 16384 2 4 5.00 0.9700 6560.4 1.000 0.0000e+00
ACC 65536 16384 2 4 5.50 0.8500 1664.6 0.900 0.0000e+00
ACC 65536 16384 2 4 5.50 0.8500 1664.6 0.940 0.0000e+00
ACC 65536 16384 2 4 5.50 0.8500 1664.6 0.970 0.0000e+00
ACC 65536 16384 2 4 5.50 0.8500 1664.6 1.000 6.5617e-04
ACC 65536 16384 2 4 5.50 0.8500 6560.4 0.900 0.0000e+00
ACC 65536 16384 2 4 5.50 0.8500 6560.4 0.940 0.0000e+00
ACC 65536 16384 2 4 5.50 0.8500 6560.4 0.970 0.0000e+00
ACC 65536 16384 2 4 5.50 0.8500 6560.4 1.000 0.0000e+00
ACC 65536 16384 2 4 5.50 0.9200 1664.6 0.900 0.0000e+00
ACC 65536 16384 2 4 5.50 0.9200 1664.6 0.940 0.0000e+00
ACC 65536 16384 2 4 5.50 0.9200 1664.6 0.970 0.0000e+00
ACC 65536 16384 2 4 5.50 0.9200 1664.6 1.000 0.0000e+00
ACC 65536 16384 2 4 5.50 0.9200 6560.4 0.900 0.0000e+00
ACC 65536 16384 2 4 5.50 0.9200 6560.4 0.940 0.0000e+00
ACC 65536 16384 2 4 5.50 0.9200 6560.4 0.970 0.0000e+00
ACC 65536 16384 2 4 5.50 0.9200 6560.4 1.000 0.0000e+00
ACC 65536 16384 2 4 5.50 0.9700 1664.6 0.900 0.0000e+00
ACC 65536 16384 2 4 5.50 0.9700 1664.6 0.940 0.0000e+00
ACC 65536 16384 2 4 5.50 0.9700 1664.6 0.970 0.0000e+00
ACC 65536 16384 2 4 5.50 0.9700 1664.6 1.000 6.4641e-04
ACC 65536 16384 2 4 5.50 0.9700 6560.4 0.900 0.0000e+00
ACC 65536 16384 2 4 5.50 0.9700 6560.4 0.940 0.0000e+00
ACC 65536 16384 2 4 5.50 0.9700 6560.4 0.970 0.0000e+00
ACC 65536 16384 2 4 5.50 0.9700 6560.4 1.000 0.0000e+00
ACC 65536 16384 2 4 5.75 0.8500 1664.6 0.900 0.0000e+00
ACC 65536 16384 2 4 5.75 0.8500 1664.6 0.940 0.0000e+00
ACC 65536 16384 2 4 5.75 0.8500 1664.6 0.970 6.6489e-04
ACC 65536 16384 2 4 5.75 0.8500 1664.6 1.000 1.3298e-03
ACC 65536 16384 2 4 5.75 0.8500 6560.4 0.900 0.0000e+00
ACC 65536 16384 2 4 5.75 0.8500 6560.4 0.940 0.0000e+00
ACC 65536 16384 2 4 5.75 0.8500 6560.4 0.970 0.0000e+00
ACC 65536 16384 2 4 5.75 0.8500 6560.4 1.000 0.0000e+00
ACC 65536 16384 2 4 5.75 0.9200 1664.6 0.900 0.0000e+00
ACC 65536 16384 2 4 5.75 0.9200 1664.6 0.940 0.0000e+00
ACC 65536 16384 2 4 5.75 0.9200 1664.6 0.970 0.0000e+00
ACC 65536 16384 2 4 5.75 0.9200 1664.6 1.000 0.0000e+00
ACC 65536 16384 2 4 5.75 0.9200 6560.4 0.900 0.0000e+00
ACC 65536 16384 2 4 5.75 0.9200 6560.4 0.940 0.0000e+00
ACC 65536 16384 2 4 5.75 0.9200 6560.4 0.970 0.0000e+00
ACC 65536 16384 2 4 5.75 0.9200 6560.4 1.000 0.0000e+00
ACC 65536 16384 2 4 5.75 0.9700 1664.6 0.900 0.0000e+00
ACC 65536 16384 2 4 5.75 0.9700 1664.6 0.940 0.0000e+00
ACC 65536 16384 2 4 5.75 0.9700 1664.6 0.970 0.0000e+00
ACC 65536 16384 2 4 5.75 0.9700 1664.6 1.000 6.5359e-04
ACC 65536 16384 2 4 5.75 0.9700 6560.4 0.900 0.0000e+00
ACC 65536 16384 2 4 5.75 0.9700 6560.4 0.940 0.0000e+00
ACC 65536 16384 2 4 5.75 0.9700 6560.4 0.970 0.0000e+00
ACC 65536 16384 2 4 5.75 0.9700 6560.4 1.000 0.0000e+00
ACC 65536 16384 2 4 6.00 0.8500 1664.6 0.900 0.0000e+00
ACC 65536 16384 2 4 6.00 0.8500 1664.6 0.940 0.0000e+00
ACC 65536 16384 2 4 6.00 0.8500 1664.6 0.970 6.7659e-04
ACC 65536 16384 2 4 6.00 0.8500 1664.6 1.000 1.3532e-03
ACC 65536 16384 2 4 6.00 0.8500 6560.4 0.900 0.0000e+00
ACC 65536 16384 2 4 6.00 0.8500 6560.4 0.940 0.0000e+00
ACC 65536 16384 2 4 6.00 0.8500 6560.4 0.970 0.0000e+00
ACC 65536 16384 2 4 6.00 0.8500 6560.4 1.000 0.0000e+00
ACC 65536 16384 2 4 6.00 0.9200 1664.6 0.900 0.0000e+00
ACC 65536 16384 2 4 6.00 0.9200 1664.6 0.940 0.0000e+00
ACC 65536 16384 2 4 6.00 0.9200 1664.6 0.970 0.0000e+00
ACC 65536 16384 2 4 6.00 0.9200 1664.6 1.000 0.0000e+00
ACC 65536 16384 2 4 6.00 0.9200 6560.4 0.900 0.0000e+00
ACC 65536 16384 2 4 6.00 0.9200 6560.4 0.940 0.0000e+00
ACC 65536 16384 2 4 6.00 0.9200 6560.4 0.970 0.0000e+00
ACC 65536 16384 2 4 6.00 0.9200 6560.4 1.000 0.0000e+00
ACC 65536 16384 2 4 6.00 0.9700 1664.6 0.900 0.0000e+00
ACC 65536 16384 2 4 6.00 0.9700 1664.6 0.940 0.0000e+00
ACC 65536 16384 2 4 6.00 0.9700 1664.6 0.970 0.0000e+00
ACC 65536 16384 2 4 6.00 0.9700 1664.6 1.000 6.6269e-04
ACC 65536 16384 2 4 6.00 0.9700 6560.4 0.900 0.0000e+00
ACC 65536 16384 2 4 6.00 0.9700 6560.4 0.940 0.0000e+00
ACC 65536 16384 2 4 6.00 0.9700 6560.4 0.970 0.0000e+00
ACC 65536 16384 2 4 6.00 0.9700 6560.4 1.000 0.0000e+00
ACC 65536 16384 2 4 6.50 0.8500 1664.6 0.900 0.0000e+00
ACC 65536 16384 2 4 6.50 0.8500 1664.6 0.940 0.0000e+00
ACC 65536 16384 2 4 6.50 0.8500 1664.6 0.970 6.9252e-04
ACC 65536 16384 2 4 6.50 0.8500 1664.6 1.000 2.0776e-03
ACC 65536 16384 2 4 6.50 0.8500 6560.4 0.900 0.0000e+00
ACC 65536 16384 2 4 6.50 0.8500 6560.4 0.940 0.0000e+00
ACC 65536 16384 2 4 6.50 0.8500 6560.4 0.970 0.0000e+00
ACC 65536 16384 2 4 6.50 0.8500 6560.4 1.000 7.3421e-04
ACC 65536 16384 2 4 6.50 0.9200 1664.6 0.900 0.0000e+00
ACC 65536 16384 2 4 6.50 0.9200 1664.6 0.940 0.0000e+00
ACC 65536 16384 2 4 6.50 0.9200 1664.6 0.970 0.0000e+00
ACC 65536 16384 2 4 6.50 0.9200 1664.6 1.000 0.0000e+00
ACC 65536 16384 2 4 6.50 0.9200 6560.4 0.900 0.0000e+00
ACC 65536 16384 2 4 6.50 0.9200 6560.4 0.940 0.0000e+00
ACC 65536 16384 2 4 6.50 0.9200 6560.4 0.970 0.0000e+00
ACC 65536 16384 2 4 6.50 0.9200 6560.4 1.000 0.0000e+00
ACC 65536 16384 2 4 6.50 0.9700 1664.6 0.900 0.0000e+00
ACC 65536 16384 2 4 6.50 0.9700 1664.6 0.940 0.0000e+00
ACC 65536 16384 2 4 6.50 0.9700 1664.6 0.970 0.0000e+00
ACC 65536 16384 2 4 6.50 0.9700 1664.6 1.000 6.7476e-04
ACC 65536 16384 2 4 6.50 0.9700 6560.4 0.900 0.0000e+00
ACC 65536 16384 2 4 6.50 0.9700 6560.4 0.940 0.0000e+00
ACC 65536 16384 2 4 6.50 0.9700 6560.4 0.970 0.0000e+00
ACC 65536 16384 2 4 6.50 0.9700 6560.4 1.000 0.0000e+00
ACC 65536 16384 2 8 5.00 0.8500 1664.6 0.900 0.0000e+00
ACC 65536 16384 2 8 5.00 0.8500 1664.6 0.940 0.0000e+00
ACC 65536 16384 2 8 5.00 0.8500 1664.6 0.970 0.0000e+00
ACC 65536 16384 2 8 5.00 0.8500 1664.6 1.000 0.0000e+00
ACC 65536 16384 2 8 5.00 0.8500 6560.4 0.900 0.0000e+00
ACC 65536 16384 2 8 5.00 0.8500 6560.4 0.940 0.0000e+00
ACC 65536 16384 2 8 5.00 0.8500 6560.4 0.970 0.0000e+00
ACC 65536 16384 2 8 5.00 0.8500 6560.4 1.000 0.0000e+00
ACC 65536 16384 2 8 5.00 0.9200 1664.6 0.900 0.0000e+00
ACC 65536 16384 2 8 5.00 0.9200 1664.6 0.940 0.0000e+00
ACC 65536 16384 2 8 5.00 0.9200 1664.6 0.970 0.0000e+00
ACC 65536 16384 2 8 5.00 0.9200 1664.6 1.000 0.0000e+00
ACC 65536 16384 2 8 5.00 0.9200 6560.4 0.900 0.0000e+00
ACC 65536 16384 2 8 5.00 0.9200 6560.4 0.940 0.0000e+00
ACC 65536 16384 2 8 5.00 0.9200 6560.4 0.970 0.0000e+00
ACC 65536 16384 2 8 5.00 0.9200 6560.4 1.000 0.0000e+00
ACC 65536 16384 2 8 5.00 0.9700 1664.6 0.900 0.0000e+00
ACC 65536 16384 2 8 5.00 0.9700 1664.6 0.940 0.0000e+00
ACC 65536 16384 2 8 5.00 0.9700 1664.6 0.970 0.0000e+00
ACC 65536 16384 2 8 5.00 0.9700 1664.6 1.000 6.0350e-04
ACC 65536 16384 2 8 5.00 0.9700 6560.4 0.900 0.0000e+00
ACC 65536 16384 2 8 5.00 0.9700 6560.4 0.940 0.0000e+00
ACC 65536 16384 2 8 5.00 0.9700 6560.4 0.970 0.0000e+00
ACC 65536 16384 2 8 5.00 0.9700 6560.4 1.000 1.2323e-03
ACC 65536 16384 2 8 5.50 0.8500 1664.6 0.900 0.0000e+00
ACC 65536 16384 2 8 5.50 0.8500 1664.6 0.940 0.0000e+00
ACC 65536 16384 2 8 5.50 0.8500 1664.6 0.970 6.5617e-04
ACC 65536 16384 2 8 5.50 0.8500 1664.6 1.000 6.5617e-04
ACC 65536 16384 2 8 5.50 0.8500 6560.4 0.900 0.0000e+00
ACC 65536 16384 2 8 5.50 0.8500 6560.4 0.940 0.0000e+00
ACC 65536 16384 2 8 5.50 0.8500 6560.4 0.970 0.0000e+00
ACC 65536 16384 2 8 5.50 0.8500 6560.4 1.000 0.0000e+00
ACC 65536 16384 2 8 5.50 0.9200 1664.6 0.900 0.0000e+00
ACC 65536 16384 2 8 5.50 0.9200 1664.6 0.940 0.0000e+00
ACC 65536 16384 2 8 5.50 0.9200 1664.6 0.970 0.0000e+00
ACC 65536 16384 2 8 5.50 0.9200 1664.6 1.000 0.0000e+00
ACC 65536 16384 2 8 5.50 0.9200 6560.4 0.900 0.0000e+00
ACC 65536 16384 2 8 5.50 0.9200 6560.4 0.940 0.0000e+00
ACC 65536 16384 2 8 5.50 0.9200 6560.4 0.970 0.0000e+00
ACC 65536 16384 2 8 5.50 0.9200 6560.4 1.000 0.0000e+00
ACC 65536 16384 2 8 5.50 0.9700 1664.6 0.900 0.0000e+00
ACC 65536 16384 2 8 5.50 0.9700 1664.6 0.940 0.0000e+00
ACC 65536 16384 2 8 5.50 0.9700 1664.6 0.970 0.0000e+00
ACC 65536 16384 2 8 5.50 0.9700 1664.6 1.000 1.2928e-03
ACC 65536 16384 2 8 5.50 0.9700 6560.4 0.900 0.0000e+00
ACC 65536 16384 2 8 5.50 0.9700 6560.4 0.940 0.0000e+00
ACC 65536 16384 2 8 5.50 0.9700 6560.4 0.970 0.0000e+00
ACC 65536 16384 2 8 5.50 0.9700 6560.4 1.000 6.9444e-04
ACC 65536 16384 2 8 5.75 0.8500 1664.6 0.900 0.0000e+00
ACC 65536 16384 2 8 5.75 0.8500 1664.6 0.940 6.6489e-04
ACC 65536 16384 2 8 5.75 0.8500 1664.6 0.970 1.3298e-03
ACC 65536 16384 2 8 5.75 0.8500 1664.6 1.000 1.3298e-03
ACC 65536 16384 2 8 5.75 0.8500 6560.4 0.900 0.0000e+00
ACC 65536 16384 2 8 5.75 0.8500 6560.4 0.940 0.0000e+00
ACC 65536 16384 2 8 5.75 0.8500 6560.4 0.970 0.0000e+00
ACC 65536 16384 2 8 5.75 0.8500 6560.4 1.000 0.0000e+00
ACC 65536 16384 2 8 5.75 0.9200 1664.6 0.900 0.0000e+00
ACC 65536 16384 2 8 5.75 0.9200 1664.6 0.940 0.0000e+00
ACC 65536 16384 2 8 5.75 0.9200 1664.6 0.970 0.0000e+00
ACC 65536 16384 2 8 5.75 0.9200 1664.6 1.000 0.0000e+00
ACC 65536 16384 2 8 5.75 0.9200 6560.4 0.900 0.0000e+00
ACC 65536 16384 2 8 5.75 0.9200 6560.4 0.940 0.0000e+00
ACC 65536 16384 2 8 5.75 0.9200 6560.4 0.970 0.0000e+00
ACC 65536 16384 2 8 5.75 0.9200 6560.4 1.000 7.0872e-04
ACC 65536 16384 2 8 5.75 0.9700 1664.6 0.900 0.0000e+00
ACC 65536 16384 2 8 5.75 0.9700 1664.6 0.940 0.0000e+00
ACC 65536 16384 2 8 5.75 0.9700 1664.6 0.970 0.0000e+00
ACC 65536 16384 2 8 5.75 0.9700 1664.6 1.000 1.3072e-03
ACC 65536 16384 2 8 5.75 0.9700 6560.4 0.900 0.0000e+00
ACC 65536 16384 2 8 5.75 0.9700 6560.4 0.940 0.0000e+00
ACC 65536 16384 2 8 5.75 0.9700 6560.4 0.970 0.0000e+00
ACC 65536 16384 2 8 5.75 0.9700 6560.4 1.000 1.4094e-03
ACC 65536 16384 2 8 6.00 0.8500 1664.6 0.900 0.0000e+00
ACC 65536 16384 2 8 6.00 0.8500 1664.6 0.940 6.7659e-04
ACC 65536 16384 2 8 6.00 0.8500 1664.6 0.970 1.3532e-03
ACC 65536 16384 2 8 6.00 0.8500 1664.6 1.000 2.0298e-03
ACC 65536 16384 2 8 6.00 0.8500 6560.4 0.900 0.0000e+00
ACC 65536 16384 2 8 6.00 0.8500 6560.4 0.940 0.0000e+00
ACC 65536 16384 2 8 6.00 0.8500 6560.4 0.970 0.0000e+00
ACC 65536 16384 2 8 6.00 0.8500 6560.4 1.000 7.2464e-04
ACC 65536 16384 2 8 6.00 0.9200 1664.6 0.900 0.0000e+00
ACC 65536 16384 2 8 6.00 0.9200 1664.6 0.940 0.0000e+00
ACC 65536 16384 2 8 6.00 0.9200 1664.6 0.970 0.0000e+00
ACC 65536 16384 2 8 6.00 0.9200 1664.6 1.000 0.0000e+00
ACC 65536 16384 2 8 6.00 0.9200 6560.4 0.900 0.0000e+00
ACC 65536 16384 2 8 6.00 0.9200 6560.4 0.940 0.0000e+00
ACC 65536 16384 2 8 6.00 0.9200 6560.4 0.970 0.0000e+00
ACC 65536 16384 2 8 6.00 0.9200 6560.4 1.000 7.1429e-04
ACC 65536 16384 2 8 6.00 0.9700 1664.6 0.900 0.0000e+00
ACC 65536 16384 2 8 6.00 0.9700 1664.6 0.940 0.0000e+00
ACC 65536 16384 2 8 6.00 0.9700 1664.6 0.970 0.0000e+00
ACC 65536 16384 2 8 6.00 0.9700 1664.6 1.000 1.3254e-03
ACC 65536 16384 2 8 6.00 0.9700 6560.4 0.900 0.0000e+00
ACC 65536 16384 2 8 6.00 0.9700 6560.4 0.940 0.0000e+00
ACC 65536 16384 2 8 6.00 0.9700 6560.4 0.970 0.0000e+00
ACC 65536 16384 2 8 6.00 0.9700 6560.4 1.000 2.1292e-03
ACC 65536 16384 2 8 6.50 0.8500 1664.6 0.900 0.0000e+00
ACC 65536 16384 2 8 6.50 0.8500 1664.6 0.940 0.0000e+00
ACC 65536 16384 2 8 6.50 0.8500 1664.6 0.970 2.0776e-03
ACC 65536 16384 2 8 6.50 0.8500 1664.6 1.000 2.0776e-03
ACC 65536 16384 2 8 6.50 0.8500 6560.4 0.900 7.3421e-04
ACC 65536 16384 2 8 6.50 0.8500 6560.4 0.940 7.3421e-04
ACC 65536 16384 2 8 6.50 0.8500 6560.4 0.970 7.3421e-04
ACC 65536 16384 2 8 6.50 0.8500 6560.4 1.000 7.3421e-04
ACC 65536 16384 2 8 6.50 0.9200 1664.6 0.900 0.0000e+00
ACC 65536 16384 2 8 6.50 0.9200 1664.6 0.940 0.0000e+00
ACC 65536 16384 2 8 6.50 0.9200 1664.6 0.970 0.0000e+00
ACC 65536 16384 2 8 6.50 0.9200 1664.6 1.000 0.0000e+00
ACC 65536 16384 2 8 6.50 0.9200 6560.4 0.900 0.0000e+00
ACC 65536 16384 2 8 6.50 0.9200 6560.4 0.940 0.0000e+00
ACC 65536 16384 2 8 6.50 0.9200 6560.4 0.970 0.0000e+00
ACC 65536 16384 2 8 6.50 0.9200 6560.4 1.000 1.4514e-03
ACC 65536 16384 2 8 6.50 0.9700 1664.6 0.900 0.0000e+00
ACC 65536 16384 2 8 6.50 0.9700 1664.6 0.940 0.0000e+00
ACC 65536 16384 2 8 6.50 0.9700 1664.6 0.970 0.0000e+00
ACC 65536 16384 2 8 6.50 0.9700 1664.6 1.000 1.3495e-03
ACC 65536 16384 2 8 6.50 0.9700 6560.4 0.900 0.0000e+00
ACC 65536 16384 2 8 6.50 0.9700 6560.4 0.940 0.0000e+00
ACC 65536 16384 2 8 6.50 0.9700 6560.4 0.970 0.0000e+00
ACC 65536 16384 2 8 6.50 0.9700 6560.4 1.000 2.1661e-03
ACC 65536 32768 2 4 5.00 0.8500 3328.6 0.900 0.0000e+00
ACC 65536 32768 2 4 5.00 0.8500 3328.6 0.940 0.0000e+00
ACC 65536 32768 2 4 5.00 0.8500 3328.6 0.970 0.0000e+00
ACC 65536 32768 2 4 5.00 0.8500 3328.6 1.000 0.0000e+00
ACC 65536 32768 2 4 5.00 0.8500 13120.2 0.900 0.0000e+00
ACC 65536 32768 2 4 5.00 0.8500 13120.2 0.940 0.0000e+00
ACC 65536 32768 2 4 5.00 0.8500 13120.2 0.970 0.0000e+00
ACC 65536 32768 2 4 5.00 0.8500 13120.2 1.000 0.0000e+00
ACC 65536 32768 2 4 5.00 0.9200 3328.6 0.900 0.0000e+00
ACC 65536 32768 2 4 5.00 0.9200 3328.6 0.940 0.0000e+00
ACC 65536 32768 2 4 5.00 0.9200 3328.6 0.970 0.0000e+00
ACC 65536 32768 2 4 5.00 0.9200 3328.6 1.000 0.0000e+00
ACC 65536 32768 2 4 5.00 0.9200 13120.2 0.900 0.0000e+00
ACC 65536 32768 2 4 5.00 0.9200 13120.2 0.940 0.0000e+00
ACC 65536 32768 2 4 5.00 0.9200 13120.2 0.970 0.0000e+00
ACC 65536 32768 2 4 5.00 0.9200 13120.2 1.000 0.0000e+00
ACC 65536 32768 2 4 5.00 0.9700 3328.6 0.900 0.0000e+00
ACC 65536 32768 2 4 5.00 0.9700 3328.6 0.940 0.0000e+00
ACC 65536 32768 2 4 5.00 0.9700 3328.6 0.970 0.0000e+00
ACC 65536 32768 2 4 5.00 0.9700 3328.6 1.000 0.0000e+00
ACC 65536 32768 2 4 5.00 0.9700 13120.2 0.900 0.0000e+00
ACC 65536 32768 2 4 5.00 0.9700 13120.2 0.940 0.0000e+00
ACC 65536 32768 2 4 5.00 0.9700 13120.2 0.970 0.0000e+00
ACC 65536 32768 2 4 5.00 0.9700 13120.2 1.000 0.0000e+00
ACC 65536 32768 2 4 5.50 0.8500 3328.6 0.900 0.0000e+00
ACC 65536 32768 2 4 5.50 0.8500 3328.6 0.940 0.0000e+00
ACC 65536 32768 2 4 5.50 0.8500 3328.6 0.970 0.0000e+00
ACC 65536 32768 2 4 5.50 0.8500 3328.6 1.000 0.0000e+00
ACC 65536 32768 2 4 5.50 0.8500 13120.2 0.900 0.0000e+00
ACC 65536 32768 2 4 5.50 0.8500 13120.2 0.940 0.0000e+00
ACC 65536 32768 2 4 5.50 0.8500 13120.2 0.970 0.0000e+00
ACC 65536 32768 2 4 5.50 0.8500 13120.2 1.000 0.0000e+00
ACC 65536 32768 2 4 5.50 0.9200 3328.6 0.900 0.0000e+00
ACC 65536 32768 2 4 5.50 0.9200 3328.6 0.940 0.0000e+00
ACC 65536 32768 2 4 5.50 0.9200 3328.6 0.970 0.0000e+00
ACC 65536 32768 2 4 5.50 0.9200 3328.6 1.000 0.0000e+00
ACC 65536 32768 2 4 5.50 0.9200 13120.2 0.900 0.0000e+00
ACC 65536 32768 2 4 5.50 0.9200 13120.2 0.940 0.0000e+00
ACC 65536 32768 2 4 5.50 0.9200 13120.2 0.970 0.0000e+00
ACC 65536 32768 2 4 5.50 0.9200 13120.2 1.000 0.0000e+00
ACC 65536 32768 2 4 5.50 0.9700 3328.6 0.900 0.0000e+00
ACC 65536 32768 2 4 5.50 0.9700 3328.6 0.940 0.0000e+00
ACC 65536 32768 2 4 5.50 0.9700 3328.6 0.970 0.0000e+00
ACC 65536 32768 2 4 5.50 0.9700 3328.6 1.000 0.0000e+00
ACC 65536 32768 2 4 5.50 0.9700 13120.2 0.900 0.0000e+00
ACC 65536 32768 2 4 5.50 0.9700 13120.2 0.940 0.0000e+00
ACC 65536 32768 2 4 5.50 0.9700 13120.2 0.970 0.0000e+00
ACC 65536 32768 2 4 5.50 0.9700 13120.2 1.000 0.0000e+00
ACC 65536 32768 2 4 5.75 0.8500 3328.6 0.900 0.0000e+00
ACC 65536 32768 2 4 5.75 0.8500 3328.6 0.940 0.0000e+00
ACC 65536 32768 2 4 5.75 0.8500 3328.6 0.970 0.0000e+00
ACC 65536 32768 2 4 5.75 0.8500 3328.6 1.000 0.0000e+00
ACC 65536 32768 2 4 5.75 0.8500 13120.2 0.900 0.0000e+00
ACC 65536 32768 2 4 5.75 0.8500 13120.2 0.940 0.0000e+00
ACC 65536 32768 2 4 5.75 0.8500 13120.2 0.970 0.0000e+00
ACC 65536 32768 2 4 5.75 0.8500 13120.2 1.000 0.0000e+00
ACC 65536 32768 2 4 5.75 0.9200 3328.6 0.900 0.0000e+00
ACC 65536 32768 2 4 5.75 0.9200 3328.6 0.940 0.0000e+00
ACC 65536 32768 2 4 5.75 0.9200 3328.6 0.970 0.0000e+00
ACC 65536 32768 2 4 5.75 0.9200 3328.6 1.000 0.0000e+00
ACC 65536 32768 2 4 5.75 0.9200 13120.2 0.900 0.0000e+00
ACC 65536 32768 2 4 5.75 0.9200 13120.2 0.940 0.0000e+00
ACC 65536 32768 2 4 5.75 0.9200 13120.2 0.970 0.0000e+00
ACC 65536 32768 2 4 5.75 0.9200 13120.2 1.000 0.0000e+00
ACC 65536 32768 2 4 5.75 0.9700 3328.6 0.900 0.0000e+00
ACC 65536 32768 2 4 5.75 0.9700 3328.6 0.940 0.0000e+00
ACC 65536 32768 2 4 5.75 0.9700 3328.6 0.970 0.0000e+00
ACC 65536 32768 2 4 5.75 0.9700 3328.6 1.000 0.0000e+00
ACC 65536 32768 2 4 5.75 0.9700 13120.2 0.900 0.0000e+00
ACC 65536 32768 2 4 5.75 0.9700 13120.2 0.940 0.0000e+00
ACC 65536 32768 2 4 5.75 0.9700 13120.2 0.970 0.0000e+00
ACC 65536 32768 2 4 5.75 0.9700 13120.2 1.000 0.0000e+00
ACC 65536 32768 2 4 6.00 0.8500 3328.6 0.900 0.0000e+00
ACC 65536 32768 2 4 6.00 0.8500 3328.6 0.940 0.0000e+00
ACC 65536 32768 2 4 6.00 0.8500 3328.6 0.970 0.0000e+00
ACC 65536 32768 2 4 6.00 0.8500 3328.6 1.000 0.0000e+00
ACC 65536 32768 2 4 6.00 0.8500 13120.2 0.900 0.0000e+00
ACC 65536 32768 2 4 6.00 0.8500 13120.2 0.940 0.0000e+00
ACC 65536 32768 2 4 6.00 0.8500 13120.2 0.970 0.0000e+00
ACC 65536 32768 2 4 6.00 0.8500 13120.2 1.000 0.0000e+00
ACC 65536 32768 2 4 6.00 0.9200 3328.6 0.900 0.0000e+00
ACC 65536 32768 2 4 6.00 0.9200 3328.6 0.940 0.0000e+00
ACC 65536 32768 2 4 6.00 0.9200 3328.6 0.970 0.0000e+00
ACC 65536 32768 2 4 6.00 0.9200 3328.6 1.000 0.0000e+00
ACC 65536 32768 2 4 6.00 0.9200 13120.2 0.900 0.0000e+00
ACC 65536 32768 2 4 6.00 0.9200 13120.2 0.940 0.0000e+00
ACC 65536 32768 2 4 6.00 0.9200 13120.2 0.970 0.0000e+00
ACC 65536 32768 2 4 6.00 0.9200 13120.2 1.000 0.0000e+00
ACC 65536 32768 2 4 6.00 0.9700 3328.6 0.900 0.0000e+00
ACC 65536 32768 2 4 6.00 0.9700 3328.6 0.940 0.0000e+00
ACC 65536 32768 2 4 6.00 0.9700 3328.6 0.970 0.0000e+00
ACC 65536 32768 2 4 6.00 0.9700 3328.6 1.000 0.0000e+00
ACC 65536 32768 2 4 6.00 0.9700 13120.2 0.900 0.0000e+00
ACC 65536 32768 2 4 6.00 0.9700 13120.2 0.940 0.0000e+00
ACC 65536 32768 2 4 6.00 0.9700 13120.2 0.970 0.0000e+00
ACC 65536 32768 2 4 6.00 0.9700 13120.2 1.000 0.0000e+00
ACC 65536 32768 2 4 6.50 0.8500 3328.6 0.900 0.0000e+00
ACC 65536 32768 2 4 6.50 0.8500 3328.6 0.940 0.0000e+00
ACC 65536 32768 2 4 6.50 0.8500 3328.6 0.970 0.0000e+00
ACC 65536 32768 2 4 6.50 0.8500 3328.6 1.000 0.0000e+00
ACC 65536 32768 2 4 6.50 0.8500 13120.2 0.900 0.0000e+00
ACC 65536 32768 2 4 6.50 0.8500 13120.2 0.940 0.0000e+00
ACC 65536 32768 2 4 6.50 0.8500 13120.2 0.970 0.0000e+00
ACC 65536 32768 2 4 6.50 0.8500 13120.2 1.000 0.0000e+00
ACC 65536 32768 2 4 6.50 0.9200 3328.6 0.900 0.0000e+00
ACC 65536 32768 2 4 6.50 0.9200 3328.6 0.940 0.0000e+00
ACC 65536 32768 2 4 6.50 0.9200 3328.6 0.970 0.0000e+00
ACC 65536 32768 2 4 6.50 0.9200 3328.6 1.000 0.0000e+00
ACC 65536 32768 2 4 6.50 0.9200 13120.2 0.900 0.0000e+00
ACC 65536 32768 2 4 6.50 0.9200 13120.2 0.940 0.0000e+00
ACC 65536 32768 2 4 6.50 0.9200 13120.2 0.970 0.0000e+00
ACC 65536 32768 2 4 6.50 0.9200 13120.2 1.000 0.0000e+00
ACC 65536 32768 2 4 6.50 0.9700 3328.6 0.900 0.0000e+00
ACC 65536 32768 2 4 6.50 0.9700 3328.6 0.940 0.0000e+00
ACC 65536 32768 2 4 6.50 0.9700 3328.6 0.970 0.0000e+00
ACC 65536 32768 2 4 6.50 0.9700 3328.6 1.000 0.0000e+00
ACC 65536 32768 2 4 6.50 0.9700 13120.2 0.900 0.0000e+00
ACC 65536 32768 2 4 6.50 0.9700 13120.2 0.940 0.0000e+00
ACC 65536 32768 2 4 6.50 0.9700 13120.2 0.970 0.0000e+00
ACC 65536 32768 2 4 6.50 0.9700 13120.2 1.000 0.0000e+00
ACC 65536 32768 2 8 5.00 0.8500 3328.6 0.900 0.0000e+00
ACC 65536 32768 2 8 5.00 0.8500 3328.6 0.940 0.0000e+00
ACC 65536 32768 2 8 5.00 0.8500 3328.6 0.970 0.0000e+00
ACC 65536 32768 2 8 5.00 0.8500 3328.6 1.000 0.0000e+00
ACC 65536 32768 2 8 5.00 0.8500 13120.2 0.900 0.0000e+00
ACC 65536 32768 2 8 5.00 0.8500 13120.2 0.940 0.0000e+00
ACC 65536 32768 2 8 5.00 0.8500 13120.2 0.970 0.0000e+00
ACC 65536 32768 2 8 5.00 0.8500 13120.2 1.000 0.0000e+00
ACC 65536 32768 2 8 5.00 0.9200 3328.6 0.900 0.0000e+00
ACC 65536 32768 2 8 5.00 0.9200 3328.6 0.940 0.0000e+00
ACC 65536 32768 2 8 5.00 0.9200 3328.6 0.970 0.0000e+00
ACC 65536 32768 2 8 5.00 0.9200 3328.6 1.000 0.0000e+00
ACC 65536 32768 2 8 5.00 0.9200 13120.2 0.900 0.0000e+00
ACC 65536 32768 2 8 5.00 0.9200 13120.2 0.940 0.0000e+00
ACC 65536 32768 2 8 5.00 0.9200 13120.2 0.970 0.0000e+00
ACC 65536 32768 2 8 5.00 0.9200 13120.2 1.000 0.0000e+00
ACC 65536 32768 2 8 5.00 0.9700 3328.6 0.900 0.0000e+00
ACC 65536 32768 2 8 5.00 0.9700 3328.6 0.940 0.0000e+00
ACC 65536 32768 2 8 5.00 0.9700 3328.6 0.970 0.0000e+00
ACC 65536 32768 2 8 5.00 0.9700 3328.6 1.000 0.0000e+00
ACC 65536 32768 2 8 5.00 0.9700 13120.2 0.900 0.0000e+00
ACC 65536 32768 2 8 5.00 0.9700 13120.2 0.940 0.0000e+00
ACC 65536 32768 2 8 5.00 0.9700 13120.2 0.970 0.0000e+00
ACC 65536 32768 2 8 5.00 0.9700 13120.2 1.000 0.0000e+00
ACC 65536 32768 2 8 5.50 0.8500 3328.6 0.900 0.0000e+00
ACC 65536 32768 2 8 5.50 0.8500 3328.6 0.940 0.0000e+00
ACC 65536 32768 2 8 5.50 0.8500 3328.6 0.970 0.0000e+00
ACC 65536 32768 2 8 5.50 0.8500 3328.6 1.000 0.0000e+00
ACC 65536 32768 2 8 5.50 0.8500 13120.2 0.900 0.0000e+00
ACC 65536 32768 2 8 5.50 0.8500 13120.2 0.940 0.0000e+00
ACC 65536 32768 2 8 5.50 0.8500 13120.2 0.970 0.0000e+00
ACC 65536 32768 2 8 5.50 0.8500 13120.2 1.000 0.0000e+00
ACC 65536 32768 2 8 5.50 0.9200 3328.6 0.900 0.0000e+00
ACC 65536 32768 2 8 5.50 0.9200 3328.6 0.940 0.0000e+00
ACC 65536 32768 2 8 5.50 0.9200 3328.6 0.970 0.0000e+00
ACC 65536 32768 2 8 5.50 0.9200 3328.6 1.000 0.0000e+00
ACC 65536 32768 2 8 5.50 0.9200 13120.2 0.900 0.0000e+00
ACC 65536 32768 2 8 5.50 0.9200 13120.2 0.940 0.0000e+00
ACC 65536 32768 2 8 5.50 0.9200 13120.2 0.970 0.0000e+00
ACC 65536 32768 2 8 5.50 0.9200 13120.2 1.000 0.0000e+00
ACC 65536 32768 2 8 5.50 0.9700 3328.6 0.900 0.0000e+00
ACC 65536 32768 2 8 5.50 0.9700 3328.6 0.940 0.0000e+00
ACC 65536 32768 2 8 5.50 0.9700 3328.6 0.970 0.0000e+00
ACC 65536 32768 2 8 5.50 0.9700 3328.6 1.000 0.0000e+00
ACC 65536 32768 2 8 5.50 0.9700 13120.2 0.900 0.0000e+00
ACC 65536 32768 2 8 5.50 0.9700 13120.2 0.940 0.0000e+00
ACC 65536 32768 2 8 5.50 0.9700 13120.2 0.970 0.0000e+00
ACC 65536 32768 2 8 5.50 0.9700 13120.2 1.000 0.0000e+00
ACC 65536 32768 2 8 5.75 0.8500 3328.6 0.900 0.0000e+00
ACC 65536 32768 2 8 5.75 0.8500 3328.6 0.940 0.0000e+00
ACC 65536 32768 2 8 5.75 0.8500 3328.6 0.970 0.0000e+00
ACC 65536 32768 2 8 5.75 0.8500 3328.6 1.000 0.0000e+00
ACC 65536 32768 2 8 5.75 0.8500 13120.2 0.900 0.0000e+00
ACC 65536 32768 2 8 5.75 0.8500 13120.2 0.940 0.0000e+00
ACC 65536 32768 2 8 5.75 0.8500 13120.2 0.970 0.0000e+00
ACC 65536 32768 2 8 5.75 0.8500 13120.2 1.000 0.0000e+00
ACC 65536 32768 2 8 5.75 0.9200 3328.6 0.900 0.0000e+00
ACC 65536 32768 2 8 5.75 0.9200 3328.6 0.940 0.0000e+00
ACC 65536 32768 2 8 5.75 0.9200 3328.6 0.970 0.0000e+00
ACC 65536 32768 2 8 5.75 0.9200 3328.6 1.000 0.0000e+00
ACC 65536 32768 2 8 5.75 0.9200 13120.2 0.900 0.0000e+00
ACC 65536 32768 2 8 5.75 0.9200 13120.2 0.940 0.0000e+00
ACC 65536 32768 2 8 5.75 0.9200 13120.2 0.970 0.0000e+00
ACC 65536 32768 2 8 5.75 0.9200 13120.2 1.000 0.0000e+00
ACC 65536 32768 2 8 5.75 0.9700 3328.6 0.900 0.0000e+00
ACC 65536 32768 2 8 5.75 0.9700 3328.6 0.940 0.0000e+00
ACC 65536 32768 2 8 5.75 0.9700 3328.6 0.970 0.0000e+00
ACC 65536 32768 2 8 5.75 0.9700 3328.6 1.000 0.0000e+00
ACC 65536 32768 2 8 5.75 0.9700 13120.2 0.900 0.0000e+00
ACC 65536 32768 2 8 5.75 0.9700 13120.2 0.940 0.0000e+00
ACC 65536 32768 2 8 5.75 0.9700 13120.2 0.970 0.0000e+00
ACC 65536 32768 2 8 5.75 0.9700 13120.2 1.000 0.0000e+00
ACC 65536 32768 2 8 6.00 0.8500 3328.6 0.900 0.0000e+00
ACC 65536 32768 2 8 6.00 0.8500 3328.6 0.940 0.0000e+00
ACC 65536 32768 2 8 6.00 0.8500 3328.6 0.970 0.0000e+00
ACC 65536 32768 2 8 6.00 0.8500 3328.6 1.000 0.0000e+00
ACC 65536 32768 2 8 6.00 0.8500 13120.2 0.900 0.0000e+00
ACC 65536 32768 2 8 6.00 0.8500 13120.2 0.940 0.0000e+00
ACC 65536 32768 2 8 6.00 0.8500 13120.2 0.970 0.0000e+00
ACC 65536 32768 2 8 6.00 0.8500 13120.2 1.000 0.0000e+00
ACC 65536 32768 2 8 6.00 0.9200 3328.6 0.900 0.0000e+00
ACC 65536 32768 2 8 6.00 0.9200 3328.6 0.940 0.0000e+00
ACC 65536 32768 2 8 6.00 0.9200 3328.6 0.970 0.0000e+00
ACC 65536 32768 2 8 6.00 0.9200 3328.6 1.000 0.0000e+00
ACC 65536 32768 2 8 6.00 0.9200 13120.2 0.900 0.0000e+00
ACC 65536 32768 2 8 6.00 0.9200 13120.2 0.940 0.0000e+00
ACC 65536 32768 2 8 6.00 0.9200 13120.2 0.970 0.0000e+00
ACC 65536 32768 2 8 6.00 0.9200 13120.2 1.000 0.0000e+00
ACC 65536 32768 2 8 6.00 0.9700 3328.6 0.900 0.0000e+00
ACC 65536 32768 2 8 6.00 0.9700 3328.6 0.940 0.0000e+00
ACC 65536 32768 2 8 6.00 0.9700 3328.6 0.970 0.0000e+00
ACC 65536 32768 2 8 6.00 0.9700 3328.6 1.000 0.0000e+00
ACC 65536 32768 2 8 6.00 0.9700 13120.2 0.900 0.0000e+00
ACC 65536 32768 2 8 6.00 0.9700 13120.2 0.940 0.0000e+00
ACC 65536 32768 2 8 6.00 0.9700 13120.2 0.970 0.0000e+00
ACC 65536 32768 2 8 6.00 0.9700 13120.2 1.000 0.0000e+00
ACC 65536 32768 2 8 6.50 0.8500 3328.6 0.900 0.0000e+00
ACC 65536 32768 2 8 6.50 0.8500 3328.6 0.940 0.0000e+00
ACC 65536 32768 2 8 6.50 0.8500 3328.6 0.970 0.0000e+00
ACC 65536 32768 2 8 6.50 0.8500 3328.6 1.000 0.0000e+00
ACC 65536 32768 2 8 6.50 0.8500 13120.2 0.900 0.0000e+00
ACC 65536 32768 2 8 6.50 0.8500 13120.2 0.940 0.0000e+00
ACC 65536 32768 2 8 6.50 0.8500 13120.2 0.970 0.0000e+00
ACC 65536 32768 2 8 6.50 0.8500 13120.2 1.000 0.0000e+00
ACC 65536 32768 2 8 6.50 0.9200 3328.6 0.900 0.0000e+00
ACC 65536 32768 2 8 6.50 0.9200 3328.6 0.940 0.0000e+00
ACC 65536 32768 2 8 6.50 0.9200 3328.6 0.970 0.0000e+00
ACC 65536 32768 2 8 6.50 0.9200 3328.6 1.000 0.0000e+00
ACC 65536 32768 2 8 6.50 0.9200 13120.2 0.900 0.0000e+00
ACC 65536 32768 2 8 6.50 0.9200 13120.2 0.940 0.0000e+00
ACC 65536 32768 2 8 6.50 0.9200 13120.2 0.970 0.0000e+00
ACC 65536 32768 2 8 6.50 0.9200 13120.2 1.000 0.0000e+00
ACC 65536 32768 2 8 6.50 0.9700 3328.6 0.900 0.0000e+00
ACC 65536 32768 2 8 6.50 0.9700 3328.6 0.940 0.0000e+00
ACC 65536 32768 2 8 6.50 0.9700 3328.6 0.970 0.0000e+00
ACC 65536 32768 2 8 6.50 0.9700 3328.6 1.000 0.0000e+00
ACC 65536 32768 2 8 6.50 0.9700 13120.2 0.900 0.0000e+00
ACC 65536 32768 2 8 6.50 0.9700 13120.2 0.940 0.0000e+00
ACC 65536 32768 2 8 6.50 0.9700 13120.2 0.970 0.0000e+00
ACC 65536 32768 2 8 6.50 0.9700 13120.2 1.000 0.0000e+00
ACC 131072 256 2 4 5.00 0.8500 25.6 0.900 0.0000e+00
ACC 131072 256 2 4 5.00 0.8500 25.6 0.940 0.0000e+00
ACC 131072 256 2 4 5.00 0.8500 25.6 0.970 0.0000e+00
ACC 131072 256 2 4 5.00 0.8500 25.6 1.000 9.8135e-04
ACC 131072 256 2 4 5.00 0.9700 25.6 0.900 0.0000e+00
ACC 131072 256 2 4 5.00 0.9700 25.6 0.940 0.0000e+00
ACC 131072 256 2 4 5.00 0.9700 25.6 0.970 0.0000e+00
ACC 131072 256 2 4 5.00 0.9700 25.6 1.000 9.9010e-04
ACC 131072 256 2 4 5.50 0.8500 25.6 0.900 0.0000e+00
ACC 131072 256 2 4 5.50 0.8500 25.6 0.940 0.0000e+00
ACC 131072 256 2 4 5.50 0.8500 25.6 0.970 0.0000e+00
ACC 131072 256 2 4 5.50 0.8500 25.6 1.000 1.0352e-03
ACC 131072 256 2 4 5.50 0.9700 25.6 0.900 0.0000e+00
ACC 131072 256 2 4 5.50 0.9700 25.6 0.940 0.0000e+00
ACC 131072 256 2 4 5.50 0.9700 25.6 0.970 0.0000e+00
ACC 131072 256 2 4 5.50 0.9700 25.6 1.000 1.0288e-03
ACC 131072 256 2 4 5.75 0.8500 25.6 0.900 0.0000e+00
ACC 131072 256 2 4 5.75 0.8500 25.6 0.940 0.0000e+00
ACC 131072 256 2 4 5.75 0.8500 25.6 0.970 0.0000e+00
ACC 131072 256 2 4 5.75 0.8500 25.6 1.000 1.0571e-03
ACC 131072 256 2 4 5.75 0.9700 25.6 0.900 0.0000e+00
ACC 131072 256 2 4 5.75 0.9700 25.6 0.940 0.0000e+00
ACC 131072 256 2 4 5.75 0.9700 25.6 0.970 0.0000e+00
ACC 131072 256 2 4 5.75 0.9700 25.6 1.000 1.0438e-03
ACC 131072 256 2 4 6.00 0.8500 25.6 0.900 0.0000e+00
ACC 131072 256 2 4 6.00 0.8500 25.6 0.940 0.0000e+00
ACC 131072 256 2 4 6.00 0.8500 25.6 0.970 0.0000e+00
ACC 131072 256 2 4 6.00 0.8500 25.6 1.000 1.0764e-03
ACC 131072 256 2 4 6.00 0.9700 25.6 0.900 0.0000e+00
ACC 131072 256 2 4 6.00 0.9700 25.6 0.940 0.0000e+00
ACC 131072 256 2 4 6.00 0.9700 25.6 0.970 0.0000e+00
ACC 131072 256 2 4 6.00 0.9700 25.6 1.000 1.0571e-03
ACC 131072 256 2 4 6.50 0.8500 25.6 0.900 0.0000e+00
ACC 131072 256 2 4 6.50 0.8500 25.6 0.940 0.0000e+00
ACC 131072 256 2 4 6.50 0.8500 25.6 0.970 0.0000e+00
ACC 131072 256 2 4 6.50 0.8500 25.6 1.000 1.1062e-03
ACC 131072 256 2 4 6.50 0.9700 25.6 0.900 0.0000e+00
ACC 131072 256 2 4 6.50 0.9700 25.6 0.940 0.0000e+00
ACC 131072 256 2 4 6.50 0.9700 25.6 0.970 0.0000e+00
ACC 131072 256 2 4 6.50 0.9700 25.6 1.000 0.0000e+00
ACC 131072 256 2 8 5.00 0.8500 25.6 0.900 0.0000e+00
ACC 131072 256 2 8 5.00 0.8500 25.6 0.940 0.0000e+00
ACC 131072 256 2 8 5.00 0.8500 25.6 0.970 0.0000e+00
ACC 131072 256 2 8 5.00 0.8500 25.6 1.000 9.8135e-04
ACC 131072 256 2 8 5.00 0.9700 25.6 0.900 0.0000e+00
ACC 131072 256 2 8 5.00 0.9700 25.6 0.940 0.0000e+00
ACC 131072 256 2 8 5.00 0.9700 25.6 0.970 0.0000e+00
ACC 131072 256 2 8 5.00 0.9700 25.6 1.000 9.9010e-04
ACC 131072 256 2 8 5.50 0.8500 25.6 0.900 0.0000e+00
ACC 131072 256 2 8 5.50 0.8500 25.6 0.940 0.0000e+00
ACC 131072 256 2 8 5.50 0.8500 25.6 0.970 0.0000e+00
ACC 131072 256 2 8 5.50 0.8500 25.6 1.000 1.0352e-03
ACC 131072 256 2 8 5.50 0.9700 25.6 0.900 0.0000e+00
ACC 131072 256 2 8 5.50 0.9700 25.6 0.940 0.0000e+00
ACC 131072 256 2 8 5.50 0.9700 25.6 0.970 0.0000e+00
ACC 131072 256 2 8 5.50 0.9700 25.6 1.000 1.0288e-03
ACC 131072 256 2 8 5.75 0.8500 25.6 0.900 0.0000e+00
ACC 131072 256 2 8 5.75 0.8500 25.6 0.940 0.0000e+00
ACC 131072 256 2 8 5.75 0.8500 25.6 0.970 0.0000e+00
ACC 131072 256 2 8 5.75 0.8500 25.6 1.000 1.0571e-03
ACC 131072 256 2 8 5.75 0.9700 25.6 0.900 0.0000e+00
ACC 131072 256 2 8 5.75 0.9700 25.6 0.940 0.0000e+00
ACC 131072 256 2 8 5.75 0.9700 25.6 0.970 0.0000e+00
ACC 131072 256 2 8 5.75 0.9700 25.6 1.000 1.0438e-03
ACC 131072 256 2 8 6.00 0.8500 25.6 0.900 0.0000e+00
ACC 131072 256 2 8 6.00 0.8500 25.6 0.940 0.0000e+00
ACC 131072 256 2 8 6.00 0.8500 25.6 0.970 0.0000e+00
ACC 131072 256 2 8 6.00 0.8500 25.6 1.000 1.0764e-03
ACC 131072 256 2 8 6.00 0.9700 25.6 0.900 0.0000e+00
ACC 131072 256 2 8 6.00 0.9700 25.6 0.940 0.0000e+00
ACC 131072 256 2 8 6.00 0.9700 25.6 0.970 0.0000e+00
ACC 131072 256 2 8 6.00 0.9700 25.6 1.000 1.0571e-03
ACC 131072 256 2 8 6.50 0.8500 25.6 0.900 0.0000e+00
ACC 131072 256 2 8 6.50 0.8500 25.6 0.940 0.0000e+00
ACC 131072 256 2 8 6.50 0.8500 25.6 0.970 0.0000e+00
ACC 131072 256 2 8 6.50 0.8500 25.6 1.000 1.1062e-03
ACC 131072 256 2 8 6.50 0.9700 25.6 0.900 0.0000e+00
ACC 131072 256 2 8 6.50 0.9700 25.6 0.940 0.0000e+00
ACC 131072 256 2 8 6.50 0.9700 25.6 0.970 0.0000e+00
ACC 131072 256 2 8 6.50 0.9700 25.6 1.000 0.0000e+00
ACC 131072 512 2 4 5.00 0.8500 50.6 0.900 0.0000e+00
ACC 131072 512 2 4 5.00 0.8500 50.6 0.940 0.0000e+00
ACC 131072 512 2 4 5.00 0.8500 50.6 0.970 0.0000e+00
ACC 131072 512 2 4 5.00 0.8500 50.6 1.000 9.7656e-04
ACC 131072 512 2 4 5.00 0.9700 50.6 0.900 0.0000e+00
ACC 131072 512 2 4 5.00 0.9700 50.6 0.940 0.0000e+00
ACC 131072 512 2 4 5.00 0.9700 50.6 0.970 0.0000e+00
ACC 131072 512 2 4 5.00 0.9700 50.6 1.000 9.9010e-04
ACC 131072 512 2 4 5.50 0.8500 50.6 0.900 0.0000e+00
ACC 131072 512 2 4 5.50 0.8500 50.6 0.940 0.0000e+00
ACC 131072 512 2 4 5.50 0.8500 50.6 0.970 0.0000e+00
ACC 131072 512 2 4 5.50 0.8500 50.6 1.000 1.0225e-03
ACC 131072 512 2 4 5.50 0.9700 50.6 0.900 0.0000e+00
ACC 131072 512 2 4 5.50 0.9700 50.6 0.940 0.0000e+00
ACC 131072 512 2 4 5.50 0.9700 50.6 0.970 0.0000e+00
ACC 131072 512 2 4 5.50 0.9700 50.6 1.000 1.0173e-03
ACC 131072 512 2 4 5.75 0.8500 50.6 0.900 0.0000e+00
ACC 131072 512 2 4 5.75 0.8500 50.6 0.940 0.0000e+00
ACC 131072 512 2 4 5.75 0.8500 50.6 0.970 0.0000e+00
ACC 131072 512 2 4 5.75 0.8500 50.6 1.000 1.0417e-03
ACC 131072 512 2 4 5.75 0.9700 50.6 0.900 0.0000e+00
ACC 131072 512 2 4 5.75 0.9700 50.6 0.940 0.0000e+00
ACC 131072 512 2 4 5.75 0.9700 50.6 0.970 0.0000e+00
ACC 131072 512 2 4 5.75 0.9700 50.6 1.000 1.0299e-03
ACC 131072 512 2 4 6.00 0.8500 50.6 0.900 0.0000e+00
ACC 131072 512 2 4 6.00 0.8500 50.6 0.940 0.0000e+00
ACC 131072 512 2 4 6.00 0.8500 50.6 0.970 0.0000e+00
ACC 131072 512 2 4 6.00 0.8500 50.6 1.000 1.0593e-03
ACC 131072 512 2 4 6.00 0.9700 50.6 0.900 0.0000e+00
ACC 131072 512 2 4 6.00 0.9700 50.6 0.940 0.0000e+00
ACC 131072 512 2 4 6.00 0.9700 50.6 0.970 0.0000e+00
ACC 131072 512 2 4 6.00 0.9700 50.6 1.000 1.0363e-03
ACC 131072 512 2 4 6.50 0.8500 50.6 0.900 0.0000e+00
ACC 131072 512 2 4 6.50 0.8500 50.6 0.940 0.0000e+00
ACC 131072 512 2 4 6.50 0.8500 50.6 0.970 0.0000e+00
ACC 131072 512 2 4 6.50 0.8500 50.6 1.000 1.0929e-03
ACC 131072 512 2 4 6.50 0.9700 50.6 0.900 0.0000e+00
ACC 131072 512 2 4 6.50 0.9700 50.6 0.940 0.0000e+00
ACC 131072 512 2 4 6.50 0.9700 50.6 0.970 0.0000e+00
ACC 131072 512 2 4 6.50 0.9700 50.6 1.000 0.0000e+00
ACC 131072 512 2 8 5.00 0.8500 50.6 0.900 0.0000e+00
ACC 131072 512 2 8 5.00 0.8500 50.6 0.940 0.0000e+00
ACC 131072 512 2 8 5.00 0.8500 50.6 0.970 0.0000e+00
ACC 131072 512 2 8 5.00 0.8500 50.6 1.000 9.7656e-04
ACC 131072 512 2 8 5.00 0.9700 50.6 0.900 0.0000e+00
ACC 131072 512 2 8 5.00 0.9700 50.6 0.940 0.0000e+00
ACC 131072 512 2 8 5.00 0.9700 50.6 0.970 0.0000e+00
ACC 131072 512 2 8 5.00 0.9700 50.6 1.000 2.9703e-03
ACC 131072 512 2 8 5.50 0.8500 50.6 0.900 0.0000e+00
ACC 131072 512 2 8 5.50 0.8500 50.6 0.940 0.0000e+00
ACC 131072 512 2 8 5.50 0.8500 50.6 0.970 0.0000e+00
ACC 131072 512 2 8 5.50 0.8500 50.6 1.000 1.0225e-03
ACC 131072 512 2 8 5.50 0.9700 50.6 0.900 0.0000e+00
ACC 131072 512 2 8 5.50 0.9700 50.6 0.940 0.0000e+00
ACC 131072 512 2 8 5.50 0.9700 50.6 0.970 0.0000e+00
ACC 131072 512 2 8 5.50 0.9700 50.6 1.000 2.0346e-03
ACC 131072 512 2 8 5.75 0.8500 50.6 0.900 0.0000e+00
ACC 131072 512 2 8 5.75 0.8500 50.6 0.940 0.0000e+00
ACC 131072 512 2 8 5.75 0.8500 50.6 0.970 0.0000e+00
ACC 131072 512 2 8 5.75 0.8500 50.6 1.000 1.0417e-03
ACC 131072 512 2 8 5.75 0.9700 50.6 0.900 0.0000e+00
ACC 131072 512 2 8 5.75 0.9700 50.6 0.940 0.0000e+00
ACC 131072 512 2 8 5.75 0.9700 50.6 0.970 0.0000e+00
ACC 131072 512 2 8 5.75 0.9700 50.6 1.000 1.0299e-03
ACC 131072 512 2 8 6.00 0.8500 50.6 0.900 0.0000e+00
ACC 131072 512 2 8 6.00 0.8500 50.6 0.940 0.0000e+00
ACC 131072 512 2 8 6.00 0.8500 50.6 0.970 0.0000e+00
ACC 131072 512 2 8 6.00 0.8500 50.6 1.000 1.0593e-03
ACC 131072 512 2 8 6.00 0.9700 50.6 0.900 0.0000e+00
ACC 131072 512 2 8 6.00 0.9700 50.6 0.940 0.0000e+00
ACC 131072 512 2 8 6.00 0.9700 50.6 0.970 0.0000e+00
ACC 131072 512 2 8 6.00 0.9700 50.6 1.000 1.0363e-03
ACC 131072 512 2 8 6.50 0.8500 50.6 0.900 0.0000e+00
ACC 131072 512 2 8 6.50 0.8500 50.6 0.940 0.0000e+00
ACC 131072 512 2 8 6.50 0.8500 50.6 0.970 0.0000e+00
ACC 131072 512 2 8 6.50 0.8500 50.6 1.000 1.0929e-03
ACC 131072 512 2 8 6.50 0.9700 50.6 0.900 0.0000e+00
ACC 131072 512 2 8 6.50 0.9700 50.6 0.940 0.0000e+00
ACC 131072 512 2 8 6.50 0.9700 50.6 0.970 0.0000e+00
ACC 131072 512 2 8 6.50 0.9700 50.6 1.000 0.0000e+00
ACC 131072 1024 2 4 5.00 0.8500 100.6 0.900 0.0000e+00
ACC 131072 1024 2 4 5.00 0.8500 100.6 0.940 0.0000e+00
ACC 131072 1024 2 4 5.00 0.8500 100.6 0.970 0.0000e+00
ACC 131072 1024 2 4 5.00 0.8500 100.6 1.000 0.0000e+00
ACC 131072 1024 2 4 5.00 0.9700 100.6 0.900 0.0000e+00
ACC 131072 1024 2 4 5.00 0.9700 100.6 0.940 0.0000e+00
ACC 131072 1024 2 4 5.00 0.9700 100.6 0.970 0.0000e+00
ACC 131072 1024 2 4 5.00 0.9700 100.6 1.000 0.0000e+00
ACC 131072 1024 2 4 5.50 0.8500 100.6 0.900 0.0000e+00
ACC 131072 1024 2 4 5.50 0.8500 100.6 0.940 0.0000e+00
ACC 131072 1024 2 4 5.50 0.8500 100.6 0.970 0.0000e+00
ACC 131072 1024 2 4 5.50 0.8500 100.6 1.000 0.0000e+00
ACC 131072 1024 2 4 5.50 0.9700 100.6 0.900 0.0000e+00
ACC 131072 1024 2 4 5.50 0.9700 100.6 0.940 0.0000e+00
ACC 131072 1024 2 4 5.50 0.9700 100.6 0.970 0.0000e+00
ACC 131072 1024 2 4 5.50 0.9700 100.6 1.000 1.0384e-03
ACC 131072 1024 2 4 5.75 0.8500 100.6 0.900 0.0000e+00
ACC 131072 1024 2 4 5.75 0.8500 100.6 0.940 0.0000e+00
ACC 131072 1024 2 4 5.75 0.8500 100.6 0.970 0.0000e+00
ACC 131072 1024 2 4 5.75 0.8500 100.6 1.000 0.0000e+00
ACC 131072 1024 2 4 5.75 0.9700 100.6 0.900 0.0000e+00
ACC 131072 1024 2 4 5.75 0.9700 100.6 0.940 0.0000e+00
ACC 131072 1024 2 4 5.75 0.9700 100.6 0.970 0.0000e+00
ACC 131072 1024 2 4 5.75 0.9700 100.6 1.000 1.0537e-03
ACC 131072 1024 2 4 6.00 0.8500 100.6 0.900 0.0000e+00
ACC 131072 1024 2 4 6.00 0.8500 100.6 0.940 0.0000e+00
ACC 131072 1024 2 4 6.00 0.8500 100.6 0.970 0.0000e+00
ACC 131072 1024 2 4 6.00 0.8500 100.6 1.000 0.0000e+00
ACC 131072 1024 2 4 6.00 0.9700 100.6 0.900 0.0000e+00
ACC 131072 1024 2 4 6.00 0.9700 100.6 0.940 0.0000e+00
ACC 131072 1024 2 4 6.00 0.9700 100.6 0.970 0.0000e+00
ACC 131072 1024 2 4 6.00 0.9700 100.6 1.000 0.0000e+00
ACC 131072 1024 2 4 6.50 0.8500 100.6 0.900 0.0000e+00
ACC 131072 1024 2 4 6.50 0.8500 100.6 0.940 0.0000e+00
ACC 131072 1024 2 4 6.50 0.8500 100.6 0.970 0.0000e+00
ACC 131072 1024 2 4 6.50 0.8500 100.6 1.000 0.0000e+00
ACC 131072 1024 2 4 6.50 0.9700 100.6 0.900 0.0000e+00
ACC 131072 1024 2 4 6.50 0.9700 100.6 0.940 0.0000e+00
ACC 131072 1024 2 4 6.50 0.9700 100.6 0.970 0.0000e+00
ACC 131072 1024 2 4 6.50 0.9700 100.6 1.000 0.0000e+00
ACC 131072 1024 2 8 5.00 0.8500 100.6 0.900 0.0000e+00
ACC 131072 1024 2 8 5.00 0.8500 100.6 0.940 0.0000e+00
ACC 131072 1024 2 8 5.00 0.8500 100.6 0.970 0.0000e+00
ACC 131072 1024 2 8 5.00 0.8500 100.6 1.000 0.0000e+00
ACC 131072 1024 2 8 5.00 0.9700 100.6 0.900 0.0000e+00
ACC 131072 1024 2 8 5.00 0.9700 100.6 0.940 0.0000e+00
ACC 131072 1024 2 8 5.00 0.9700 100.6 0.970 0.0000e+00
ACC 131072 1024 2 8 5.00 0.9700 100.6 1.000 1.0081e-03
ACC 131072 1024 2 8 5.50 0.8500 100.6 0.900 0.0000e+00
ACC 131072 1024 2 8 5.50 0.8500 100.6 0.940 0.0000e+00
ACC 131072 1024 2 8 5.50 0.8500 100.6 0.970 0.0000e+00
ACC 131072 1024 2 8 5.50 0.8500 100.6 1.000 0.0000e+00
ACC 131072 1024 2 8 5.50 0.9700 100.6 0.900 0.0000e+00
ACC 131072 1024 2 8 5.50 0.9700 100.6 0.940 0.0000e+00
ACC 131072 1024 2 8 5.50 0.9700 100.6 0.970 0.0000e+00
ACC 131072 1024 2 8 5.50 0.9700 100.6 1.000 1.0384e-03
ACC 131072 1024 2 8 5.75 0.8500 100.6 0.900 0.0000e+00
ACC 131072 1024 2 8 5.75 0.8500 100.6 0.940 0.0000e+00
ACC 131072 1024 2 8 5.75 0.8500 100.6 0.970 0.0000e+00
ACC 131072 1024 2 8 5.75 0.8500 100.6 1.000 0.0000e+00
ACC 131072 1024 2 8 5.75 0.9700 100.6 0.900 0.0000e+00
ACC 131072 1024 2 8 5.75 0.9700 100.6 0.940 0.0000e+00
ACC 131072 1024 2 8 5.75 0.9700 100.6 0.970 0.0000e+00
ACC 131072 1024 2 8 5.75 0.9700 100.6 1.000 2.1075e-03
ACC 131072 1024 2 8 6.00 0.8500 100.6 0.900 0.0000e+00
ACC 131072 1024 2 8 6.00 0.8500 100.6 0.940 0.0000e+00
ACC 131072 1024 2 8 6.00 0.8500 100.6 0.970 0.0000e+00
ACC 131072 1024 2 8 6.00 0.8500 100.6 1.000 0.0000e+00
ACC 131072 1024 2 8 6.00 0.9700 100.6 0.900 0.0000e+00
ACC 131072 1024 2 8 6.00 0.9700 100.6 0.940 0.0000e+00
ACC 131072 1024 2 8 6.00 0.9700 100.6 0.970 0.0000e+00
ACC 131072 1024 2 8 6.00 0.9700 100.6 1.000 1.0684e-03
ACC 131072 1024 2 8 6.50 0.8500 100.6 0.900 0.0000e+00
ACC 131072 1024 2 8 6.50 0.8500 100.6 0.940 0.0000e+00
ACC 131072 1024 2 8 6.50 0.8500 100.6 0.970 0.0000e+00
ACC 131072 1024 2 8 6.50 0.8500 100.6 1.000 0.0000e+00
ACC 131072 1024 2 8 6.50 0.9700 100.6 0.900 0.0000e+00
ACC 131072 1024 2 8 6.50 0.9700 100.6 0.940 0.0000e+00
ACC 131072 1024 2 8 6.50 0.9700 100.6 0.970 0.0000e+00
ACC 131072 1024 2 8 6.50 0.9700 100.6 1.000 1.0893e-03
ACC 131072 2048 2 4 5.00 0.8500 208.6 0.900 0.0000e+00
ACC 131072 2048 2 4 5.00 0.8500 208.6 0.940 0.0000e+00
ACC 131072 2048 2 4 5.00 0.8500 208.6 0.970 0.0000e+00
ACC 131072 2048 2 4 5.00 0.8500 208.6 1.000 0.0000e+00
ACC 131072 2048 2 4 5.00 0.9700 208.6 0.900 0.0000e+00
ACC 131072 2048 2 4 5.00 0.9700 208.6 0.940 0.0000e+00
ACC 131072 2048 2 4 5.00 0.9700 208.6 0.970 0.0000e+00
ACC 131072 2048 2 4 5.00 0.9700 208.6 1.000 2.0555e-03
ACC 131072 2048 2 4 5.50 0.8500 208.6 0.900 0.0000e+00
ACC 131072 2048 2 4 5.50 0.8500 208.6 0.940 0.0000e+00
ACC 131072 2048 2 4 5.50 0.8500 208.6 0.970 0.0000e+00
ACC 131072 2048 2 4 5.50 0.8500 208.6 1.000 1.0582e-03
ACC 131072 2048 2 4 5.50 0.9700 208.6 0.900 0.0000e+00
ACC 131072 2048 2 4 5.50 0.9700 208.6 0.940 0.0000e+00
ACC 131072 2048 2 4 5.50 0.9700 208.6 0.970 0.0000e+00
ACC 131072 2048 2 4 5.50 0.9700 208.6 1.000 3.1813e-03
ACC 131072 2048 2 4 5.75 0.8500 208.6 0.900 0.0000e+00
ACC 131072 2048 2 4 5.75 0.8500 208.6 0.940 0.0000e+00
ACC 131072 2048 2 4 5.75 0.8500 208.6 0.970 0.0000e+00
ACC 131072 2048 2 4 5.75 0.8500 208.6 1.000 1.0718e-03
ACC 131072 2048 2 4 5.75 0.9700 208.6 0.900 0.0000e+00
ACC 131072 2048 2 4 5.75 0.9700 208.6 0.940 0.0000e+00
ACC 131072 2048 2 4 5.75 0.9700 208.6 0.970 0.0000e+00
ACC 131072 2048 2 4 5.75 0.9700 208.6 1.000 3.2223e-03
ACC 131072 2048 2 4 6.00 0.8500 208.6 0.900 0.0000e+00
ACC 131072 2048 2 4 6.00 0.8500 208.6 0.940 0.0000e+00
ACC 131072 2048 2 4 6.00 0.8500 208.6 0.970 0.0000e+00
ACC 131072 2048 2 4 6.00 0.8500 208.6 1.000 1.0846e-03
ACC 131072 2048 2 4 6.00 0.9700 208.6 0.900 0.0000e+00
ACC 131072 2048 2 4 6.00 0.9700 208.6 0.940 0.0000e+00
ACC 131072 2048 2 4 6.00 0.9700 208.6 0.970 0.0000e+00
ACC 131072 2048 2 4 6.00 0.9700 208.6 1.000 2.1668e-03
ACC 131072 2048 2 4 6.50 0.8500 208.6 0.900 0.0000e+00
ACC 131072 2048 2 4 6.50 0.8500 208.6 0.940 0.0000e+00
ACC 131072 2048 2 4 6.50 0.8500 208.6 0.970 0.0000e+00
ACC 131072 2048 2 4 6.50 0.8500 208.6 1.000 1.1123e-03
ACC 131072 2048 2 4 6.50 0.9700 208.6 0.900 0.0000e+00
ACC 131072 2048 2 4 6.50 0.9700 208.6 0.940 0.0000e+00
ACC 131072 2048 2 4 6.50 0.9700 208.6 0.970 0.0000e+00
ACC 131072 2048 2 4 6.50 0.9700 208.6 1.000 3.3113e-03
ACC 131072 2048 2 8 5.00 0.8500 208.6 0.900 0.0000e+00
ACC 131072 2048 2 8 5.00 0.8500 208.6 0.940 0.0000e+00
ACC 131072 2048 2 8 5.00 0.8500 208.6 0.970 0.0000e+00
ACC 131072 2048 2 8 5.00 0.8500 208.6 1.000 0.0000e+00
ACC 131072 2048 2 8 5.00 0.9700 208.6 0.900 0.0000e+00
ACC 131072 2048 2 8 5.00 0.9700 208.6 0.940 0.0000e+00
ACC 131072 2048 2 8 5.00 0.9700 208.6 0.970 1.0277e-03
ACC 131072 2048 2 8 5.00 0.9700 208.6 1.000 5.1387e-03
ACC 131072 2048 2 8 5.50 0.8500 208.6 0.900 0.0000e+00
ACC 131072 2048 2 8 5.50 0.8500 208.6 0.940 0.0000e+00
ACC 131072 2048 2 8 5.50 0.8500 208.6 0.970 0.0000e+00
ACC 131072 2048 2 8 5.50 0.8500 208.6 1.000 1.0582e-03
ACC 131072 2048 2 8 5.50 0.9700 208.6 0.900 0.0000e+00
ACC 131072 2048 2 8 5.50 0.9700 208.6 0.940 0.0000e+00
ACC 131072 2048 2 8 5.50 0.9700 208.6 0.970 1.0604e-03
ACC 131072 2048 2 8 5.50 0.9700 208.6 1.000 5.3022e-03
ACC 131072 2048 2 8 5.75 0.8500 208.6 0.900 0.0000e+00
ACC 131072 2048 2 8 5.75 0.8500 208.6 0.940 0.0000e+00
ACC 131072 2048 2 8 5.75 0.8500 208.6 0.970 0.0000e+00
ACC 131072 2048 2 8 5.75 0.8500 208.6 1.000 1.0718e-03
ACC 131072 2048 2 8 5.75 0.9700 208.6 0.900 0.0000e+00
ACC 131072 2048 2 8 5.75 0.9700 208.6 0.940 0.0000e+00
ACC 131072 2048 2 8 5.75 0.9700 208.6 0.970 1.0741e-03
ACC 131072 2048 2 8 5.75 0.9700 208.6 1.000 5.3706e-03
ACC 131072 2048 2 8 6.00 0.8500 208.6 0.900 0.0000e+00
ACC 131072 2048 2 8 6.00 0.8500 208.6 0.940 0.0000e+00
ACC 131072 2048 2 8 6.00 0.8500 208.6 0.970 0.0000e+00
ACC 131072 2048 2 8 6.00 0.8500 208.6 1.000 1.0846e-03
ACC 131072 2048 2 8 6.00 0.9700 208.6 0.900 0.0000e+00
ACC 131072 2048 2 8 6.00 0.9700 208.6 0.940 0.0000e+00
ACC 131072 2048 2 8 6.00 0.9700 208.6 0.970 1.0834e-03
ACC 131072 2048 2 8 6.00 0.9700 208.6 1.000 3.2503e-03
ACC 131072 2048 2 8 6.50 0.8500 208.6 0.900 0.0000e+00
ACC 131072 2048 2 8 6.50 0.8500 208.6 0.940 0.0000e+00
ACC 131072 2048 2 8 6.50 0.8500 208.6 0.970 0.0000e+00
ACC 131072 2048 2 8 6.50 0.8500 208.6 1.000 1.1123e-03
ACC 131072 2048 2 8 6.50 0.9700 208.6 0.900 0.0000e+00
ACC 131072 2048 2 8 6.50 0.9700 208.6 0.940 0.0000e+00
ACC 131072 2048 2 8 6.50 0.9700 208.6 0.970 1.1038e-03
ACC 131072 2048 2 8 6.50 0.9700 208.6 1.000 3.3113e-03
ACC 131072 4096 2 4 5.00 0.8500 416.6 0.900 0.0000e+00
ACC 131072 4096 2 4 5.00 0.8500 416.6 0.940 0.0000e+00
ACC 131072 4096 2 4 5.00 0.8500 416.6 0.970 0.0000e+00
ACC 131072 4096 2 4 5.00 0.8500 416.6 1.000 0.0000e+00
ACC 131072 4096 2 4 5.00 0.9700 416.6 0.900 0.0000e+00
ACC 131072 4096 2 4 5.00 0.9700 416.6 0.940 0.0000e+00
ACC 131072 4096 2 4 5.00 0.9700 416.6 0.970 0.0000e+00
ACC 131072 4096 2 4 5.00 0.9700 416.6 1.000 2.0661e-03
ACC 131072 4096 2 4 5.50 0.8500 416.6 0.900 0.0000e+00
ACC 131072 4096 2 4 5.50 0.8500 416.6 0.940 0.0000e+00
ACC 131072 4096 2 4 5.50 0.8500 416.6 0.970 0.0000e+00
ACC 131072 4096 2 4 5.50 0.8500 416.6 1.000 1.0460e-03
ACC 131072 4096 2 4 5.50 0.9700 416.6 0.900 0.0000e+00
ACC 131072 4096 2 4 5.50 0.9700 416.6 0.940 0.0000e+00
ACC 131072 4096 2 4 5.50 0.9700 416.6 0.970 0.0000e+00
ACC 131072 4096 2 4 5.50 0.9700 416.6 1.000 2.1277e-03
ACC 131072 4096 2 4 5.75 0.8500 416.6 0.900 0.0000e+00
ACC 131072 4096 2 4 5.75 0.8500 416.6 0.940 0.0000e+00
ACC 131072 4096 2 4 5.75 0.8500 416.6 0.970 0.0000e+00
ACC 131072 4096 2 4 5.75 0.8500 416.6 1.000 0.0000e+00
ACC 131072 4096 2 4 5.75 0.9700 416.6 0.900 0.0000e+00
ACC 131072 4096 2 4 5.75 0.9700 416.6 0.940 0.0000e+00
ACC 131072 4096 2 4 5.75 0.9700 416.6 0.970 0.0000e+00
ACC 131072 4096 2 4 5.75 0.9700 416.6 1.000 2.1529e-03
ACC 131072 4096 2 4 6.00 0.8500 416.6 0.900 0.0000e+00
ACC 131072 4096 2 4 6.00 0.8500 416.6 0.940 0.0000e+00
ACC 131072 4096 2 4 6.00 0.8500 416.6 0.970 0.0000e+00
ACC 131072 4096 2 4 6.00 0.8500 416.6 1.000 0.0000e+00
ACC 131072 4096 2 4 6.00 0.9700 416.6 0.900 0.0000e+00
ACC 131072 4096 2 4 6.00 0.9700 416.6 0.940 0.0000e+00
ACC 131072 4096 2 4 6.00 0.9700 416.6 0.970 0.0000e+00
ACC 131072 4096 2 4 6.00 0.9700 416.6 1.000 2.1668e-03
ACC 131072 4096 2 4 6.50 0.8500 416.6 0.900 0.0000e+00
ACC 131072 4096 2 4 6.50 0.8500 416.6 0.940 0.0000e+00
ACC 131072 4096 2 4 6.50 0.8500 416.6 0.970 0.0000e+00
ACC 131072 4096 2 4 6.50 0.8500 416.6 1.000 1.0965e-03
ACC 131072 4096 2 4 6.50 0.9700 416.6 0.900 0.0000e+00
ACC 131072 4096 2 4 6.50 0.9700 416.6 0.940 0.0000e+00
ACC 131072 4096 2 4 6.50 0.9700 416.6 0.970 0.0000e+00
ACC 131072 4096 2 4 6.50 0.9700 416.6 1.000 1.0929e-03
ACC 131072 4096 2 8 5.00 0.8500 416.6 0.900 0.0000e+00
ACC 131072 4096 2 8 5.00 0.8500 416.6 0.940 0.0000e+00
ACC 131072 4096 2 8 5.00 0.8500 416.6 0.970 0.0000e+00
ACC 131072 4096 2 8 5.00 0.8500 416.6 1.000 0.0000e+00
ACC 131072 4096 2 8 5.00 0.9700 416.6 0.900 0.0000e+00
ACC 131072 4096 2 8 5.00 0.9700 416.6 0.940 0.0000e+00
ACC 131072 4096 2 8 5.00 0.9700 416.6 0.970 0.0000e+00
ACC 131072 4096 2 8 5.00 0.9700 416.6 1.000 3.0992e-03
ACC 131072 4096 2 8 5.50 0.8500 416.6 0.900 0.0000e+00
ACC 131072 4096 2 8 5.50 0.8500 416.6 0.940 0.0000e+00
ACC 131072 4096 2 8 5.50 0.8500 416.6 0.970 0.0000e+00
ACC 131072 4096 2 8 5.50 0.8500 416.6 1.000 1.0460e-03
ACC 131072 4096 2 8 5.50 0.9700 416.6 0.900 0.0000e+00
ACC 131072 4096 2 8 5.50 0.9700 416.6 0.940 0.0000e+00
ACC 131072 4096 2 8 5.50 0.9700 416.6 0.970 0.0000e+00
ACC 131072 4096 2 8 5.50 0.9700 416.6 1.000 4.2553e-03
ACC 131072 4096 2 8 5.75 0.8500 416.6 0.900 0.0000e+00
ACC 131072 4096 2 8 5.75 0.8500 416.6 0.940 0.0000e+00
ACC 131072 4096 2 8 5.75 0.8500 416.6 0.970 0.0000e+00
ACC 131072 4096 2 8 5.75 0.8500 416.6 1.000 0.0000e+00
ACC 131072 4096 2 8 5.75 0.9700 416.6 0.900 0.0000e+00
ACC 131072 4096 2 8 5.75 0.9700 416.6 0.940 0.0000e+00
ACC 131072 4096 2 8 5.75 0.9700 416.6 0.970 0.0000e+00
ACC 131072 4096 2 8 5.75 0.9700 416.6 1.000 3.2293e-03
ACC 131072 4096 2 8 6.00 0.8500 416.6 0.900 0.0000e+00
ACC 131072 4096 2 8 6.00 0.8500 416.6 0.940 0.0000e+00
ACC 131072 4096 2 8 6.00 0.8500 416.6 0.970 0.0000e+00
ACC 131072 4096 2 8 6.00 0.8500 416.6 1.000 0.0000e+00
ACC 131072 4096 2 8 6.00 0.9700 416.6 0.900 0.0000e+00
ACC 131072 4096 2 8 6.00 0.9700 416.6 0.940 0.0000e+00
ACC 131072 4096 2 8 6.00 0.9700 416.6 0.970 0.0000e+00
ACC 131072 4096 2 8 6.00 0.9700 416.6 1.000 3.2503e-03
ACC 131072 4096 2 8 6.50 0.8500 416.6 0.900 0.0000e+00
ACC 131072 4096 2 8 6.50 0.8500 416.6 0.940 0.0000e+00
ACC 131072 4096 2 8 6.50 0.8500 416.6 0.970 0.0000e+00
ACC 131072 4096 2 8 6.50 0.8500 416.6 1.000 1.0965e-03
ACC 131072 4096 2 8 6.50 0.9700 416.6 0.900 0.0000e+00
ACC 131072 4096 2 8 6.50 0.9700 416.6 0.940 0.0000e+00
ACC 131072 4096 2 8 6.50 0.9700 416.6 0.970 0.0000e+00
ACC 131072 4096 2 8 6.50 0.9700 416.6 1.000 2.1858e-03
ACC 131072 8192 2 4 5.00 0.8500 832.6 0.900 0.0000e+00
ACC 131072 8192 2 4 5.00 0.8500 832.6 0.940 0.0000e+00
ACC 131072 8192 2 4 5.00 0.8500 832.6 0.970 0.0000e+00
ACC 131072 8192 2 4 5.00 0.8500 832.6 1.000 0.0000e+00
ACC 131072 8192 2 4 5.00 0.9700 832.6 0.900 0.0000e+00
ACC 131072 8192 2 4 5.00 0.9700 832.6 0.940 0.0000e+00
ACC 131072 8192 2 4 5.00 0.9700 832.6 0.970 0.0000e+00
ACC 131072 8192 2 4 5.00 0.9700 832.6 1.000 2.0141e-03
ACC 131072 8192 2 4 5.50 0.8500 832.6 0.900 0.0000e+00
ACC 131072 8192 2 4 5.50 0.8500 832.6 0.940 0.0000e+00
ACC 131072 8192 2 4 5.50 0.8500 832.6 0.970 0.0000e+00
ACC 131072 8192 2 4 5.50 0.8500 832.6 1.000 0.0000e+00
ACC 131072 8192 2 4 5.50 0.9700 832.6 0.900 0.0000e+00
ACC 131072 8192 2 4 5.50 0.9700 832.6 0.940 0.0000e+00
ACC 131072 8192 2 4 5.50 0.9700 832.6 0.970 0.0000e+00
ACC 131072 8192 2 4 5.50 0.9700 832.6 1.000 1.0549e-03
ACC 131072 8192 2 4 5.75 0.8500 832.6 0.900 0.0000e+00
ACC 131072 8192 2 4 5.75 0.8500 832.6 0.940 0.0000e+00
ACC 131072 8192 2 4 5.75 0.8500 832.6 0.970 0.0000e+00
ACC 131072 8192 2 4 5.75 0.8500 832.6 1.000 1.0787e-03
ACC 131072 8192 2 4 5.75 0.9700 832.6 0.900 0.0000e+00
ACC 131072 8192 2 4 5.75 0.9700 832.6 0.940 0.0000e+00
ACC 131072 8192 2 4 5.75 0.9700 832.6 0.970 0.0000e+00
ACC 131072 8192 2 4 5.75 0.9700 832.6 1.000 1.0661e-03
ACC 131072 8192 2 4 6.00 0.8500 832.6 0.900 0.0000e+00
ACC 131072 8192 2 4 6.00 0.8500 832.6 0.940 0.0000e+00
ACC 131072 8192 2 4 6.00 0.8500 832.6 0.970 0.0000e+00
ACC 131072 8192 2 4 6.00 0.8500 832.6 1.000 1.0941e-03
ACC 131072 8192 2 4 6.00 0.9700 832.6 0.900 0.0000e+00
ACC 131072 8192 2 4 6.00 0.9700 832.6 0.940 0.0000e+00
ACC 131072 8192 2 4 6.00 0.9700 832.6 0.970 0.0000e+00
ACC 131072 8192 2 4 6.00 0.9700 832.6 1.000 1.0787e-03
ACC 131072 8192 2 4 6.50 0.8500 832.6 0.900 0.0000e+00
ACC 131072 8192 2 4 6.50 0.8500 832.6 0.940 0.0000e+00
ACC 131072 8192 2 4 6.50 0.8500 832.6 0.970 0.0000e+00
ACC 131072 8192 2 4 6.50 0.8500 832.6 1.000 1.1299e-03
ACC 131072 8192 2 4 6.50 0.9700 832.6 0.900 0.0000e+00
ACC 131072 8192 2 4 6.50 0.9700 832.6 0.940 0.0000e+00
ACC 131072 8192 2 4 6.50 0.9700 832.6 0.970 0.0000e+00
ACC 131072 8192 2 4 6.50 0.9700 832.6 1.000 1.0989e-03
ACC 131072 8192 2 8 5.00 0.8500 832.6 0.900 0.0000e+00
ACC 131072 8192 2 8 5.00 0.8500 832.6 0.940 0.0000e+00
ACC 131072 8192 2 8 5.00 0.8500 832.6 0.970 0.0000e+00
ACC 131072 8192 2 8 5.00 0.8500 832.6 1.000 0.0000e+00
ACC 131072 8192 2 8 5.00 0.9700 832.6 0.900 0.0000e+00
ACC 131072 8192 2 8 5.00 0.9700 832.6 0.940 0.0000e+00
ACC 131072 8192 2 8 5.00 0.9700 832.6 0.970 1.0070e-03
ACC 131072 8192 2 8 5.00 0.9700 832.6 1.000 3.0211e-03
ACC 131072 8192 2 8 5.50 0.8500 832.6 0.900 0.0000e+00
ACC 131072 8192 2 8 5.50 0.8500 832.6 0.940 0.0000e+00
ACC 131072 8192 2 8 5.50 0.8500 832.6 0.970 0.0000e+00
ACC 131072 8192 2 8 5.50 0.8500 832.6 1.000 1.0582e-03
ACC 131072 8192 2 8 5.50 0.9700 832.6 0.900 0.0000e+00
ACC 131072 8192 2 8 5.50 0.9700 832.6 0.940 0.0000e+00
ACC 131072 8192 2 8 5.50 0.9700 832.6 0.970 0.0000e+00
ACC 131072 8192 2 8 5.50 0.9700 832.6 1.000 2.1097e-03
ACC 131072 8192 2 8 5.75 0.8500 832.6 0.900 0.0000e+00
ACC 131072 8192 2 8 5.75 0.8500 832.6 0.940 0.0000e+00
ACC 131072 8192 2 8 5.75 0.8500 832.6 0.970 0.0000e+00
ACC 131072 8192 2 8 5.75 0.8500 832.6 1.000 1.0787e-03
ACC 131072 8192 2 8 5.75 0.9700 832.6 0.900 0.0000e+00
ACC 131072 8192 2 8 5.75 0.9700 832.6 0.940 0.0000e+00
ACC 131072 8192 2 8 5.75 0.9700 832.6 0.970 0.0000e+00
ACC 131072 8192 2 8 5.75 0.9700 832.6 1.000 1.0661e-03
ACC 131072 8192 2 8 6.00 0.8500 832.6 0.900 0.0000e+00
ACC 131072 8192 2 8 6.00 0.8500 832.6 0.940 0.0000e+00
ACC 131072 8192 2 8 6.00 0.8500 832.6 0.970 0.0000e+00
ACC 131072 8192 2 8 6.00 0.8500 832.6 1.000 1.0941e-03
ACC 131072 8192 2 8 6.00 0.9700 832.6 0.900 0.0000e+00
ACC 131072 8192 2 8 6.00 0.9700 832.6 0.940 0.0000e+00
ACC 131072 8192 2 8 6.00 0.9700 832.6 0.970 0.0000e+00
ACC 131072 8192 2 8 6.00 0.9700 832.6 1.000 1.0787e-03
ACC 131072 8192 2 8 6.50 0.8500 832.6 0.900 0.0000e+00
ACC 131072 8192 2 8 6.50 0.8500 832.6 0.940 0.0000e+00
ACC 131072 8192 2 8 6.50 0.8500 832.6 0.970 0.0000e+00
ACC 131072 8192 2 8 6.50 0.8500 832.6 1.000 1.1299e-03
ACC 131072 8192 2 8 6.50 0.9700 832.6 0.900 0.0000e+00
ACC 131072 8192 2 8 6.50 0.9700 832.6 0.940 0.0000e+00
ACC 131072 8192 2 8 6.50 0.9700 832.6 0.970 0.0000e+00
ACC 131072 8192 2 8 6.50 0.9700 832.6 1.000 1.0989e-03
ACC 131072 16384 2 4 5.00 0.8500 1664.6 0.900 0.0000e+00
ACC 131072 16384 2 4 5.00 0.8500 1664.6 0.940 0.0000e+00
ACC 131072 16384 2 4 5.00 0.8500 1664.6 0.970 0.0000e+00
ACC 131072 16384 2 4 5.00 0.8500 1664.6 1.000 0.0000e+00
ACC 131072 16384 2 4 5.00 0.9700 1664.6 0.900 0.0000e+00
ACC 131072 16384 2 4 5.00 0.9700 1664.6 0.940 0.0000e+00
ACC 131072 16384 2 4 5.00 0.9700 1664.6 0.970 0.0000e+00
ACC 131072 16384 2 4 5.00 0.9700 1664.6 1.000 0.0000e+00
ACC 131072 16384 2 4 5.50 0.8500 1664.6 0.900 0.0000e+00
ACC 131072 16384 2 4 5.50 0.8500 1664.6 0.940 0.0000e+00
ACC 131072 16384 2 4 5.50 0.8500 1664.6 0.970 0.0000e+00
ACC 131072 16384 2 4 5.50 0.8500 1664.6 1.000 0.0000e+00
ACC 131072 16384 2 4 5.50 0.9700 1664.6 0.900 0.0000e+00
ACC 131072 16384 2 4 5.50 0.9700 1664.6 0.940 0.0000e+00
ACC 131072 16384 2 4 5.50 0.9700 1664.6 0.970 0.0000e+00
ACC 131072 16384 2 4 5.50 0.9700 1664.6 1.000 0.0000e+00
ACC 131072 16384 2 4 5.75 0.8500 1664.6 0.900 0.0000e+00
ACC 131072 16384 2 4 5.75 0.8500 1664.6 0.940 0.0000e+00
ACC 131072 16384 2 4 5.75 0.8500 1664.6 0.970 0.0000e+00
ACC 131072 16384 2 4 5.75 0.8500 1664.6 1.000 0.0000e+00
ACC 131072 16384 2 4 5.75 0.9700 1664.6 0.900 0.0000e+00
ACC 131072 16384 2 4 5.75 0.9700 1664.6 0.940 0.0000e+00
ACC 131072 16384 2 4 5.75 0.9700 1664.6 0.970 0.0000e+00
ACC 131072 16384 2 4 5.75 0.9700 1664.6 1.000 0.0000e+00
ACC 131072 16384 2 4 6.00 0.8500 1664.6 0.900 0.0000e+00
ACC 131072 16384 2 4 6.00 0.8500 1664.6 0.940 0.0000e+00
ACC 131072 16384 2 4 6.00 0.8500 1664.6 0.970 0.0000e+00
ACC 131072 16384 2 4 6.00 0.8500 1664.6 1.000 0.0000e+00
ACC 131072 16384 2 4 6.00 0.9700 1664.6 0.900 0.0000e+00
ACC 131072 16384 2 4 6.00 0.9700 1664.6 0.940 0.0000e+00
ACC 131072 16384 2 4 6.00 0.9700 1664.6 0.970 0.0000e+00
ACC 131072 16384 2 4 6.00 0.9700 1664.6 1.000 0.0000e+00
ACC 131072 16384 2 4 6.50 0.8500 1664.6 0.900 0.0000e+00
ACC 131072 16384 2 4 6.50 0.8500 1664.6 0.940 0.0000e+00
ACC 131072 16384 2 4 6.50 0.8500 1664.6 0.970 0.0000e+00
ACC 131072 16384 2 4 6.50 0.8500 1664.6 1.000 0.0000e+00
ACC 131072 16384 2 4 6.50 0.9700 1664.6 0.900 0.0000e+00
ACC 131072 16384 2 4 6.50 0.9700 1664.6 0.940 0.0000e+00
ACC 131072 16384 2 4 6.50 0.9700 1664.6 0.970 0.0000e+00
ACC 131072 16384 2 4 6.50 0.9700 1664.6 1.000 0.0000e+00
ACC 131072 16384 2 8 5.00 0.8500 1664.6 0.900 0.0000e+00
ACC 131072 16384 2 8 5.00 0.8500 1664.6 0.940 0.0000e+00
ACC 131072 16384 2 8 5.00 0.8500 1664.6 0.970 0.0000e+00
ACC 131072 16384 2 8 5.00 0.8500 1664.6 1.000 0.0000e+00
ACC 131072 16384 2 8 5.00 0.9700 1664.6 0.900 0.0000e+00
ACC 131072 16384 2 8 5.00 0.9700 1664.6 0.940 0.0000e+00
ACC 131072 16384 2 8 5.00 0.9700 1664.6 0.970 0.0000e+00
ACC 131072 16384 2 8 5.00 0.9700 1664.6 1.000 9.7561e-04
ACC 131072 16384 2 8 5.50 0.8500 1664.6 0.900 0.0000e+00
ACC 131072 16384 2 8 5.50 0.8500 1664.6 0.940 0.0000e+00
ACC 131072 16384 2 8 5.50 0.8500 1664.6 0.970 0.0000e+00
ACC 131072 16384 2 8 5.50 0.8500 1664.6 1.000 0.0000e+00
ACC 131072 16384 2 8 5.50 0.9700 1664.6 0.900 0.0000e+00
ACC 131072 16384 2 8 5.50 0.9700 1664.6 0.940 0.0000e+00
ACC 131072 16384 2 8 5.50 0.9700 1664.6 0.970 0.0000e+00
ACC 131072 16384 2 8 5.50 0.9700 1664.6 1.000 0.0000e+00
ACC 131072 16384 2 8 5.75 0.8500 1664.6 0.900 0.0000e+00
ACC 131072 16384 2 8 5.75 0.8500 1664.6 0.940 0.0000e+00
ACC 131072 16384 2 8 5.75 0.8500 1664.6 0.970 0.0000e+00
ACC 131072 16384 2 8 5.75 0.8500 1664.6 1.000 0.0000e+00
ACC 131072 16384 2 8 5.75 0.9700 1664.6 0.900 0.0000e+00
ACC 131072 16384 2 8 5.75 0.9700 1664.6 0.940 0.0000e+00
ACC 131072 16384 2 8 5.75 0.9700 1664.6 0.970 0.0000e+00
ACC 131072 16384 2 8 5.75 0.9700 1664.6 1.000 0.0000e+00
ACC 131072 16384 2 8 6.00 0.8500 1664.6 0.900 0.0000e+00
ACC 131072 16384 2 8 6.00 0.8500 1664.6 0.940 0.0000e+00
ACC 131072 16384 2 8 6.00 0.8500 1664.6 0.970 0.0000e+00
ACC 131072 16384 2 8 6.00 0.8500 1664.6 1.000 0.0000e+00
ACC 131072 16384 2 8 6.00 0.9700 1664.6 0.900 0.0000e+00
ACC 131072 16384 2 8 6.00 0.9700 1664.6 0.940 0.0000e+00
ACC 131072 16384 2 8 6.00 0.9700 1664.6 0.970 0.0000e+00
ACC 131072 16384 2 8 6.00 0.9700 1664.6 1.000 0.0000e+00
ACC 131072 16384 2 8 6.50 0.8500 1664.6 0.900 0.0000e+00
ACC 131072 16384 2 8 6.50 0.8500 1664.6 0.940 0.0000e+00
ACC 131072 16384 2 8 6.50 0.8500 1664.6 0.970 0.0000e+00
ACC 131072 16384 2 8 6.50 0.8500 1664.6 1.000 0.0000e+00
ACC 131072 16384 2 8 6.50 0.9700 1664.6 0.900 0.0000e+00
ACC 131072 16384 2 8 6.50 0.9700 1664.6 0.940 0.0000e+00
ACC 131072 16384 2 8 6.50 0.9700 1664.6 0.970 0.0000e+00
ACC 131072 16384 2 8 6.50 0.9700 1664.6 1.000 0.0000e+00
ACC 131072 32768 2 4 5.00 0.8500 3328.6 0.900 0.0000e+00
ACC 131072 32768 2 4 5.00 0.8500 3328.6 0.940 0.0000e+00
ACC 131072 32768 2 4 5.00 0.8500 3328.6 0.970 0.0000e+00
ACC 131072 32768 2 4 5.00 0.8500 3328.6 1.000 0.0000e+00
ACC 131072 32768 2 4 5.00 0.9700 3328.6 0.900 0.0000e+00
ACC 131072 32768 2 4 5.00 0.9700 3328.6 0.940 0.0000e+00
ACC 131072 32768 2 4 5.00 0.9700 3328.6 0.970 0.0000e+00
ACC 131072 32768 2 4 5.00 0.9700 3328.6 1.000 0.0000e+00
ACC 131072 32768 2 4 5.50 0.8500 3328.6 0.900 0.0000e+00
ACC 131072 32768 2 4 5.50 0.8500 3328.6 0.940 0.0000e+00
ACC 131072 32768 2 4 5.50 0.8500 3328.6 0.970 0.0000e+00
ACC 131072 32768 2 4 5.50 0.8500 3328.6 1.000 0.0000e+00
ACC 131072 32768 2 4 5.50 0.9700 3328.6 0.900 0.0000e+00
ACC 131072 32768 2 4 5.50 0.9700 3328.6 0.940 0.0000e+00
ACC 131072 32768 2 4 5.50 0.9700 3328.6 0.970 0.0000e+00
ACC 131072 32768 2 4 5.50 0.9700 3328.6 1.000 1.0504e-03
ACC 131072 32768 2 4 5.75 0.8500 3328.6 0.900 0.0000e+00
ACC 131072 32768 2 4 5.75 0.8500 3328.6 0.940 0.0000e+00
ACC 131072 32768 2 4 5.75 0.8500 3328.6 0.970 0.0000e+00
ACC 131072 32768 2 4 5.75 0.8500 3328.6 1.000 0.0000e+00
ACC 131072 32768 2 4 5.75 0.9700 3328.6 0.900 0.0000e+00
ACC 131072 32768 2 4 5.75 0.9700 3328.6 0.940 0.0000e+00
ACC 131072 32768 2 4 5.75 0.9700 3328.6 0.970 0.0000e+00
ACC 131072 32768 2 4 5.75 0.9700 3328.6 1.000 0.0000e+00
ACC 131072 32768 2 4 6.00 0.8500 3328.6 0.900 0.0000e+00
ACC 131072 32768 2 4 6.00 0.8500 3328.6 0.940 0.0000e+00
ACC 131072 32768 2 4 6.00 0.8500 3328.6 0.970 0.0000e+00
ACC 131072 32768 2 4 6.00 0.8500 3328.6 1.000 0.0000e+00
ACC 131072 32768 2 4 6.00 0.9700 3328.6 0.900 0.0000e+00
ACC 131072 32768 2 4 6.00 0.9700 3328.6 0.940 0.0000e+00
ACC 131072 32768 2 4 6.00 0.9700 3328.6 0.970 0.0000e+00
ACC 131072 32768 2 4 6.00 0.9700 3328.6 1.000 0.0000e+00
ACC 131072 32768 2 4 6.50 0.8500 3328.6 0.900 0.0000e+00
ACC 131072 32768 2 4 6.50 0.8500 3328.6 0.940 0.0000e+00
ACC 131072 32768 2 4 6.50 0.8500 3328.6 0.970 0.0000e+00
ACC 131072 32768 2 4 6.50 0.8500 3328.6 1.000 0.0000e+00
ACC 131072 32768 2 4 6.50 0.9700 3328.6 0.900 0.0000e+00
ACC 131072 32768 2 4 6.50 0.9700 3328.6 0.940 0.0000e+00
ACC 131072 32768 2 4 6.50 0.9700 3328.6 0.970 0.0000e+00
ACC 131072 32768 2 4 6.50 0.9700 3328.6 1.000 0.0000e+00
ACC 131072 32768 2 8 5.00 0.8500 3328.6 0.900 0.0000e+00
ACC 131072 32768 2 8 5.00 0.8500 3328.6 0.940 0.0000e+00
ACC 131072 32768 2 8 5.00 0.8500 3328.6 0.970 0.0000e+00
ACC 131072 32768 2 8 5.00 0.8500 3328.6 1.000 0.0000e+00
ACC 131072 32768 2 8 5.00 0.9700 3328.6 0.900 0.0000e+00
ACC 131072 32768 2 8 5.00 0.9700 3328.6 0.940 0.0000e+00
ACC 131072 32768 2 8 5.00 0.9700 3328.6 0.970 0.0000e+00
ACC 131072 32768 2 8 5.00 0.9700 3328.6 1.000 0.0000e+00
ACC 131072 32768 2 8 5.50 0.8500 3328.6 0.900 0.0000e+00
ACC 131072 32768 2 8 5.50 0.8500 3328.6 0.940 0.0000e+00
ACC 131072 32768 2 8 5.50 0.8500 3328.6 0.970 0.0000e+00
ACC 131072 32768 2 8 5.50 0.8500 3328.6 1.000 0.0000e+00
ACC 131072 32768 2 8 5.50 0.9700 3328.6 0.900 0.0000e+00
ACC 131072 32768 2 8 5.50 0.9700 3328.6 0.940 0.0000e+00
ACC 131072 32768 2 8 5.50 0.9700 3328.6 0.970 0.0000e+00
ACC 131072 32768 2 8 5.50 0.9700 3328.6 1.000 1.0504e-03
ACC 131072 32768 2 8 5.75 0.8500 3328.6 0.900 0.0000e+00
ACC 131072 32768 2 8 5.75 0.8500 3328.6 0.940 0.0000e+00
ACC 131072 32768 2 8 5.75 0.8500 3328.6 0.970 0.0000e+00
ACC 131072 32768 2 8 5.75 0.8500 3328.6 1.000 0.0000e+00
ACC 131072 32768 2 8 5.75 0.9700 3328.6 0.900 0.0000e+00
ACC 131072 32768 2 8 5.75 0.9700 3328.6 0.940 0.0000e+00
ACC 131072 32768 2 8 5.75 0.9700 3328.6 0.970 0.0000e+00
ACC 131072 32768 2 8 5.75 0.9700 3328.6 1.000 0.0000e+00
ACC 131072 32768 2 8 6.00 0.8500 3328.6 0.900 0.0000e+00
ACC 131072 32768 2 8 6.00 0.8500 3328.6 0.940 0.0000e+00
ACC 131072 32768 2 8 6.00 0.8500 3328.6 0.970 0.0000e+00
ACC 131072 32768 2 8 6.00 0.8500 3328.6 1.000 0.0000e+00
ACC 131072 32768 2 8 6.00 0.9700 3328.6 0.900 0.0000e+00
ACC 131072 32768 2 8 6.00 0.9700 3328.6 0.940 0.0000e+00
ACC 131072 32768 2 8 6.00 0.9700 3328.6 0.970 0.0000e+00
ACC 131072 32768 2 8 6.00 0.9700 3328.6 1.000 0.0000e+00
ACC 131072 32768 2 8 6.50 0.8500 3328.6 0.900 0.0000e+00
ACC 131072 32768 2 8 6.50 0.8500 3328.6 0.940 0.0000e+00
ACC 131072 32768 2 8 6.50 0.8500 3328.6 0.970 0.0000e+00
ACC 131072 32768 2 8 6.50 0.8500 3328.6 1.000 0.0000e+00
ACC 131072 32768 2 8 6.50 0.9700 3328.6 0.900 0.0000e+00
ACC 131072 32768 2 8 6.50 0.9700 3328.6 0.940 0.0000e+00
ACC 131072 32768 2 8 6.50 0.9700 3328.6 0.970 0.0000e+00
ACC 131072 32768 2 8 6.50 0.9700 3328.6 1.000 0.0000e+00
ACC 131072 65536 2 4 5.00 0.8500 6656.6 0.900 0.0000e+00
ACC 131072 65536 2 4 5.00 0.8500 6656.6 0.940 0.0000e+00
ACC 131072 65536 2 4 5.00 0.8500 6656.6 0.970 0.0000e+00
ACC 131072 65536 2 4 5.00 0.8500 6656.6 1.000 0.0000e+00
ACC 131072 65536 2 4 5.00 0.9700 6656.6 0.900 0.0000e+00
ACC 131072 65536 2 4 5.00 0.9700 6656.6 0.940 0.0000e+00
ACC 131072 65536 2 4 5.00 0.9700 6656.6 0.970 0.0000e+00
ACC 131072 65536 2 4 5.00 0.9700 6656.6 1.000 0.0000e+00
ACC 131072 65536 2 4 5.50 0.8500 6656.6 0.900 0.0000e+00
ACC 131072 65536 2 4 5.50 0.8500 6656.6 0.940 0.0000e+00
ACC 131072 65536 2 4 5.50 0.8500 6656.6 0.970 0.0000e+00
ACC 131072 65536 2 4 5.50 0.8500 6656.6 1.000 0.0000e+00
ACC 131072 65536 2 4 5.50 0.9700 6656.6 0.900 0.0000e+00
ACC 131072 65536 2 4 5.50 0.9700 6656.6 0.940 0.0000e+00
ACC 131072 65536 2 4 5.50 0.9700 6656.6 0.970 0.0000e+00
ACC 131072 65536 2 4 5.50 0.9700 6656.6 1.000 0.0000e+00
ACC 131072 65536 2 4 5.75 0.8500 6656.6 0.900 0.0000e+00
ACC 131072 65536 2 4 5.75 0.8500 6656.6 0.940 0.0000e+00
ACC 131072 65536 2 4 5.75 0.8500 6656.6 0.970 0.0000e+00
ACC 131072 65536 2 4 5.75 0.8500 6656.6 1.000 0.0000e+00
ACC 131072 65536 2 4 5.75 0.9700 6656.6 0.900 0.0000e+00
ACC 131072 65536 2 4 5.75 0.9700 6656.6 0.940 0.0000e+00
ACC 131072 65536 2 4 5.75 0.9700 6656.6 0.970 0.0000e+00
ACC 131072 65536 2 4 5.75 0.9700 6656.6 1.000 0.0000e+00
ACC 131072 65536 2 4 6.00 0.8500 6656.6 0.900 0.0000e+00
ACC 131072 65536 2 4 6.00 0.8500 6656.6 0.940 0.0000e+00
ACC 131072 65536 2 4 6.00 0.8500 6656.6 0.970 0.0000e+00
ACC 131072 65536 2 4 6.00 0.8500 6656.6 1.000 0.0000e+00
ACC 131072 65536 2 4 6.00 0.9700 6656.6 0.900 0.0000e+00
ACC 131072 65536 2 4 6.00 0.9700 6656.6 0.940 0.0000e+00
ACC 131072 65536 2 4 6.00 0.9700 6656.6 0.970 0.0000e+00
ACC 131072 65536 2 4 6.00 0.9700 6656.6 1.000 0.0000e+00
ACC 131072 65536 2 4 6.50 0.8500 6656.6 0.900 0.0000e+00
ACC 131072 65536 2 4 6.50 0.8500 6656.6 0.940 0.0000e+00
ACC 131072 65536 2 4 6.50 0.8500 6656.6 0.970 0.0000e+00
ACC 131072 65536 2 4 6.50 0.8500 6656.6 1.000 0.0000e+00
ACC 131072 65536 2 4 6.50 0.9700 6656.6 0.900 0.0000e+00
ACC 131072 65536 2 4 6.50 0.9700 6656.6 0.940 0.0000e+00
ACC 131072 65536 2 4 6.50 0.9700 6656.6 0.970 0.0000e+00
ACC 131072 65536 2 4 6.50 0.9700 6656.6 1.000 0.0000e+00
ACC 131072 65536 2 8 5.00 0.8500 6656.6 0.900 0.0000e+00
ACC 131072 65536 2 8 5.00 0.8500 6656.6 0.940 0.0000e+00
ACC 131072 65536 2 8 5.00 0.8500 6656.6 0.970 0.0000e+00
ACC 131072 65536 2 8 5.00 0.8500 6656.6 1.000 0.0000e+00
ACC 131072 65536 2 8 5.00 0.9700 6656.6 0.900 0.0000e+00
ACC 131072 65536 2 8 5.00 0.9700 6656.6 0.940 0.0000e+00
ACC 131072 65536 2 8 5.00 0.9700 6656.6 0.970 0.0000e+00
ACC 131072 65536 2 8 5.00 0.9700 6656.6 1.000 0.0000e+00
ACC 131072 65536 2 8 5.50 0.8500 6656.6 0.900 0.0000e+00
ACC 131072 65536 2 8 5.50 0.8500 6656.6 0.940 0.0000e+00
ACC 131072 65536 2 8 5.50 0.8500 6656.6 0.970 0.0000e+00
ACC 131072 65536 2 8 5.50 0.8500 6656.6 1.000 0.0000e+00
ACC 131072 65536 2 8 5.50 0.9700 6656.6 0.900 0.0000e+00
ACC 131072 65536 2 8 5.50 0.9700 6656.6 0.940 0.0000e+00
ACC 131072 65536 2 8 5.50 0.9700 6656.6 0.970 0.0000e+00
ACC 131072 65536 2 8 5.50 0.9700 6656.6 1.000 0.0000e+00
ACC 131072 65536 2 8 5.75 0.8500 6656.6 0.900 0.0000e+00
ACC 131072 65536 2 8 5.75 0.8500 6656.6 0.940 0.0000e+00
ACC 131072 65536 2 8 5.75 0.8500 6656.6 0.970 0.0000e+00
ACC 131072 65536 2 8 5.75 0.8500 6656.6 1.000 0.0000e+00
ACC 131072 65536 2 8 5.75 0.9700 6656.6 0.900 0.0000e+00
ACC 131072 65536 2 8 5.75 0.9700 6656.6 0.940 0.0000e+00
ACC 131072 65536 2 8 5.75 0.9700 6656.6 0.970 0.0000e+00
ACC 131072 65536 2 8 5.75 0.9700 6656.6 1.000 0.0000e+00
ACC 131072 65536 2 8 6.00 0.8500 6656.6 0.900 0.0000e+00
ACC 131072 65536 2 8 6.00 0.8500 6656.6 0.940 0.0000e+00
ACC 131072 65536 2 8 6.00 0.8500 6656.6 0.970 0.0000e+00
ACC 131072 65536 2 8 6.00 0.8500 6656.6 1.000 0.0000e+00
ACC 131072 65536 2 8 6.00 0.9700 6656.6 0.900 0.0000e+00
ACC 131072 65536 2 8 6.00 0.9700 6656.6 0.940 0.0000e+00
ACC 131072 65536 2 8 6.00 0.9700 6656.6 0.970 0.0000e+00
ACC 131072 65536 2 8 6.00 0.9700 6656.6 1.000 0.0000e+00
ACC 131072 65536 2 8 6.50 0.8500 6656.6 0.900 0.0000e+00
ACC 131072 65536 2 8 6.50 0.8500 6656.6 0.940 0.0000e+00
ACC 131072 65536 2 8 6.50 0.8500 6656.6 0.970 0.0000e+00
ACC 131072 65536 2 8 6.50 0.8500 6656.6 1.000 0.0000e+00
ACC 131072 65536 2 8 6.50 0.9700 6656.6 0.900 0.0000e+00
ACC 131072 65536 2 8 6.50 0.9700 6656.6 0.940 0.0000e+00
ACC 131072 65536 2 8 6.50 0.9700 6656.6 0.970 0.0000e+00
ACC 131072 65536 2 8 6.50 0.9700 6656.6 1.000 0.0000e+00
ACC 262144 256 2 4 5.00 0.8500 25.6 0.900 0.0000e+00
ACC 262144 256 2 4 5.00 0.8500 25.6 0.940 0.0000e+00
ACC 262144 256 2 4 5.00 0.8500 25.6 0.970 0.0000e+00
ACC 262144 256 2 4 5.00 0.8500 25.6 1.000 1.8957e-03
ACC 262144 256 2 4 5.00 0.8500 103.0 0.900 0.0000e+00
ACC 262144 256 2 4 5.00 0.8500 103.0 0.940 0.0000e+00
ACC 262144 256 2 4 5.00 0.8500 103.0 0.970 0.0000e+00
ACC 262144 256 2 4 5.00 0.8500 103.0 1.000 0.0000e+00
ACC 262144 256 2 4 5.00 0.9200 25.6 0.900 0.0000e+00
ACC 262144 256 2 4 5.00 0.9200 25.6 0.940 0.0000e+00
ACC 262144 256 2 4 5.00 0.9200 25.6 0.970 0.0000e+00
ACC 262144 256 2 4 5.00 0.9200 25.6 1.000 9.4967e-04
ACC 262144 256 2 4 5.00 0.9200 103.0 0.900 0.0000e+00
ACC 262144 256 2 4 5.00 0.9200 103.0 0.940 0.0000e+00
ACC 262144 256 2 4 5.00 0.9200 103.0 0.970 0.0000e+00
ACC 262144 256 2 4 5.00 0.9200 103.0 1.000 0.0000e+00
ACC 262144 256 2 4 5.00 0.9700 25.6 0.900 0.0000e+00
ACC 262144 256 2 4 5.00 0.9700 25.6 0.940 0.0000e+00
ACC 262144 256 2 4 5.00 0.9700 25.6 0.970 0.0000e+00
ACC 262144 256 2 4 5.00 0.9700 25.6 1.000 0.0000e+00
ACC 262144 256 2 4 5.00 0.9700 103.0 0.900 0.0000e+00
ACC 262144 256 2 4 5.00 0.9700 103.0 0.940 0.0000e+00
ACC 262144 256 2 4 5.00 0.9700 103.0 0.970 0.0000e+00
ACC 262144 256 2 4 5.00 0.9700 103.0 1.000 0.0000e+00
ACC 262144 256 2 4 5.50 0.8500 25.6 0.900 0.0000e+00
ACC 262144 256 2 4 5.50 0.8500 25.6 0.940 0.0000e+00
ACC 262144 256 2 4 5.50 0.8500 25.6 0.970 0.0000e+00
ACC 262144 256 2 4 5.50 0.8500 25.6 1.000 1.9881e-03
ACC 262144 256 2 4 5.50 0.8500 103.0 0.900 0.0000e+00
ACC 262144 256 2 4 5.50 0.8500 103.0 0.940 0.0000e+00
ACC 262144 256 2 4 5.50 0.8500 103.0 0.970 0.0000e+00
ACC 262144 256 2 4 5.50 0.8500 103.0 1.000 0.0000e+00
ACC 262144 256 2 4 5.50 0.9200 25.6 0.900 0.0000e+00
ACC 262144 256 2 4 5.50 0.9200 25.6 0.940 0.0000e+00
ACC 262144 256 2 4 5.50 0.9200 25.6 0.970 0.0000e+00
ACC 262144 256 2 4 5.50 0.9200 25.6 1.000 9.8328e-04
ACC 262144 256 2 4 5.50 0.9200 103.0 0.900 0.0000e+00
ACC 262144 256 2 4 5.50 0.9200 103.0 0.940 0.0000e+00
ACC 262144 256 2 4 5.50 0.9200 103.0 0.970 0.0000e+00
ACC 262144 256 2 4 5.50 0.9200 103.0 1.000 0.0000e+00
ACC 262144 256 2 4 5.50 0.9700 25.6 0.900 0.0000e+00
ACC 262144 256 2 4 5.50 0.9700 25.6 0.940 0.0000e+00
ACC 262144 256 2 4 5.50 0.9700 25.6 0.970 0.0000e+00
ACC 262144 256 2 4 5.50 0.9700 25.6 1.000 0.0000e+00
ACC 262144 256 2 4 5.50 0.9700 103.0 0.900 0.0000e+00
ACC 262144 256 2 4 5.50 0.9700 103.0 0.940 0.0000e+00
ACC 262144 256 2 4 5.50 0.9700 103.0 0.970 0.0000e+00
ACC 262144 256 2 4 5.50 0.9700 103.0 1.000 0.0000e+00
ACC 262144 256 2 4 6.00 0.8500 25.6 0.900 0.0000e+00
ACC 262144 256 2 4 6.00 0.8500 25.6 0.940 0.0000e+00
ACC 262144 256 2 4 6.00 0.8500 25.6 0.970 0.0000e+00
ACC 262144 256 2 4 6.00 0.8500 25.6 1.000 2.0725e-03
ACC 262144 256 2 4 6.00 0.8500 103.0 0.900 0.0000e+00
ACC 262144 256 2 4 6.00 0.8500 103.0 0.940 0.0000e+00
ACC 262144 256 2 4 6.00 0.8500 103.0 0.970 0.0000e+00
ACC 262144 256 2 4 6.00 0.8500 103.0 1.000 0.0000e+00
ACC 262144 256 2 4 6.00 0.9200 25.6 0.900 0.0000e+00
ACC 262144 256 2 4 6.00 0.9200 25.6 0.940 0.0000e+00
ACC 262144 256 2 4 6.00 0.9200 25.6 0.970 0.0000e+00
ACC 262144 256 2 4 6.00 0.9200 25.6 1.000 1.0163e-03
ACC 262144 256 2 4 6.00 0.9200 103.0 0.900 0.0000e+00
ACC 262144 256 2 4 6.00 0.9200 103.0 0.940 0.0000e+00
ACC 262144 256 2 4 6.00 0.9200 103.0 0.970 0.0000e+00
ACC 262144 256 2 4 6.00 0.9200 103.0 1.000 0.0000e+00
ACC 262144 256 2 4 6.00 0.9700 25.6 0.900 0.0000e+00
ACC 262144 256 2 4 6.00 0.9700 25.6 0.940 0.0000e+00
ACC 262144 256 2 4 6.00 0.9700 25.6 0.970 0.0000e+00
ACC 262144 256 2 4 6.00 0.9700 25.6 1.000 0.0000e+00
ACC 262144 256 2 4 6.00 0.9700 103.0 0.900 0.0000e+00
ACC 262144 256 2 4 6.00 0.9700 103.0 0.940 0.0000e+00
ACC 262144 256 2 4 6.00 0.9700 103.0 0.970 0.0000e+00
ACC 262144 256 2 4 6.00 0.9700 103.0 1.000 0.0000e+00
ACC 262144 256 2 4 6.50 0.8500 25.6 0.900 0.0000e+00
ACC 262144 256 2 4 6.50 0.8500 25.6 0.940 0.0000e+00
ACC 262144 256 2 4 6.50 0.8500 25.6 0.970 0.0000e+00
ACC 262144 256 2 4 6.50 0.8500 25.6 1.000 2.1254e-03
ACC 262144 256 2 4 6.50 0.8500 103.0 0.900 0.0000e+00
ACC 262144 256 2 4 6.50 0.8500 103.0 0.940 0.0000e+00
ACC 262144 256 2 4 6.50 0.8500 103.0 0.970 0.0000e+00
ACC 262144 256 2 4 6.50 0.8500 103.0 1.000 0.0000e+00
ACC 262144 256 2 4 6.50 0.9200 25.6 0.900 0.0000e+00
ACC 262144 256 2 4 6.50 0.9200 25.6 0.940 0.0000e+00
ACC 262144 256 2 4 6.50 0.9200 25.6 0.970 0.0000e+00
ACC 262144 256 2 4 6.50 0.9200 25.6 1.000 1.0449e-03
ACC 262144 256 2 4 6.50 0.9200 103.0 0.900 0.0000e+00
ACC 262144 256 2 4 6.50 0.9200 103.0 0.940 0.0000e+00
ACC 262144 256 2 4 6.50 0.9200 103.0 0.970 0.0000e+00
ACC 262144 256 2 4 6.50 0.9200 103.0 1.000 0.0000e+00
ACC 262144 256 2 4 6.50 0.9700 25.6 0.900 0.0000e+00
ACC 262144 256 2 4 6.50 0.9700 25.6 0.940 0.0000e+00
ACC 262144 256 2 4 6.50 0.9700 25.6 0.970 0.0000e+00
ACC 262144 256 2 4 6.50 0.9700 25.6 1.000 0.0000e+00
ACC 262144 256 2 4 6.50 0.9700 103.0 0.900 0.0000e+00
ACC 262144 256 2 4 6.50 0.9700 103.0 0.940 0.0000e+00
ACC 262144 256 2 4 6.50 0.9700 103.0 0.970 0.0000e+00
ACC 262144 256 2 4 6.50 0.9700 103.0 1.000 0.0000e+00
ACC 262144 256 2 8 5.00 0.8500 25.6 0.900 0.0000e+00
ACC 262144 256 2 8 5.00 0.8500 25.6 0.940 0.0000e+00
ACC 262144 256 2 8 5.00 0.8500 25.6 0.970 0.0000e+00
ACC 262144 256 2 8 5.00 0.8500 25.6 1.000 1.8957e-03
ACC 262144 256 2 8 5.00 0.8500 103.0 0.900 0.0000e+00
ACC 262144 256 2 8 5.00 0.8500 103.0 0.940 0.0000e+00
ACC 262144 256 2 8 5.00 0.8500 103.0 0.970 0.0000e+00
ACC 262144 256 2 8 5.00 0.8500 103.0 1.000 1.0267e-03
ACC 262144 256 2 8 5.00 0.9200 25.6 0.900 0.0000e+00
ACC 262144 256 2 8 5.00 0.9200 25.6 0.940 0.0000e+00
ACC 262144 256 2 8 5.00 0.9200 25.6 0.970 9.4967e-04
ACC 262144 256 2 8 5.00 0.9200 25.6 1.000 9.4967e-04
ACC 262144 256 2 8 5.00 0.9200 103.0 0.900 0.0000e+00
ACC 262144 256 2 8 5.00 0.9200 103.0 0.940 0.0000e+00
ACC 262144 256 2 8 5.00 0.9200 103.0 0.970 0.0000e+00
ACC 262144 256 2 8 5.00 0.9200 103.0 1.000 0.0000e+00
ACC 262144 256 2 8 5.00 0.9700 25.6 0.900 0.0000e+00
ACC 262144 256 2 8 5.00 0.9700 25.6 0.940 0.0000e+00
ACC 262144 256 2 8 5.00 0.9700 25.6 0.970 0.0000e+00
ACC 262144 256 2 8 5.00 0.9700 25.6 1.000 9.7087e-04
ACC 262144 256 2 8 5.00 0.9700 103.0 0.900 0.0000e+00
ACC 262144 256 2 8 5.00 0.9700 103.0 0.940 0.0000e+00
ACC 262144 256 2 8 5.00 0.9700 103.0 0.970 0.0000e+00
ACC 262144 256 2 8 5.00 0.9700 103.0 1.000 4.0900e-03
ACC 262144 256 2 8 5.50 0.8500 25.6 0.900 0.0000e+00
ACC 262144 256 2 8 5.50 0.8500 25.6 0.940 0.0000e+00
ACC 262144 256 2 8 5.50 0.8500 25.6 0.970 0.0000e+00
ACC 262144 256 2 8 5.50 0.8500 25.6 1.000 1.9881e-03
ACC 262144 256 2 8 5.50 0.8500 103.0 0.900 0.0000e+00
ACC 262144 256 2 8 5.50 0.8500 103.0 0.940 0.0000e+00
ACC 262144 256 2 8 5.50 0.8500 103.0 0.970 0.0000e+00
ACC 262144 256 2 8 5.50 0.8500 103.0 1.000 1.0616e-03
ACC 262144 256 2 8 5.50 0.9200 25.6 0.900 0.0000e+00
ACC 262144 256 2 8 5.50 0.9200 25.6 0.940 0.0000e+00
ACC 262144 256 2 8 5.50 0.9200 25.6 0.970 0.0000e+00
ACC 262144 256 2 8 5.50 0.9200 25.6 1.000 9.8328e-04
ACC 262144 256 2 8 5.50 0.9200 103.0 0.900 0.0000e+00
ACC 262144 256 2 8 5.50 0.9200 103.0 0.940 0.0000e+00
ACC 262144 256 2 8 5.50 0.9200 103.0 0.970 0.0000e+00
ACC 262144 256 2 8 5.50 0.9200 103.0 1.000 2.0986e-03
ACC 262144 256 2 8 5.50 0.9700 25.6 0.900 0.0000e+00
ACC 262144 256 2 8 5.50 0.9700 25.6 0.940 0.0000e+00
ACC 262144 256 2 8 5.50 0.9700 25.6 0.970 0.0000e+00
ACC 262144 256 2 8 5.50 0.9700 25.6 1.000 0.0000e+00
ACC 262144 256 2 8 5.50 0.9700 103.0 0.900 0.0000e+00
ACC 262144 256 2 8 5.50 0.9700 103.0 0.940 0.0000e+00
ACC 262144 256 2 8 5.50 0.9700 103.0 0.970 0.0000e+00
ACC 262144 256 2 8 5.50 0.9700 103.0 1.000 3.1646e-03
ACC 262144 256 2 8 6.00 0.8500 25.6 0.900 0.0000e+00
ACC 262144 256 2 8 6.00 0.8500 25.6 0.940 0.0000e+00
ACC 262144 256 2 8 6.00 0.8500 25.6 0.970 0.0000e+00
ACC 262144 256 2 8 6.00 0.8500 25.6 1.000 2.0725e-03
ACC 262144 256 2 8 6.00 0.8500 103.0 0.900 0.0000e+00
ACC 262144 256 2 8 6.00 0.8500 103.0 0.940 0.0000e+00
ACC 262144 256 2 8 6.00 0.8500 103.0 0.970 0.0000e+00
ACC 262144 256 2 8 6.00 0.8500 103.0 1.000 1.0870e-03
ACC 262144 256 2 8 6.00 0.9200 25.6 0.900 0.0000e+00
ACC 262144 256 2 8 6.00 0.9200 25.6 0.940 0.0000e+00
ACC 262144 256 2 8 6.00 0.9200 25.6 0.970 0.0000e+00
ACC 262144 256 2 8 6.00 0.9200 25.6 1.000 1.0163e-03
ACC 262144 256 2 8 6.00 0.9200 103.0 0.900 0.0000e+00
ACC 262144 256 2 8 6.00 0.9200 103.0 0.940 0.0000e+00
ACC 262144 256 2 8 6.00 0.9200 103.0 0.970 0.0000e+00
ACC 262144 256 2 8 6.00 0.9200 103.0 1.000 2.1390e-03
ACC 262144 256 2 8 6.00 0.9700 25.6 0.900 0.0000e+00
ACC 262144 256 2 8 6.00 0.9700 25.6 0.940 0.0000e+00
ACC 262144 256 2 8 6.00 0.9700 25.6 0.970 0.0000e+00
ACC 262144 256 2 8 6.00 0.9700 25.6 1.000 0.0000e+00
ACC 262144 256 2 8 6.00 0.9700 103.0 0.900 0.0000e+00
ACC 262144 256 2 8 6.00 0.9700 103.0 0.940 0.0000e+00
ACC 262144 256 2 8 6.00 0.9700 103.0 0.970 0.0000e+00
ACC 262144 256 2 8 6.00 0.9700 103.0 1.000 4.3337e-03
ACC 262144 256 2 8 6.50 0.8500 25.6 0.900 0.0000e+00
ACC 262144 256 2 8 6.50 0.8500 25.6 0.940 0.0000e+00
ACC 262144 256 2 8 6.50 0.8500 25.6 0.970 0.0000e+00
ACC 262144 256 2 8 6.50 0.8500 25.6 1.000 2.1254e-03
ACC 262144 256 2 8 6.50 0.8500 103.0 0.900 0.0000e+00
ACC 262144 256 2 8 6.50 0.8500 103.0 0.940 0.0000e+00
ACC 262144 256 2 8 6.50 0.8500 103.0 0.970 0.0000e+00
ACC 262144 256 2 8 6.50 0.8500 103.0 1.000 1.1086e-03
ACC 262144 256 2 8 6.50 0.9200 25.6 0.900 0.0000e+00
ACC 262144 256 2 8 6.50 0.9200 25.6 0.940 0.0000e+00
ACC 262144 256 2 8 6.50 0.9200 25.6 0.970 0.0000e+00
ACC 262144 256 2 8 6.50 0.9200 25.6 1.000 1.0449e-03
ACC 262144 256 2 8 6.50 0.9200 103.0 0.900 0.0000e+00
ACC 262144 256 2 8 6.50 0.9200 103.0 0.940 0.0000e+00
ACC 262144 256 2 8 6.50 0.9200 103.0 0.970 0.0000e+00
ACC 262144 256 2 8 6.50 0.9200 103.0 1.000 1.0941e-03
ACC 262144 256 2 8 6.50 0.9700 25.6 0.900 0.0000e+00
ACC 262144 256 2 8 6.50 0.9700 25.6 0.940 0.0000e+00
ACC 262144 256 2 8 6.50 0.9700 25.6 0.970 0.0000e+00
ACC 262144 256 2 8 6.50 0.9700 25.6 1.000 0.0000e+00
ACC 262144 256 2 8 6.50 0.9700 103.0 0.900 0.0000e+00
ACC 262144 256 2 8 6.50 0.9700 103.0 0.940 0.0000e+00
ACC 262144 256 2 8 6.50 0.9700 103.0 0.970 0.0000e+00
ACC 262144 256 2 8 6.50 0.9700 103.0 1.000 5.4945e-03
ACC 262144 512 2 4 5.00 0.8500 50.6 0.900 0.0000e+00
ACC 262144 512 2 4 5.00 0.8500 50.6 0.940 0.0000e+00
ACC 262144 512 2 4 5.00 0.8500 50.6 0.970 0.0000e+00
ACC 262144 512 2 4 5.00 0.8500 50.6 1.000 9.6805e-04
ACC 262144 512 2 4 5.00 0.8500 205.5 0.900 0.0000e+00
ACC 262144 512 2 4 5.00 0.8500 205.5 0.940 0.0000e+00
ACC 262144 512 2 4 5.00 0.8500 205.5 0.970 0.0000e+00
ACC 262144 512 2 4 5.00 0.8500 205.5 1.000 0.0000e+00
ACC 262144 512 2 4 5.00 0.9200 50.6 0.900 0.0000e+00
ACC 262144 512 2 4 5.00 0.9200 50.6 0.940 0.0000e+00
ACC 262144 512 2 4 5.00 0.9200 50.6 0.970 0.0000e+00
ACC 262144 512 2 4 5.00 0.9200 50.6 1.000 0.0000e+00
ACC 262144 512 2 4 5.00 0.9200 205.5 0.900 0.0000e+00
ACC 262144 512 2 4 5.00 0.9200 205.5 0.940 0.0000e+00
ACC 262144 512 2 4 5.00 0.9200 205.5 0.970 0.0000e+00
ACC 262144 512 2 4 5.00 0.9200 205.5 1.000 0.0000e+00
ACC 262144 512 2 4 5.00 0.9700 50.6 0.900 0.0000e+00
ACC 262144 512 2 4 5.00 0.9700 50.6 0.940 0.0000e+00
ACC 262144 512 2 4 5.00 0.9700 50.6 0.970 0.0000e+00
ACC 262144 512 2 4 5.00 0.9700 50.6 1.000 0.0000e+00
ACC 262144 512 2 4 5.00 0.9700 205.5 0.900 0.0000e+00
ACC 262144 512 2 4 5.00 0.9700 205.5 0.940 0.0000e+00
ACC 262144 512 2 4 5.00 0.9700 205.5 0.970 0.0000e+00
ACC 262144 512 2 4 5.00 0.9700 205.5 1.000 0.0000e+00
ACC 262144 512 2 4 5.50 0.8500 50.6 0.900 0.0000e+00
ACC 262144 512 2 4 5.50 0.8500 50.6 0.940 0.0000e+00
ACC 262144 512 2 4 5.50 0.8500 50.6 0.970 0.0000e+00
ACC 262144 512 2 4 5.50 0.8500 50.6 1.000 1.0132e-03
ACC 262144 512 2 4 5.50 0.8500 205.5 0.900 0.0000e+00
ACC 262144 512 2 4 5.50 0.8500 205.5 0.940 0.0000e+00
ACC 262144 512 2 4 5.50 0.8500 205.5 0.970 0.0000e+00
ACC 262144 512 2 4 5.50 0.8500 205.5 1.000 0.0000e+00
ACC 262144 512 2 4 5.50 0.9200 50.6 0.900 0.0000e+00
ACC 262144 512 2 4 5.50 0.9200 50.6 0.940 0.0000e+00
ACC 262144 512 2 4 5.50 0.9200 50.6 0.970 0.0000e+00
ACC 262144 512 2 4 5.50 0.9200 50.6 1.000 0.0000e+00
ACC 262144 512 2 4 5.50 0.9200 205.5 0.900 0.0000e+00
ACC 262144 512 2 4 5.50 0.9200 205.5 0.940 0.0000e+00
ACC 262144 512 2 4 5.50 0.9200 205.5 0.970 0.0000e+00
ACC 262144 512 2 4 5.50 0.9200 205.5 1.000 0.0000e+00
ACC 262144 512 2 4 5.50 0.9700 50.6 0.900 0.0000e+00
ACC 262144 512 2 4 5.50 0.9700 50.6 0.940 0.0000e+00
ACC 262144 512 2 4 5.50 0.9700 50.6 0.970 0.0000e+00
ACC 262144 512 2 4 5.50 0.9700 50.6 1.000 0.0000e+00
ACC 262144 512 2 4 5.50 0.9700 205.5 0.900 0.0000e+00
ACC 262144 512 2 4 5.50 0.9700 205.5 0.940 0.0000e+00
ACC 262144 512 2 4 5.50 0.9700 205.5 0.970 0.0000e+00
ACC 262144 512 2 4 5.50 0.9700 205.5 1.000 0.0000e+00
ACC 262144 512 2 4 6.00 0.8500 50.6 0.900 0.0000e+00
ACC 262144 512 2 4 6.00 0.8500 50.6 0.940 0.0000e+00
ACC 262144 512 2 4 6.00 0.8500 50.6 0.970 0.0000e+00
ACC 262144 512 2 4 6.00 0.8500 50.6 1.000 1.0526e-03
ACC 262144 512 2 4 6.00 0.8500 205.5 0.900 0.0000e+00
ACC 262144 512 2 4 6.00 0.8500 205.5 0.940 0.0000e+00
ACC 262144 512 2 4 6.00 0.8500 205.5 0.970 0.0000e+00
ACC 262144 512 2 4 6.00 0.8500 205.5 1.000 0.0000e+00
ACC 262144 512 2 4 6.00 0.9200 50.6 0.900 0.0000e+00
ACC 262144 512 2 4 6.00 0.9200 50.6 0.940 0.0000e+00
ACC 262144 512 2 4 6.00 0.9200 50.6 0.970 0.0000e+00
ACC 262144 512 2 4 6.00 0.9200 50.6 1.000 0.0000e+00
ACC 262144 512 2 4 6.00 0.9200 205.5 0.900 0.0000e+00
ACC 262144 512 2 4 6.00 0.9200 205.5 0.940 0.0000e+00
ACC 262144 512 2 4 6.00 0.9200 205.5 0.970 0.0000e+00
ACC 262144 512 2 4 6.00 0.9200 205.5 1.000 0.0000e+00
ACC 262144 512 2 4 6.00 0.9700 50.6 0.900 0.0000e+00
ACC 262144 512 2 4 6.00 0.9700 50.6 0.940 0.0000e+00
ACC 262144 512 2 4 6.00 0.9700 50.6 0.970 0.0000e+00
ACC 262144 512 2 4 6.00 0.9700 50.6 1.000 0.0000e+00
ACC 262144 512 2 4 6.00 0.9700 205.5 0.900 0.0000e+00
ACC 262144 512 2 4 6.00 0.9700 205.5 0.940 0.0000e+00
ACC 262144 512 2 4 6.00 0.9700 205.5 0.970 0.0000e+00
ACC 262144 512 2 4 6.00 0.9700 205.5 1.000 0.0000e+00
ACC 262144 512 2 4 6.50 0.8500 50.6 0.900 0.0000e+00
ACC 262144 512 2 4 6.50 0.8500 50.6 0.940 0.0000e+00
ACC 262144 512 2 4 6.50 0.8500 50.6 0.970 0.0000e+00
ACC 262144 512 2 4 6.50 0.8500 50.6 1.000 1.0776e-03
ACC 262144 512 2 4 6.50 0.8500 205.5 0.900 0.0000e+00
ACC 262144 512 2 4 6.50 0.8500 205.5 0.940 0.0000e+00
ACC 262144 512 2 4 6.50 0.8500 205.5 0.970 0.0000e+00
ACC 262144 512 2 4 6.50 0.8500 205.5 1.000 0.0000e+00
ACC 262144 512 2 4 6.50 0.9200 50.6 0.900 0.0000e+00
ACC 262144 512 2 4 6.50 0.9200 50.6 0.940 0.0000e+00
ACC 262144 512 2 4 6.50 0.9200 50.6 0.970 0.0000e+00
ACC 262144 512 2 4 6.50 0.9200 50.6 1.000 0.0000e+00
ACC 262144 512 2 4 6.50 0.9200 205.5 0.900 0.0000e+00
ACC 262144 512 2 4 6.50 0.9200 205.5 0.940 0.0000e+00
ACC 262144 512 2 4 6.50 0.9200 205.5 0.970 0.0000e+00
ACC 262144 512 2 4 6.50 0.9200 205.5 1.000 0.0000e+00
ACC 262144 512 2 4 6.50 0.9700 50.6 0.900 0.0000e+00
ACC 262144 512 2 4 6.50 0.9700 50.6 0.940 0.0000e+00
ACC 262144 512 2 4 6.50 0.9700 50.6 0.970 0.0000e+00
ACC 262144 512 2 4 6.50 0.9700 50.6 1.000 0.0000e+00
ACC 262144 512 2 4 6.50 0.9700 205.5 0.900 0.0000e+00
ACC 262144 512 2 4 6.50 0.9700 205.5 0.940 0.0000e+00
ACC 262144 512 2 4 6.50 0.9700 205.5 0.970 0.0000e+00
ACC 262144 512 2 4 6.50 0.9700 205.5 1.000 0.0000e+00
ACC 262144 512 2 8 5.00 0.8500 50.6 0.900 0.0000e+00
ACC 262144 512 2 8 5.00 0.8500 50.6 0.940 0.0000e+00
ACC 262144 512 2 8 5.00 0.8500 50.6 0.970 9.6805e-04
ACC 262144 512 2 8 5.00 0.8500 50.6 1.000 9.6805e-04
ACC 262144 512 2 8 5.00 0.8500 205.5 0.900 0.0000e+00
ACC 262144 512 2 8 5.00 0.8500 205.5 0.940 0.0000e+00
ACC 262144 512 2 8 5.00 0.8500 205.5 0.970 0.0000e+00
ACC 262144 512 2 8 5.00 0.8500 205.5 1.000 0.0000e+00
ACC 262144 512 2 8 5.00 0.9200 50.6 0.900 0.0000e+00
ACC 262144 512 2 8 5.00 0.9200 50.6 0.940 0.0000e+00
ACC 262144 512 2 8 5.00 0.9200 50.6 0.970 0.0000e+00
ACC 262144 512 2 8 5.00 0.9200 50.6 1.000 0.0000e+00
ACC 262144 512 2 8 5.00 0.9200 205.5 0.900 0.0000e+00
ACC 262144 512 2 8 5.00 0.9200 205.5 0.940 0.0000e+00
ACC 262144 512 2 8 5.00 0.9200 205.5 0.970 0.0000e+00
ACC 262144 512 2 8 5.00 0.9200 205.5 1.000 1.0482e-03
ACC 262144 512 2 8 5.00 0.9700 50.6 0.900 0.0000e+00
ACC 262144 512 2 8 5.00 0.9700 50.6 0.940 0.0000e+00
ACC 262144 512 2 8 5.00 0.9700 50.6 0.970 0.0000e+00
ACC 262144 512 2 8 5.00 0.9700 50.6 1.000 0.0000e+00
ACC 262144 512 2 8 5.00 0.9700 205.5 0.900 0.0000e+00
ACC 262144 512 2 8 5.00 0.9700 205.5 0.940 0.0000e+00
ACC 262144 512 2 8 5.00 0.9700 205.5 0.970 0.0000e+00
ACC 262144 512 2 8 5.00 0.9700 205.5 1.000 0.0000e+00
ACC 262144 512 2 8 5.50 0.8500 50.6 0.900 0.0000e+00
ACC 262144 512 2 8 5.50 0.8500 50.6 0.940 0.0000e+00
ACC 262144 512 2 8 5.50 0.8500 50.6 0.970 1.0132e-03
ACC 262144 512 2 8 5.50 0.8500 50.6 1.000 1.0132e-03
ACC 262144 512 2 8 5.50 0.8500 205.5 0.900 0.0000e+00
ACC 262144 512 2 8 5.50 0.8500 205.5 0.940 1.0870e-03
ACC 262144 512 2 8 5.50 0.8500 205.5 0.970 2.1739e-03
ACC 262144 512 2 8 5.50 0.8500 205.5 1.000 3.2609e-03
ACC 262144 512 2 8 5.50 0.9200 50.6 0.900 0.0000e+00
ACC 262144 512 2 8 5.50 0.9200 50.6 0.940 0.0000e+00
ACC 262144 512 2 8 5.50 0.9200 50.6 0.970 0.0000e+00
ACC 262144 512 2 8 5.50 0.9200 50.6 1.000 0.0000e+00
ACC 262144 512 2 8 5.50 0.9200 205.5 0.900 0.0000e+00
ACC 262144 512 2 8 5.50 0.9200 205.5 0.940 0.0000e+00
ACC 262144 512 2 8 5.50 0.9200 205.5 0.970 0.0000e+00
ACC 262144 512 2 8 5.50 0.9200 205.5 1.000 1.0787e-03
ACC 262144 512 2 8 5.50 0.9700 50.6 0.900 0.0000e+00
ACC 262144 512 2 8 5.50 0.9700 50.6 0.940 0.0000e+00
ACC 262144 512 2 8 5.50 0.9700 50.6 0.970 0.0000e+00
ACC 262144 512 2 8 5.50 0.9700 50.6 1.000 0.0000e+00
ACC 262144 512 2 8 5.50 0.9700 205.5 0.900 0.0000e+00
ACC 262144 512 2 8 5.50 0.9700 205.5 0.940 0.0000e+00
ACC 262144 512 2 8 5.50 0.9700 205.5 0.970 0.0000e+00
ACC 262144 512 2 8 5.50 0.9700 205.5 1.000 1.0582e-03
ACC 262144 512 2 8 6.00 0.8500 50.6 0.900 0.0000e+00
ACC 262144 512 2 8 6.00 0.8500 50.6 0.940 0.0000e+00
ACC 262144 512 2 8 6.00 0.8500 50.6 0.970 1.0526e-03
ACC 262144 512 2 8 6.00 0.8500 50.6 1.000 1.0526e-03
ACC 262144 512 2 8 6.00 0.8500 205.5 0.900 0.0000e+00
ACC 262144 512 2 8 6.00 0.8500 205.5 0.940 0.0000e+00
ACC 262144 512 2 8 6.00 0.8500 205.5 0.970 1.1161e-03
ACC 262144 512 2 8 6.00 0.8500 205.5 1.000 3.3482e-03
ACC 262144 512 2 8 6.00 0.9200 50.6 0.900 0.0000e+00
ACC 262144 512 2 8 6.00 0.9200 50.6 0.940 0.0000e+00
ACC 262144 512 2 8 6.00 0.9200 50.6 0.970 0.0000e+00
ACC 262144 512 2 8 6.00 0.9200 50.6 1.000 0.0000e+00
ACC 262144 512 2 8 6.00 0.9200 205.5 0.900 0.0000e+00
ACC 262144 512 2 8 6.00 0.9200 205.5 0.940 0.0000e+00
ACC 262144 512 2 8 6.00 0.9200 205.5 0.970 1.0929e-03
ACC 262144 512 2 8 6.00 0.9200 205.5 1.000 1.0929e-03
ACC 262144 512 2 8 6.00 0.9700 50.6 0.900 0.0000e+00
ACC 262144 512 2 8 6.00 0.9700 50.6 0.940 0.0000e+00
ACC 262144 512 2 8 6.00 0.9700 50.6 0.970 0.0000e+00
ACC 262144 512 2 8 6.00 0.9700 50.6 1.000 0.0000e+00
ACC 262144 512 2 8 6.00 0.9700 205.5 0.900 0.0000e+00
ACC 262144 512 2 8 6.00 0.9700 205.5 0.940 0.0000e+00
ACC 262144 512 2 8 6.00 0.9700 205.5 0.970 0.0000e+00
ACC 262144 512 2 8 6.00 0.9700 205.5 1.000 2.1552e-03
ACC 262144 512 2 8 6.50 0.8500 50.6 0.900 0.0000e+00
ACC 262144 512 2 8 6.50 0.8500 50.6 0.940 0.0000e+00
ACC 262144 512 2 8 6.50 0.8500 50.6 0.970 0.0000e+00
ACC 262144 512 2 8 6.50 0.8500 50.6 1.000 1.0776e-03
ACC 262144 512 2 8 6.50 0.8500 205.5 0.900 0.0000e+00
ACC 262144 512 2 8 6.50 0.8500 205.5 0.940 0.0000e+00
ACC 262144 512 2 8 6.50 0.8500 205.5 0.970 1.1312e-03
ACC 262144 512 2 8 6.50 0.8500 205.5 1.000 3.3937e-03
ACC 262144 512 2 8 6.50 0.9200 50.6 0.900 0.0000e+00
ACC 262144 512 2 8 6.50 0.9200 50.6 0.940 0.0000e+00
ACC 262144 512 2 8 6.50 0.9200 50.6 0.970 0.0000e+00
ACC 262144 512 2 8 6.50 0.9200 50.6 1.000 0.0000e+00
ACC 262144 512 2 8 6.50 0.9200 205.5 0.900 0.0000e+00
ACC 262144 512 2 8 6.50 0.9200 205.5 0.940 0.0000e+00
ACC 262144 512 2 8 6.50 0.9200 205.5 0.970 1.1148e-03
ACC 262144 512 2 8 6.50 0.9200 205.5 1.000 1.1148e-03
ACC 262144 512 2 8 6.50 0.9700 50.6 0.900 0.0000e+00
ACC 262144 512 2 8 6.50 0.9700 50.6 0.940 0.0000e+00
ACC 262144 512 2 8 6.50 0.9700 50.6 0.970 0.0000e+00
ACC 262144 512 2 8 6.50 0.9700 50.6 1.000 0.0000e+00
ACC 262144 512 2 8 6.50 0.9700 205.5 0.900 0.0000e+00
ACC 262144 512 2 8 6.50 0.9700 205.5 0.940 0.0000e+00
ACC 262144 512 2 8 6.50 0.9700 205.5 0.970 0.0000e+00
ACC 262144 512 2 8 6.50 0.9700 205.5 1.000 2.1930e-03
ACC 262144 1024 2 4 5.00 0.8500 100.6 0.900 0.0000e+00
ACC 262144 1024 2 4 5.00 0.8500 100.6 0.940 0.0000e+00
ACC 262144 1024 2 4 5.00 0.8500 100.6 0.970 0.0000e+00
ACC 262144 1024 2 4 5.00 0.8500 100.6 1.000 0.0000e+00
ACC 262144 1024 2 4 5.00 0.8500 410.5 0.900 0.0000e+00
ACC 262144 1024 2 4 5.00 0.8500 410.5 0.940 0.0000e+00
ACC 262144 1024 2 4 5.00 0.8500 410.5 0.970 0.0000e+00
ACC 262144 1024 2 4 5.00 0.8500 410.5 1.000 0.0000e+00
ACC 262144 1024 2 4 5.00 0.9200 100.6 0.900 0.0000e+00
ACC 262144 1024 2 4 5.00 0.9200 100.6 0.940 0.0000e+00
ACC 262144 1024 2 4 5.00 0.9200 100.6 0.970 0.0000e+00
ACC 262144 1024 2 4 5.00 0.9200 100.6 1.000 0.0000e+00
ACC 262144 1024 2 4 5.00 0.9200 410.5 0.900 0.0000e+00
ACC 262144 1024 2 4 5.00 0.9200 410.5 0.940 0.0000e+00
ACC 262144 1024 2 4 5.00 0.9200 410.5 0.970 0.0000e+00
ACC 262144 1024 2 4 5.00 0.9200 410.5 1.000 0.0000e+00
ACC 262144 1024 2 4 5.00 0.9700 100.6 0.900 0.0000e+00
ACC 262144 1024 2 4 5.00 0.9700 100.6 0.940 0.0000e+00
ACC 262144 1024 2 4 5.00 0.9700 100.6 0.970 0.0000e+00
ACC 262144 1024 2 4 5.00 0.9700 100.6 1.000 1.0030e-03
ACC 262144 1024 2 4 5.00 0.9700 410.5 0.900 0.0000e+00
ACC 262144 1024 2 4 5.00 0.9700 410.5 0.940 0.0000e+00
ACC 262144 1024 2 4 5.00 0.9700 410.5 0.970 0.0000e+00
ACC 262144 1024 2 4 5.00 0.9700 410.5 1.000 0.0000e+00
ACC 262144 1024 2 4 5.50 0.8500 100.6 0.900 0.0000e+00
ACC 262144 1024 2 4 5.50 0.8500 100.6 0.940 0.0000e+00
ACC 262144 1024 2 4 5.50 0.8500 100.6 0.970 0.0000e+00
ACC 262144 1024 2 4 5.50 0.8500 100.6 1.000 1.0537e-03
ACC 262144 1024 2 4 5.50 0.8500 410.5 0.900 0.0000e+00
ACC 262144 1024 2 4 5.50 0.8500 410.5 0.940 0.0000e+00
ACC 262144 1024 2 4 5.50 0.8500 410.5 0.970 0.0000e+00
ACC 262144 1024 2 4 5.50 0.8500 410.5 1.000 0.0000e+00
ACC 262144 1024 2 4 5.50 0.9200 100.6 0.900 0.0000e+00
ACC 262144 1024 2 4 5.50 0.9200 100.6 0.940 0.0000e+00
ACC 262144 1024 2 4 5.50 0.9200 100.6 0.970 0.0000e+00
ACC 262144 1024 2 4 5.50 0.9200 100.6 1.000 0.0000e+00
ACC 262144 1024 2 4 5.50 0.9200 410.5 0.900 0.0000e+00
ACC 262144 1024 2 4 5.50 0.9200 410.5 0.940 0.0000e+00
ACC 262144 1024 2 4 5.50 0.9200 410.5 0.970 0.0000e+00
ACC 262144 1024 2 4 5.50 0.9200 410.5 1.000 0.0000e+00
ACC 262144 1024 2 4 5.50 0.9700 100.6 0.900 0.0000e+00
ACC 262144 1024 2 4 5.50 0.9700 100.6 0.940 0.0000e+00
ACC 262144 1024 2 4 5.50 0.9700 100.6 0.970 0.0000e+00
ACC 262144 1024 2 4 5.50 0.9700 100.6 1.000 0.0000e+00
ACC 262144 1024 2 4 5.50 0.9700 410.5 0.900 0.0000e+00
ACC 262144 1024 2 4 5.50 0.9700 410.5 0.940 0.0000e+00
ACC 262144 1024 2 4 5.50 0.9700 410.5 0.970 0.0000e+00
ACC 262144 1024 2 4 5.50 0.9700 410.5 1.000 0.0000e+00
ACC 262144 1024 2 4 6.00 0.8500 100.6 0.900 0.0000e+00
ACC 262144 1024 2 4 6.00 0.8500 100.6 0.940 0.0000e+00
ACC 262144 1024 2 4 6.00 0.8500 100.6 0.970 0.0000e+00
ACC 262144 1024 2 4 6.00 0.8500 100.6 1.000 1.0905e-03
ACC 262144 1024 2 4 6.00 0.8500 410.5 0.900 0.0000e+00
ACC 262144 1024 2 4 6.00 0.8500 410.5 0.940 0.0000e+00
ACC 262144 1024 2 4 6.00 0.8500 410.5 0.970 0.0000e+00
ACC 262144 1024 2 4 6.00 0.8500 410.5 1.000 0.0000e+00
ACC 262144 1024 2 4 6.00 0.9200 100.6 0.900 0.0000e+00
ACC 262144 1024 2 4 6.00 0.9200 100.6 0.940 0.0000e+00
ACC 262144 1024 2 4 6.00 0.9200 100.6 0.970 0.0000e+00
ACC 262144 1024 2 4 6.00 0.9200 100.6 1.000 0.0000e+00
ACC 262144 1024 2 4 6.00 0.9200 410.5 0.900 0.0000e+00
ACC 262144 1024 2 4 6.00 0.9200 410.5 0.940 0.0000e+00
ACC 262144 1024 2 4 6.00 0.9200 410.5 0.970 0.0000e+00
ACC 262144 1024 2 4 6.00 0.9200 410.5 1.000 0.0000e+00
ACC 262144 1024 2 4 6.00 0.9700 100.6 0.900 0.0000e+00
ACC 262144 1024 2 4 6.00 0.9700 100.6 0.940 0.0000e+00
ACC 262144 1024 2 4 6.00 0.9700 100.6 0.970 0.0000e+00
ACC 262144 1024 2 4 6.00 0.9700 100.6 1.000 0.0000e+00
ACC 262144 1024 2 4 6.00 0.9700 410.5 0.900 0.0000e+00
ACC 262144 1024 2 4 6.00 0.9700 410.5 0.940 0.0000e+00
ACC 262144 1024 2 4 6.00 0.9700 410.5 0.970 0.0000e+00
ACC 262144 1024 2 4 6.00 0.9700 410.5 1.000 0.0000e+00
ACC 262144 1024 2 4 6.50 0.8500 100.6 0.900 0.0000e+00
ACC 262144 1024 2 4 6.50 0.8500 100.6 0.940 0.0000e+00
ACC 262144 1024 2 4 6.50 0.8500 100.6 0.970 0.0000e+00
ACC 262144 1024 2 4 6.50 0.8500 100.6 1.000 2.2297e-03
ACC 262144 1024 2 4 6.50 0.8500 410.5 0.900 0.0000e+00
ACC 262144 1024 2 4 6.50 0.8500 410.5 0.940 0.0000e+00
ACC 262144 1024 2 4 6.50 0.8500 410.5 0.970 0.0000e+00
ACC 262144 1024 2 4 6.50 0.8500 410.5 1.000 0.0000e+00
ACC 262144 1024 2 4 6.50 0.9200 100.6 0.900 0.0000e+00
ACC 262144 1024 2 4 6.50 0.9200 100.6 0.940 0.0000e+00
ACC 262144 1024 2 4 6.50 0.9200 100.6 0.970 0.0000e+00
ACC 262144 1024 2 4 6.50 0.9200 100.6 1.000 0.0000e+00
ACC 262144 1024 2 4 6.50 0.9200 410.5 0.900 0.0000e+00
ACC 262144 1024 2 4 6.50 0.9200 410.5 0.940 0.0000e+00
ACC 262144 1024 2 4 6.50 0.9200 410.5 0.970 0.0000e+00
ACC 262144 1024 2 4 6.50 0.9200 410.5 1.000 0.0000e+00
ACC 262144 1024 2 4 6.50 0.9700 100.6 0.900 0.0000e+00
ACC 262144 1024 2 4 6.50 0.9700 100.6 0.940 0.0000e+00
ACC 262144 1024 2 4 6.50 0.9700 100.6 0.970 0.0000e+00
ACC 262144 1024 2 4 6.50 0.9700 100.6 1.000 0.0000e+00
ACC 262144 1024 2 4 6.50 0.9700 410.5 0.900 0.0000e+00
ACC 262144 1024 2 4 6.50 0.9700 410.5 0.940 0.0000e+00
ACC 262144 1024 2 4 6.50 0.9700 410.5 0.970 0.0000e+00
ACC 262144 1024 2 4 6.50 0.9700 410.5 1.000 0.0000e+00
ACC 262144 1024 2 8 5.00 0.8500 100.6 0.900 0.0000e+00
ACC 262144 1024 2 8 5.00 0.8500 100.6 0.940 0.0000e+00
ACC 262144 1024 2 8 5.00 0.8500 100.6 0.970 0.0000e+00
ACC 262144 1024 2 8 5.00 0.8500 100.6 1.000 0.0000e+00
ACC 262144 1024 2 8 5.00 0.8500 410.5 0.900 0.0000e+00
ACC 262144 1024 2 8 5.00 0.8500 410.5 0.940 0.0000e+00
ACC 262144 1024 2 8 5.00 0.8500 410.5 0.970 0.0000e+00
ACC 262144 1024 2 8 5.00 0.8500 410.5 1.000 0.0000e+00
ACC 262144 1024 2 8 5.00 0.9200 100.6 0.900 0.0000e+00
ACC 262144 1024 2 8 5.00 0.9200 100.6 0.940 0.0000e+00
ACC 262144 1024 2 8 5.00 0.9200 100.6 0.970 0.0000e+00
ACC 262144 1024 2 8 5.00 0.9200 100.6 1.000 0.0000e+00
ACC 262144 1024 2 8 5.00 0.9200 410.5 0.900 0.0000e+00
ACC 262144 1024 2 8 5.00 0.9200 410.5 0.940 0.0000e+00
ACC 262144 1024 2 8 5.00 0.9200 410.5 0.970 0.0000e+00
ACC 262144 1024 2 8 5.00 0.9200 410.5 1.000 0.0000e+00
ACC 262144 1024 2 8 5.00 0.9700 100.6 0.900 0.0000e+00
ACC 262144 1024 2 8 5.00 0.9700 100.6 0.940 0.0000e+00
ACC 262144 1024 2 8 5.00 0.9700 100.6 0.970 0.0000e+00
ACC 262144 1024 2 8 5.00 0.9700 100.6 1.000 2.0060e-03
ACC 262144 1024 2 8 5.00 0.9700 410.5 0.900 0.0000e+00
ACC 262144 1024 2 8 5.00 0.9700 410.5 0.940 0.0000e+00
ACC 262144 1024 2 8 5.00 0.9700 410.5 0.970 0.0000e+00
ACC 262144 1024 2 8 5.00 0.9700 410.5 1.000 3.1983e-03
ACC 262144 1024 2 8 5.50 0.8500 100.6 0.900 0.0000e+00
ACC 262144 1024 2 8 5.50 0.8500 100.6 0.940 0.0000e+00
ACC 262144 1024 2 8 5.50 0.8500 100.6 0.970 0.0000e+00
ACC 262144 1024 2 8 5.50 0.8500 100.6 1.000 1.0537e-03
ACC 262144 1024 2 8 5.50 0.8500 410.5 0.900 0.0000e+00
ACC 262144 1024 2 8 5.50 0.8500 410.5 0.940 0.0000e+00
ACC 262144 1024 2 8 5.50 0.8500 410.5 0.970 0.0000e+00
ACC 262144 1024 2 8 5.50 0.8500 410.5 1.000 0.0000e+00
ACC 262144 1024 2 8 5.50 0.9200 100.6 0.900 0.0000e+00
ACC 262144 1024 2 8 5.50 0.9200 100.6 0.940 0.0000e+00
ACC 262144 1024 2 8 5.50 0.9200 100.6 0.970 0.0000e+00
ACC 262144 1024 2 8 5.50 0.9200 100.6 1.000 0.0000e+00
ACC 262144 1024 2 8 5.50 0.9200 410.5 0.900 0.0000e+00
ACC 262144 1024 2 8 5.50 0.9200 410.5 0.940 0.0000e+00
ACC 262144 1024 2 8 5.50 0.9200 410.5 0.970 0.0000e+00
ACC 262144 1024 2 8 5.50 0.9200 410.5 1.000 0.0000e+00
ACC 262144 1024 2 8 5.50 0.9700 100.6 0.900 0.0000e+00
ACC 262144 1024 2 8 5.50 0.9700 100.6 0.940 0.0000e+00
ACC 262144 1024 2 8 5.50 0.9700 100.6 0.970 0.0000e+00
ACC 262144 1024 2 8 5.50 0.9700 100.6 1.000 0.0000e+00
ACC 262144 1024 2 8 5.50 0.9700 410.5 0.900 0.0000e+00
ACC 262144 1024 2 8 5.50 0.9700 410.5 0.940 0.0000e+00
ACC 262144 1024 2 8 5.50 0.9700 410.5 0.970 0.0000e+00
ACC 262144 1024 2 8 5.50 0.9700 410.5 1.000 1.1013e-03
ACC 262144 1024 2 8 6.00 0.8500 100.6 0.900 0.0000e+00
ACC 262144 1024 2 8 6.00 0.8500 100.6 0.940 0.0000e+00
ACC 262144 1024 2 8 6.00 0.8500 100.6 0.970 0.0000e+00
ACC 262144 1024 2 8 6.00 0.8500 100.6 1.000 2.1810e-03
ACC 262144 1024 2 8 6.00 0.8500 410.5 0.900 0.0000e+00
ACC 262144 1024 2 8 6.00 0.8500 410.5 0.940 0.0000e+00
ACC 262144 1024 2 8 6.00 0.8500 410.5 0.970 0.0000e+00
ACC 262144 1024 2 8 6.00 0.8500 410.5 1.000 0.0000e+00
ACC 262144 1024 2 8 6.00 0.9200 100.6 0.900 0.0000e+00
ACC 262144 1024 2 8 6.00 0.9200 100.6 0.940 0.0000e+00
ACC 262144 1024 2 8 6.00 0.9200 100.6 0.970 0.0000e+00
ACC 262144 1024 2 8 6.00 0.9200 100.6 1.000 0.0000e+00
ACC 262144 1024 2 8 6.00 0.9200 410.5 0.900 0.0000e+00
ACC 262144 1024 2 8 6.00 0.9200 410.5 0.940 0.0000e+00
ACC 262144 1024 2 8 6.00 0.9200 410.5 0.970 0.0000e+00
ACC 262144 1024 2 8 6.00 0.9200 410.5 1.000 0.0000e+00
ACC 262144 1024 2 8 6.00 0.9700 100.6 0.900 0.0000e+00
ACC 262144 1024 2 8 6.00 0.9700 100.6 0.940 0.0000e+00
ACC 262144 1024 2 8 6.00 0.9700 100.6 0.970 0.0000e+00
ACC 262144 1024 2 8 6.00 0.9700 100.6 1.000 0.0000e+00
ACC 262144 1024 2 8 6.00 0.9700 410.5 0.900 0.0000e+00
ACC 262144 1024 2 8 6.00 0.9700 410.5 0.940 0.0000e+00
ACC 262144 1024 2 8 6.00 0.9700 410.5 0.970 0.0000e+00
ACC 262144 1024 2 8 6.00 0.9700 410.5 1.000 2.2497e-03
ACC 262144 1024 2 8 6.50 0.8500 100.6 0.900 0.0000e+00
ACC 262144 1024 2 8 6.50 0.8500 100.6 0.940 0.0000e+00
ACC 262144 1024 2 8 6.50 0.8500 100.6 0.970 1.1148e-03
ACC 262144 1024 2 8 6.50 0.8500 100.6 1.000 2.2297e-03
ACC 262144 1024 2 8 6.50 0.8500 410.5 0.900 0.0000e+00
ACC 262144 1024 2 8 6.50 0.8500 410.5 0.940 0.0000e+00
ACC 262144 1024 2 8 6.50 0.8500 410.5 0.970 0.0000e+00
ACC 262144 1024 2 8 6.50 0.8500 410.5 1.000 0.0000e+00
ACC 262144 1024 2 8 6.50 0.9200 100.6 0.900 0.0000e+00
ACC 262144 1024 2 8 6.50 0.9200 100.6 0.940 0.0000e+00
ACC 262144 1024 2 8 6.50 0.9200 100.6 0.970 0.0000e+00
ACC 262144 1024 2 8 6.50 0.9200 100.6 1.000 0.0000e+00
ACC 262144 1024 2 8 6.50 0.9200 410.5 0.900 0.0000e+00
ACC 262144 1024 2 8 6.50 0.9200 410.5 0.940 0.0000e+00
ACC 262144 1024 2 8 6.50 0.9200 410.5 0.970 0.0000e+00
ACC 262144 1024 2 8 6.50 0.9200 410.5 1.000 0.0000e+00
ACC 262144 1024 2 8 6.50 0.9700 100.6 0.900 0.0000e+00
ACC 262144 1024 2 8 6.50 0.9700 100.6 0.940 0.0000e+00
ACC 262144 1024 2 8 6.50 0.9700 100.6 0.970 0.0000e+00
ACC 262144 1024 2 8 6.50 0.9700 100.6 1.000 0.0000e+00
ACC 262144 1024 2 8 6.50 0.9700 410.5 0.900 0.0000e+00
ACC 262144 1024 2 8 6.50 0.9700 410.5 0.940 0.0000e+00
ACC 262144 1024 2 8 6.50 0.9700 410.5 0.970 0.0000e+00
ACC 262144 1024 2 8 6.50 0.9700 410.5 1.000 2.2753e-03
ACC 262144 2048 2 4 5.00 0.8500 208.6 0.900 0.0000e+00
ACC 262144 2048 2 4 5.00 0.8500 208.6 0.940 0.0000e+00
ACC 262144 2048 2 4 5.00 0.8500 208.6 0.970 0.0000e+00
ACC 262144 2048 2 4 5.00 0.8500 208.6 1.000 9.9010e-04
ACC 262144 2048 2 4 5.00 0.8500 820.5 0.900 0.0000e+00
ACC 262144 2048 2 4 5.00 0.8500 820.5 0.940 0.0000e+00
ACC 262144 2048 2 4 5.00 0.8500 820.5 0.970 0.0000e+00
ACC 262144 2048 2 4 5.00 0.8500 820.5 1.000 0.0000e+00
ACC 262144 2048 2 4 5.00 0.9200 208.6 0.900 0.0000e+00
ACC 262144 2048 2 4 5.00 0.9200 208.6 0.940 0.0000e+00
ACC 262144 2048 2 4 5.00 0.9200 208.6 0.970 0.0000e+00
ACC 262144 2048 2 4 5.00 0.9200 208.6 1.000 9.9305e-04
ACC 262144 2048 2 4 5.00 0.9200 820.5 0.900 0.0000e+00
ACC 262144 2048 2 4 5.00 0.9200 820.5 0.940 0.0000e+00
ACC 262144 2048 2 4 5.00 0.9200 820.5 0.970 0.0000e+00
ACC 262144 2048 2 4 5.00 0.9200 820.5 1.000 0.0000e+00
ACC 262144 2048 2 4 5.00 0.9700 208.6 0.900 0.0000e+00
ACC 262144 2048 2 4 5.00 0.9700 208.6 0.940 0.0000e+00
ACC 262144 2048 2 4 5.00 0.9700 208.6 0.970 0.0000e+00
ACC 262144 2048 2 4 5.00 0.9700 208.6 1.000 1.0000e-03
ACC 262144 2048 2 4 5.00 0.9700 820.5 0.900 0.0000e+00
ACC 262144 2048 2 4 5.00 0.9700 820.5 0.940 0.0000e+00
ACC 262144 2048 2 4 5.00 0.9700 820.5 0.970 0.0000e+00
ACC 262144 2048 2 4 5.00 0.9700 820.5 1.000 0.0000e+00
ACC 262144 2048 2 4 5.50 0.8500 208.6 0.900 0.0000e+00
ACC 262144 2048 2 4 5.50 0.8500 208.6 0.940 0.0000e+00
ACC 262144 2048 2 4 5.50 0.8500 208.6 0.970 1.0406e-03
ACC 262144 2048 2 4 5.50 0.8500 208.6 1.000 1.0406e-03
ACC 262144 2048 2 4 5.50 0.8500 820.5 0.900 0.0000e+00
ACC 262144 2048 2 4 5.50 0.8500 820.5 0.940 0.0000e+00
ACC 262144 2048 2 4 5.50 0.8500 820.5 0.970 0.0000e+00
ACC 262144 2048 2 4 5.50 0.8500 820.5 1.000 0.0000e+00
ACC 262144 2048 2 4 5.50 0.9200 208.6 0.900 0.0000e+00
ACC 262144 2048 2 4 5.50 0.9200 208.6 0.940 0.0000e+00
ACC 262144 2048 2 4 5.50 0.9200 208.6 0.970 0.0000e+00
ACC 262144 2048 2 4 5.50 0.9200 208.6 1.000 1.0309e-03
ACC 262144 2048 2 4 5.50 0.9200 820.5 0.900 0.0000e+00
ACC 262144 2048 2 4 5.50 0.9200 820.5 0.940 0.0000e+00
ACC 262144 2048 2 4 5.50 0.9200 820.5 0.970 0.0000e+00
ACC 262144 2048 2 4 5.50 0.9200 820.5 1.000 0.0000e+00
ACC 262144 2048 2 4 5.50 0.9700 208.6 0.900 0.0000e+00
ACC 262144 2048 2 4 5.50 0.9700 208.6 0.940 0.0000e+00
ACC 262144 2048 2 4 5.50 0.9700 208.6 0.970 0.0000e+00
ACC 262144 2048 2 4 5.50 0.9700 208.6 1.000 1.0299e-03
ACC 262144 2048 2 4 5.50 0.9700 820.5 0.900 0.0000e+00
ACC 262144 2048 2 4 5.50 0.9700 820.5 0.940 0.0000e+00
ACC 262144 2048 2 4 5.50 0.9700 820.5 0.970 0.0000e+00
ACC 262144 2048 2 4 5.50 0.9700 820.5 1.000 0.0000e+00
ACC 262144 2048 2 4 6.00 0.8500 208.6 0.900 0.0000e+00
ACC 262144 2048 2 4 6.00 0.8500 208.6 0.940 0.0000e+00
ACC 262144 2048 2 4 6.00 0.8500 208.6 0.970 1.0582e-03
ACC 262144 2048 2 4 6.00 0.8500 208.6 1.000 1.0582e-03
ACC 262144 2048 2 4 6.00 0.8500 820.5 0.900 0.0000e+00
ACC 262144 2048 2 4 6.00 0.8500 820.5 0.940 0.0000e+00
ACC 262144 2048 2 4 6.00 0.8500 820.5 0.970 0.0000e+00
ACC 262144 2048 2 4 6.00 0.8500 820.5 1.000 0.0000e+00
ACC 262144 2048 2 4 6.00 0.9200 208.6 0.900 0.0000e+00
ACC 262144 2048 2 4 6.00 0.9200 208.6 0.940 0.0000e+00
ACC 262144 2048 2 4 6.00 0.9200 208.6 0.970 0.0000e+00
ACC 262144 2048 2 4 6.00 0.9200 208.6 1.000 1.0504e-03
ACC 262144 2048 2 4 6.00 0.9200 820.5 0.900 0.0000e+00
ACC 262144 2048 2 4 6.00 0.9200 820.5 0.940 0.0000e+00
ACC 262144 2048 2 4 6.00 0.9200 820.5 0.970 0.0000e+00
ACC 262144 2048 2 4 6.00 0.9200 820.5 1.000 0.0000e+00
ACC 262144 2048 2 4 6.00 0.9700 208.6 0.900 0.0000e+00
ACC 262144 2048 2 4 6.00 0.9700 208.6 0.940 0.0000e+00
ACC 262144 2048 2 4 6.00 0.9700 208.6 0.970 0.0000e+00
ACC 262144 2048 2 4 6.00 0.9700 208.6 1.000 1.0560e-03
ACC 262144 2048 2 4 6.00 0.9700 820.5 0.900 0.0000e+00
ACC 262144 2048 2 4 6.00 0.9700 820.5 0.940 0.0000e+00
ACC 262144 2048 2 4 6.00 0.9700 820.5 0.970 0.0000e+00
ACC 262144 2048 2 4 6.00 0.9700 820.5 1.000 0.0000e+00
ACC 262144 2048 2 4 6.50 0.8500 208.6 0.900 0.0000e+00
ACC 262144 2048 2 4 6.50 0.8500 208.6 0.940 0.0000e+00
ACC 262144 2048 2 4 6.50 0.8500 208.6 0.970 0.0000e+00
ACC 262144 2048 2 4 6.50 0.8500 208.6 1.000 1.0846e-03
ACC 262144 2048 2 4 6.50 0.8500 820.5 0.900 0.0000e+00
ACC 262144 2048 2 4 6.50 0.8500 820.5 0.940 0.0000e+00
ACC 262144 2048 2 4 6.50 0.8500 820.5 0.970 0.0000e+00
ACC 262144 2048 2 4 6.50 0.8500 820.5 1.000 0.0000e+00
ACC 262144 2048 2 4 6.50 0.9200 208.6 0.900 0.0000e+00
ACC 262144 2048 2 4 6.50 0.9200 208.6 0.940 0.0000e+00
ACC 262144 2048 2 4 6.50 0.9200 208.6 0.970 0.0000e+00
ACC 262144 2048 2 4 6.50 0.9200 208.6 1.000 1.0753e-03
ACC 262144 2048 2 4 6.50 0.9200 820.5 0.900 0.0000e+00
ACC 262144 2048 2 4 6.50 0.9200 820.5 0.940 0.0000e+00
ACC 262144 2048 2 4 6.50 0.9200 820.5 0.970 0.0000e+00
ACC 262144 2048 2 4 6.50 0.9200 820.5 1.000 0.0000e+00
ACC 262144 2048 2 4 6.50 0.9700 208.6 0.900 0.0000e+00
ACC 262144 2048 2 4 6.50 0.9700 208.6 0.940 0.0000e+00
ACC 262144 2048 2 4 6.50 0.9700 208.6 0.970 0.0000e+00
ACC 262144 2048 2 4 6.50 0.9700 208.6 1.000 1.0695e-03
ACC 262144 2048 2 4 6.50 0.9700 820.5 0.900 0.0000e+00
ACC 262144 2048 2 4 6.50 0.9700 820.5 0.940 0.0000e+00
ACC 262144 2048 2 4 6.50 0.9700 820.5 0.970 0.0000e+00
ACC 262144 2048 2 4 6.50 0.9700 820.5 1.000 0.0000e+00
ACC 262144 2048 2 8 5.00 0.8500 208.6 0.900 0.0000e+00
ACC 262144 2048 2 8 5.00 0.8500 208.6 0.940 0.0000e+00
ACC 262144 2048 2 8 5.00 0.8500 208.6 0.970 0.0000e+00
ACC 262144 2048 2 8 5.00 0.8500 208.6 1.000 9.9010e-04
ACC 262144 2048 2 8 5.00 0.8500 820.5 0.900 0.0000e+00
ACC 262144 2048 2 8 5.00 0.8500 820.5 0.940 0.0000e+00
ACC 262144 2048 2 8 5.00 0.8500 820.5 0.970 0.0000e+00
ACC 262144 2048 2 8 5.00 0.8500 820.5 1.000 0.0000e+00
ACC 262144 2048 2 8 5.00 0.9200 208.6 0.900 0.0000e+00
ACC 262144 2048 2 8 5.00 0.9200 208.6 0.940 0.0000e+00
ACC 262144 2048 2 8 5.00 0.9200 208.6 0.970 0.0000e+00
ACC 262144 2048 2 8 5.00 0.9200 208.6 1.000 9.9305e-04
ACC 262144 2048 2 8 5.00 0.9200 820.5 0.900 0.0000e+00
ACC 262144 2048 2 8 5.00 0.9200 820.5 0.940 0.0000e+00
ACC 262144 2048 2 8 5.00 0.9200 820.5 0.970 0.0000e+00
ACC 262144 2048 2 8 5.00 0.9200 820.5 1.000 0.0000e+00
ACC 262144 2048 2 8 5.00 0.9700 208.6 0.900 0.0000e+00
ACC 262144 2048 2 8 5.00 0.9700 208.6 0.940 0.0000e+00
ACC 262144 2048 2 8 5.00 0.9700 208.6 0.970 0.0000e+00
ACC 262144 2048 2 8 5.00 0.9700 208.6 1.000 3.0000e-03
ACC 262144 2048 2 8 5.00 0.9700 820.5 0.900 0.0000e+00
ACC 262144 2048 2 8 5.00 0.9700 820.5 0.940 0.0000e+00
ACC 262144 2048 2 8 5.00 0.9700 820.5 0.970 0.0000e+00
ACC 262144 2048 2 8 5.00 0.9700 820.5 1.000 4.2599e-03
ACC 262144 2048 2 8 5.50 0.8500 208.6 0.900 0.0000e+00
ACC 262144 2048 2 8 5.50 0.8500 208.6 0.940 0.0000e+00
ACC 262144 2048 2 8 5.50 0.8500 208.6 0.970 1.0406e-03
ACC 262144 2048 2 8 5.50 0.8500 208.6 1.000 1.0406e-03
ACC 262144 2048 2 8 5.50 0.8500 820.5 0.900 0.0000e+00
ACC 262144 2048 2 8 5.50 0.8500 820.5 0.940 0.0000e+00
ACC 262144 2048 2 8 5.50 0.8500 820.5 0.970 0.0000e+00
ACC 262144 2048 2 8 5.50 0.8500 820.5 1.000 1.0977e-03
ACC 262144 2048 2 8 5.50 0.9200 208.6 0.900 0.0000e+00
ACC 262144 2048 2 8 5.50 0.9200 208.6 0.940 0.0000e+00
ACC 262144 2048 2 8 5.50 0.9200 208.6 0.970 0.0000e+00
ACC 262144 2048 2 8 5.50 0.9200 208.6 1.000 1.0309e-03
ACC 262144 2048 2 8 5.50 0.9200 820.5 0.900 0.0000e+00
ACC 262144 2048 2 8 5.50 0.9200 820.5 0.940 0.0000e+00
ACC 262144 2048 2 8 5.50 0.9200 820.5 0.970 0.0000e+00
ACC 262144 2048 2 8 5.50 0.9200 820.5 1.000 0.0000e+00
ACC 262144 2048 2 8 5.50 0.9700 208.6 0.900 0.0000e+00
ACC 262144 2048 2 8 5.50 0.9700 208.6 0.940 0.0000e+00
ACC 262144 2048 2 8 5.50 0.9700 208.6 0.970 0.0000e+00
ACC 262144 2048 2 8 5.50 0.9700 208.6 1.000 2.0597e-03
ACC 262144 2048 2 8 5.50 0.9700 820.5 0.900 0.0000e+00
ACC 262144 2048 2 8 5.50 0.9700 820.5 0.940 0.0000e+00
ACC 262144 2048 2 8 5.50 0.9700 820.5 0.970 0.0000e+00
ACC 262144 2048 2 8 5.50 0.9700 820.5 1.000 3.2787e-03
ACC 262144 2048 2 8 6.00 0.8500 208.6 0.900 0.0000e+00
ACC 262144 2048 2 8 6.00 0.8500 208.6 0.940 0.0000e+00
ACC 262144 2048 2 8 6.00 0.8500 208.6 0.970 1.0582e-03
ACC 262144 2048 2 8 6.00 0.8500 208.6 1.000 1.0582e-03
ACC 262144 2048 2 8 6.00 0.8500 820.5 0.900 0.0000e+00
ACC 262144 2048 2 8 6.00 0.8500 820.5 0.940 0.0000e+00
ACC 262144 2048 2 8 6.00 0.8500 820.5 0.970 1.1236e-03
ACC 262144 2048 2 8 6.00 0.8500 820.5 1.000 1.1236e-03
ACC 262144 2048 2 8 6.00 0.9200 208.6 0.900 0.0000e+00
ACC 262144 2048 2 8 6.00 0.9200 208.6 0.940 0.0000e+00
ACC 262144 2048 2 8 6.00 0.9200 208.6 0.970 0.0000e+00
ACC 262144 2048 2 8 6.00 0.9200 208.6 1.000 1.0504e-03
ACC 262144 2048 2 8 6.00 0.9200 820.5 0.900 0.0000e+00
ACC 262144 2048 2 8 6.00 0.9200 820.5 0.940 0.0000e+00
ACC 262144 2048 2 8 6.00 0.9200 820.5 0.970 0.0000e+00
ACC 262144 2048 2 8 6.00 0.9200 820.5 1.000 0.0000e+00
ACC 262144 2048 2 8 6.00 0.9700 208.6 0.900 0.0000e+00
ACC 262144 2048 2 8 6.00 0.9700 208.6 0.940 0.0000e+00
ACC 262144 2048 2 8 6.00 0.9700 208.6 0.970 0.0000e+00
ACC 262144 2048 2 8 6.00 0.9700 208.6 1.000 1.0560e-03
ACC 262144 2048 2 8 6.00 0.9700 820.5 0.900 0.0000e+00
ACC 262144 2048 2 8 6.00 0.9700 820.5 0.940 0.0000e+00
ACC 262144 2048 2 8 6.00 0.9700 820.5 0.970 0.0000e+00
ACC 262144 2048 2 8 6.00 0.9700 820.5 1.000 5.5617e-03
ACC 262144 2048 2 8 6.50 0.8500 208.6 0.900 0.0000e+00
ACC 262144 2048 2 8 6.50 0.8500 208.6 0.940 0.0000e+00
ACC 262144 2048 2 8 6.50 0.8500 208.6 0.970 1.0846e-03
ACC 262144 2048 2 8 6.50 0.8500 208.6 1.000 1.0846e-03
ACC 262144 2048 2 8 6.50 0.8500 820.5 0.900 0.0000e+00
ACC 262144 2048 2 8 6.50 0.8500 820.5 0.940 0.0000e+00
ACC 262144 2048 2 8 6.50 0.8500 820.5 0.970 1.1351e-03
ACC 262144 2048 2 8 6.50 0.8500 820.5 1.000 1.1351e-03
ACC 262144 2048 2 8 6.50 0.9200 208.6 0.900 0.0000e+00
ACC 262144 2048 2 8 6.50 0.9200 208.6 0.940 0.0000e+00
ACC 262144 2048 2 8 6.50 0.9200 208.6 0.970 0.0000e+00
ACC 262144 2048 2 8 6.50 0.9200 208.6 1.000 1.0753e-03
ACC 262144 2048 2 8 6.50 0.9200 820.5 0.900 0.0000e+00
ACC 262144 2048 2 8 6.50 0.9200 820.5 0.940 0.0000e+00
ACC 262144 2048 2 8 6.50 0.9200 820.5 0.970 0.0000e+00
ACC 262144 2048 2 8 6.50 0.9200 820.5 1.000 1.1325e-03
ACC 262144 2048 2 8 6.50 0.9700 208.6 0.900 0.0000e+00
ACC 262144 2048 2 8 6.50 0.9700 208.6 0.940 0.0000e+00
ACC 262144 2048 2 8 6.50 0.9700 208.6 0.970 0.0000e+00
ACC 262144 2048 2 8 6.50 0.9700 208.6 1.000 1.0695e-03
ACC 262144 2048 2 8 6.50 0.9700 820.5 0.900 0.0000e+00
ACC 262144 2048 2 8 6.50 0.9700 820.5 0.940 0.0000e+00
ACC 262144 2048 2 8 6.50 0.9700 820.5 0.970 0.0000e+00
ACC 262144 2048 2 8 6.50 0.9700 820.5 1.000 4.5403e-03
ACC 262144 4096 2 4 5.00 0.8500 416.6 0.900 0.0000e+00
ACC 262144 4096 2 4 5.00 0.8500 416.6 0.940 0.0000e+00
ACC 262144 4096 2 4 5.00 0.8500 416.6 0.970 0.0000e+00
ACC 262144 4096 2 4 5.00 0.8500 416.6 1.000 0.0000e+00
ACC 262144 4096 2 4 5.00 0.8500 1640.5 0.900 0.0000e+00
ACC 262144 4096 2 4 5.00 0.8500 1640.5 0.940 0.0000e+00
ACC 262144 4096 2 4 5.00 0.8500 1640.5 0.970 0.0000e+00
ACC 262144 4096 2 4 5.00 0.8500 1640.5 1.000 0.0000e+00
ACC 262144 4096 2 4 5.00 0.9200 416.6 0.900 0.0000e+00
ACC 262144 4096 2 4 5.00 0.9200 416.6 0.940 0.0000e+00
ACC 262144 4096 2 4 5.00 0.9200 416.6 0.970 0.0000e+00
ACC 262144 4096 2 4 5.00 0.9200 416.6 1.000 0.0000e+00
ACC 262144 4096 2 4 5.00 0.9200 1640.5 0.900 0.0000e+00
ACC 262144 4096 2 4 5.00 0.9200 1640.5 0.940 0.0000e+00
ACC 262144 4096 2 4 5.00 0.9200 1640.5 0.970 0.0000e+00
ACC 262144 4096 2 4 5.00 0.9200 1640.5 1.000 0.0000e+00
ACC 262144 4096 2 4 5.00 0.9700 416.6 0.900 0.0000e+00
ACC 262144 4096 2 4 5.00 0.9700 416.6 0.940 0.0000e+00
ACC 262144 4096 2 4 5.00 0.9700 416.6 0.970 0.0000e+00
ACC 262144 4096 2 4 5.00 0.9700 416.6 1.000 9.9404e-04
ACC 262144 4096 2 4 5.00 0.9700 1640.5 0.900 0.0000e+00
ACC 262144 4096 2 4 5.00 0.9700 1640.5 0.940 0.0000e+00
ACC 262144 4096 2 4 5.00 0.9700 1640.5 0.970 0.0000e+00
ACC 262144 4096 2 4 5.00 0.9700 1640.5 1.000 0.0000e+00
ACC 262144 4096 2 4 5.50 0.8500 416.6 0.900 0.0000e+00
ACC 262144 4096 2 4 5.50 0.8500 416.6 0.940 0.0000e+00
ACC 262144 4096 2 4 5.50 0.8500 416.6 0.970 0.0000e+00
ACC 262144 4096 2 4 5.50 0.8500 416.6 1.000 0.0000e+00
ACC 262144 4096 2 4 5.50 0.8500 1640.5 0.900 0.0000e+00
ACC 262144 4096 2 4 5.50 0.8500 1640.5 0.940 0.0000e+00
ACC 262144 4096 2 4 5.50 0.8500 1640.5 0.970 0.0000e+00
ACC 262144 4096 2 4 5.50 0.8500 1640.5 1.000 0.0000e+00
ACC 262144 4096 2 4 5.50 0.9200 416.6 0.900 0.0000e+00
ACC 262144 4096 2 4 5.50 0.9200 416.6 0.940 0.0000e+00
ACC 262144 4096 2 4 5.50 0.9200 416.6 0.970 0.0000e+00
ACC 262144 4096 2 4 5.50 0.9200 416.6 1.000 0.0000e+00
ACC 262144 4096 2 4 5.50 0.9200 1640.5 0.900 0.0000e+00
ACC 262144 4096 2 4 5.50 0.9200 1640.5 0.940 0.0000e+00
ACC 262144 4096 2 4 5.50 0.9200 1640.5 0.970 0.0000e+00
ACC 262144 4096 2 4 5.50 0.9200 1640.5 1.000 0.0000e+00
ACC 262144 4096 2 4 5.50 0.9700 416.6 0.900 0.0000e+00
ACC 262144 4096 2 4 5.50 0.9700 416.6 0.940 0.0000e+00
ACC 262144 4096 2 4 5.50 0.9700 416.6 0.970 0.0000e+00
ACC 262144 4096 2 4 5.50 0.9700 416.6 1.000 1.0246e-03
ACC 262144 4096 2 4 5.50 0.9700 1640.5 0.900 0.0000e+00
ACC 262144 4096 2 4 5.50 0.9700 1640.5 0.940 0.0000e+00
ACC 262144 4096 2 4 5.50 0.9700 1640.5 0.970 0.0000e+00
ACC 262144 4096 2 4 5.50 0.9700 1640.5 1.000 0.0000e+00
ACC 262144 4096 2 4 6.00 0.8500 416.6 0.900 0.0000e+00
ACC 262144 4096 2 4 6.00 0.8500 416.6 0.940 0.0000e+00
ACC 262144 4096 2 4 6.00 0.8500 416.6 0.970 0.0000e+00
ACC 262144 4096 2 4 6.00 0.8500 416.6 1.000 0.0000e+00
ACC 262144 4096 2 4 6.00 0.8500 1640.5 0.900 0.0000e+00
ACC 262144 4096 2 4 6.00 0.8500 1640.5 0.940 0.0000e+00
ACC 262144 4096 2 4 6.00 0.8500 1640.5 0.970 0.0000e+00
ACC 262144 4096 2 4 6.00 0.8500 1640.5 1.000 0.0000e+00
ACC 262144 4096 2 4 6.00 0.9200 416.6 0.900 0.0000e+00
ACC 262144 4096 2 4 6.00 0.9200 416.6 0.940 0.0000e+00
ACC 262144 4096 2 4 6.00 0.9200 416.6 0.970 0.0000e+00
ACC 262144 4096 2 4 6.00 0.9200 416.6 1.000 0.0000e+00
ACC 262144 4096 2 4 6.00 0.9200 1640.5 0.900 0.0000e+00
ACC 262144 4096 2 4 6.00 0.9200 1640.5 0.940 0.0000e+00
ACC 262144 4096 2 4 6.00 0.9200 1640.5 0.970 0.0000e+00
ACC 262144 4096 2 4 6.00 0.9200 1640.5 1.000 0.0000e+00
ACC 262144 4096 2 4 6.00 0.9700 416.6 0.900 0.0000e+00
ACC 262144 4096 2 4 6.00 0.9700 416.6 0.940 0.0000e+00
ACC 262144 4096 2 4 6.00 0.9700 416.6 0.970 0.0000e+00
ACC 262144 4096 2 4 6.00 0.9700 416.6 1.000 0.0000e+00
ACC 262144 4096 2 4 6.00 0.9700 1640.5 0.900 0.0000e+00
ACC 262144 4096 2 4 6.00 0.9700 1640.5 0.940 0.0000e+00
ACC 262144 4096 2 4 6.00 0.9700 1640.5 0.970 0.0000e+00
ACC 262144 4096 2 4 6.00 0.9700 1640.5 1.000 0.0000e+00
ACC 262144 4096 2 4 6.50 0.8500 416.6 0.900 0.0000e+00
ACC 262144 4096 2 4 6.50 0.8500 416.6 0.940 0.0000e+00
ACC 262144 4096 2 4 6.50 0.8500 416.6 0.970 0.0000e+00
ACC 262144 4096 2 4 6.50 0.8500 416.6 1.000 0.0000e+00
ACC 262144 4096 2 4 6.50 0.8500 1640.5 0.900 0.0000e+00
ACC 262144 4096 2 4 6.50 0.8500 1640.5 0.940 0.0000e+00
ACC 262144 4096 2 4 6.50 0.8500 1640.5 0.970 0.0000e+00
ACC 262144 4096 2 4 6.50 0.8500 1640.5 1.000 0.0000e+00
ACC 262144 4096 2 4 6.50 0.9200 416.6 0.900 0.0000e+00
ACC 262144 4096 2 4 6.50 0.9200 416.6 0.940 0.0000e+00
ACC 262144 4096 2 4 6.50 0.9200 416.6 0.970 0.0000e+00
ACC 262144 4096 2 4 6.50 0.9200 416.6 1.000 0.0000e+00
ACC 262144 4096 2 4 6.50 0.9200 1640.5 0.900 0.0000e+00
ACC 262144 4096 2 4 6.50 0.9200 1640.5 0.940 0.0000e+00
ACC 262144 4096 2 4 6.50 0.9200 1640.5 0.970 0.0000e+00
ACC 262144 4096 2 4 6.50 0.9200 1640.5 1.000 0.0000e+00
ACC 262144 4096 2 4 6.50 0.9700 416.6 0.900 0.0000e+00
ACC 262144 4096 2 4 6.50 0.9700 416.6 0.940 0.0000e+00
ACC 262144 4096 2 4 6.50 0.9700 416.6 0.970 0.0000e+00
ACC 262144 4096 2 4 6.50 0.9700 416.6 1.000 0.0000e+00
ACC 262144 4096 2 4 6.50 0.9700 1640.5 0.900 0.0000e+00
ACC 262144 4096 2 4 6.50 0.9700 1640.5 0.940 0.0000e+00
ACC 262144 4096 2 4 6.50 0.9700 1640.5 0.970 0.0000e+00
ACC 262144 4096 2 4 6.50 0.9700 1640.5 1.000 0.0000e+00
ACC 262144 4096 2 8 5.00 0.8500 416.6 0.900 0.0000e+00
ACC 262144 4096 2 8 5.00 0.8500 416.6 0.940 0.0000e+00
ACC 262144 4096 2 8 5.00 0.8500 416.6 0.970 0.0000e+00
ACC 262144 4096 2 8 5.00 0.8500 416.6 1.000 0.0000e+00
ACC 262144 4096 2 8 5.00 0.8500 1640.5 0.900 0.0000e+00
ACC 262144 4096 2 8 5.00 0.8500 1640.5 0.940 0.0000e+00
ACC 262144 4096 2 8 5.00 0.8500 1640.5 0.970 0.0000e+00
ACC 262144 4096 2 8 5.00 0.8500 1640.5 1.000 0.0000e+00
ACC 262144 4096 2 8 5.00 0.9200 416.6 0.900 0.0000e+00
ACC 262144 4096 2 8 5.00 0.9200 416.6 0.940 0.0000e+00
ACC 262144 4096 2 8 5.00 0.9200 416.6 0.970 0.0000e+00
ACC 262144 4096 2 8 5.00 0.9200 416.6 1.000 9.7561e-04
ACC 262144 4096 2 8 5.00 0.9200 1640.5 0.900 0.0000e+00
ACC 262144 4096 2 8 5.00 0.9200 1640.5 0.940 0.0000e+00
ACC 262144 4096 2 8 5.00 0.9200 1640.5 0.970 1.0684e-03
ACC 262144 4096 2 8 5.00 0.9200 1640.5 1.000 2.1368e-03
ACC 262144 4096 2 8 5.00 0.9700 416.6 0.900 0.0000e+00
ACC 262144 4096 2 8 5.00 0.9700 416.6 0.940 0.0000e+00
ACC 262144 4096 2 8 5.00 0.9700 416.6 0.970 0.0000e+00
ACC 262144 4096 2 8 5.00 0.9700 416.6 1.000 1.9881e-03
ACC 262144 4096 2 8 5.00 0.9700 1640.5 0.900 0.0000e+00
ACC 262144 4096 2 8 5.00 0.9700 1640.5 0.940 0.0000e+00
ACC 262144 4096 2 8 5.00 0.9700 1640.5 0.970 0.0000e+00
ACC 262144 4096 2 8 5.00 0.9700 1640.5 1.000 3.1915e-03
ACC 262144 4096 2 8 5.50 0.8500 416.6 0.900 0.0000e+00
ACC 262144 4096 2 8 5.50 0.8500 416.6 0.940 0.0000e+00
ACC 262144 4096 2 8 5.50 0.8500 416.6 0.970 0.0000e+00
ACC 262144 4096 2 8 5.50 0.8500 416.6 1.000 0.0000e+00
ACC 262144 4096 2 8 5.50 0.8500 1640.5 0.900 0.0000e+00
ACC 262144 4096 2 8 5.50 0.8500 1640.5 0.940 0.0000e+00
ACC 262144 4096 2 8 5.50 0.8500 1640.5 0.970 0.0000e+00
ACC 262144 4096 2 8 5.50 0.8500 1640.5 1.000 1.1123e-03
ACC 262144 4096 2 8 5.50 0.9200 416.6 0.900 0.0000e+00
ACC 262144 4096 2 8 5.50 0.9200 416.6 0.940 0.0000e+00
ACC 262144 4096 2 8 5.50 0.9200 416.6 0.970 0.0000e+00
ACC 262144 4096 2 8 5.50 0.9200 416.6 1.000 1.0288e-03
ACC 262144 4096 2 8 5.50 0.9200 1640.5 0.900 0.0000e+00
ACC 262144 4096 2 8 5.50 0.9200 1640.5 0.940 0.0000e+00
ACC 262144 4096 2 8 5.50 0.9200 1640.5 0.970 1.1186e-03
ACC 262144 4096 2 8 5.50 0.9200 1640.5 1.000 2.2371e-03
ACC 262144 4096 2 8 5.50 0.9700 416.6 0.900 0.0000e+00
ACC 262144 4096 2 8 5.50 0.9700 416.6 0.940 0.0000e+00
ACC 262144 4096 2 8 5.50 0.9700 416.6 0.970 0.0000e+00
ACC 262144 4096 2 8 5.50 0.9700 416.6 1.000 2.0492e-03
ACC 262144 4096 2 8 5.50 0.9700 1640.5 0.900 0.0000e+00
ACC 262144 4096 2 8 5.50 0.9700 1640.5 0.940 0.0000e+00
ACC 262144 4096 2 8 5.50 0.9700 1640.5 0.970 0.0000e+00
ACC 262144 4096 2 8 5.50 0.9700 1640.5 1.000 1.1062e-03
ACC 262144 4096 2 8 6.00 0.8500 416.6 0.900 0.0000e+00
ACC 262144 4096 2 8 6.00 0.8500 416.6 0.940 0.0000e+00
ACC 262144 4096 2 8 6.00 0.8500 416.6 0.970 0.0000e+00
ACC 262144 4096 2 8 6.00 0.8500 416.6 1.000 0.0000e+00
ACC 262144 4096 2 8 6.00 0.8500 1640.5 0.900 0.0000e+00
ACC 262144 4096 2 8 6.00 0.8500 1640.5 0.940 0.0000e+00
ACC 262144 4096 2 8 6.00 0.8500 1640.5 0.970 1.1364e-03
ACC 262144 4096 2 8 6.00 0.8500 1640.5 1.000 2.2727e-03
ACC 262144 4096 2 8 6.00 0.9200 416.6 0.900 0.0000e+00
ACC 262144 4096 2 8 6.00 0.9200 416.6 0.940 0.0000e+00
ACC 262144 4096 2 8 6.00 0.9200 416.6 0.970 0.0000e+00
ACC 262144 4096 2 8 6.00 0.9200 416.6 1.000 0.0000e+00
ACC 262144 4096 2 8 6.00 0.9200 1640.5 0.900 0.0000e+00
ACC 262144 4096 2 8 6.00 0.9200 1640.5 0.940 0.0000e+00
ACC 262144 4096 2 8 6.00 0.9200 1640.5 0.970 1.1403e-03
ACC 262144 4096 2 8 6.00 0.9200 1640.5 1.000 2.2805e-03
ACC 262144 4096 2 8 6.00 0.9700 416.6 0.900 0.0000e+00
ACC 262144 4096 2 8 6.00 0.9700 416.6 0.940 0.0000e+00
ACC 262144 4096 2 8 6.00 0.9700 416.6 0.970 0.0000e+00
ACC 262144 4096 2 8 6.00 0.9700 416.6 1.000 0.0000e+00
ACC 262144 4096 2 8 6.00 0.9700 1640.5 0.900 0.0000e+00
ACC 262144 4096 2 8 6.00 0.9700 1640.5 0.940 0.0000e+00
ACC 262144 4096 2 8 6.00 0.9700 1640.5 0.970 0.0000e+00
ACC 262144 4096 2 8 6.00 0.9700 1640.5 1.000 1.1299e-03
ACC 262144 4096 2 8 6.50 0.8500 416.6 0.900 0.0000e+00
ACC 262144 4096 2 8 6.50 0.8500 416.6 0.940 0.0000e+00
ACC 262144 4096 2 8 6.50 0.8500 416.6 0.970 0.0000e+00
ACC 262144 4096 2 8 6.50 0.8500 416.6 1.000 0.0000e+00
ACC 262144 4096 2 8 6.50 0.8500 1640.5 0.900 0.0000e+00
ACC 262144 4096 2 8 6.50 0.8500 1640.5 0.940 0.0000e+00
ACC 262144 4096 2 8 6.50 0.8500 1640.5 0.970 1.1614e-03
ACC 262144 4096 2 8 6.50 0.8500 1640.5 1.000 2.3229e-03
ACC 262144 4096 2 8 6.50 0.9200 416.6 0.900 0.0000e+00
ACC 262144 4096 2 8 6.50 0.9200 416.6 0.940 0.0000e+00
ACC 262144 4096 2 8 6.50 0.9200 416.6 0.970 0.0000e+00
ACC 262144 4096 2 8 6.50 0.9200 416.6 1.000 0.0000e+00
ACC 262144 4096 2 8 6.50 0.9200 1640.5 0.900 0.0000e+00
ACC 262144 4096 2 8 6.50 0.9200 1640.5 0.940 0.0000e+00
ACC 262144 4096 2 8 6.50 0.9200 1640.5 0.970 1.1561e-03
ACC 262144 4096 2 8 6.50 0.9200 1640.5 1.000 2.3121e-03
ACC 262144 4096 2 8 6.50 0.9700 416.6 0.900 0.0000e+00
ACC 262144 4096 2 8 6.50 0.9700 416.6 0.940 0.0000e+00
ACC 262144 4096 2 8 6.50 0.9700 416.6 0.970 0.0000e+00
ACC 262144 4096 2 8 6.50 0.9700 416.6 1.000 1.0695e-03
ACC 262144 4096 2 8 6.50 0.9700 1640.5 0.900 0.0000e+00
ACC 262144 4096 2 8 6.50 0.9700 1640.5 0.940 0.0000e+00
ACC 262144 4096 2 8 6.50 0.9700 1640.5 0.970 0.0000e+00
ACC 262144 4096 2 8 6.50 0.9700 1640.5 1.000 1.1507e-03
ACC 262144 8192 2 4 5.00 0.8500 832.6 0.900 0.0000e+00
ACC 262144 8192 2 4 5.00 0.8500 832.6 0.940 0.0000e+00
ACC 262144 8192 2 4 5.00 0.8500 832.6 0.970 0.0000e+00
ACC 262144 8192 2 4 5.00 0.8500 832.6 1.000 0.0000e+00
ACC 262144 8192 2 4 5.00 0.8500 3280.4 0.900 0.0000e+00
ACC 262144 8192 2 4 5.00 0.8500 3280.4 0.940 0.0000e+00
ACC 262144 8192 2 4 5.00 0.8500 3280.4 0.970 0.0000e+00
ACC 262144 8192 2 4 5.00 0.8500 3280.4 1.000 0.0000e+00
ACC 262144 8192 2 4 5.00 0.9200 832.6 0.900 0.0000e+00
ACC 262144 8192 2 4 5.00 0.9200 832.6 0.940 0.0000e+00
ACC 262144 8192 2 4 5.00 0.9200 832.6 0.970 0.0000e+00
ACC 262144 8192 2 4 5.00 0.9200 832.6 1.000 0.0000e+00
ACC 262144 8192 2 4 5.00 0.9200 3280.4 0.900 0.0000e+00
ACC 262144 8192 2 4 5.00 0.9200 3280.4 0.940 0.0000e+00
ACC 262144 8192 2 4 5.00 0.9200 3280.4 0.970 0.0000e+00
ACC 262144 8192 2 4 5.00 0.9200 3280.4 1.000 0.0000e+00
ACC 262144 8192 2 4 5.00 0.9700 832.6 0.900 0.0000e+00
ACC 262144 8192 2 4 5.00 0.9700 832.6 0.940 0.0000e+00
ACC 262144 8192 2 4 5.00 0.9700 832.6 0.970 0.0000e+00
ACC 262144 8192 2 4 5.00 0.9700 832.6 1.000 0.0000e+00
ACC 262144 8192 2 4 5.00 0.9700 3280.4 0.900 0.0000e+00
ACC 262144 8192 2 4 5.00 0.9700 3280.4 0.940 0.0000e+00
ACC 262144 8192 2 4 5.00 0.9700 3280.4 0.970 0.0000e+00
ACC 262144 8192 2 4 5.00 0.9700 3280.4 1.000 0.0000e+00
ACC 262144 8192 2 4 5.50 0.8500 832.6 0.900 0.0000e+00
ACC 262144 8192 2 4 5.50 0.8500 832.6 0.940 0.0000e+00
ACC 262144 8192 2 4 5.50 0.8500 832.6 0.970 0.0000e+00
ACC 262144 8192 2 4 5.50 0.8500 832.6 1.000 0.0000e+00
ACC 262144 8192 2 4 5.50 0.8500 3280.4 0.900 0.0000e+00
ACC 262144 8192 2 4 5.50 0.8500 3280.4 0.940 0.0000e+00
ACC 262144 8192 2 4 5.50 0.8500 3280.4 0.970 0.0000e+00
ACC 262144 8192 2 4 5.50 0.8500 3280.4 1.000 0.0000e+00
ACC 262144 8192 2 4 5.50 0.9200 832.6 0.900 0.0000e+00
ACC 262144 8192 2 4 5.50 0.9200 832.6 0.940 0.0000e+00
ACC 262144 8192 2 4 5.50 0.9200 832.6 0.970 0.0000e+00
ACC 262144 8192 2 4 5.50 0.9200 832.6 1.000 0.0000e+00
ACC 262144 8192 2 4 5.50 0.9200 3280.4 0.900 0.0000e+00
ACC 262144 8192 2 4 5.50 0.9200 3280.4 0.940 0.0000e+00
ACC 262144 8192 2 4 5.50 0.9200 3280.4 0.970 0.0000e+00
ACC 262144 8192 2 4 5.50 0.9200 3280.4 1.000 0.0000e+00
ACC 262144 8192 2 4 5.50 0.9700 832.6 0.900 0.0000e+00
ACC 262144 8192 2 4 5.50 0.9700 832.6 0.940 0.0000e+00
ACC 262144 8192 2 4 5.50 0.9700 832.6 0.970 0.0000e+00
ACC 262144 8192 2 4 5.50 0.9700 832.6 1.000 1.0504e-03
ACC 262144 8192 2 4 5.50 0.9700 3280.4 0.900 0.0000e+00
ACC 262144 8192 2 4 5.50 0.9700 3280.4 0.940 0.0000e+00
ACC 262144 8192 2 4 5.50 0.9700 3280.4 0.970 0.0000e+00
ACC 262144 8192 2 4 5.50 0.9700 3280.4 1.000 0.0000e+00
ACC 262144 8192 2 4 6.00 0.8500 832.6 0.900 0.0000e+00
ACC 262144 8192 2 4 6.00 0.8500 832.6 0.940 0.0000e+00
ACC 262144 8192 2 4 6.00 0.8500 832.6 0.970 0.0000e+00
ACC 262144 8192 2 4 6.00 0.8500 832.6 1.000 0.0000e+00
ACC 262144 8192 2 4 6.00 0.8500 3280.4 0.900 0.0000e+00
ACC 262144 8192 2 4 6.00 0.8500 3280.4 0.940 0.0000e+00
ACC 262144 8192 2 4 6.00 0.8500 3280.4 0.970 0.0000e+00
ACC 262144 8192 2 4 6.00 0.8500 3280.4 1.000 0.0000e+00
ACC 262144 8192 2 4 6.00 0.9200 832.6 0.900 0.0000e+00
ACC 262144 8192 2 4 6.00 0.9200 832.6 0.940 0.0000e+00
ACC 262144 8192 2 4 6.00 0.9200 832.6 0.970 0.0000e+00
ACC 262144 8192 2 4 6.00 0.9200 832.6 1.000 0.0000e+00
ACC 262144 8192 2 4 6.00 0.9200 3280.4 0.900 0.0000e+00
ACC 262144 8192 2 4 6.00 0.9200 3280.4 0.940 0.0000e+00
ACC 262144 8192 2 4 6.00 0.9200 3280.4 0.970 0.0000e+00
ACC 262144 8192 2 4 6.00 0.9200 3280.4 1.000 0.0000e+00
ACC 262144 8192 2 4 6.00 0.9700 832.6 0.900 0.0000e+00
ACC 262144 8192 2 4 6.00 0.9700 832.6 0.940 0.0000e+00
ACC 262144 8192 2 4 6.00 0.9700 832.6 0.970 0.0000e+00
ACC 262144 8192 2 4 6.00 0.9700 832.6 1.000 1.0695e-03
ACC 262144 8192 2 4 6.00 0.9700 3280.4 0.900 0.0000e+00
ACC 262144 8192 2 4 6.00 0.9700 3280.4 0.940 0.0000e+00
ACC 262144 8192 2 4 6.00 0.9700 3280.4 0.970 0.0000e+00
ACC 262144 8192 2 4 6.00 0.9700 3280.4 1.000 0.0000e+00
ACC 262144 8192 2 4 6.50 0.8500 832.6 0.900 0.0000e+00
ACC 262144 8192 2 4 6.50 0.8500 832.6 0.940 0.0000e+00
ACC 262144 8192 2 4 6.50 0.8500 832.6 0.970 0.0000e+00
ACC 262144 8192 2 4 6.50 0.8500 832.6 1.000 0.0000e+00
ACC 262144 8192 2 4 6.50 0.8500 3280.4 0.900 0.0000e+00
ACC 262144 8192 2 4 6.50 0.8500 3280.4 0.940 0.0000e+00
ACC 262144 8192 2 4 6.50 0.8500 3280.4 0.970 0.0000e+00
ACC 262144 8192 2 4 6.50 0.8500 3280.4 1.000 0.0000e+00
ACC 262144 8192 2 4 6.50 0.9200 832.6 0.900 0.0000e+00
ACC 262144 8192 2 4 6.50 0.9200 832.6 0.940 0.0000e+00
ACC 262144 8192 2 4 6.50 0.9200 832.6 0.970 0.0000e+00
ACC 262144 8192 2 4 6.50 0.9200 832.6 1.000 0.0000e+00
ACC 262144 8192 2 4 6.50 0.9200 3280.4 0.900 0.0000e+00
ACC 262144 8192 2 4 6.50 0.9200 3280.4 0.940 0.0000e+00
ACC 262144 8192 2 4 6.50 0.9200 3280.4 0.970 0.0000e+00
ACC 262144 8192 2 4 6.50 0.9200 3280.4 1.000 0.0000e+00
ACC 262144 8192 2 4 6.50 0.9700 832.6 0.900 0.0000e+00
ACC 262144 8192 2 4 6.50 0.9700 832.6 0.940 0.0000e+00
ACC 262144 8192 2 4 6.50 0.9700 832.6 0.970 0.0000e+00
ACC 262144 8192 2 4 6.50 0.9700 832.6 1.000 1.0893e-03
ACC 262144 8192 2 4 6.50 0.9700 3280.4 0.900 0.0000e+00
ACC 262144 8192 2 4 6.50 0.9700 3280.4 0.940 0.0000e+00
ACC 262144 8192 2 4 6.50 0.9700 3280.4 0.970 0.0000e+00
ACC 262144 8192 2 4 6.50 0.9700 3280.4 1.000 0.0000e+00
ACC 262144 8192 2 8 5.00 0.8500 832.6 0.900 0.0000e+00
ACC 262144 8192 2 8 5.00 0.8500 832.6 0.940 0.0000e+00
ACC 262144 8192 2 8 5.00 0.8500 832.6 0.970 0.0000e+00
ACC 262144 8192 2 8 5.00 0.8500 832.6 1.000 0.0000e+00
ACC 262144 8192 2 8 5.00 0.8500 3280.4 0.900 0.0000e+00
ACC 262144 8192 2 8 5.00 0.8500 3280.4 0.940 0.0000e+00
ACC 262144 8192 2 8 5.00 0.8500 3280.4 0.970 0.0000e+00
ACC 262144 8192 2 8 5.00 0.8500 3280.4 1.000 0.0000e+00
ACC 262144 8192 2 8 5.00 0.9200 832.6 0.900 0.0000e+00
ACC 262144 8192 2 8 5.00 0.9200 832.6 0.940 0.0000e+00
ACC 262144 8192 2 8 5.00 0.9200 832.6 0.970 0.0000e+00
ACC 262144 8192 2 8 5.00 0.9200 832.6 1.000 0.0000e+00
ACC 262144 8192 2 8 5.00 0.9200 3280.4 0.900 0.0000e+00
ACC 262144 8192 2 8 5.00 0.9200 3280.4 0.940 0.0000e+00
ACC 262144 8192 2 8 5.00 0.9200 3280.4 0.970 0.0000e+00
ACC 262144 8192 2 8 5.00 0.9200 3280.4 1.000 0.0000e+00
ACC 262144 8192 2 8 5.00 0.9700 832.6 0.900 0.0000e+00
ACC 262144 8192 2 8 5.00 0.9700 832.6 0.940 0.0000e+00
ACC 262144 8192 2 8 5.00 0.9700 832.6 0.970 0.0000e+00
ACC 262144 8192 2 8 5.00 0.9700 832.6 1.000 1.0030e-03
ACC 262144 8192 2 8 5.00 0.9700 3280.4 0.900 0.0000e+00
ACC 262144 8192 2 8 5.00 0.9700 3280.4 0.940 0.0000e+00
ACC 262144 8192 2 8 5.00 0.9700 3280.4 0.970 0.0000e+00
ACC 262144 8192 2 8 5.00 0.9700 3280.4 1.000 2.0877e-03
ACC 262144 8192 2 8 5.50 0.8500 832.6 0.900 0.0000e+00
ACC 262144 8192 2 8 5.50 0.8500 832.6 0.940 0.0000e+00
ACC 262144 8192 2 8 5.50 0.8500 832.6 0.970 0.0000e+00
ACC 262144 8192 2 8 5.50 0.8500 832.6 1.000 0.0000e+00
ACC 262144 8192 2 8 5.50 0.8500 3280.4 0.900 0.0000e+00
ACC 262144 8192 2 8 5.50 0.8500 3280.4 0.940 0.0000e+00
ACC 262144 8192 2 8 5.50 0.8500 3280.4 0.970 0.0000e+00
ACC 262144 8192 2 8 5.50 0.8500 3280.4 1.000 0.0000e+00
ACC 262144 8192 2 8 5.50 0.9200 832.6 0.900 0.0000e+00
ACC 262144 8192 2 8 5.50 0.9200 832.6 0.940 0.0000e+00
ACC 262144 8192 2 8 5.50 0.9200 832.6 0.970 0.0000e+00
ACC 262144 8192 2 8 5.50 0.9200 832.6 1.000 0.0000e+00
ACC 262144 8192 2 8 5.50 0.9200 3280.4 0.900 0.0000e+00
ACC 262144 8192 2 8 5.50 0.9200 3280.4 0.940 0.0000e+00
ACC 262144 8192 2 8 5.50 0.9200 3280.4 0.970 0.0000e+00
ACC 262144 8192 2 8 5.50 0.9200 3280.4 1.000 0.0000e+00
ACC 262144 8192 2 8 5.50 0.9700 832.6 0.900 0.0000e+00
ACC 262144 8192 2 8 5.50 0.9700 832.6 0.940 0.0000e+00
ACC 262144 8192 2 8 5.50 0.9700 832.6 0.970 0.0000e+00
ACC 262144 8192 2 8 5.50 0.9700 832.6 1.000 1.0504e-03
ACC 262144 8192 2 8 5.50 0.9700 3280.4 0.900 0.0000e+00
ACC 262144 8192 2 8 5.50 0.9700 3280.4 0.940 0.0000e+00
ACC 262144 8192 2 8 5.50 0.9700 3280.4 0.970 0.0000e+00
ACC 262144 8192 2 8 5.50 0.9700 3280.4 1.000 4.3956e-03
ACC 262144 8192 2 8 6.00 0.8500 832.6 0.900 0.0000e+00
ACC 262144 8192 2 8 6.00 0.8500 832.6 0.940 0.0000e+00
ACC 262144 8192 2 8 6.00 0.8500 832.6 0.970 0.0000e+00
ACC 262144 8192 2 8 6.00 0.8500 832.6 1.000 0.0000e+00
ACC 262144 8192 2 8 6.00 0.8500 3280.4 0.900 0.0000e+00
ACC 262144 8192 2 8 6.00 0.8500 3280.4 0.940 0.0000e+00
ACC 262144 8192 2 8 6.00 0.8500 3280.4 0.970 0.0000e+00
ACC 262144 8192 2 8 6.00 0.8500 3280.4 1.000 0.0000e+00
ACC 262144 8192 2 8 6.00 0.9200 832.6 0.900 0.0000e+00
ACC 262144 8192 2 8 6.00 0.9200 832.6 0.940 0.0000e+00
ACC 262144 8192 2 8 6.00 0.9200 832.6 0.970 0.0000e+00
ACC 262144 8192 2 8 6.00 0.9200 832.6 1.000 0.0000e+00
ACC 262144 8192 2 8 6.00 0.9200 3280.4 0.900 0.0000e+00
ACC 262144 8192 2 8 6.00 0.9200 3280.4 0.940 0.0000e+00
ACC 262144 8192 2 8 6.00 0.9200 3280.4 0.970 0.0000e+00
ACC 262144 8192 2 8 6.00 0.9200 3280.4 1.000 0.0000e+00
ACC 262144 8192 2 8 6.00 0.9700 832.6 0.900 0.0000e+00
ACC 262144 8192 2 8 6.00 0.9700 832.6 0.940 0.0000e+00
ACC 262144 8192 2 8 6.00 0.9700 832.6 0.970 0.0000e+00
ACC 262144 8192 2 8 6.00 0.9700 832.6 1.000 1.0695e-03
ACC 262144 8192 2 8 6.00 0.9700 3280.4 0.900 0.0000e+00
ACC 262144 8192 2 8 6.00 0.9700 3280.4 0.940 0.0000e+00
ACC 262144 8192 2 8 6.00 0.9700 3280.4 0.970 0.0000e+00
ACC 262144 8192 2 8 6.00 0.9700 3280.4 1.000 3.3708e-03
ACC 262144 8192 2 8 6.50 0.8500 832.6 0.900 0.0000e+00
ACC 262144 8192 2 8 6.50 0.8500 832.6 0.940 0.0000e+00
ACC 262144 8192 2 8 6.50 0.8500 832.6 0.970 0.0000e+00
ACC 262144 8192 2 8 6.50 0.8500 832.6 1.000 0.0000e+00
ACC 262144 8192 2 8 6.50 0.8500 3280.4 0.900 0.0000e+00
ACC 262144 8192 2 8 6.50 0.8500 3280.4 0.940 0.0000e+00
ACC 262144 8192 2 8 6.50 0.8500 3280.4 0.970 0.0000e+00
ACC 262144 8192 2 8 6.50 0.8500 3280.4 1.000 0.0000e+00
ACC 262144 8192 2 8 6.50 0.9200 832.6 0.900 0.0000e+00
ACC 262144 8192 2 8 6.50 0.9200 832.6 0.940 0.0000e+00
ACC 262144 8192 2 8 6.50 0.9200 832.6 0.970 0.0000e+00
ACC 262144 8192 2 8 6.50 0.9200 832.6 1.000 0.0000e+00
ACC 262144 8192 2 8 6.50 0.9200 3280.4 0.900 0.0000e+00
ACC 262144 8192 2 8 6.50 0.9200 3280.4 0.940 0.0000e+00
ACC 262144 8192 2 8 6.50 0.9200 3280.4 0.970 0.0000e+00
ACC 262144 8192 2 8 6.50 0.9200 3280.4 1.000 1.1574e-03
ACC 262144 8192 2 8 6.50 0.9700 832.6 0.900 0.0000e+00
ACC 262144 8192 2 8 6.50 0.9700 832.6 0.940 0.0000e+00
ACC 262144 8192 2 8 6.50 0.9700 832.6 0.970 0.0000e+00
ACC 262144 8192 2 8 6.50 0.9700 832.6 1.000 1.0893e-03
ACC 262144 8192 2 8 6.50 0.9700 3280.4 0.900 0.0000e+00
ACC 262144 8192 2 8 6.50 0.9700 3280.4 0.940 0.0000e+00
ACC 262144 8192 2 8 6.50 0.9700 3280.4 0.970 0.0000e+00
ACC 262144 8192 2 8 6.50 0.9700 3280.4 1.000 2.2779e-03
ACC 262144 16384 2 4 5.00 0.8500 1664.6 0.900 0.0000e+00
ACC 262144 16384 2 4 5.00 0.8500 1664.6 0.940 0.0000e+00
ACC 262144 16384 2 4 5.00 0.8500 1664.6 0.970 0.0000e+00
ACC 262144 16384 2 4 5.00 0.8500 1664.6 1.000 0.0000e+00
ACC 262144 16384 2 4 5.00 0.9700 1664.6 0.900 0.0000e+00
ACC 262144 16384 2 4 5.00 0.9700 1664.6 0.940 0.0000e+00
ACC 262144 16384 2 4 5.00 0.9700 1664.6 0.970 0.0000e+00
ACC 262144 16384 2 4 5.00 0.9700 1664.6 1.000 0.0000e+00
ACC 262144 16384 2 4 5.50 0.8500 1664.6 0.900 0.0000e+00
ACC 262144 16384 2 4 5.50 0.8500 1664.6 0.940 0.0000e+00
ACC 262144 16384 2 4 5.50 0.8500 1664.6 0.970 0.0000e+00
ACC 262144 16384 2 4 5.50 0.8500 1664.6 1.000 0.0000e+00
ACC 262144 16384 2 4 5.50 0.9700 1664.6 0.900 0.0000e+00
ACC 262144 16384 2 4 5.50 0.9700 1664.6 0.940 0.0000e+00
ACC 262144 16384 2 4 5.50 0.9700 1664.6 0.970 0.0000e+00
ACC 262144 16384 2 4 5.50 0.9700 1664.6 1.000 0.0000e+00
ACC 262144 16384 2 4 5.75 0.8500 1664.6 0.900 0.0000e+00
ACC 262144 16384 2 4 5.75 0.8500 1664.6 0.940 0.0000e+00
ACC 262144 16384 2 4 5.75 0.8500 1664.6 0.970 0.0000e+00
ACC 262144 16384 2 4 5.75 0.8500 1664.6 1.000 0.0000e+00
ACC 262144 16384 2 4 5.75 0.9700 1664.6 0.900 0.0000e+00
ACC 262144 16384 2 4 5.75 0.9700 1664.6 0.940 0.0000e+00
ACC 262144 16384 2 4 5.75 0.9700 1664.6 0.970 0.0000e+00
ACC 262144 16384 2 4 5.75 0.9700 1664.6 1.000 0.0000e+00
ACC 262144 16384 2 4 6.00 0.8500 1664.6 0.900 0.0000e+00
ACC 262144 16384 2 4 6.00 0.8500 1664.6 0.940 0.0000e+00
ACC 262144 16384 2 4 6.00 0.8500 1664.6 0.970 0.0000e+00
ACC 262144 16384 2 4 6.00 0.8500 1664.6 1.000 0.0000e+00
ACC 262144 16384 2 4 6.00 0.9700 1664.6 0.900 0.0000e+00
ACC 262144 16384 2 4 6.00 0.9700 1664.6 0.940 0.0000e+00
ACC 262144 16384 2 4 6.00 0.9700 1664.6 0.970 0.0000e+00
ACC 262144 16384 2 4 6.00 0.9700 1664.6 1.000 0.0000e+00
ACC 262144 16384 2 4 6.50 0.8500 1664.6 0.900 0.0000e+00
ACC 262144 16384 2 4 6.50 0.8500 1664.6 0.940 0.0000e+00
ACC 262144 16384 2 4 6.50 0.8500 1664.6 0.970 0.0000e+00
ACC 262144 16384 2 4 6.50 0.8500 1664.6 1.000 0.0000e+00
ACC 262144 16384 2 4 6.50 0.9700 1664.6 0.900 0.0000e+00
ACC 262144 16384 2 4 6.50 0.9700 1664.6 0.940 0.0000e+00
ACC 262144 16384 2 4 6.50 0.9700 1664.6 0.970 0.0000e+00
ACC 262144 16384 2 4 6.50 0.9700 1664.6 1.000 0.0000e+00
ACC 262144 16384 2 8 5.00 0.8500 1664.6 0.900 0.0000e+00
ACC 262144 16384 2 8 5.00 0.8500 1664.6 0.940 0.0000e+00
ACC 262144 16384 2 8 5.00 0.8500 1664.6 0.970 0.0000e+00
ACC 262144 16384 2 8 5.00 0.8500 1664.6 1.000 0.0000e+00
ACC 262144 16384 2 8 5.00 0.9700 1664.6 0.900 0.0000e+00
ACC 262144 16384 2 8 5.00 0.9700 1664.6 0.940 0.0000e+00
ACC 262144 16384 2 8 5.00 0.9700 1664.6 0.970 0.0000e+00
ACC 262144 16384 2 8 5.00 0.9700 1664.6 1.000 0.0000e+00
ACC 262144 16384 2 8 5.50 0.8500 1664.6 0.900 0.0000e+00
ACC 262144 16384 2 8 5.50 0.8500 1664.6 0.940 0.0000e+00
ACC 262144 16384 2 8 5.50 0.8500 1664.6 0.970 0.0000e+00
ACC 262144 16384 2 8 5.50 0.8500 1664.6 1.000 0.0000e+00
ACC 262144 16384 2 8 5.50 0.9700 1664.6 0.900 0.0000e+00
ACC 262144 16384 2 8 5.50 0.9700 1664.6 0.940 0.0000e+00
ACC 262144 16384 2 8 5.50 0.9700 1664.6 0.970 0.0000e+00
ACC 262144 16384 2 8 5.50 0.9700 1664.6 1.000 0.0000e+00
ACC 262144 16384 2 8 5.75 0.8500 1664.6 0.900 0.0000e+00
ACC 262144 16384 2 8 5.75 0.8500 1664.6 0.940 0.0000e+00
ACC 262144 16384 2 8 5.75 0.8500 1664.6 0.970 0.0000e+00
ACC 262144 16384 2 8 5.75 0.8500 1664.6 1.000 0.0000e+00
ACC 262144 16384 2 8 5.75 0.9700 1664.6 0.900 0.0000e+00
ACC 262144 16384 2 8 5.75 0.9700 1664.6 0.940 0.0000e+00
ACC 262144 16384 2 8 5.75 0.9700 1664.6 0.970 0.0000e+00
ACC 262144 16384 2 8 5.75 0.9700 1664.6 1.000 0.0000e+00
ACC 262144 16384 2 8 6.00 0.8500 1664.6 0.900 0.0000e+00
ACC 262144 16384 2 8 6.00 0.8500 1664.6 0.940 0.0000e+00
ACC 262144 16384 2 8 6.00 0.8500 1664.6 0.970 0.0000e+00
ACC 262144 16384 2 8 6.00 0.8500 1664.6 1.000 0.0000e+00
ACC 262144 16384 2 8 6.00 0.9700 1664.6 0.900 0.0000e+00
ACC 262144 16384 2 8 6.00 0.9700 1664.6 0.940 0.0000e+00
ACC 262144 16384 2 8 6.00 0.9700 1664.6 0.970 0.0000e+00
ACC 262144 16384 2 8 6.00 0.9700 1664.6 1.000 1.0741e-03
ACC 262144 16384 2 8 6.50 0.8500 1664.6 0.900 0.0000e+00
ACC 262144 16384 2 8 6.50 0.8500 1664.6 0.940 0.0000e+00
ACC 262144 16384 2 8 6.50 0.8500 1664.6 0.970 0.0000e+00
ACC 262144 16384 2 8 6.50 0.8500 1664.6 1.000 0.0000e+00
ACC 262144 16384 2 8 6.50 0.9700 1664.6 0.900 0.0000e+00
ACC 262144 16384 2 8 6.50 0.9700 1664.6 0.940 0.0000e+00
ACC 262144 16384 2 8 6.50 0.9700 1664.6 0.970 0.0000e+00
ACC 262144 16384 2 8 6.50 0.9700 1664.6 1.000 1.0917e-03
ACC 262144 32768 2 4 5.00 0.8500 3328.6 0.900 0.0000e+00
ACC 262144 32768 2 4 5.00 0.8500 3328.6 0.940 0.0000e+00
ACC 262144 32768 2 4 5.00 0.8500 3328.6 0.970 0.0000e+00
ACC 262144 32768 2 4 5.00 0.8500 3328.6 1.000 0.0000e+00
ACC 262144 32768 2 4 5.00 0.9700 3328.6 0.900 0.0000e+00
ACC 262144 32768 2 4 5.00 0.9700 3328.6 0.940 0.0000e+00
ACC 262144 32768 2 4 5.00 0.9700 3328.6 0.970 0.0000e+00
ACC 262144 32768 2 4 5.00 0.9700 3328.6 1.000 9.6432e-04
ACC 262144 32768 2 4 5.50 0.8500 3328.6 0.900 0.0000e+00
ACC 262144 32768 2 4 5.50 0.8500 3328.6 0.940 0.0000e+00
ACC 262144 32768 2 4 5.50 0.8500 3328.6 0.970 0.0000e+00
ACC 262144 32768 2 4 5.50 0.8500 3328.6 1.000 0.0000e+00
ACC 262144 32768 2 4 5.50 0.9700 3328.6 0.900 0.0000e+00
ACC 262144 32768 2 4 5.50 0.9700 3328.6 0.940 0.0000e+00
ACC 262144 32768 2 4 5.50 0.9700 3328.6 0.970 0.0000e+00
ACC 262144 32768 2 4 5.50 0.9700 3328.6 1.000 0.0000e+00
ACC 262144 32768 2 4 5.75 0.8500 3328.6 0.900 0.0000e+00
ACC 262144 32768 2 4 5.75 0.8500 3328.6 0.940 0.0000e+00
ACC 262144 32768 2 4 5.75 0.8500 3328.6 0.970 0.0000e+00
ACC 262144 32768 2 4 5.75 0.8500 3328.6 1.000 0.0000e+00
ACC 262144 32768 2 4 5.75 0.9700 3328.6 0.900 0.0000e+00
ACC 262144 32768 2 4 5.75 0.9700 3328.6 0.940 0.0000e+00
ACC 262144 32768 2 4 5.75 0.9700 3328.6 0.970 0.0000e+00
ACC 262144 32768 2 4 5.75 0.9700 3328.6 1.000 0.0000e+00
ACC 262144 32768 2 4 6.00 0.8500 3328.6 0.900 0.0000e+00
ACC 262144 32768 2 4 6.00 0.8500 3328.6 0.940 0.0000e+00
ACC 262144 32768 2 4 6.00 0.8500 3328.6 0.970 0.0000e+00
ACC 262144 32768 2 4 6.00 0.8500 3328.6 1.000 2.1978e-03
ACC 262144 32768 2 4 6.00 0.9700 3328.6 0.900 0.0000e+00
ACC 262144 32768 2 4 6.00 0.9700 3328.6 0.940 0.0000e+00
ACC 262144 32768 2 4 6.00 0.9700 3328.6 0.970 0.0000e+00
ACC 262144 32768 2 4 6.00 0.9700 3328.6 1.000 0.0000e+00
ACC 262144 32768 2 4 6.50 0.8500 3328.6 0.900 0.0000e+00
ACC 262144 32768 2 4 6.50 0.8500 3328.6 0.940 0.0000e+00
ACC 262144 32768 2 4 6.50 0.8500 3328.6 0.970 0.0000e+00
ACC 262144 32768 2 4 6.50 0.8500 3328.6 1.000 2.2523e-03
ACC 262144 32768 2 4 6.50 0.9700 3328.6 0.900 0.0000e+00
ACC 262144 32768 2 4 6.50 0.9700 3328.6 0.940 0.0000e+00
ACC 262144 32768 2 4 6.50 0.9700 3328.6 0.970 0.0000e+00
ACC 262144 32768 2 4 6.50 0.9700 3328.6 1.000 0.0000e+00
ACC 262144 32768 2 8 5.00 0.8500 3328.6 0.900 0.0000e+00
ACC 262144 32768 2 8 5.00 0.8500 3328.6 0.940 0.0000e+00
ACC 262144 32768 2 8 5.00 0.8500 3328.6 0.970 0.0000e+00
ACC 262144 32768 2 8 5.00 0.8500 3328.6 1.000 0.0000e+00
ACC 262144 32768 2 8 5.00 0.9700 3328.6 0.900 0.0000e+00
ACC 262144 32768 2 8 5.00 0.9700 3328.6 0.940 0.0000e+00
ACC 262144 32768 2 8 5.00 0.9700 3328.6 0.970 0.0000e+00
ACC 262144 32768 2 8 5.00 0.9700 3328.6 1.000 9.6432e-04
ACC 262144 32768 2 8 5.50 0.8500 3328.6 0.900 0.0000e+00
ACC 262144 32768 2 8 5.50 0.8500 3328.6 0.940 0.0000e+00
ACC 262144 32768 2 8 5.50 0.8500 3328.6 0.970 0.0000e+00
ACC 262144 32768 2 8 5.50 0.8500 3328.6 1.000 0.0000e+00
ACC 262144 32768 2 8 5.50 0.9700 3328.6 0.900 0.0000e+00
ACC 262144 32768 2 8 5.50 0.9700 3328.6 0.940 0.0000e+00
ACC 262144 32768 2 8 5.50 0.9700 3328.6 0.970 0.0000e+00
ACC 262144 32768 2 8 5.50 0.9700 3328.6 1.000 0.0000e+00
ACC 262144 32768 2 8 5.75 0.8500 3328.6 0.900 0.0000e+00
ACC 262144 32768 2 8 5.75 0.8500 3328.6 0.940 0.0000e+00
ACC 262144 32768 2 8 5.75 0.8500 3328.6 0.970 0.0000e+00
ACC 262144 32768 2 8 5.75 0.8500 3328.6 1.000 1.0753e-03
ACC 262144 32768 2 8 5.75 0.9700 3328.6 0.900 0.0000e+00
ACC 262144 32768 2 8 5.75 0.9700 3328.6 0.940 0.0000e+00
ACC 262144 32768 2 8 5.75 0.9700 3328.6 0.970 0.0000e+00
ACC 262144 32768 2 8 5.75 0.9700 3328.6 1.000 0.0000e+00
ACC 262144 32768 2 8 6.00 0.8500 3328.6 0.900 0.0000e+00
ACC 262144 32768 2 8 6.00 0.8500 3328.6 0.940 0.0000e+00
ACC 262144 32768 2 8 6.00 0.8500 3328.6 0.970 0.0000e+00
ACC 262144 32768 2 8 6.00 0.8500 3328.6 1.000 3.2967e-03
ACC 262144 32768 2 8 6.00 0.9700 3328.6 0.900 0.0000e+00
ACC 262144 32768 2 8 6.00 0.9700 3328.6 0.940 0.0000e+00
ACC 262144 32768 2 8 6.00 0.9700 3328.6 0.970 0.0000e+00
ACC 262144 32768 2 8 6.00 0.9700 3328.6 1.000 0.0000e+00
ACC 262144 32768 2 8 6.50 0.8500 3328.6 0.900 0.0000e+00
ACC 262144 32768 2 8 6.50 0.8500 3328.6 0.940 0.0000e+00
ACC 262144 32768 2 8 6.50 0.8500 3328.6 0.970 1.1261e-03
ACC 262144 32768 2 8 6.50 0.8500 3328.6 1.000 3.3784e-03
ACC 262144 32768 2 8 6.50 0.9700 3328.6 0.900 0.0000e+00
ACC 262144 32768 2 8 6.50 0.9700 3328.6 0.940 0.0000e+00
ACC 262144 32768 2 8 6.50 0.9700 3328.6 0.970 0.0000e+00
ACC 262144 32768 2 8 6.50 0.9700 3328.6 1.000 0.0000e+00
ACC 262144 65536 2 4 5.00 0.8500 6656.6 0.900 0.0000e+00
ACC 262144 65536 2 4 5.00 0.8500 6656.6 0.940 0.0000e+00
ACC 262144 65536 2 4 5.00 0.8500 6656.6 0.970 0.0000e+00
ACC 262144 65536 2 4 5.00 0.8500 6656.6 1.000 0.0000e+00
ACC 262144 65536 2 4 5.00 0.9700 6656.6 0.900 0.0000e+00
ACC 262144 65536 2 4 5.00 0.9700 6656.6 0.940 0.0000e+00
ACC 262144 65536 2 4 5.00 0.9700 6656.6 0.970 0.0000e+00
ACC 262144 65536 2 4 5.00 0.9700 6656.6 1.000 0.0000e+00
ACC 262144 65536 2 4 5.50 0.8500 6656.6 0.900 0.0000e+00
ACC 262144 65536 2 4 5.50 0.8500 6656.6 0.940 0.0000e+00
ACC 262144 65536 2 4 5.50 0.8500 6656.6 0.970 0.0000e+00
ACC 262144 65536 2 4 5.50 0.8500 6656.6 1.000 0.0000e+00
ACC 262144 65536 2 4 5.50 0.9700 6656.6 0.900 0.0000e+00
ACC 262144 65536 2 4 5.50 0.9700 6656.6 0.940 0.0000e+00
ACC 262144 65536 2 4 5.50 0.9700 6656.6 0.970 0.0000e+00
ACC 262144 65536 2 4 5.50 0.9700 6656.6 1.000 0.0000e+00
ACC 262144 65536 2 4 5.75 0.8500 6656.6 0.900 0.0000e+00
ACC 262144 65536 2 4 5.75 0.8500 6656.6 0.940 0.0000e+00
ACC 262144 65536 2 4 5.75 0.8500 6656.6 0.970 0.0000e+00
ACC 262144 65536 2 4 5.75 0.8500 6656.6 1.000 0.0000e+00
ACC 262144 65536 2 4 5.75 0.9700 6656.6 0.900 0.0000e+00
ACC 262144 65536 2 4 5.75 0.9700 6656.6 0.940 0.0000e+00
ACC 262144 65536 2 4 5.75 0.9700 6656.6 0.970 0.0000e+00
ACC 262144 65536 2 4 5.75 0.9700 6656.6 1.000 0.0000e+00
ACC 262144 65536 2 4 6.00 0.8500 6656.6 0.900 0.0000e+00
ACC 262144 65536 2 4 6.00 0.8500 6656.6 0.940 0.0000e+00
ACC 262144 65536 2 4 6.00 0.8500 6656.6 0.970 0.0000e+00
ACC 262144 65536 2 4 6.00 0.8500 6656.6 1.000 0.0000e+00
ACC 262144 65536 2 4 6.00 0.9700 6656.6 0.900 0.0000e+00
ACC 262144 65536 2 4 6.00 0.9700 6656.6 0.940 0.0000e+00
ACC 262144 65536 2 4 6.00 0.9700 6656.6 0.970 0.0000e+00
ACC 262144 65536 2 4 6.00 0.9700 6656.6 1.000 0.0000e+00
ACC 262144 65536 2 4 6.50 0.8500 6656.6 0.900 0.0000e+00
ACC 262144 65536 2 4 6.50 0.8500 6656.6 0.940 0.0000e+00
ACC 262144 65536 2 4 6.50 0.8500 6656.6 0.970 0.0000e+00
ACC 262144 65536 2 4 6.50 0.8500 6656.6 1.000 0.0000e+00
ACC 262144 65536 2 4 6.50 0.9700 6656.6 0.900 0.0000e+00
ACC 262144 65536 2 4 6.50 0.9700 6656.6 0.940 0.0000e+00
ACC 262144 65536 2 4 6.50 0.9700 6656.6 0.970 0.0000e+00
ACC 262144 65536 2 4 6.50 0.9700 6656.6 1.000 0.0000e+00
ACC 262144 65536 2 8 5.00 0.8500 6656.6 0.900 0.0000e+00
ACC 262144 65536 2 8 5.00 0.8500 6656.6 0.940 0.0000e+00
ACC 262144 65536 2 8 5.00 0.8500 6656.6 0.970 0.0000e+00
ACC 262144 65536 2 8 5.00 0.8500 6656.6 1.000 0.0000e+00
ACC 262144 65536 2 8 5.00 0.9700 6656.6 0.900 0.0000e+00
ACC 262144 65536 2 8 5.00 0.9700 6656.6 0.940 0.0000e+00
ACC 262144 65536 2 8 5.00 0.9700 6656.6 0.970 0.0000e+00
ACC 262144 65536 2 8 5.00 0.9700 6656.6 1.000 0.0000e+00
ACC 262144 65536 2 8 5.50 0.8500 6656.6 0.900 0.0000e+00
ACC 262144 65536 2 8 5.50 0.8500 6656.6 0.940 0.0000e+00
ACC 262144 65536 2 8 5.50 0.8500 6656.6 0.970 0.0000e+00
ACC 262144 65536 2 8 5.50 0.8500 6656.6 1.000 0.0000e+00
ACC 262144 65536 2 8 5.50 0.9700 6656.6 0.900 0.0000e+00
ACC 262144 65536 2 8 5.50 0.9700 6656.6 0.940 0.0000e+00
ACC 262144 65536 2 8 5.50 0.9700 6656.6 0.970 0.0000e+00
ACC 262144 65536 2 8 5.50 0.9700 6656.6 1.000 1.0438e-03
ACC 262144 65536 2 8 5.75 0.8500 6656.6 0.900 0.0000e+00
ACC 262144 65536 2 8 5.75 0.8500 6656.6 0.940 0.0000e+00
ACC 262144 65536 2 8 5.75 0.8500 6656.6 0.970 0.0000e+00
ACC 262144 65536 2 8 5.75 0.8500 6656.6 1.000 0.0000e+00
ACC 262144 65536 2 8 5.75 0.9700 6656.6 0.900 0.0000e+00
ACC 262144 65536 2 8 5.75 0.9700 6656.6 0.940 0.0000e+00
ACC 262144 65536 2 8 5.75 0.9700 6656.6 0.970 0.0000e+00
ACC 262144 65536 2 8 5.75 0.9700 6656.6 1.000 1.0764e-03
ACC 262144 65536 2 8 6.00 0.8500 6656.6 0.900 0.0000e+00
ACC 262144 65536 2 8 6.00 0.8500 6656.6 0.940 0.0000e+00
ACC 262144 65536 2 8 6.00 0.8500 6656.6 0.970 0.0000e+00
ACC 262144 65536 2 8 6.00 0.8500 6656.6 1.000 0.0000e+00
ACC 262144 65536 2 8 6.00 0.9700 6656.6 0.900 0.0000e+00
ACC 262144 65536 2 8 6.00 0.9700 6656.6 0.940 0.0000e+00
ACC 262144 65536 2 8 6.00 0.9700 6656.6 0.970 0.0000e+00
ACC 262144 65536 2 8 6.00 0.9700 6656.6 1.000 1.0941e-03
ACC 262144 65536 2 8 6.50 0.8500 6656.6 0.900 0.0000e+00
ACC 262144 65536 2 8 6.50 0.8500 6656.6 0.940 0.0000e+00
ACC 262144 65536 2 8 6.50 0.8500 6656.6 0.970 0.0000e+00
ACC 262144 65536 2 8 6.50 0.8500 6656.6 1.000 0.0000e+00
ACC 262144 65536 2 8 6.50 0.9700 6656.6 0.900 0.0000e+00
ACC 262144 65536 2 8 6.50 0.9700 6656.6 0.940 0.0000e+00
ACC 262144 65536 2 8 6.50 0.9700 6656.6 0.970 0.0000e+00
ACC 262144 65536 2 8 6.50 0.9700 6656.6 1.000 1.1198e-03
ACC 262144 131072 2 4 5.00 0.8500 13312.6 0.900 0.0000e+00
ACC 262144 131072 2 4 5.00 0.8500 13312.6 0.940 0.0000e+00
ACC 262144 131072 2 4 5.00 0.8500 13312.6 0.970 0.0000e+00
ACC 262144 131072 2 4 5.00 0.8500 13312.6 1.000 0.0000e+00
ACC 262144 131072 2 4 5.00 0.9700 13312.6 0.900 0.0000e+00
ACC 262144 131072 2 4 5.00 0.9700 13312.6 0.940 0.0000e+00
ACC 262144 131072 2 4 5.00 0.9700 13312.6 0.970 0.0000e+00
ACC 262144 131072 2 4 5.00 0.9700 13312.6 1.000 0.0000e+00
ACC 262144 131072 2 4 5.50 0.8500 13312.6 0.900 0.0000e+00
ACC 262144 131072 2 4 5.50 0.8500 13312.6 0.940 0.0000e+00
ACC 262144 131072 2 4 5.50 0.8500 13312.6 0.970 0.0000e+00
ACC 262144 131072 2 4 5.50 0.8500 13312.6 1.000 0.0000e+00
ACC 262144 131072 2 4 5.50 0.9700 13312.6 0.900 0.0000e+00
ACC 262144 131072 2 4 5.50 0.9700 13312.6 0.940 0.0000e+00
ACC 262144 131072 2 4 5.50 0.9700 13312.6 0.970 0.0000e+00
ACC 262144 131072 2 4 5.50 0.9700 13312.6 1.000 0.0000e+00
ACC 262144 131072 2 4 5.75 0.8500 13312.6 0.900 0.0000e+00
ACC 262144 131072 2 4 5.75 0.8500 13312.6 0.940 0.0000e+00
ACC 262144 131072 2 4 5.75 0.8500 13312.6 0.970 0.0000e+00
ACC 262144 131072 2 4 5.75 0.8500 13312.6 1.000 0.0000e+00
ACC 262144 131072 2 4 5.75 0.9700 13312.6 0.900 0.0000e+00
ACC 262144 131072 2 4 5.75 0.9700 13312.6 0.940 0.0000e+00
ACC 262144 131072 2 4 5.75 0.9700 13312.6 0.970 0.0000e+00
ACC 262144 131072 2 4 5.75 0.9700 13312.6 1.000 0.0000e+00
ACC 262144 131072 2 4 6.00 0.8500 13312.6 0.900 0.0000e+00
ACC 262144 131072 2 4 6.00 0.8500 13312.6 0.940 0.0000e+00
ACC 262144 131072 2 4 6.00 0.8500 13312.6 0.970 0.0000e+00
ACC 262144 131072 2 4 6.00 0.8500 13312.6 1.000 0.0000e+00
ACC 262144 131072 2 4 6.00 0.9700 13312.6 0.900 0.0000e+00
ACC 262144 131072 2 4 6.00 0.9700 13312.6 0.940 0.0000e+00
ACC 262144 131072 2 4 6.00 0.9700 13312.6 0.970 0.0000e+00
ACC 262144 131072 2 4 6.00 0.9700 13312.6 1.000 0.0000e+00
ACC 262144 131072 2 4 6.50 0.8500 13312.6 0.900 0.0000e+00
ACC 262144 131072 2 4 6.50 0.8500 13312.6 0.940 0.0000e+00
ACC 262144 131072 2 4 6.50 0.8500 13312.6 0.970 0.0000e+00
ACC 262144 131072 2 4 6.50 0.8500 13312.6 1.000 0.0000e+00
ACC 262144 131072 2 4 6.50 0.9700 13312.6 0.900 0.0000e+00
ACC 262144 131072 2 4 6.50 0.9700 13312.6 0.940 0.0000e+00
ACC 262144 131072 2 4 6.50 0.9700 13312.6 0.970 0.0000e+00
ACC 262144 131072 2 4 6.50 0.9700 13312.6 1.000 0.0000e+00
ACC 262144 131072 2 8 5.00 0.8500 13312.6 0.900 0.0000e+00
ACC 262144 131072 2 8 5.00 0.8500 13312.6 0.940 0.0000e+00
ACC 262144 131072 2 8 5.00 0.8500 13312.6 0.970 0.0000e+00
ACC 262144 131072 2 8 5.00 0.8500 13312.6 1.000 0.0000e+00
ACC 262144 131072 2 8 5.00 0.9700 13312.6 0.900 0.0000e+00
ACC 262144 131072 2 8 5.00 0.9700 13312.6 0.940 0.0000e+00
ACC 262144 131072 2 8 5.00 0.9700 13312.6 0.970 0.0000e+00
ACC 262144 131072 2 8 5.00 0.9700 13312.6 1.000 0.0000e+00
ACC 262144 131072 2 8 5.50 0.8500 13312.6 0.900 0.0000e+00
ACC 262144 131072 2 8 5.50 0.8500 13312.6 0.940 0.0000e+00
ACC 262144 131072 2 8 5.50 0.8500 13312.6 0.970 0.0000e+00
ACC 262144 131072 2 8 5.50 0.8500 13312.6 1.000 0.0000e+00
ACC 262144 131072 2 8 5.50 0.9700 13312.6 0.900 0.0000e+00
ACC 262144 131072 2 8 5.50 0.9700 13312.6 0.940 0.0000e+00
ACC 262144 131072 2 8 5.50 0.9700 13312.6 0.970 0.0000e+00
ACC 262144 131072 2 8 5.50 0.9700 13312.6 1.000 0.0000e+00
ACC 262144 131072 2 8 5.75 0.8500 13312.6 0.900 0.0000e+00
ACC 262144 131072 2 8 5.75 0.8500 13312.6 0.940 0.0000e+00
ACC 262144 131072 2 8 5.75 0.8500 13312.6 0.970 0.0000e+00
ACC 262144 131072 2 8 5.75 0.8500 13312.6 1.000 0.0000e+00
ACC 262144 131072 2 8 5.75 0.9700 13312.6 0.900 0.0000e+00
ACC 262144 131072 2 8 5.75 0.9700 13312.6 0.940 0.0000e+00
ACC 262144 131072 2 8 5.75 0.9700 13312.6 0.970 0.0000e+00
ACC 262144 131072 2 8 5.75 0.9700 13312.6 1.000 0.0000e+00
ACC 262144 131072 2 8 6.00 0.8500 13312.6 0.900 0.0000e+00
ACC 262144 131072 2 8 6.00 0.8500 13312.6 0.940 0.0000e+00
ACC 262144 131072 2 8 6.00 0.8500 13312.6 0.970 0.0000e+00
ACC 262144 131072 2 8 6.00 0.8500 13312.6 1.000 0.0000e+00
ACC 262144 131072 2 8 6.00 0.9700 13312.6 0.900 0.0000e+00
ACC 262144 131072 2 8 6.00 0.9700 13312.6 0.940 0.0000e+00
ACC 262144 131072 2 8 6.00 0.9700 13312.6 0.970 0.0000e+00
ACC 262144 131072 2 8 6.00 0.9700 13312.6 1.000 0.0000e+00
ACC 262144 131072 2 8 6.50 0.8500 13312.6 0.900 0.0000e+00
ACC 262144 131072 2 8 6.50 0.8500 13312.6 0.940 0.0000e+00
ACC 262144 131072 2 8 6.50 0.8500 13312.6 0.970 0.0000e+00
ACC 262144 131072 2 8 6.50 0.8500 13312.6 1.000 0.0000e+00
ACC 262144 131072 2 8 6.50 0.9700 13312.6 0.900 0.0000e+00
ACC 262144 131072 2 8 6.50 0.9700 13312.6 0.940 0.0000e+00
ACC 262144 131072 2 8 6.50 0.9700 13312.6 0.970 0.0000e+00
ACC 262144 131072 2 8 6.50 0.9700 13312.6 1.000 0.0000e+00
