# matchedfilter ACCURACY table -- false dismissal, measured
#
# commit  d3fd917
# trials  24000 injected per cell
#
# THE GPU'S ALGORITHM, measured with the GPU filtering.
#
# accuracy.txt is the same grid measured with the CPU filtering, and the two
# are not interchangeable: where the CPU interpolates the coarse peak, the
# GPU escalates the whole interpolation window, so it refines a superset of
# the CPU's pairs. Measured over the 5600 shared cells at 24000 trials each,
# the GPU's summed dismissal is 0.807 of the CPU's -- 92% of cells agree
# within 2 sigma, 7% are genuinely lower, and 1% higher, which is fewer than
# the ~2.3% that 5600 two-sigma comparisons produce by chance.
#
# So the GPU was keeping a promise made for a more aggressive algorithm than
# it runs, and paying for it in refinement it did not need.
#
# Covers only the lengths the GPU backend runs. accuracy.txt still serves
# every other length and the CPU.
#
# KEY: n, taps, snr, in-band fraction f, effective bandwidth B_eff, coarse
# margin. BAND IS NOT IN THE KEY. Measured at n=8192, f=0.99, B_eff=16, the
# dismissal across bands 256, 512, 1024 and 2048 is 1.64, 1.88, 1.77 and
# 1.75e-2 -- a 1.14x spread inside the error bars, across band/B_eff from 16
# to 128. A candidate band enters only through the (f, B_eff) at its own
# edge, which selection computes from the reference.
#
# B_eff is sampled ABSOLUTELY, not as a fraction of the band. The previous
# grid did the latter, which tied it to the variable that does not matter
# and left a floor near band/10 -- so it never reached the values real
# references have. The FIR-search reference sits at B_eff 1.1 at every band.
#
# The margin dominates: 90x across 0.97 to 1.00, against 1.6x for 16x of n
# and 1.14x across every band. It gets the finest ladder.
#
# Rates below about 3/trials are not resolved and read as 0.0; that is a
# resolution floor, not a demonstration of safety.
#
# ACC2 n K snr f beff margin dismissal
ACC2 1024 4 5.00 0.8000 2.03 0.900 0.0000e+00
ACC2 1024 4 5.00 0.8000 2.03 0.930 1.1665e-04
ACC2 1024 4 5.00 0.8000 2.03 0.960 2.3330e-04
ACC2 1024 4 5.00 0.8000 2.03 0.980 2.9163e-04
ACC2 1024 4 5.00 0.8000 2.03 1.000 4.6661e-04
ACC2 1024 4 5.00 0.8000 3.94 0.900 6.1893e-05
ACC2 1024 4 5.00 0.8000 3.94 0.930 6.1893e-05
ACC2 1024 4 5.00 0.8000 3.94 0.960 1.8568e-04
ACC2 1024 4 5.00 0.8000 3.94 0.980 3.0946e-04
ACC2 1024 4 5.00 0.8000 3.94 1.000 3.0946e-04
ACC2 1024 4 5.00 0.8000 8.14 0.900 0.0000e+00
ACC2 1024 4 5.00 0.8000 8.14 0.930 0.0000e+00
ACC2 1024 4 5.00 0.8000 8.14 0.960 0.0000e+00
ACC2 1024 4 5.00 0.8000 8.14 0.980 0.0000e+00
ACC2 1024 4 5.00 0.8000 8.14 1.000 1.9473e-04
ACC2 1024 4 5.00 0.8000 16.12 0.900 0.0000e+00
ACC2 1024 4 5.00 0.8000 16.12 0.930 1.3545e-04
ACC2 1024 4 5.00 0.8000 16.12 0.960 2.0317e-04
ACC2 1024 4 5.00 0.8000 16.12 0.980 2.7089e-04
ACC2 1024 4 5.00 0.8000 16.12 1.000 4.0634e-04
ACC2 1024 4 5.00 0.8000 32.60 0.900 0.0000e+00
ACC2 1024 4 5.00 0.8000 32.60 0.930 0.0000e+00
ACC2 1024 4 5.00 0.8000 32.60 0.960 0.0000e+00
ACC2 1024 4 5.00 0.8000 32.60 0.980 2.1025e-04
ACC2 1024 4 5.00 0.8000 32.60 1.000 3.5041e-04
ACC2 1024 4 5.00 0.8000 64.54 0.900 0.0000e+00
ACC2 1024 4 5.00 0.8000 64.54 0.930 0.0000e+00
ACC2 1024 4 5.00 0.8000 64.54 0.960 0.0000e+00
ACC2 1024 4 5.00 0.8000 64.54 0.980 7.2396e-05
ACC2 1024 4 5.00 0.8000 64.54 1.000 1.4479e-04
ACC2 1024 4 5.00 0.8000 130.28 0.900 0.0000e+00
ACC2 1024 4 5.00 0.8000 130.28 0.930 0.0000e+00
ACC2 1024 4 5.00 0.8000 130.28 0.960 0.0000e+00
ACC2 1024 4 5.00 0.8000 130.28 0.980 0.0000e+00
ACC2 1024 4 5.00 0.8000 130.28 1.000 0.0000e+00
ACC2 1024 4 5.00 0.9000 2.03 0.900 0.0000e+00
ACC2 1024 4 5.00 0.9000 2.03 0.930 0.0000e+00
ACC2 1024 4 5.00 0.9000 2.03 0.960 5.7094e-05
ACC2 1024 4 5.00 0.9000 2.03 0.980 1.1419e-04
ACC2 1024 4 5.00 0.9000 2.03 1.000 3.9966e-04
ACC2 1024 4 5.00 0.9000 3.94 0.900 0.0000e+00
ACC2 1024 4 5.00 0.9000 3.94 0.930 0.0000e+00
ACC2 1024 4 5.00 0.9000 3.94 0.960 5.9801e-05
ACC2 1024 4 5.00 0.9000 3.94 0.980 1.7940e-04
ACC2 1024 4 5.00 0.9000 3.94 1.000 7.1762e-04
ACC2 1024 4 5.00 0.9000 8.14 0.900 0.0000e+00
ACC2 1024 4 5.00 0.9000 8.14 0.930 0.0000e+00
ACC2 1024 4 5.00 0.9000 8.14 0.960 6.2716e-05
ACC2 1024 4 5.00 0.9000 8.14 0.980 6.2716e-05
ACC2 1024 4 5.00 0.9000 8.14 1.000 3.7629e-04
ACC2 1024 4 5.00 0.9000 16.12 0.900 0.0000e+00
ACC2 1024 4 5.00 0.9000 16.12 0.930 6.5308e-05
ACC2 1024 4 5.00 0.9000 16.12 0.960 6.5308e-05
ACC2 1024 4 5.00 0.9000 16.12 0.980 1.3062e-04
ACC2 1024 4 5.00 0.9000 16.12 1.000 1.9592e-04
ACC2 1024 4 5.00 0.9000 32.60 0.900 0.0000e+00
ACC2 1024 4 5.00 0.9000 32.60 0.930 0.0000e+00
ACC2 1024 4 5.00 0.9000 32.60 0.960 0.0000e+00
ACC2 1024 4 5.00 0.9000 32.60 0.980 1.3617e-04
ACC2 1024 4 5.00 0.9000 32.60 1.000 3.4044e-04
ACC2 1024 4 5.00 0.9000 64.54 0.900 0.0000e+00
ACC2 1024 4 5.00 0.9000 64.54 0.930 0.0000e+00
ACC2 1024 4 5.00 0.9000 64.54 0.960 0.0000e+00
ACC2 1024 4 5.00 0.9000 64.54 0.980 0.0000e+00
ACC2 1024 4 5.00 0.9000 64.54 1.000 0.0000e+00
ACC2 1024 4 5.00 0.9000 130.28 0.900 0.0000e+00
ACC2 1024 4 5.00 0.9000 130.28 0.930 0.0000e+00
ACC2 1024 4 5.00 0.9000 130.28 0.960 0.0000e+00
ACC2 1024 4 5.00 0.9000 130.28 0.980 0.0000e+00
ACC2 1024 4 5.00 0.9000 130.28 1.000 0.0000e+00
ACC2 1024 4 5.00 0.9500 2.03 0.900 0.0000e+00
ACC2 1024 4 5.00 0.9500 2.03 0.930 0.0000e+00
ACC2 1024 4 5.00 0.9500 2.03 0.960 0.0000e+00
ACC2 1024 4 5.00 0.9500 2.03 0.980 2.3176e-04
ACC2 1024 4 5.00 0.9500 2.03 1.000 1.2747e-03
ACC2 1024 4 5.00 0.9500 3.94 0.900 0.0000e+00
ACC2 1024 4 5.00 0.9500 3.94 0.930 0.0000e+00
ACC2 1024 4 5.00 0.9500 3.94 0.960 0.0000e+00
ACC2 1024 4 5.00 0.9500 3.94 0.980 1.2019e-04
ACC2 1024 4 5.00 0.9500 3.94 1.000 6.0096e-04
ACC2 1024 4 5.00 0.9500 8.14 0.900 0.0000e+00
ACC2 1024 4 5.00 0.9500 8.14 0.930 0.0000e+00
ACC2 1024 4 5.00 0.9500 8.14 0.960 0.0000e+00
ACC2 1024 4 5.00 0.9500 8.14 0.980 1.8746e-04
ACC2 1024 4 5.00 0.9500 8.14 1.000 4.9991e-04
ACC2 1024 4 5.00 0.9500 16.12 0.900 0.0000e+00
ACC2 1024 4 5.00 0.9500 16.12 0.930 0.0000e+00
ACC2 1024 4 5.00 0.9500 16.12 0.960 6.4800e-05
ACC2 1024 4 5.00 0.9500 16.12 0.980 1.2960e-04
ACC2 1024 4 5.00 0.9500 16.12 1.000 3.8880e-04
ACC2 1024 4 5.00 0.9500 32.60 0.900 0.0000e+00
ACC2 1024 4 5.00 0.9500 32.60 0.930 0.0000e+00
ACC2 1024 4 5.00 0.9500 32.60 0.960 0.0000e+00
ACC2 1024 4 5.00 0.9500 32.60 0.980 0.0000e+00
ACC2 1024 4 5.00 0.9500 32.60 1.000 1.3358e-04
ACC2 1024 4 5.00 0.9500 64.54 0.900 0.0000e+00
ACC2 1024 4 5.00 0.9500 64.54 0.930 0.0000e+00
ACC2 1024 4 5.00 0.9500 64.54 0.960 0.0000e+00
ACC2 1024 4 5.00 0.9500 64.54 0.980 0.0000e+00
ACC2 1024 4 5.00 0.9500 64.54 1.000 0.0000e+00
ACC2 1024 4 5.00 0.9500 130.28 0.900 0.0000e+00
ACC2 1024 4 5.00 0.9500 130.28 0.930 0.0000e+00
ACC2 1024 4 5.00 0.9500 130.28 0.960 0.0000e+00
ACC2 1024 4 5.00 0.9500 130.28 0.980 0.0000e+00
ACC2 1024 4 5.00 0.9500 130.28 1.000 0.0000e+00
ACC2 1024 4 5.00 0.9800 2.03 0.900 0.0000e+00
ACC2 1024 4 5.00 0.9800 2.03 0.930 0.0000e+00
ACC2 1024 4 5.00 0.9800 2.03 0.960 6.0161e-05
ACC2 1024 4 5.00 0.9800 2.03 0.980 6.0161e-04
ACC2 1024 4 5.00 0.9800 2.03 1.000 6.1364e-03
ACC2 1024 4 5.00 0.9800 3.94 0.900 0.0000e+00
ACC2 1024 4 5.00 0.9800 3.94 0.930 0.0000e+00
ACC2 1024 4 5.00 0.9800 3.94 0.960 0.0000e+00
ACC2 1024 4 5.00 0.9800 3.94 0.980 6.1962e-05
ACC2 1024 4 5.00 0.9800 3.94 1.000 2.8502e-03
ACC2 1024 4 5.00 0.9800 8.14 0.900 0.0000e+00
ACC2 1024 4 5.00 0.9800 8.14 0.930 0.0000e+00
ACC2 1024 4 5.00 0.9800 8.14 0.960 6.3796e-05
ACC2 1024 4 5.00 0.9800 8.14 0.980 1.9139e-04
ACC2 1024 4 5.00 0.9800 8.14 1.000 1.8501e-03
ACC2 1024 4 5.00 0.9800 16.12 0.900 0.0000e+00
ACC2 1024 4 5.00 0.9800 16.12 0.930 0.0000e+00
ACC2 1024 4 5.00 0.9800 16.12 0.960 0.0000e+00
ACC2 1024 4 5.00 0.9800 16.12 0.980 0.0000e+00
ACC2 1024 4 5.00 0.9800 16.12 1.000 5.8931e-04
ACC2 1024 4 5.00 0.9800 32.60 0.900 0.0000e+00
ACC2 1024 4 5.00 0.9800 32.60 0.930 0.0000e+00
ACC2 1024 4 5.00 0.9800 32.60 0.960 0.0000e+00
ACC2 1024 4 5.00 0.9800 32.60 0.980 0.0000e+00
ACC2 1024 4 5.00 0.9800 32.60 1.000 1.3399e-04
ACC2 1024 4 5.00 0.9800 64.54 0.900 0.0000e+00
ACC2 1024 4 5.00 0.9800 64.54 0.930 0.0000e+00
ACC2 1024 4 5.00 0.9800 64.54 0.960 0.0000e+00
ACC2 1024 4 5.00 0.9800 64.54 0.980 0.0000e+00
ACC2 1024 4 5.00 0.9800 64.54 1.000 0.0000e+00
ACC2 1024 4 5.00 0.9800 130.28 0.900 0.0000e+00
ACC2 1024 4 5.00 0.9800 130.28 0.930 0.0000e+00
ACC2 1024 4 5.00 0.9800 130.28 0.960 0.0000e+00
ACC2 1024 4 5.00 0.9800 130.28 0.980 0.0000e+00
ACC2 1024 4 5.00 0.9800 130.28 1.000 0.0000e+00
ACC2 1024 4 5.00 0.9950 2.03 0.900 0.0000e+00
ACC2 1024 4 5.00 0.9950 2.03 0.930 0.0000e+00
ACC2 1024 4 5.00 0.9950 2.03 0.960 0.0000e+00
ACC2 1024 4 5.00 0.9950 2.03 0.980 5.1043e-04
ACC2 1024 4 5.00 0.9950 2.03 1.000 2.9733e-02
ACC2 1024 4 5.00 0.9950 3.94 0.900 0.0000e+00
ACC2 1024 4 5.00 0.9950 3.94 0.930 0.0000e+00
ACC2 1024 4 5.00 0.9950 3.94 0.960 0.0000e+00
ACC2 1024 4 5.00 0.9950 3.94 0.980 5.2002e-04
ACC2 1024 4 5.00 0.9950 3.94 1.000 1.6641e-02
ACC2 1024 4 5.00 0.9950 8.14 0.900 0.0000e+00
ACC2 1024 4 5.00 0.9950 8.14 0.930 0.0000e+00
ACC2 1024 4 5.00 0.9950 8.14 0.960 0.0000e+00
ACC2 1024 4 5.00 0.9950 8.14 0.980 3.3082e-04
ACC2 1024 4 5.00 0.9950 8.14 1.000 6.2856e-03
ACC2 1024 4 5.00 0.9950 16.12 0.900 0.0000e+00
ACC2 1024 4 5.00 0.9950 16.12 0.930 0.0000e+00
ACC2 1024 4 5.00 0.9950 16.12 0.960 0.0000e+00
ACC2 1024 4 5.00 0.9950 16.12 0.980 0.0000e+00
ACC2 1024 4 5.00 0.9950 16.12 1.000 1.2747e-03
ACC2 1024 4 5.00 0.9950 32.60 0.900 0.0000e+00
ACC2 1024 4 5.00 0.9950 32.60 0.930 0.0000e+00
ACC2 1024 4 5.00 0.9950 32.60 0.960 0.0000e+00
ACC2 1024 4 5.00 0.9950 32.60 0.980 0.0000e+00
ACC2 1024 4 5.00 0.9950 32.60 1.000 0.0000e+00
ACC2 1024 4 5.00 0.9950 64.54 0.900 0.0000e+00
ACC2 1024 4 5.00 0.9950 64.54 0.930 0.0000e+00
ACC2 1024 4 5.00 0.9950 64.54 0.960 0.0000e+00
ACC2 1024 4 5.00 0.9950 64.54 0.980 0.0000e+00
ACC2 1024 4 5.00 0.9950 64.54 1.000 0.0000e+00
ACC2 1024 4 5.00 0.9950 130.28 0.900 0.0000e+00
ACC2 1024 4 5.00 0.9950 130.28 0.930 0.0000e+00
ACC2 1024 4 5.00 0.9950 130.28 0.960 0.0000e+00
ACC2 1024 4 5.00 0.9950 130.28 0.980 0.0000e+00
ACC2 1024 4 5.00 0.9950 130.28 1.000 0.0000e+00
ACC2 1024 4 5.50 0.8000 2.03 0.900 0.0000e+00
ACC2 1024 4 5.50 0.8000 2.03 0.930 0.0000e+00
ACC2 1024 4 5.50 0.8000 2.03 0.960 2.4814e-04
ACC2 1024 4 5.50 0.8000 2.03 0.980 3.1017e-04
ACC2 1024 4 5.50 0.8000 2.03 1.000 4.9628e-04
ACC2 1024 4 5.50 0.8000 3.94 0.900 6.5415e-05
ACC2 1024 4 5.50 0.8000 3.94 0.930 6.5415e-05
ACC2 1024 4 5.50 0.8000 3.94 0.960 1.9625e-04
ACC2 1024 4 5.50 0.8000 3.94 0.980 3.9249e-04
ACC2 1024 4 5.50 0.8000 3.94 1.000 3.9249e-04
ACC2 1024 4 5.50 0.8000 8.14 0.900 0.0000e+00
ACC2 1024 4 5.50 0.8000 8.14 0.930 6.8334e-05
ACC2 1024 4 5.50 0.8000 8.14 0.960 6.8334e-05
ACC2 1024 4 5.50 0.8000 8.14 0.980 1.3667e-04
ACC2 1024 4 5.50 0.8000 8.14 1.000 2.7334e-04
ACC2 1024 4 5.50 0.8000 16.12 0.900 0.0000e+00
ACC2 1024 4 5.50 0.8000 16.12 0.930 1.4172e-04
ACC2 1024 4 5.50 0.8000 16.12 0.960 2.8345e-04
ACC2 1024 4 5.50 0.8000 16.12 0.980 4.2517e-04
ACC2 1024 4 5.50 0.8000 16.12 1.000 4.9603e-04
ACC2 1024 4 5.50 0.8000 32.60 0.900 7.2632e-05
ACC2 1024 4 5.50 0.8000 32.60 0.930 7.2632e-05
ACC2 1024 4 5.50 0.8000 32.60 0.960 1.4526e-04
ACC2 1024 4 5.50 0.8000 32.60 0.980 2.1790e-04
ACC2 1024 4 5.50 0.8000 32.60 1.000 4.3579e-04
ACC2 1024 4 5.50 0.8000 64.54 0.900 0.0000e+00
ACC2 1024 4 5.50 0.8000 64.54 0.930 0.0000e+00
ACC2 1024 4 5.50 0.8000 64.54 0.960 0.0000e+00
ACC2 1024 4 5.50 0.8000 64.54 0.980 1.4896e-04
ACC2 1024 4 5.50 0.8000 64.54 1.000 2.2345e-04
ACC2 1024 4 5.50 0.8000 130.28 0.900 0.0000e+00
ACC2 1024 4 5.50 0.8000 130.28 0.930 0.0000e+00
ACC2 1024 4 5.50 0.8000 130.28 0.960 0.0000e+00
ACC2 1024 4 5.50 0.8000 130.28 0.980 0.0000e+00
ACC2 1024 4 5.50 0.8000 130.28 1.000 0.0000e+00
ACC2 1024 4 5.50 0.9000 2.03 0.900 0.0000e+00
ACC2 1024 4 5.50 0.9000 2.03 0.930 0.0000e+00
ACC2 1024 4 5.50 0.9000 2.03 0.960 5.9453e-05
ACC2 1024 4 5.50 0.9000 2.03 0.980 1.7836e-04
ACC2 1024 4 5.50 0.9000 2.03 1.000 3.5672e-04
ACC2 1024 4 5.50 0.9000 3.94 0.900 0.0000e+00
ACC2 1024 4 5.50 0.9000 3.94 0.930 0.0000e+00
ACC2 1024 4 5.50 0.9000 3.94 0.960 0.0000e+00
ACC2 1024 4 5.50 0.9000 3.94 0.980 1.8700e-04
ACC2 1024 4 5.50 0.9000 3.94 1.000 5.6099e-04
ACC2 1024 4 5.50 0.9000 8.14 0.900 0.0000e+00
ACC2 1024 4 5.50 0.9000 8.14 0.930 0.0000e+00
ACC2 1024 4 5.50 0.9000 8.14 0.960 6.5411e-05
ACC2 1024 4 5.50 0.9000 8.14 0.980 6.5411e-05
ACC2 1024 4 5.50 0.9000 8.14 1.000 3.2705e-04
ACC2 1024 4 5.50 0.9000 16.12 0.900 0.0000e+00
ACC2 1024 4 5.50 0.9000 16.12 0.930 0.0000e+00
ACC2 1024 4 5.50 0.9000 16.12 0.960 6.7921e-05
ACC2 1024 4 5.50 0.9000 16.12 0.980 1.3584e-04
ACC2 1024 4 5.50 0.9000 16.12 1.000 3.3960e-04
ACC2 1024 4 5.50 0.9000 32.60 0.900 0.0000e+00
ACC2 1024 4 5.50 0.9000 32.60 0.930 0.0000e+00
ACC2 1024 4 5.50 0.9000 32.60 0.960 0.0000e+00
ACC2 1024 4 5.50 0.9000 32.60 0.980 1.4031e-04
ACC2 1024 4 5.50 0.9000 32.60 1.000 3.5078e-04
ACC2 1024 4 5.50 0.9000 64.54 0.900 0.0000e+00
ACC2 1024 4 5.50 0.9000 64.54 0.930 0.0000e+00
ACC2 1024 4 5.50 0.9000 64.54 0.960 7.2537e-05
ACC2 1024 4 5.50 0.9000 64.54 0.980 7.2537e-05
ACC2 1024 4 5.50 0.9000 64.54 1.000 7.2537e-05
ACC2 1024 4 5.50 0.9000 130.28 0.900 0.0000e+00
ACC2 1024 4 5.50 0.9000 130.28 0.930 0.0000e+00
ACC2 1024 4 5.50 0.9000 130.28 0.960 0.0000e+00
ACC2 1024 4 5.50 0.9000 130.28 0.980 0.0000e+00
ACC2 1024 4 5.50 0.9000 130.28 1.000 0.0000e+00
ACC2 1024 4 5.50 0.9500 2.03 0.900 0.0000e+00
ACC2 1024 4 5.50 0.9500 2.03 0.930 0.0000e+00
ACC2 1024 4 5.50 0.9500 2.03 0.960 0.0000e+00
ACC2 1024 4 5.50 0.9500 2.03 0.980 5.9609e-05
ACC2 1024 4 5.50 0.9500 2.03 1.000 5.9609e-04
ACC2 1024 4 5.50 0.9500 3.94 0.900 0.0000e+00
ACC2 1024 4 5.50 0.9500 3.94 0.930 0.0000e+00
ACC2 1024 4 5.50 0.9500 3.94 0.960 0.0000e+00
ACC2 1024 4 5.50 0.9500 3.94 0.980 6.2050e-05
ACC2 1024 4 5.50 0.9500 3.94 1.000 7.4460e-04
ACC2 1024 4 5.50 0.9500 8.14 0.900 0.0000e+00
ACC2 1024 4 5.50 0.9500 8.14 0.930 0.0000e+00
ACC2 1024 4 5.50 0.9500 8.14 0.960 0.0000e+00
ACC2 1024 4 5.50 0.9500 8.14 0.980 6.4533e-05
ACC2 1024 4 5.50 0.9500 8.14 1.000 1.2907e-04
ACC2 1024 4 5.50 0.9500 16.12 0.900 0.0000e+00
ACC2 1024 4 5.50 0.9500 16.12 0.930 0.0000e+00
ACC2 1024 4 5.50 0.9500 16.12 0.960 6.6916e-05
ACC2 1024 4 5.50 0.9500 16.12 0.980 2.0075e-04
ACC2 1024 4 5.50 0.9500 16.12 1.000 4.0150e-04
ACC2 1024 4 5.50 0.9500 32.60 0.900 0.0000e+00
ACC2 1024 4 5.50 0.9500 32.60 0.930 0.0000e+00
ACC2 1024 4 5.50 0.9500 32.60 0.960 0.0000e+00
ACC2 1024 4 5.50 0.9500 32.60 0.980 0.0000e+00
ACC2 1024 4 5.50 0.9500 32.60 1.000 1.3788e-04
ACC2 1024 4 5.50 0.9500 64.54 0.900 0.0000e+00
ACC2 1024 4 5.50 0.9500 64.54 0.930 0.0000e+00
ACC2 1024 4 5.50 0.9500 64.54 0.960 0.0000e+00
ACC2 1024 4 5.50 0.9500 64.54 0.980 0.0000e+00
ACC2 1024 4 5.50 0.9500 64.54 1.000 0.0000e+00
ACC2 1024 4 5.50 0.9500 130.28 0.900 0.0000e+00
ACC2 1024 4 5.50 0.9500 130.28 0.930 0.0000e+00
ACC2 1024 4 5.50 0.9500 130.28 0.960 0.0000e+00
ACC2 1024 4 5.50 0.9500 130.28 0.980 0.0000e+00
ACC2 1024 4 5.50 0.9500 130.28 1.000 0.0000e+00
ACC2 1024 4 5.50 0.9800 2.03 0.900 0.0000e+00
ACC2 1024 4 5.50 0.9800 2.03 0.930 0.0000e+00
ACC2 1024 4 5.50 0.9800 2.03 0.960 0.0000e+00
ACC2 1024 4 5.50 0.9800 2.03 0.980 1.8476e-04
ACC2 1024 4 5.50 0.9800 2.03 1.000 4.0648e-03
ACC2 1024 4 5.50 0.9800 3.94 0.900 0.0000e+00
ACC2 1024 4 5.50 0.9800 3.94 0.930 0.0000e+00
ACC2 1024 4 5.50 0.9800 3.94 0.960 0.0000e+00
ACC2 1024 4 5.50 0.9800 3.94 0.980 1.2699e-04
ACC2 1024 4 5.50 0.9800 3.94 1.000 2.4129e-03
ACC2 1024 4 5.50 0.9800 8.14 0.900 0.0000e+00
ACC2 1024 4 5.50 0.9800 8.14 0.930 0.0000e+00
ACC2 1024 4 5.50 0.9800 8.14 0.960 6.5398e-05
ACC2 1024 4 5.50 0.9800 8.14 0.980 1.3080e-04
ACC2 1024 4 5.50 0.9800 8.14 1.000 1.3734e-03
ACC2 1024 4 5.50 0.9800 16.12 0.900 0.0000e+00
ACC2 1024 4 5.50 0.9800 16.12 0.930 0.0000e+00
ACC2 1024 4 5.50 0.9800 16.12 0.960 0.0000e+00
ACC2 1024 4 5.50 0.9800 16.12 0.980 0.0000e+00
ACC2 1024 4 5.50 0.9800 16.12 1.000 3.3550e-04
ACC2 1024 4 5.50 0.9800 32.60 0.900 0.0000e+00
ACC2 1024 4 5.50 0.9800 32.60 0.930 0.0000e+00
ACC2 1024 4 5.50 0.9800 32.60 0.960 0.0000e+00
ACC2 1024 4 5.50 0.9800 32.60 0.980 0.0000e+00
ACC2 1024 4 5.50 0.9800 32.60 1.000 6.8700e-05
ACC2 1024 4 5.50 0.9800 64.54 0.900 0.0000e+00
ACC2 1024 4 5.50 0.9800 64.54 0.930 0.0000e+00
ACC2 1024 4 5.50 0.9800 64.54 0.960 0.0000e+00
ACC2 1024 4 5.50 0.9800 64.54 0.980 0.0000e+00
ACC2 1024 4 5.50 0.9800 64.54 1.000 0.0000e+00
ACC2 1024 4 5.50 0.9800 130.28 0.900 0.0000e+00
ACC2 1024 4 5.50 0.9800 130.28 0.930 0.0000e+00
ACC2 1024 4 5.50 0.9800 130.28 0.960 0.0000e+00
ACC2 1024 4 5.50 0.9800 130.28 0.980 0.0000e+00
ACC2 1024 4 5.50 0.9800 130.28 1.000 0.0000e+00
ACC2 1024 4 5.50 0.9950 2.03 0.900 0.0000e+00
ACC2 1024 4 5.50 0.9950 2.03 0.930 0.0000e+00
ACC2 1024 4 5.50 0.9950 2.03 0.960 0.0000e+00
ACC2 1024 4 5.50 0.9950 2.03 0.980 1.9549e-04
ACC2 1024 4 5.50 0.9950 2.03 1.000 2.4827e-02
ACC2 1024 4 5.50 0.9950 3.94 0.900 0.0000e+00
ACC2 1024 4 5.50 0.9950 3.94 0.930 0.0000e+00
ACC2 1024 4 5.50 0.9950 3.94 0.960 0.0000e+00
ACC2 1024 4 5.50 0.9950 3.94 0.980 1.9899e-04
ACC2 1024 4 5.50 0.9950 3.94 1.000 1.5057e-02
ACC2 1024 4 5.50 0.9950 8.14 0.900 0.0000e+00
ACC2 1024 4 5.50 0.9950 8.14 0.930 0.0000e+00
ACC2 1024 4 5.50 0.9950 8.14 0.960 0.0000e+00
ACC2 1024 4 5.50 0.9950 8.14 0.980 1.3515e-04
ACC2 1024 4 5.50 0.9950 8.14 1.000 4.7304e-03
ACC2 1024 4 5.50 0.9950 16.12 0.900 0.0000e+00
ACC2 1024 4 5.50 0.9950 16.12 0.930 0.0000e+00
ACC2 1024 4 5.50 0.9950 16.12 0.960 0.0000e+00
ACC2 1024 4 5.50 0.9950 16.12 0.980 0.0000e+00
ACC2 1024 4 5.50 0.9950 16.12 1.000 1.3007e-03
ACC2 1024 4 5.50 0.9950 32.60 0.900 0.0000e+00
ACC2 1024 4 5.50 0.9950 32.60 0.930 0.0000e+00
ACC2 1024 4 5.50 0.9950 32.60 0.960 0.0000e+00
ACC2 1024 4 5.50 0.9950 32.60 0.980 0.0000e+00
ACC2 1024 4 5.50 0.9950 32.60 1.000 0.0000e+00
ACC2 1024 4 5.50 0.9950 64.54 0.900 0.0000e+00
ACC2 1024 4 5.50 0.9950 64.54 0.930 0.0000e+00
ACC2 1024 4 5.50 0.9950 64.54 0.960 0.0000e+00
ACC2 1024 4 5.50 0.9950 64.54 0.980 0.0000e+00
ACC2 1024 4 5.50 0.9950 64.54 1.000 0.0000e+00
ACC2 1024 4 5.50 0.9950 130.28 0.900 0.0000e+00
ACC2 1024 4 5.50 0.9950 130.28 0.930 0.0000e+00
ACC2 1024 4 5.50 0.9950 130.28 0.960 0.0000e+00
ACC2 1024 4 5.50 0.9950 130.28 0.980 0.0000e+00
ACC2 1024 4 5.50 0.9950 130.28 1.000 0.0000e+00
ACC2 1024 4 6.00 0.8000 2.03 0.900 0.0000e+00
ACC2 1024 4 6.00 0.8000 2.03 0.930 0.0000e+00
ACC2 1024 4 6.00 0.8000 2.03 0.960 2.6318e-04
ACC2 1024 4 6.00 0.8000 2.03 0.980 3.2897e-04
ACC2 1024 4 6.00 0.8000 2.03 1.000 5.9214e-04
ACC2 1024 4 6.00 0.8000 3.94 0.900 1.3735e-04
ACC2 1024 4 6.00 0.8000 3.94 0.930 1.3735e-04
ACC2 1024 4 6.00 0.8000 3.94 0.960 2.0603e-04
ACC2 1024 4 6.00 0.8000 3.94 0.980 4.1206e-04
ACC2 1024 4 6.00 0.8000 3.94 1.000 4.8074e-04
ACC2 1024 4 6.00 0.8000 8.14 0.900 0.0000e+00
ACC2 1024 4 6.00 0.8000 8.14 0.930 7.1250e-05
ACC2 1024 4 6.00 0.8000 8.14 0.960 7.1250e-05
ACC2 1024 4 6.00 0.8000 8.14 0.980 1.4250e-04
ACC2 1024 4 6.00 0.8000 8.14 1.000 2.8500e-04
ACC2 1024 4 6.00 0.8000 16.12 0.900 0.0000e+00
ACC2 1024 4 6.00 0.8000 16.12 0.930 0.0000e+00
ACC2 1024 4 6.00 0.8000 16.12 0.960 2.9201e-04
ACC2 1024 4 6.00 0.8000 16.12 0.980 4.3802e-04
ACC2 1024 4 6.00 0.8000 16.12 1.000 5.1102e-04
ACC2 1024 4 6.00 0.8000 32.60 0.900 0.0000e+00
ACC2 1024 4 6.00 0.8000 32.60 0.930 7.4427e-05
ACC2 1024 4 6.00 0.8000 32.60 0.960 1.4885e-04
ACC2 1024 4 6.00 0.8000 32.60 0.980 2.9771e-04
ACC2 1024 4 6.00 0.8000 32.60 1.000 4.4656e-04
ACC2 1024 4 6.00 0.8000 64.54 0.900 0.0000e+00
ACC2 1024 4 6.00 0.8000 64.54 0.930 7.5683e-05
ACC2 1024 4 6.00 0.8000 64.54 0.960 1.5137e-04
ACC2 1024 4 6.00 0.8000 64.54 0.980 1.5137e-04
ACC2 1024 4 6.00 0.8000 64.54 1.000 2.2705e-04
ACC2 1024 4 6.00 0.8000 130.28 0.900 0.0000e+00
ACC2 1024 4 6.00 0.8000 130.28 0.930 0.0000e+00
ACC2 1024 4 6.00 0.8000 130.28 0.960 0.0000e+00
ACC2 1024 4 6.00 0.8000 130.28 0.980 0.0000e+00
ACC2 1024 4 6.00 0.8000 130.28 1.000 0.0000e+00
ACC2 1024 4 6.00 0.9000 2.03 0.900 0.0000e+00
ACC2 1024 4 6.00 0.9000 2.03 0.930 0.0000e+00
ACC2 1024 4 6.00 0.9000 2.03 0.960 6.1877e-05
ACC2 1024 4 6.00 0.9000 2.03 0.980 1.2375e-04
ACC2 1024 4 6.00 0.9000 2.03 1.000 3.7126e-04
ACC2 1024 4 6.00 0.9000 3.94 0.900 0.0000e+00
ACC2 1024 4 6.00 0.9000 3.94 0.930 0.0000e+00
ACC2 1024 4 6.00 0.9000 3.94 0.960 0.0000e+00
ACC2 1024 4 6.00 0.9000 3.94 0.980 1.9428e-04
ACC2 1024 4 6.00 0.9000 3.94 1.000 5.8283e-04
ACC2 1024 4 6.00 0.9000 8.14 0.900 0.0000e+00
ACC2 1024 4 6.00 0.9000 8.14 0.930 0.0000e+00
ACC2 1024 4 6.00 0.9000 8.14 0.960 0.0000e+00
ACC2 1024 4 6.00 0.9000 8.14 0.980 6.7787e-05
ACC2 1024 4 6.00 0.9000 8.14 1.000 3.3894e-04
ACC2 1024 4 6.00 0.9000 16.12 0.900 0.0000e+00
ACC2 1024 4 6.00 0.9000 16.12 0.930 0.0000e+00
ACC2 1024 4 6.00 0.9000 16.12 0.960 7.0092e-05
ACC2 1024 4 6.00 0.9000 16.12 0.980 1.4018e-04
ACC2 1024 4 6.00 0.9000 16.12 1.000 3.5046e-04
ACC2 1024 4 6.00 0.9000 32.60 0.900 0.0000e+00
ACC2 1024 4 6.00 0.9000 32.60 0.930 0.0000e+00
ACC2 1024 4 6.00 0.9000 32.60 0.960 0.0000e+00
ACC2 1024 4 6.00 0.9000 32.60 0.980 1.4405e-04
ACC2 1024 4 6.00 0.9000 32.60 1.000 3.6013e-04
ACC2 1024 4 6.00 0.9000 64.54 0.900 0.0000e+00
ACC2 1024 4 6.00 0.9000 64.54 0.930 0.0000e+00
ACC2 1024 4 6.00 0.9000 64.54 0.960 7.4014e-05
ACC2 1024 4 6.00 0.9000 64.54 0.980 7.4014e-05
ACC2 1024 4 6.00 0.9000 64.54 1.000 7.4014e-05
ACC2 1024 4 6.00 0.9000 130.28 0.900 0.0000e+00
ACC2 1024 4 6.00 0.9000 130.28 0.930 0.0000e+00
ACC2 1024 4 6.00 0.9000 130.28 0.960 0.0000e+00
ACC2 1024 4 6.00 0.9000 130.28 0.980 0.0000e+00
ACC2 1024 4 6.00 0.9000 130.28 1.000 0.0000e+00
ACC2 1024 4 6.00 0.9500 2.03 0.900 0.0000e+00
ACC2 1024 4 6.00 0.9500 2.03 0.930 0.0000e+00
ACC2 1024 4 6.00 0.9500 2.03 0.960 0.0000e+00
ACC2 1024 4 6.00 0.9500 2.03 0.980 6.1278e-05
ACC2 1024 4 6.00 0.9500 2.03 1.000 6.7406e-04
ACC2 1024 4 6.00 0.9500 3.94 0.900 0.0000e+00
ACC2 1024 4 6.00 0.9500 3.94 0.930 0.0000e+00
ACC2 1024 4 6.00 0.9500 3.94 0.960 0.0000e+00
ACC2 1024 4 6.00 0.9500 3.94 0.980 0.0000e+00
ACC2 1024 4 6.00 0.9500 3.94 1.000 4.4717e-04
ACC2 1024 4 6.00 0.9500 8.14 0.900 0.0000e+00
ACC2 1024 4 6.00 0.9500 8.14 0.930 0.0000e+00
ACC2 1024 4 6.00 0.9500 8.14 0.960 0.0000e+00
ACC2 1024 4 6.00 0.9500 8.14 0.980 6.6304e-05
ACC2 1024 4 6.00 0.9500 8.14 1.000 2.6522e-04
ACC2 1024 4 6.00 0.9500 16.12 0.900 0.0000e+00
ACC2 1024 4 6.00 0.9500 16.12 0.930 0.0000e+00
ACC2 1024 4 6.00 0.9500 16.12 0.960 0.0000e+00
ACC2 1024 4 6.00 0.9500 16.12 0.980 1.3704e-04
ACC2 1024 4 6.00 0.9500 16.12 1.000 4.1113e-04
ACC2 1024 4 6.00 0.9500 32.60 0.900 0.0000e+00
ACC2 1024 4 6.00 0.9500 32.60 0.930 0.0000e+00
ACC2 1024 4 6.00 0.9500 32.60 0.960 0.0000e+00
ACC2 1024 4 6.00 0.9500 32.60 0.980 0.0000e+00
ACC2 1024 4 6.00 0.9500 32.60 1.000 1.4096e-04
ACC2 1024 4 6.00 0.9500 64.54 0.900 0.0000e+00
ACC2 1024 4 6.00 0.9500 64.54 0.930 0.0000e+00
ACC2 1024 4 6.00 0.9500 64.54 0.960 0.0000e+00
ACC2 1024 4 6.00 0.9500 64.54 0.980 0.0000e+00
ACC2 1024 4 6.00 0.9500 64.54 1.000 0.0000e+00
ACC2 1024 4 6.00 0.9500 130.28 0.900 0.0000e+00
ACC2 1024 4 6.00 0.9500 130.28 0.930 0.0000e+00
ACC2 1024 4 6.00 0.9500 130.28 0.960 0.0000e+00
ACC2 1024 4 6.00 0.9500 130.28 0.980 0.0000e+00
ACC2 1024 4 6.00 0.9500 130.28 1.000 0.0000e+00
ACC2 1024 4 6.00 0.9800 2.03 0.900 0.0000e+00
ACC2 1024 4 6.00 0.9800 2.03 0.930 0.0000e+00
ACC2 1024 4 6.00 0.9800 2.03 0.960 0.0000e+00
ACC2 1024 4 6.00 0.9800 2.03 0.980 6.2873e-05
ACC2 1024 4 6.00 0.9800 2.03 1.000 2.8922e-03
ACC2 1024 4 6.00 0.9800 3.94 0.900 0.0000e+00
ACC2 1024 4 6.00 0.9800 3.94 0.930 0.0000e+00
ACC2 1024 4 6.00 0.9800 3.94 0.960 0.0000e+00
ACC2 1024 4 6.00 0.9800 3.94 0.980 1.2958e-04
ACC2 1024 4 6.00 0.9800 3.94 1.000 1.6197e-03
ACC2 1024 4 6.00 0.9800 8.14 0.900 0.0000e+00
ACC2 1024 4 6.00 0.9800 8.14 0.930 0.0000e+00
ACC2 1024 4 6.00 0.9800 8.14 0.960 6.6729e-05
ACC2 1024 4 6.00 0.9800 8.14 0.980 1.3346e-04
ACC2 1024 4 6.00 0.9800 8.14 1.000 9.3421e-04
ACC2 1024 4 6.00 0.9800 16.12 0.900 0.0000e+00
ACC2 1024 4 6.00 0.9800 16.12 0.930 0.0000e+00
ACC2 1024 4 6.00 0.9800 16.12 0.960 0.0000e+00
ACC2 1024 4 6.00 0.9800 16.12 0.980 0.0000e+00
ACC2 1024 4 6.00 0.9800 16.12 1.000 6.8446e-05
ACC2 1024 4 6.00 0.9800 32.60 0.900 0.0000e+00
ACC2 1024 4 6.00 0.9800 32.60 0.930 0.0000e+00
ACC2 1024 4 6.00 0.9800 32.60 0.960 0.0000e+00
ACC2 1024 4 6.00 0.9800 32.60 0.980 0.0000e+00
ACC2 1024 4 6.00 0.9800 32.60 1.000 0.0000e+00
ACC2 1024 4 6.00 0.9800 64.54 0.900 0.0000e+00
ACC2 1024 4 6.00 0.9800 64.54 0.930 0.0000e+00
ACC2 1024 4 6.00 0.9800 64.54 0.960 0.0000e+00
ACC2 1024 4 6.00 0.9800 64.54 0.980 0.0000e+00
ACC2 1024 4 6.00 0.9800 64.54 1.000 0.0000e+00
ACC2 1024 4 6.00 0.9800 130.28 0.900 0.0000e+00
ACC2 1024 4 6.00 0.9800 130.28 0.930 0.0000e+00
ACC2 1024 4 6.00 0.9800 130.28 0.960 0.0000e+00
ACC2 1024 4 6.00 0.9800 130.28 0.980 0.0000e+00
ACC2 1024 4 6.00 0.9800 130.28 1.000 0.0000e+00
ACC2 1024 4 6.00 0.9950 2.03 0.900 0.0000e+00
ACC2 1024 4 6.00 0.9950 2.03 0.930 0.0000e+00
ACC2 1024 4 6.00 0.9950 2.03 0.960 0.0000e+00
ACC2 1024 4 6.00 0.9950 2.03 0.980 0.0000e+00
ACC2 1024 4 6.00 0.9950 2.03 1.000 1.7732e-02
ACC2 1024 4 6.00 0.9950 3.94 0.900 0.0000e+00
ACC2 1024 4 6.00 0.9950 3.94 0.930 0.0000e+00
ACC2 1024 4 6.00 0.9950 3.94 0.960 0.0000e+00
ACC2 1024 4 6.00 0.9950 3.94 0.980 6.7376e-05
ACC2 1024 4 6.00 0.9950 3.94 1.000 9.9717e-03
ACC2 1024 4 6.00 0.9950 8.14 0.900 0.0000e+00
ACC2 1024 4 6.00 0.9950 8.14 0.930 0.0000e+00
ACC2 1024 4 6.00 0.9950 8.14 0.960 0.0000e+00
ACC2 1024 4 6.00 0.9950 8.14 0.980 0.0000e+00
ACC2 1024 4 6.00 0.9950 8.14 1.000 2.6077e-03
ACC2 1024 4 6.00 0.9950 16.12 0.900 0.0000e+00
ACC2 1024 4 6.00 0.9950 16.12 0.930 0.0000e+00
ACC2 1024 4 6.00 0.9950 16.12 0.960 0.0000e+00
ACC2 1024 4 6.00 0.9950 16.12 0.980 0.0000e+00
ACC2 1024 4 6.00 0.9950 16.12 1.000 5.5668e-04
ACC2 1024 4 6.00 0.9950 32.60 0.900 0.0000e+00
ACC2 1024 4 6.00 0.9950 32.60 0.930 0.0000e+00
ACC2 1024 4 6.00 0.9950 32.60 0.960 0.0000e+00
ACC2 1024 4 6.00 0.9950 32.60 0.980 0.0000e+00
ACC2 1024 4 6.00 0.9950 32.60 1.000 0.0000e+00
ACC2 1024 4 6.00 0.9950 64.54 0.900 0.0000e+00
ACC2 1024 4 6.00 0.9950 64.54 0.930 0.0000e+00
ACC2 1024 4 6.00 0.9950 64.54 0.960 0.0000e+00
ACC2 1024 4 6.00 0.9950 64.54 0.980 0.0000e+00
ACC2 1024 4 6.00 0.9950 64.54 1.000 0.0000e+00
ACC2 1024 4 6.00 0.9950 130.28 0.900 0.0000e+00
ACC2 1024 4 6.00 0.9950 130.28 0.930 0.0000e+00
ACC2 1024 4 6.00 0.9950 130.28 0.960 0.0000e+00
ACC2 1024 4 6.00 0.9950 130.28 0.980 0.0000e+00
ACC2 1024 4 6.00 0.9950 130.28 1.000 0.0000e+00
ACC2 1024 4 6.50 0.8000 2.03 0.900 0.0000e+00
ACC2 1024 4 6.50 0.8000 2.03 0.930 0.0000e+00
ACC2 1024 4 6.50 0.8000 2.03 0.960 2.7584e-04
ACC2 1024 4 6.50 0.8000 2.03 0.980 2.7584e-04
ACC2 1024 4 6.50 0.8000 2.03 1.000 6.2065e-04
ACC2 1024 4 6.50 0.8000 3.94 0.900 7.1276e-05
ACC2 1024 4 6.50 0.8000 3.94 0.930 1.4255e-04
ACC2 1024 4 6.50 0.8000 3.94 0.960 2.1383e-04
ACC2 1024 4 6.50 0.8000 3.94 0.980 4.2766e-04
ACC2 1024 4 6.50 0.8000 3.94 1.000 4.9893e-04
ACC2 1024 4 6.50 0.8000 8.14 0.900 0.0000e+00
ACC2 1024 4 6.50 0.8000 8.14 0.930 7.3325e-05
ACC2 1024 4 6.50 0.8000 8.14 0.960 7.3325e-05
ACC2 1024 4 6.50 0.8000 8.14 0.980 1.4665e-04
ACC2 1024 4 6.50 0.8000 8.14 1.000 2.9330e-04
ACC2 1024 4 6.50 0.8000 16.12 0.900 0.0000e+00
ACC2 1024 4 6.50 0.8000 16.12 0.930 0.0000e+00
ACC2 1024 4 6.50 0.8000 16.12 0.960 2.2396e-04
ACC2 1024 4 6.50 0.8000 16.12 0.980 4.4793e-04
ACC2 1024 4 6.50 0.8000 16.12 1.000 5.2258e-04
ACC2 1024 4 6.50 0.8000 32.60 0.900 0.0000e+00
ACC2 1024 4 6.50 0.8000 32.60 0.930 7.5666e-05
ACC2 1024 4 6.50 0.8000 32.60 0.960 1.5133e-04
ACC2 1024 4 6.50 0.8000 32.60 0.980 3.0266e-04
ACC2 1024 4 6.50 0.8000 32.60 1.000 3.7833e-04
ACC2 1024 4 6.50 0.8000 64.54 0.900 0.0000e+00
ACC2 1024 4 6.50 0.8000 64.54 0.930 7.6523e-05
ACC2 1024 4 6.50 0.8000 64.54 0.960 7.6523e-05
ACC2 1024 4 6.50 0.8000 64.54 0.980 1.5305e-04
ACC2 1024 4 6.50 0.8000 64.54 1.000 2.2957e-04
ACC2 1024 4 6.50 0.8000 130.28 0.900 0.0000e+00
ACC2 1024 4 6.50 0.8000 130.28 0.930 0.0000e+00
ACC2 1024 4 6.50 0.8000 130.28 0.960 0.0000e+00
ACC2 1024 4 6.50 0.8000 130.28 0.980 0.0000e+00
ACC2 1024 4 6.50 0.8000 130.28 1.000 0.0000e+00
ACC2 1024 4 6.50 0.9000 2.03 0.900 0.0000e+00
ACC2 1024 4 6.50 0.9000 2.03 0.930 0.0000e+00
ACC2 1024 4 6.50 0.9000 2.03 0.960 6.4070e-05
ACC2 1024 4 6.50 0.9000 2.03 0.980 1.2814e-04
ACC2 1024 4 6.50 0.9000 2.03 1.000 3.8442e-04
ACC2 1024 4 6.50 0.9000 3.94 0.900 0.0000e+00
ACC2 1024 4 6.50 0.9000 3.94 0.930 0.0000e+00
ACC2 1024 4 6.50 0.9000 3.94 0.960 0.0000e+00
ACC2 1024 4 6.50 0.9000 3.94 0.980 1.3366e-04
ACC2 1024 4 6.50 0.9000 3.94 1.000 4.6782e-04
ACC2 1024 4 6.50 0.9000 8.14 0.900 0.0000e+00
ACC2 1024 4 6.50 0.9000 8.14 0.930 0.0000e+00
ACC2 1024 4 6.50 0.9000 8.14 0.960 0.0000e+00
ACC2 1024 4 6.50 0.9000 8.14 0.980 6.9793e-05
ACC2 1024 4 6.50 0.9000 8.14 1.000 4.1876e-04
ACC2 1024 4 6.50 0.9000 16.12 0.900 0.0000e+00
ACC2 1024 4 6.50 0.9000 16.12 0.930 0.0000e+00
ACC2 1024 4 6.50 0.9000 16.12 0.960 7.2046e-05
ACC2 1024 4 6.50 0.9000 16.12 0.980 1.4409e-04
ACC2 1024 4 6.50 0.9000 16.12 1.000 3.6023e-04
ACC2 1024 4 6.50 0.9000 32.60 0.900 0.0000e+00
ACC2 1024 4 6.50 0.9000 32.60 0.930 0.0000e+00
ACC2 1024 4 6.50 0.9000 32.60 0.960 0.0000e+00
ACC2 1024 4 6.50 0.9000 32.60 0.980 1.4703e-04
ACC2 1024 4 6.50 0.9000 32.60 1.000 3.6757e-04
ACC2 1024 4 6.50 0.9000 64.54 0.900 0.0000e+00
ACC2 1024 4 6.50 0.9000 64.54 0.930 0.0000e+00
ACC2 1024 4 6.50 0.9000 64.54 0.960 0.0000e+00
ACC2 1024 4 6.50 0.9000 64.54 0.980 7.5262e-05
ACC2 1024 4 6.50 0.9000 64.54 1.000 7.5262e-05
ACC2 1024 4 6.50 0.9000 130.28 0.900 0.0000e+00
ACC2 1024 4 6.50 0.9000 130.28 0.930 0.0000e+00
ACC2 1024 4 6.50 0.9000 130.28 0.960 0.0000e+00
ACC2 1024 4 6.50 0.9000 130.28 0.980 0.0000e+00
ACC2 1024 4 6.50 0.9000 130.28 1.000 0.0000e+00
ACC2 1024 4 6.50 0.9500 2.03 0.900 0.0000e+00
ACC2 1024 4 6.50 0.9500 2.03 0.930 0.0000e+00
ACC2 1024 4 6.50 0.9500 2.03 0.960 0.0000e+00
ACC2 1024 4 6.50 0.9500 2.03 0.980 1.2569e-04
ACC2 1024 4 6.50 0.9500 2.03 1.000 3.7707e-04
ACC2 1024 4 6.50 0.9500 3.94 0.900 0.0000e+00
ACC2 1024 4 6.50 0.9500 3.94 0.930 0.0000e+00
ACC2 1024 4 6.50 0.9500 3.94 0.960 0.0000e+00
ACC2 1024 4 6.50 0.9500 3.94 0.980 0.0000e+00
ACC2 1024 4 6.50 0.9500 3.94 1.000 5.8850e-04
ACC2 1024 4 6.50 0.9500 8.14 0.900 0.0000e+00
ACC2 1024 4 6.50 0.9500 8.14 0.930 0.0000e+00
ACC2 1024 4 6.50 0.9500 8.14 0.960 0.0000e+00
ACC2 1024 4 6.50 0.9500 8.14 0.980 0.0000e+00
ACC2 1024 4 6.50 0.9500 8.14 1.000 1.3576e-04
ACC2 1024 4 6.50 0.9500 16.12 0.900 0.0000e+00
ACC2 1024 4 6.50 0.9500 16.12 0.930 0.0000e+00
ACC2 1024 4 6.50 0.9500 16.12 0.960 0.0000e+00
ACC2 1024 4 6.50 0.9500 16.12 0.980 7.0082e-05
ACC2 1024 4 6.50 0.9500 16.12 1.000 2.8033e-04
ACC2 1024 4 6.50 0.9500 32.60 0.900 0.0000e+00
ACC2 1024 4 6.50 0.9500 32.60 0.930 0.0000e+00
ACC2 1024 4 6.50 0.9500 32.60 0.960 0.0000e+00
ACC2 1024 4 6.50 0.9500 32.60 0.980 0.0000e+00
ACC2 1024 4 6.50 0.9500 32.60 1.000 1.4396e-04
ACC2 1024 4 6.50 0.9500 64.54 0.900 0.0000e+00
ACC2 1024 4 6.50 0.9500 64.54 0.930 0.0000e+00
ACC2 1024 4 6.50 0.9500 64.54 0.960 0.0000e+00
ACC2 1024 4 6.50 0.9500 64.54 0.980 0.0000e+00
ACC2 1024 4 6.50 0.9500 64.54 1.000 0.0000e+00
ACC2 1024 4 6.50 0.9500 130.28 0.900 0.0000e+00
ACC2 1024 4 6.50 0.9500 130.28 0.930 0.0000e+00
ACC2 1024 4 6.50 0.9500 130.28 0.960 0.0000e+00
ACC2 1024 4 6.50 0.9500 130.28 0.980 0.0000e+00
ACC2 1024 4 6.50 0.9500 130.28 1.000 0.0000e+00
ACC2 1024 4 6.50 0.9800 2.03 0.900 0.0000e+00
ACC2 1024 4 6.50 0.9800 2.03 0.930 0.0000e+00
ACC2 1024 4 6.50 0.9800 2.03 0.960 0.0000e+00
ACC2 1024 4 6.50 0.9800 2.03 0.980 6.3939e-05
ACC2 1024 4 6.50 0.9800 2.03 1.000 2.2379e-03
ACC2 1024 4 6.50 0.9800 3.94 0.900 0.0000e+00
ACC2 1024 4 6.50 0.9800 3.94 0.930 0.0000e+00
ACC2 1024 4 6.50 0.9800 3.94 0.960 0.0000e+00
ACC2 1024 4 6.50 0.9800 3.94 0.980 1.3188e-04
ACC2 1024 4 6.50 0.9800 3.94 1.000 9.8912e-04
ACC2 1024 4 6.50 0.9800 8.14 0.900 0.0000e+00
ACC2 1024 4 6.50 0.9800 8.14 0.930 0.0000e+00
ACC2 1024 4 6.50 0.9800 8.14 0.960 0.0000e+00
ACC2 1024 4 6.50 0.9800 8.14 0.980 6.7875e-05
ACC2 1024 4 6.50 0.9800 8.14 1.000 8.1450e-04
ACC2 1024 4 6.50 0.9800 16.12 0.900 0.0000e+00
ACC2 1024 4 6.50 0.9800 16.12 0.930 0.0000e+00
ACC2 1024 4 6.50 0.9800 16.12 0.960 0.0000e+00
ACC2 1024 4 6.50 0.9800 16.12 0.980 0.0000e+00
ACC2 1024 4 6.50 0.9800 16.12 1.000 6.9507e-05
ACC2 1024 4 6.50 0.9800 32.60 0.900 0.0000e+00
ACC2 1024 4 6.50 0.9800 32.60 0.930 0.0000e+00
ACC2 1024 4 6.50 0.9800 32.60 0.960 0.0000e+00
ACC2 1024 4 6.50 0.9800 32.60 0.980 0.0000e+00
ACC2 1024 4 6.50 0.9800 32.60 1.000 0.0000e+00
ACC2 1024 4 6.50 0.9800 64.54 0.900 0.0000e+00
ACC2 1024 4 6.50 0.9800 64.54 0.930 0.0000e+00
ACC2 1024 4 6.50 0.9800 64.54 0.960 0.0000e+00
ACC2 1024 4 6.50 0.9800 64.54 0.980 0.0000e+00
ACC2 1024 4 6.50 0.9800 64.54 1.000 0.0000e+00
ACC2 1024 4 6.50 0.9800 130.28 0.900 0.0000e+00
ACC2 1024 4 6.50 0.9800 130.28 0.930 0.0000e+00
ACC2 1024 4 6.50 0.9800 130.28 0.960 0.0000e+00
ACC2 1024 4 6.50 0.9800 130.28 0.980 0.0000e+00
ACC2 1024 4 6.50 0.9800 130.28 1.000 0.0000e+00
ACC2 1024 4 6.50 0.9950 2.03 0.900 0.0000e+00
ACC2 1024 4 6.50 0.9950 2.03 0.930 0.0000e+00
ACC2 1024 4 6.50 0.9950 2.03 0.960 0.0000e+00
ACC2 1024 4 6.50 0.9950 2.03 0.980 0.0000e+00
ACC2 1024 4 6.50 0.9950 2.03 1.000 1.6691e-02
ACC2 1024 4 6.50 0.9950 3.94 0.900 0.0000e+00
ACC2 1024 4 6.50 0.9950 3.94 0.930 0.0000e+00
ACC2 1024 4 6.50 0.9950 3.94 0.960 0.0000e+00
ACC2 1024 4 6.50 0.9950 3.94 0.980 6.8315e-05
ACC2 1024 4 6.50 0.9950 3.94 1.000 8.1295e-03
ACC2 1024 4 6.50 0.9950 8.14 0.900 0.0000e+00
ACC2 1024 4 6.50 0.9950 8.14 0.930 0.0000e+00
ACC2 1024 4 6.50 0.9950 8.14 0.960 0.0000e+00
ACC2 1024 4 6.50 0.9950 8.14 0.980 0.0000e+00
ACC2 1024 4 6.50 0.9950 8.14 1.000 2.7061e-03
ACC2 1024 4 6.50 0.9950 16.12 0.900 0.0000e+00
ACC2 1024 4 6.50 0.9950 16.12 0.930 0.0000e+00
ACC2 1024 4 6.50 0.9950 16.12 0.960 0.0000e+00
ACC2 1024 4 6.50 0.9950 16.12 0.980 0.0000e+00
ACC2 1024 4 6.50 0.9950 16.12 1.000 6.3296e-04
ACC2 1024 4 6.50 0.9950 32.60 0.900 0.0000e+00
ACC2 1024 4 6.50 0.9950 32.60 0.930 0.0000e+00
ACC2 1024 4 6.50 0.9950 32.60 0.960 0.0000e+00
ACC2 1024 4 6.50 0.9950 32.60 0.980 0.0000e+00
ACC2 1024 4 6.50 0.9950 32.60 1.000 0.0000e+00
ACC2 1024 4 6.50 0.9950 64.54 0.900 0.0000e+00
ACC2 1024 4 6.50 0.9950 64.54 0.930 0.0000e+00
ACC2 1024 4 6.50 0.9950 64.54 0.960 0.0000e+00
ACC2 1024 4 6.50 0.9950 64.54 0.980 0.0000e+00
ACC2 1024 4 6.50 0.9950 64.54 1.000 0.0000e+00
ACC2 1024 4 6.50 0.9950 130.28 0.900 0.0000e+00
ACC2 1024 4 6.50 0.9950 130.28 0.930 0.0000e+00
ACC2 1024 4 6.50 0.9950 130.28 0.960 0.0000e+00
ACC2 1024 4 6.50 0.9950 130.28 0.980 0.0000e+00
ACC2 1024 4 6.50 0.9950 130.28 1.000 0.0000e+00
ACC2 1024 8 5.00 0.8000 2.03 0.900 0.0000e+00
ACC2 1024 8 5.00 0.8000 2.03 0.930 1.1665e-04
ACC2 1024 8 5.00 0.8000 2.03 0.960 2.3330e-04
ACC2 1024 8 5.00 0.8000 2.03 0.980 2.9163e-04
ACC2 1024 8 5.00 0.8000 2.03 1.000 4.6661e-04
ACC2 1024 8 5.00 0.8000 3.94 0.900 6.1893e-05
ACC2 1024 8 5.00 0.8000 3.94 0.930 6.1893e-05
ACC2 1024 8 5.00 0.8000 3.94 0.960 1.8568e-04
ACC2 1024 8 5.00 0.8000 3.94 0.980 3.0946e-04
ACC2 1024 8 5.00 0.8000 3.94 1.000 3.0946e-04
ACC2 1024 8 5.00 0.8000 8.14 0.900 0.0000e+00
ACC2 1024 8 5.00 0.8000 8.14 0.930 0.0000e+00
ACC2 1024 8 5.00 0.8000 8.14 0.960 0.0000e+00
ACC2 1024 8 5.00 0.8000 8.14 0.980 6.4910e-05
ACC2 1024 8 5.00 0.8000 8.14 1.000 1.9473e-04
ACC2 1024 8 5.00 0.8000 16.12 0.900 0.0000e+00
ACC2 1024 8 5.00 0.8000 16.12 0.930 1.3545e-04
ACC2 1024 8 5.00 0.8000 16.12 0.960 2.0317e-04
ACC2 1024 8 5.00 0.8000 16.12 0.980 2.7089e-04
ACC2 1024 8 5.00 0.8000 16.12 1.000 4.0634e-04
ACC2 1024 8 5.00 0.8000 32.60 0.900 0.0000e+00
ACC2 1024 8 5.00 0.8000 32.60 0.930 0.0000e+00
ACC2 1024 8 5.00 0.8000 32.60 0.960 0.0000e+00
ACC2 1024 8 5.00 0.8000 32.60 0.980 3.5041e-04
ACC2 1024 8 5.00 0.8000 32.60 1.000 4.2049e-04
ACC2 1024 8 5.00 0.8000 64.54 0.900 0.0000e+00
ACC2 1024 8 5.00 0.8000 64.54 0.930 7.2396e-05
ACC2 1024 8 5.00 0.8000 64.54 0.960 1.4479e-04
ACC2 1024 8 5.00 0.8000 64.54 0.980 2.1719e-04
ACC2 1024 8 5.00 0.8000 64.54 1.000 2.8958e-04
ACC2 1024 8 5.00 0.8000 130.28 0.900 0.0000e+00
ACC2 1024 8 5.00 0.8000 130.28 0.930 0.0000e+00
ACC2 1024 8 5.00 0.8000 130.28 0.960 0.0000e+00
ACC2 1024 8 5.00 0.8000 130.28 0.980 0.0000e+00
ACC2 1024 8 5.00 0.8000 130.28 1.000 0.0000e+00
ACC2 1024 8 5.00 0.9000 2.03 0.900 0.0000e+00
ACC2 1024 8 5.00 0.9000 2.03 0.930 0.0000e+00
ACC2 1024 8 5.00 0.9000 2.03 0.960 5.7094e-05
ACC2 1024 8 5.00 0.9000 2.03 0.980 1.1419e-04
ACC2 1024 8 5.00 0.9000 2.03 1.000 3.9966e-04
ACC2 1024 8 5.00 0.9000 3.94 0.900 0.0000e+00
ACC2 1024 8 5.00 0.9000 3.94 0.930 0.0000e+00
ACC2 1024 8 5.00 0.9000 3.94 0.960 5.9801e-05
ACC2 1024 8 5.00 0.9000 3.94 0.980 1.7940e-04
ACC2 1024 8 5.00 0.9000 3.94 1.000 7.1762e-04
ACC2 1024 8 5.00 0.9000 8.14 0.900 0.0000e+00
ACC2 1024 8 5.00 0.9000 8.14 0.930 0.0000e+00
ACC2 1024 8 5.00 0.9000 8.14 0.960 6.2716e-05
ACC2 1024 8 5.00 0.9000 8.14 0.980 6.2716e-05
ACC2 1024 8 5.00 0.9000 8.14 1.000 4.3901e-04
ACC2 1024 8 5.00 0.9000 16.12 0.900 0.0000e+00
ACC2 1024 8 5.00 0.9000 16.12 0.930 6.5308e-05
ACC2 1024 8 5.00 0.9000 16.12 0.960 6.5308e-05
ACC2 1024 8 5.00 0.9000 16.12 0.980 1.3062e-04
ACC2 1024 8 5.00 0.9000 16.12 1.000 2.6123e-04
ACC2 1024 8 5.00 0.9000 32.60 0.900 0.0000e+00
ACC2 1024 8 5.00 0.9000 32.60 0.930 0.0000e+00
ACC2 1024 8 5.00 0.9000 32.60 0.960 6.8087e-05
ACC2 1024 8 5.00 0.9000 32.60 0.980 2.7235e-04
ACC2 1024 8 5.00 0.9000 32.60 1.000 4.0852e-04
ACC2 1024 8 5.00 0.9000 64.54 0.900 0.0000e+00
ACC2 1024 8 5.00 0.9000 64.54 0.930 0.0000e+00
ACC2 1024 8 5.00 0.9000 64.54 0.960 7.0210e-05
ACC2 1024 8 5.00 0.9000 64.54 0.980 7.0210e-05
ACC2 1024 8 5.00 0.9000 64.54 1.000 2.1063e-04
ACC2 1024 8 5.00 0.9000 130.28 0.900 0.0000e+00
ACC2 1024 8 5.00 0.9000 130.28 0.930 0.0000e+00
ACC2 1024 8 5.00 0.9000 130.28 0.960 0.0000e+00
ACC2 1024 8 5.00 0.9000 130.28 0.980 0.0000e+00
ACC2 1024 8 5.00 0.9000 130.28 1.000 7.2275e-05
ACC2 1024 8 5.00 0.9500 2.03 0.900 0.0000e+00
ACC2 1024 8 5.00 0.9500 2.03 0.930 0.0000e+00
ACC2 1024 8 5.00 0.9500 2.03 0.960 0.0000e+00
ACC2 1024 8 5.00 0.9500 2.03 0.980 2.3176e-04
ACC2 1024 8 5.00 0.9500 2.03 1.000 1.2747e-03
ACC2 1024 8 5.00 0.9500 3.94 0.900 0.0000e+00
ACC2 1024 8 5.00 0.9500 3.94 0.930 0.0000e+00
ACC2 1024 8 5.00 0.9500 3.94 0.960 0.0000e+00
ACC2 1024 8 5.00 0.9500 3.94 0.980 1.2019e-04
ACC2 1024 8 5.00 0.9500 3.94 1.000 6.0096e-04
ACC2 1024 8 5.00 0.9500 8.14 0.900 0.0000e+00
ACC2 1024 8 5.00 0.9500 8.14 0.930 0.0000e+00
ACC2 1024 8 5.00 0.9500 8.14 0.960 0.0000e+00
ACC2 1024 8 5.00 0.9500 8.14 0.980 1.8746e-04
ACC2 1024 8 5.00 0.9500 8.14 1.000 4.9991e-04
ACC2 1024 8 5.00 0.9500 16.12 0.900 0.0000e+00
ACC2 1024 8 5.00 0.9500 16.12 0.930 0.0000e+00
ACC2 1024 8 5.00 0.9500 16.12 0.960 6.4800e-05
ACC2 1024 8 5.00 0.9500 16.12 0.980 2.5920e-04
ACC2 1024 8 5.00 0.9500 16.12 1.000 5.8320e-04
ACC2 1024 8 5.00 0.9500 32.60 0.900 0.0000e+00
ACC2 1024 8 5.00 0.9500 32.60 0.930 0.0000e+00
ACC2 1024 8 5.00 0.9500 32.60 0.960 0.0000e+00
ACC2 1024 8 5.00 0.9500 32.60 0.980 6.6791e-05
ACC2 1024 8 5.00 0.9500 32.60 1.000 3.3396e-04
ACC2 1024 8 5.00 0.9500 64.54 0.900 0.0000e+00
ACC2 1024 8 5.00 0.9500 64.54 0.930 0.0000e+00
ACC2 1024 8 5.00 0.9500 64.54 0.960 0.0000e+00
ACC2 1024 8 5.00 0.9500 64.54 0.980 0.0000e+00
ACC2 1024 8 5.00 0.9500 64.54 1.000 2.0734e-04
ACC2 1024 8 5.00 0.9500 130.28 0.900 0.0000e+00
ACC2 1024 8 5.00 0.9500 130.28 0.930 0.0000e+00
ACC2 1024 8 5.00 0.9500 130.28 0.960 0.0000e+00
ACC2 1024 8 5.00 0.9500 130.28 0.980 0.0000e+00
ACC2 1024 8 5.00 0.9500 130.28 1.000 7.1434e-05
ACC2 1024 8 5.00 0.9800 2.03 0.900 0.0000e+00
ACC2 1024 8 5.00 0.9800 2.03 0.930 0.0000e+00
ACC2 1024 8 5.00 0.9800 2.03 0.960 6.0161e-05
ACC2 1024 8 5.00 0.9800 2.03 0.980 6.0161e-04
ACC2 1024 8 5.00 0.9800 2.03 1.000 6.1966e-03
ACC2 1024 8 5.00 0.9800 3.94 0.900 0.0000e+00
ACC2 1024 8 5.00 0.9800 3.94 0.930 0.0000e+00
ACC2 1024 8 5.00 0.9800 3.94 0.960 0.0000e+00
ACC2 1024 8 5.00 0.9800 3.94 0.980 6.1962e-05
ACC2 1024 8 5.00 0.9800 3.94 1.000 3.0981e-03
ACC2 1024 8 5.00 0.9800 8.14 0.900 0.0000e+00
ACC2 1024 8 5.00 0.9800 8.14 0.930 0.0000e+00
ACC2 1024 8 5.00 0.9800 8.14 0.960 6.3796e-05
ACC2 1024 8 5.00 0.9800 8.14 0.980 1.9139e-04
ACC2 1024 8 5.00 0.9800 8.14 1.000 1.9139e-03
ACC2 1024 8 5.00 0.9800 16.12 0.900 0.0000e+00
ACC2 1024 8 5.00 0.9800 16.12 0.930 0.0000e+00
ACC2 1024 8 5.00 0.9800 16.12 0.960 0.0000e+00
ACC2 1024 8 5.00 0.9800 16.12 0.980 6.5479e-05
ACC2 1024 8 5.00 0.9800 16.12 1.000 1.1786e-03
ACC2 1024 8 5.00 0.9800 32.60 0.900 0.0000e+00
ACC2 1024 8 5.00 0.9800 32.60 0.930 0.0000e+00
ACC2 1024 8 5.00 0.9800 32.60 0.960 0.0000e+00
ACC2 1024 8 5.00 0.9800 32.60 0.980 2.0099e-04
ACC2 1024 8 5.00 0.9800 32.60 1.000 6.0297e-04
ACC2 1024 8 5.00 0.9800 64.54 0.900 0.0000e+00
ACC2 1024 8 5.00 0.9800 64.54 0.930 0.0000e+00
ACC2 1024 8 5.00 0.9800 64.54 0.960 0.0000e+00
ACC2 1024 8 5.00 0.9800 64.54 0.980 1.3715e-04
ACC2 1024 8 5.00 0.9800 64.54 1.000 4.8001e-04
ACC2 1024 8 5.00 0.9800 130.28 0.900 0.0000e+00
ACC2 1024 8 5.00 0.9800 130.28 0.930 0.0000e+00
ACC2 1024 8 5.00 0.9800 130.28 0.960 0.0000e+00
ACC2 1024 8 5.00 0.9800 130.28 0.980 0.0000e+00
ACC2 1024 8 5.00 0.9800 130.28 1.000 2.8267e-04
ACC2 1024 8 5.00 0.9950 2.03 0.900 0.0000e+00
ACC2 1024 8 5.00 0.9950 2.03 0.930 0.0000e+00
ACC2 1024 8 5.00 0.9950 2.03 0.960 0.0000e+00
ACC2 1024 8 5.00 0.9950 2.03 0.980 5.1043e-04
ACC2 1024 8 5.00 0.9950 2.03 1.000 2.9924e-02
ACC2 1024 8 5.00 0.9950 3.94 0.900 0.0000e+00
ACC2 1024 8 5.00 0.9950 3.94 0.930 0.0000e+00
ACC2 1024 8 5.00 0.9950 3.94 0.960 0.0000e+00
ACC2 1024 8 5.00 0.9950 3.94 0.980 5.8502e-04
ACC2 1024 8 5.00 0.9950 3.94 1.000 1.7161e-02
ACC2 1024 8 5.00 0.9950 8.14 0.900 0.0000e+00
ACC2 1024 8 5.00 0.9950 8.14 0.930 0.0000e+00
ACC2 1024 8 5.00 0.9950 8.14 0.960 0.0000e+00
ACC2 1024 8 5.00 0.9950 8.14 0.980 3.9698e-04
ACC2 1024 8 5.00 0.9950 8.14 1.000 8.4028e-03
ACC2 1024 8 5.00 0.9950 16.12 0.900 0.0000e+00
ACC2 1024 8 5.00 0.9950 16.12 0.930 0.0000e+00
ACC2 1024 8 5.00 0.9950 16.12 0.960 0.0000e+00
ACC2 1024 8 5.00 0.9950 16.12 0.980 1.3417e-04
ACC2 1024 8 5.00 0.9950 16.12 1.000 5.4341e-03
ACC2 1024 8 5.00 0.9950 32.60 0.900 0.0000e+00
ACC2 1024 8 5.00 0.9950 32.60 0.930 0.0000e+00
ACC2 1024 8 5.00 0.9950 32.60 0.960 0.0000e+00
ACC2 1024 8 5.00 0.9950 32.60 0.980 0.0000e+00
ACC2 1024 8 5.00 0.9950 32.60 1.000 2.5898e-03
ACC2 1024 8 5.00 0.9950 64.54 0.900 0.0000e+00
ACC2 1024 8 5.00 0.9950 64.54 0.930 0.0000e+00
ACC2 1024 8 5.00 0.9950 64.54 0.960 0.0000e+00
ACC2 1024 8 5.00 0.9950 64.54 0.980 6.8985e-05
ACC2 1024 8 5.00 0.9950 64.54 1.000 4.8289e-04
ACC2 1024 8 5.00 0.9950 130.28 0.900 0.0000e+00
ACC2 1024 8 5.00 0.9950 130.28 0.930 0.0000e+00
ACC2 1024 8 5.00 0.9950 130.28 0.960 0.0000e+00
ACC2 1024 8 5.00 0.9950 130.28 0.980 7.0487e-05
ACC2 1024 8 5.00 0.9950 130.28 1.000 3.5244e-04
ACC2 1024 8 5.50 0.8000 2.03 0.900 0.0000e+00
ACC2 1024 8 5.50 0.8000 2.03 0.930 0.0000e+00
ACC2 1024 8 5.50 0.8000 2.03 0.960 2.4814e-04
ACC2 1024 8 5.50 0.8000 2.03 0.980 3.1017e-04
ACC2 1024 8 5.50 0.8000 2.03 1.000 4.9628e-04
ACC2 1024 8 5.50 0.8000 3.94 0.900 6.5415e-05
ACC2 1024 8 5.50 0.8000 3.94 0.930 6.5415e-05
ACC2 1024 8 5.50 0.8000 3.94 0.960 1.9625e-04
ACC2 1024 8 5.50 0.8000 3.94 0.980 3.9249e-04
ACC2 1024 8 5.50 0.8000 3.94 1.000 3.9249e-04
ACC2 1024 8 5.50 0.8000 8.14 0.900 0.0000e+00
ACC2 1024 8 5.50 0.8000 8.14 0.930 6.8334e-05
ACC2 1024 8 5.50 0.8000 8.14 0.960 6.8334e-05
ACC2 1024 8 5.50 0.8000 8.14 0.980 1.3667e-04
ACC2 1024 8 5.50 0.8000 8.14 1.000 2.7334e-04
ACC2 1024 8 5.50 0.8000 16.12 0.900 0.0000e+00
ACC2 1024 8 5.50 0.8000 16.12 0.930 1.4172e-04
ACC2 1024 8 5.50 0.8000 16.12 0.960 2.8345e-04
ACC2 1024 8 5.50 0.8000 16.12 0.980 4.2517e-04
ACC2 1024 8 5.50 0.8000 16.12 1.000 4.9603e-04
ACC2 1024 8 5.50 0.8000 32.60 0.900 7.2632e-05
ACC2 1024 8 5.50 0.8000 32.60 0.930 1.4526e-04
ACC2 1024 8 5.50 0.8000 32.60 0.960 2.1790e-04
ACC2 1024 8 5.50 0.8000 32.60 0.980 3.6316e-04
ACC2 1024 8 5.50 0.8000 32.60 1.000 5.0843e-04
ACC2 1024 8 5.50 0.8000 64.54 0.900 0.0000e+00
ACC2 1024 8 5.50 0.8000 64.54 0.930 7.4482e-05
ACC2 1024 8 5.50 0.8000 64.54 0.960 2.2345e-04
ACC2 1024 8 5.50 0.8000 64.54 0.980 3.7241e-04
ACC2 1024 8 5.50 0.8000 64.54 1.000 5.2138e-04
ACC2 1024 8 5.50 0.8000 130.28 0.900 0.0000e+00
ACC2 1024 8 5.50 0.8000 130.28 0.930 0.0000e+00
ACC2 1024 8 5.50 0.8000 130.28 0.960 7.5154e-05
ACC2 1024 8 5.50 0.8000 130.28 0.980 2.2546e-04
ACC2 1024 8 5.50 0.8000 130.28 1.000 3.0062e-04
ACC2 1024 8 5.50 0.9000 2.03 0.900 0.0000e+00
ACC2 1024 8 5.50 0.9000 2.03 0.930 0.0000e+00
ACC2 1024 8 5.50 0.9000 2.03 0.960 5.9453e-05
ACC2 1024 8 5.50 0.9000 2.03 0.980 1.7836e-04
ACC2 1024 8 5.50 0.9000 2.03 1.000 3.5672e-04
ACC2 1024 8 5.50 0.9000 3.94 0.900 0.0000e+00
ACC2 1024 8 5.50 0.9000 3.94 0.930 0.0000e+00
ACC2 1024 8 5.50 0.9000 3.94 0.960 0.0000e+00
ACC2 1024 8 5.50 0.9000 3.94 0.980 1.8700e-04
ACC2 1024 8 5.50 0.9000 3.94 1.000 5.6099e-04
ACC2 1024 8 5.50 0.9000 8.14 0.900 0.0000e+00
ACC2 1024 8 5.50 0.9000 8.14 0.930 0.0000e+00
ACC2 1024 8 5.50 0.9000 8.14 0.960 6.5411e-05
ACC2 1024 8 5.50 0.9000 8.14 0.980 6.5411e-05
ACC2 1024 8 5.50 0.9000 8.14 1.000 3.2705e-04
ACC2 1024 8 5.50 0.9000 16.12 0.900 0.0000e+00
ACC2 1024 8 5.50 0.9000 16.12 0.930 6.7921e-05
ACC2 1024 8 5.50 0.9000 16.12 0.960 6.7921e-05
ACC2 1024 8 5.50 0.9000 16.12 0.980 1.3584e-04
ACC2 1024 8 5.50 0.9000 16.12 1.000 4.0753e-04
ACC2 1024 8 5.50 0.9000 32.60 0.900 0.0000e+00
ACC2 1024 8 5.50 0.9000 32.60 0.930 0.0000e+00
ACC2 1024 8 5.50 0.9000 32.60 0.960 0.0000e+00
ACC2 1024 8 5.50 0.9000 32.60 0.980 2.8062e-04
ACC2 1024 8 5.50 0.9000 32.60 1.000 4.9109e-04
ACC2 1024 8 5.50 0.9000 64.54 0.900 0.0000e+00
ACC2 1024 8 5.50 0.9000 64.54 0.930 7.2537e-05
ACC2 1024 8 5.50 0.9000 64.54 0.960 7.2537e-05
ACC2 1024 8 5.50 0.9000 64.54 0.980 7.2537e-05
ACC2 1024 8 5.50 0.9000 64.54 1.000 2.1761e-04
ACC2 1024 8 5.50 0.9000 130.28 0.900 0.0000e+00
ACC2 1024 8 5.50 0.9000 130.28 0.930 0.0000e+00
ACC2 1024 8 5.50 0.9000 130.28 0.960 0.0000e+00
ACC2 1024 8 5.50 0.9000 130.28 0.980 0.0000e+00
ACC2 1024 8 5.50 0.9000 130.28 1.000 2.2186e-04
ACC2 1024 8 5.50 0.9500 2.03 0.900 0.0000e+00
ACC2 1024 8 5.50 0.9500 2.03 0.930 0.0000e+00
ACC2 1024 8 5.50 0.9500 2.03 0.960 0.0000e+00
ACC2 1024 8 5.50 0.9500 2.03 0.980 5.9609e-05
ACC2 1024 8 5.50 0.9500 2.03 1.000 5.9609e-04
ACC2 1024 8 5.50 0.9500 3.94 0.900 0.0000e+00
ACC2 1024 8 5.50 0.9500 3.94 0.930 0.0000e+00
ACC2 1024 8 5.50 0.9500 3.94 0.960 0.0000e+00
ACC2 1024 8 5.50 0.9500 3.94 0.980 6.2050e-05
ACC2 1024 8 5.50 0.9500 3.94 1.000 7.4460e-04
ACC2 1024 8 5.50 0.9500 8.14 0.900 0.0000e+00
ACC2 1024 8 5.50 0.9500 8.14 0.930 0.0000e+00
ACC2 1024 8 5.50 0.9500 8.14 0.960 0.0000e+00
ACC2 1024 8 5.50 0.9500 8.14 0.980 6.4533e-05
ACC2 1024 8 5.50 0.9500 8.14 1.000 1.2907e-04
ACC2 1024 8 5.50 0.9500 16.12 0.900 0.0000e+00
ACC2 1024 8 5.50 0.9500 16.12 0.930 0.0000e+00
ACC2 1024 8 5.50 0.9500 16.12 0.960 6.6916e-05
ACC2 1024 8 5.50 0.9500 16.12 0.980 2.6767e-04
ACC2 1024 8 5.50 0.9500 16.12 1.000 4.6842e-04
ACC2 1024 8 5.50 0.9500 32.60 0.900 0.0000e+00
ACC2 1024 8 5.50 0.9500 32.60 0.930 0.0000e+00
ACC2 1024 8 5.50 0.9500 32.60 0.960 0.0000e+00
ACC2 1024 8 5.50 0.9500 32.60 0.980 6.8942e-05
ACC2 1024 8 5.50 0.9500 32.60 1.000 4.8259e-04
ACC2 1024 8 5.50 0.9500 64.54 0.900 0.0000e+00
ACC2 1024 8 5.50 0.9500 64.54 0.930 0.0000e+00
ACC2 1024 8 5.50 0.9500 64.54 0.960 0.0000e+00
ACC2 1024 8 5.50 0.9500 64.54 0.980 0.0000e+00
ACC2 1024 8 5.50 0.9500 64.54 1.000 2.1296e-04
ACC2 1024 8 5.50 0.9500 130.28 0.900 0.0000e+00
ACC2 1024 8 5.50 0.9500 130.28 0.930 0.0000e+00
ACC2 1024 8 5.50 0.9500 130.28 0.960 0.0000e+00
ACC2 1024 8 5.50 0.9500 130.28 0.980 0.0000e+00
ACC2 1024 8 5.50 0.9500 130.28 1.000 0.0000e+00
ACC2 1024 8 5.50 0.9800 2.03 0.900 0.0000e+00
ACC2 1024 8 5.50 0.9800 2.03 0.930 0.0000e+00
ACC2 1024 8 5.50 0.9800 2.03 0.960 0.0000e+00
ACC2 1024 8 5.50 0.9800 2.03 0.980 1.8476e-04
ACC2 1024 8 5.50 0.9800 2.03 1.000 4.1264e-03
ACC2 1024 8 5.50 0.9800 3.94 0.900 0.0000e+00
ACC2 1024 8 5.50 0.9800 3.94 0.930 0.0000e+00
ACC2 1024 8 5.50 0.9800 3.94 0.960 0.0000e+00
ACC2 1024 8 5.50 0.9800 3.94 0.980 1.9049e-04
ACC2 1024 8 5.50 0.9800 3.94 1.000 2.4763e-03
ACC2 1024 8 5.50 0.9800 8.14 0.900 0.0000e+00
ACC2 1024 8 5.50 0.9800 8.14 0.930 0.0000e+00
ACC2 1024 8 5.50 0.9800 8.14 0.960 6.5398e-05
ACC2 1024 8 5.50 0.9800 8.14 0.980 1.3080e-04
ACC2 1024 8 5.50 0.9800 8.14 1.000 1.4388e-03
ACC2 1024 8 5.50 0.9800 16.12 0.900 0.0000e+00
ACC2 1024 8 5.50 0.9800 16.12 0.930 0.0000e+00
ACC2 1024 8 5.50 0.9800 16.12 0.960 0.0000e+00
ACC2 1024 8 5.50 0.9800 16.12 0.980 0.0000e+00
ACC2 1024 8 5.50 0.9800 16.12 1.000 8.7231e-04
ACC2 1024 8 5.50 0.9800 32.60 0.900 0.0000e+00
ACC2 1024 8 5.50 0.9800 32.60 0.930 0.0000e+00
ACC2 1024 8 5.50 0.9800 32.60 0.960 0.0000e+00
ACC2 1024 8 5.50 0.9800 32.60 0.980 1.3740e-04
ACC2 1024 8 5.50 0.9800 32.60 1.000 6.1830e-04
ACC2 1024 8 5.50 0.9800 64.54 0.900 0.0000e+00
ACC2 1024 8 5.50 0.9800 64.54 0.930 0.0000e+00
ACC2 1024 8 5.50 0.9800 64.54 0.960 0.0000e+00
ACC2 1024 8 5.50 0.9800 64.54 0.980 7.0462e-05
ACC2 1024 8 5.50 0.9800 64.54 1.000 4.9324e-04
ACC2 1024 8 5.50 0.9800 130.28 0.900 0.0000e+00
ACC2 1024 8 5.50 0.9800 130.28 0.930 0.0000e+00
ACC2 1024 8 5.50 0.9800 130.28 0.960 0.0000e+00
ACC2 1024 8 5.50 0.9800 130.28 0.980 0.0000e+00
ACC2 1024 8 5.50 0.9800 130.28 1.000 2.1651e-04
ACC2 1024 8 5.50 0.9950 2.03 0.900 0.0000e+00
ACC2 1024 8 5.50 0.9950 2.03 0.930 0.0000e+00
ACC2 1024 8 5.50 0.9950 2.03 0.960 0.0000e+00
ACC2 1024 8 5.50 0.9950 2.03 0.980 1.9549e-04
ACC2 1024 8 5.50 0.9950 2.03 1.000 2.4958e-02
ACC2 1024 8 5.50 0.9950 3.94 0.900 0.0000e+00
ACC2 1024 8 5.50 0.9950 3.94 0.930 0.0000e+00
ACC2 1024 8 5.50 0.9950 3.94 0.960 0.0000e+00
ACC2 1024 8 5.50 0.9950 3.94 0.980 1.9899e-04
ACC2 1024 8 5.50 0.9950 3.94 1.000 1.5720e-02
ACC2 1024 8 5.50 0.9950 8.14 0.900 0.0000e+00
ACC2 1024 8 5.50 0.9950 8.14 0.930 0.0000e+00
ACC2 1024 8 5.50 0.9950 8.14 0.960 0.0000e+00
ACC2 1024 8 5.50 0.9950 8.14 0.980 1.3515e-04
ACC2 1024 8 5.50 0.9950 8.14 1.000 6.3522e-03
ACC2 1024 8 5.50 0.9950 16.12 0.900 0.0000e+00
ACC2 1024 8 5.50 0.9950 16.12 0.930 0.0000e+00
ACC2 1024 8 5.50 0.9950 16.12 0.960 0.0000e+00
ACC2 1024 8 5.50 0.9950 16.12 0.980 0.0000e+00
ACC2 1024 8 5.50 0.9950 16.12 1.000 4.1073e-03
ACC2 1024 8 5.50 0.9950 32.60 0.900 0.0000e+00
ACC2 1024 8 5.50 0.9950 32.60 0.930 0.0000e+00
ACC2 1024 8 5.50 0.9950 32.60 0.960 0.0000e+00
ACC2 1024 8 5.50 0.9950 32.60 0.980 0.0000e+00
ACC2 1024 8 5.50 0.9950 32.60 1.000 2.3634e-03
ACC2 1024 8 5.50 0.9950 64.54 0.900 0.0000e+00
ACC2 1024 8 5.50 0.9950 64.54 0.930 0.0000e+00
ACC2 1024 8 5.50 0.9950 64.54 0.960 0.0000e+00
ACC2 1024 8 5.50 0.9950 64.54 0.980 0.0000e+00
ACC2 1024 8 5.50 0.9950 64.54 1.000 2.8255e-04
ACC2 1024 8 5.50 0.9950 130.28 0.900 0.0000e+00
ACC2 1024 8 5.50 0.9950 130.28 0.930 0.0000e+00
ACC2 1024 8 5.50 0.9950 130.28 0.960 0.0000e+00
ACC2 1024 8 5.50 0.9950 130.28 0.980 7.1746e-05
ACC2 1024 8 5.50 0.9950 130.28 1.000 4.3048e-04
ACC2 1024 8 6.00 0.8000 2.03 0.900 0.0000e+00
ACC2 1024 8 6.00 0.8000 2.03 0.930 0.0000e+00
ACC2 1024 8 6.00 0.8000 2.03 0.960 2.6318e-04
ACC2 1024 8 6.00 0.8000 2.03 0.980 3.2897e-04
ACC2 1024 8 6.00 0.8000 2.03 1.000 5.9214e-04
ACC2 1024 8 6.00 0.8000 3.94 0.900 1.3735e-04
ACC2 1024 8 6.00 0.8000 3.94 0.930 1.3735e-04
ACC2 1024 8 6.00 0.8000 3.94 0.960 2.0603e-04
ACC2 1024 8 6.00 0.8000 3.94 0.980 4.1206e-04
ACC2 1024 8 6.00 0.8000 3.94 1.000 4.8074e-04
ACC2 1024 8 6.00 0.8000 8.14 0.900 0.0000e+00
ACC2 1024 8 6.00 0.8000 8.14 0.930 7.1250e-05
ACC2 1024 8 6.00 0.8000 8.14 0.960 7.1250e-05
ACC2 1024 8 6.00 0.8000 8.14 0.980 1.4250e-04
ACC2 1024 8 6.00 0.8000 8.14 1.000 2.8500e-04
ACC2 1024 8 6.00 0.8000 16.12 0.900 0.0000e+00
ACC2 1024 8 6.00 0.8000 16.12 0.930 7.3003e-05
ACC2 1024 8 6.00 0.8000 16.12 0.960 2.9201e-04
ACC2 1024 8 6.00 0.8000 16.12 0.980 4.3802e-04
ACC2 1024 8 6.00 0.8000 16.12 1.000 5.1102e-04
ACC2 1024 8 6.00 0.8000 32.60 0.900 7.4427e-05
ACC2 1024 8 6.00 0.8000 32.60 0.930 1.4885e-04
ACC2 1024 8 6.00 0.8000 32.60 0.960 2.9771e-04
ACC2 1024 8 6.00 0.8000 32.60 0.980 4.4656e-04
ACC2 1024 8 6.00 0.8000 32.60 1.000 5.2099e-04
ACC2 1024 8 6.00 0.8000 64.54 0.900 7.5683e-05
ACC2 1024 8 6.00 0.8000 64.54 0.930 1.5137e-04
ACC2 1024 8 6.00 0.8000 64.54 0.960 2.2705e-04
ACC2 1024 8 6.00 0.8000 64.54 0.980 5.2978e-04
ACC2 1024 8 6.00 0.8000 64.54 1.000 5.2978e-04
ACC2 1024 8 6.00 0.8000 130.28 0.900 0.0000e+00
ACC2 1024 8 6.00 0.8000 130.28 0.930 1.5206e-04
ACC2 1024 8 6.00 0.8000 130.28 0.960 2.2808e-04
ACC2 1024 8 6.00 0.8000 130.28 0.980 3.0411e-04
ACC2 1024 8 6.00 0.8000 130.28 1.000 3.8014e-04
ACC2 1024 8 6.00 0.9000 2.03 0.900 0.0000e+00
ACC2 1024 8 6.00 0.9000 2.03 0.930 0.0000e+00
ACC2 1024 8 6.00 0.9000 2.03 0.960 6.1877e-05
ACC2 1024 8 6.00 0.9000 2.03 0.980 1.2375e-04
ACC2 1024 8 6.00 0.9000 2.03 1.000 3.7126e-04
ACC2 1024 8 6.00 0.9000 3.94 0.900 0.0000e+00
ACC2 1024 8 6.00 0.9000 3.94 0.930 0.0000e+00
ACC2 1024 8 6.00 0.9000 3.94 0.960 0.0000e+00
ACC2 1024 8 6.00 0.9000 3.94 0.980 2.5903e-04
ACC2 1024 8 6.00 0.9000 3.94 1.000 5.8283e-04
ACC2 1024 8 6.00 0.9000 8.14 0.900 0.0000e+00
ACC2 1024 8 6.00 0.9000 8.14 0.930 0.0000e+00
ACC2 1024 8 6.00 0.9000 8.14 0.960 0.0000e+00
ACC2 1024 8 6.00 0.9000 8.14 0.980 6.7787e-05
ACC2 1024 8 6.00 0.9000 8.14 1.000 3.3894e-04
ACC2 1024 8 6.00 0.9000 16.12 0.900 0.0000e+00
ACC2 1024 8 6.00 0.9000 16.12 0.930 0.0000e+00
ACC2 1024 8 6.00 0.9000 16.12 0.960 7.0092e-05
ACC2 1024 8 6.00 0.9000 16.12 0.980 1.4018e-04
ACC2 1024 8 6.00 0.9000 16.12 1.000 4.2055e-04
ACC2 1024 8 6.00 0.9000 32.60 0.900 0.0000e+00
ACC2 1024 8 6.00 0.9000 32.60 0.930 0.0000e+00
ACC2 1024 8 6.00 0.9000 32.60 0.960 0.0000e+00
ACC2 1024 8 6.00 0.9000 32.60 0.980 2.8810e-04
ACC2 1024 8 6.00 0.9000 32.60 1.000 4.3215e-04
ACC2 1024 8 6.00 0.9000 64.54 0.900 0.0000e+00
ACC2 1024 8 6.00 0.9000 64.54 0.930 7.4014e-05
ACC2 1024 8 6.00 0.9000 64.54 0.960 7.4014e-05
ACC2 1024 8 6.00 0.9000 64.54 0.980 1.4803e-04
ACC2 1024 8 6.00 0.9000 64.54 1.000 2.9606e-04
ACC2 1024 8 6.00 0.9000 130.28 0.900 0.0000e+00
ACC2 1024 8 6.00 0.9000 130.28 0.930 0.0000e+00
ACC2 1024 8 6.00 0.9000 130.28 0.960 0.0000e+00
ACC2 1024 8 6.00 0.9000 130.28 0.980 0.0000e+00
ACC2 1024 8 6.00 0.9000 130.28 1.000 1.4985e-04
ACC2 1024 8 6.00 0.9500 2.03 0.900 0.0000e+00
ACC2 1024 8 6.00 0.9500 2.03 0.930 0.0000e+00
ACC2 1024 8 6.00 0.9500 2.03 0.960 0.0000e+00
ACC2 1024 8 6.00 0.9500 2.03 0.980 6.1278e-05
ACC2 1024 8 6.00 0.9500 2.03 1.000 6.7406e-04
ACC2 1024 8 6.00 0.9500 3.94 0.900 0.0000e+00
ACC2 1024 8 6.00 0.9500 3.94 0.930 0.0000e+00
ACC2 1024 8 6.00 0.9500 3.94 0.960 0.0000e+00
ACC2 1024 8 6.00 0.9500 3.94 0.980 0.0000e+00
ACC2 1024 8 6.00 0.9500 3.94 1.000 5.1105e-04
ACC2 1024 8 6.00 0.9500 8.14 0.900 0.0000e+00
ACC2 1024 8 6.00 0.9500 8.14 0.930 0.0000e+00
ACC2 1024 8 6.00 0.9500 8.14 0.960 0.0000e+00
ACC2 1024 8 6.00 0.9500 8.14 0.980 6.6304e-05
ACC2 1024 8 6.00 0.9500 8.14 1.000 2.6522e-04
ACC2 1024 8 6.00 0.9500 16.12 0.900 0.0000e+00
ACC2 1024 8 6.00 0.9500 16.12 0.930 0.0000e+00
ACC2 1024 8 6.00 0.9500 16.12 0.960 0.0000e+00
ACC2 1024 8 6.00 0.9500 16.12 0.980 2.0556e-04
ACC2 1024 8 6.00 0.9500 16.12 1.000 4.7965e-04
ACC2 1024 8 6.00 0.9500 32.60 0.900 0.0000e+00
ACC2 1024 8 6.00 0.9500 32.60 0.930 0.0000e+00
ACC2 1024 8 6.00 0.9500 32.60 0.960 0.0000e+00
ACC2 1024 8 6.00 0.9500 32.60 0.980 7.0482e-05
ACC2 1024 8 6.00 0.9500 32.60 1.000 5.6386e-04
ACC2 1024 8 6.00 0.9500 64.54 0.900 0.0000e+00
ACC2 1024 8 6.00 0.9500 64.54 0.930 0.0000e+00
ACC2 1024 8 6.00 0.9500 64.54 0.960 0.0000e+00
ACC2 1024 8 6.00 0.9500 64.54 0.980 0.0000e+00
ACC2 1024 8 6.00 0.9500 64.54 1.000 2.1766e-04
ACC2 1024 8 6.00 0.9500 130.28 0.900 0.0000e+00
ACC2 1024 8 6.00 0.9500 130.28 0.930 0.0000e+00
ACC2 1024 8 6.00 0.9500 130.28 0.960 0.0000e+00
ACC2 1024 8 6.00 0.9500 130.28 0.980 0.0000e+00
ACC2 1024 8 6.00 0.9500 130.28 1.000 0.0000e+00
ACC2 1024 8 6.00 0.9800 2.03 0.900 0.0000e+00
ACC2 1024 8 6.00 0.9800 2.03 0.930 0.0000e+00
ACC2 1024 8 6.00 0.9800 2.03 0.960 0.0000e+00
ACC2 1024 8 6.00 0.9800 2.03 0.980 6.2873e-05
ACC2 1024 8 6.00 0.9800 2.03 1.000 2.9550e-03
ACC2 1024 8 6.00 0.9800 3.94 0.900 0.0000e+00
ACC2 1024 8 6.00 0.9800 3.94 0.930 0.0000e+00
ACC2 1024 8 6.00 0.9800 3.94 0.960 0.0000e+00
ACC2 1024 8 6.00 0.9800 3.94 0.980 1.2958e-04
ACC2 1024 8 6.00 0.9800 3.94 1.000 1.6845e-03
ACC2 1024 8 6.00 0.9800 8.14 0.900 0.0000e+00
ACC2 1024 8 6.00 0.9800 8.14 0.930 0.0000e+00
ACC2 1024 8 6.00 0.9800 8.14 0.960 6.6729e-05
ACC2 1024 8 6.00 0.9800 8.14 0.980 1.3346e-04
ACC2 1024 8 6.00 0.9800 8.14 1.000 1.0009e-03
ACC2 1024 8 6.00 0.9800 16.12 0.900 0.0000e+00
ACC2 1024 8 6.00 0.9800 16.12 0.930 0.0000e+00
ACC2 1024 8 6.00 0.9800 16.12 0.960 0.0000e+00
ACC2 1024 8 6.00 0.9800 16.12 0.980 0.0000e+00
ACC2 1024 8 6.00 0.9800 16.12 1.000 4.7912e-04
ACC2 1024 8 6.00 0.9800 32.60 0.900 0.0000e+00
ACC2 1024 8 6.00 0.9800 32.60 0.930 0.0000e+00
ACC2 1024 8 6.00 0.9800 32.60 0.960 0.0000e+00
ACC2 1024 8 6.00 0.9800 32.60 0.980 0.0000e+00
ACC2 1024 8 6.00 0.9800 32.60 1.000 5.6007e-04
ACC2 1024 8 6.00 0.9800 64.54 0.900 0.0000e+00
ACC2 1024 8 6.00 0.9800 64.54 0.930 0.0000e+00
ACC2 1024 8 6.00 0.9800 64.54 0.960 0.0000e+00
ACC2 1024 8 6.00 0.9800 64.54 0.980 7.1690e-05
ACC2 1024 8 6.00 0.9800 64.54 1.000 2.8676e-04
ACC2 1024 8 6.00 0.9800 130.28 0.900 0.0000e+00
ACC2 1024 8 6.00 0.9800 130.28 0.930 0.0000e+00
ACC2 1024 8 6.00 0.9800 130.28 0.960 0.0000e+00
ACC2 1024 8 6.00 0.9800 130.28 0.980 0.0000e+00
ACC2 1024 8 6.00 0.9800 130.28 1.000 2.2014e-04
ACC2 1024 8 6.00 0.9950 2.03 0.900 0.0000e+00
ACC2 1024 8 6.00 0.9950 2.03 0.930 0.0000e+00
ACC2 1024 8 6.00 0.9950 2.03 0.960 0.0000e+00
ACC2 1024 8 6.00 0.9950 2.03 0.980 0.0000e+00
ACC2 1024 8 6.00 0.9950 2.03 1.000 1.8063e-02
ACC2 1024 8 6.00 0.9950 3.94 0.900 0.0000e+00
ACC2 1024 8 6.00 0.9950 3.94 0.930 0.0000e+00
ACC2 1024 8 6.00 0.9950 3.94 0.960 0.0000e+00
ACC2 1024 8 6.00 0.9950 3.94 0.980 6.7376e-05
ACC2 1024 8 6.00 0.9950 3.94 1.000 1.0443e-02
ACC2 1024 8 6.00 0.9950 8.14 0.900 0.0000e+00
ACC2 1024 8 6.00 0.9950 8.14 0.930 0.0000e+00
ACC2 1024 8 6.00 0.9950 8.14 0.960 0.0000e+00
ACC2 1024 8 6.00 0.9950 8.14 0.980 6.8625e-05
ACC2 1024 8 6.00 0.9950 8.14 1.000 3.7744e-03
ACC2 1024 8 6.00 0.9950 16.12 0.900 0.0000e+00
ACC2 1024 8 6.00 0.9950 16.12 0.930 0.0000e+00
ACC2 1024 8 6.00 0.9950 16.12 0.960 0.0000e+00
ACC2 1024 8 6.00 0.9950 16.12 0.980 0.0000e+00
ACC2 1024 8 6.00 0.9950 16.12 1.000 2.2963e-03
ACC2 1024 8 6.00 0.9950 32.60 0.900 0.0000e+00
ACC2 1024 8 6.00 0.9950 32.60 0.930 0.0000e+00
ACC2 1024 8 6.00 0.9950 32.60 0.960 0.0000e+00
ACC2 1024 8 6.00 0.9950 32.60 0.980 0.0000e+00
ACC2 1024 8 6.00 0.9950 32.60 1.000 1.0581e-03
ACC2 1024 8 6.00 0.9950 64.54 0.900 0.0000e+00
ACC2 1024 8 6.00 0.9950 64.54 0.930 0.0000e+00
ACC2 1024 8 6.00 0.9950 64.54 0.960 0.0000e+00
ACC2 1024 8 6.00 0.9950 64.54 0.980 0.0000e+00
ACC2 1024 8 6.00 0.9950 64.54 1.000 2.1535e-04
ACC2 1024 8 6.00 0.9950 130.28 0.900 0.0000e+00
ACC2 1024 8 6.00 0.9950 130.28 0.930 0.0000e+00
ACC2 1024 8 6.00 0.9950 130.28 0.960 0.0000e+00
ACC2 1024 8 6.00 0.9950 130.28 0.980 0.0000e+00
ACC2 1024 8 6.00 0.9950 130.28 1.000 4.3789e-04
ACC2 1024 8 6.50 0.8000 2.03 0.900 0.0000e+00
ACC2 1024 8 6.50 0.8000 2.03 0.930 0.0000e+00
ACC2 1024 8 6.50 0.8000 2.03 0.960 2.7584e-04
ACC2 1024 8 6.50 0.8000 2.03 0.980 2.7584e-04
ACC2 1024 8 6.50 0.8000 2.03 1.000 6.2065e-04
ACC2 1024 8 6.50 0.8000 3.94 0.900 7.1276e-05
ACC2 1024 8 6.50 0.8000 3.94 0.930 1.4255e-04
ACC2 1024 8 6.50 0.8000 3.94 0.960 2.1383e-04
ACC2 1024 8 6.50 0.8000 3.94 0.980 4.2766e-04
ACC2 1024 8 6.50 0.8000 3.94 1.000 4.9893e-04
ACC2 1024 8 6.50 0.8000 8.14 0.900 0.0000e+00
ACC2 1024 8 6.50 0.8000 8.14 0.930 7.3325e-05
ACC2 1024 8 6.50 0.8000 8.14 0.960 7.3325e-05
ACC2 1024 8 6.50 0.8000 8.14 0.980 1.4665e-04
ACC2 1024 8 6.50 0.8000 8.14 1.000 2.9330e-04
ACC2 1024 8 6.50 0.8000 16.12 0.900 0.0000e+00
ACC2 1024 8 6.50 0.8000 16.12 0.930 0.0000e+00
ACC2 1024 8 6.50 0.8000 16.12 0.960 2.9862e-04
ACC2 1024 8 6.50 0.8000 16.12 0.980 4.4793e-04
ACC2 1024 8 6.50 0.8000 16.12 1.000 5.2258e-04
ACC2 1024 8 6.50 0.8000 32.60 0.900 0.0000e+00
ACC2 1024 8 6.50 0.8000 32.60 0.930 1.5133e-04
ACC2 1024 8 6.50 0.8000 32.60 0.960 1.5133e-04
ACC2 1024 8 6.50 0.8000 32.60 0.980 3.0266e-04
ACC2 1024 8 6.50 0.8000 32.60 1.000 4.5400e-04
ACC2 1024 8 6.50 0.8000 64.54 0.900 7.6523e-05
ACC2 1024 8 6.50 0.8000 64.54 0.930 1.5305e-04
ACC2 1024 8 6.50 0.8000 64.54 0.960 2.2957e-04
ACC2 1024 8 6.50 0.8000 64.54 0.980 4.5914e-04
ACC2 1024 8 6.50 0.8000 64.54 1.000 5.3566e-04
ACC2 1024 8 6.50 0.8000 130.28 0.900 0.0000e+00
ACC2 1024 8 6.50 0.8000 130.28 0.930 1.5319e-04
ACC2 1024 8 6.50 0.8000 130.28 0.960 1.5319e-04
ACC2 1024 8 6.50 0.8000 130.28 0.980 2.2978e-04
ACC2 1024 8 6.50 0.8000 130.28 1.000 3.8297e-04
ACC2 1024 8 6.50 0.9000 2.03 0.900 0.0000e+00
ACC2 1024 8 6.50 0.9000 2.03 0.930 0.0000e+00
ACC2 1024 8 6.50 0.9000 2.03 0.960 6.4070e-05
ACC2 1024 8 6.50 0.9000 2.03 0.980 1.2814e-04
ACC2 1024 8 6.50 0.9000 2.03 1.000 3.8442e-04
ACC2 1024 8 6.50 0.9000 3.94 0.900 0.0000e+00
ACC2 1024 8 6.50 0.9000 3.94 0.930 0.0000e+00
ACC2 1024 8 6.50 0.9000 3.94 0.960 0.0000e+00
ACC2 1024 8 6.50 0.9000 3.94 0.980 1.3366e-04
ACC2 1024 8 6.50 0.9000 3.94 1.000 5.3465e-04
ACC2 1024 8 6.50 0.9000 8.14 0.900 0.0000e+00
ACC2 1024 8 6.50 0.9000 8.14 0.930 0.0000e+00
ACC2 1024 8 6.50 0.9000 8.14 0.960 0.0000e+00
ACC2 1024 8 6.50 0.9000 8.14 0.980 6.9793e-05
ACC2 1024 8 6.50 0.9000 8.14 1.000 4.1876e-04
ACC2 1024 8 6.50 0.9000 16.12 0.900 0.0000e+00
ACC2 1024 8 6.50 0.9000 16.12 0.930 0.0000e+00
ACC2 1024 8 6.50 0.9000 16.12 0.960 7.2046e-05
ACC2 1024 8 6.50 0.9000 16.12 0.980 1.4409e-04
ACC2 1024 8 6.50 0.9000 16.12 1.000 5.0432e-04
ACC2 1024 8 6.50 0.9000 32.60 0.900 0.0000e+00
ACC2 1024 8 6.50 0.9000 32.60 0.930 0.0000e+00
ACC2 1024 8 6.50 0.9000 32.60 0.960 0.0000e+00
ACC2 1024 8 6.50 0.9000 32.60 0.980 2.9405e-04
ACC2 1024 8 6.50 0.9000 32.60 1.000 4.4108e-04
ACC2 1024 8 6.50 0.9000 64.54 0.900 0.0000e+00
ACC2 1024 8 6.50 0.9000 64.54 0.930 7.5262e-05
ACC2 1024 8 6.50 0.9000 64.54 0.960 7.5262e-05
ACC2 1024 8 6.50 0.9000 64.54 0.980 1.5052e-04
ACC2 1024 8 6.50 0.9000 64.54 1.000 3.0105e-04
ACC2 1024 8 6.50 0.9000 130.28 0.900 0.0000e+00
ACC2 1024 8 6.50 0.9000 130.28 0.930 0.0000e+00
ACC2 1024 8 6.50 0.9000 130.28 0.960 0.0000e+00
ACC2 1024 8 6.50 0.9000 130.28 0.980 0.0000e+00
ACC2 1024 8 6.50 0.9000 130.28 1.000 1.5155e-04
ACC2 1024 8 6.50 0.9500 2.03 0.900 0.0000e+00
ACC2 1024 8 6.50 0.9500 2.03 0.930 0.0000e+00
ACC2 1024 8 6.50 0.9500 2.03 0.960 0.0000e+00
ACC2 1024 8 6.50 0.9500 2.03 0.980 1.2569e-04
ACC2 1024 8 6.50 0.9500 2.03 1.000 4.3992e-04
ACC2 1024 8 6.50 0.9500 3.94 0.900 0.0000e+00
ACC2 1024 8 6.50 0.9500 3.94 0.930 0.0000e+00
ACC2 1024 8 6.50 0.9500 3.94 0.960 0.0000e+00
ACC2 1024 8 6.50 0.9500 3.94 0.980 0.0000e+00
ACC2 1024 8 6.50 0.9500 3.94 1.000 5.8850e-04
ACC2 1024 8 6.50 0.9500 8.14 0.900 0.0000e+00
ACC2 1024 8 6.50 0.9500 8.14 0.930 0.0000e+00
ACC2 1024 8 6.50 0.9500 8.14 0.960 0.0000e+00
ACC2 1024 8 6.50 0.9500 8.14 0.980 0.0000e+00
ACC2 1024 8 6.50 0.9500 8.14 1.000 2.0364e-04
ACC2 1024 8 6.50 0.9500 16.12 0.900 0.0000e+00
ACC2 1024 8 6.50 0.9500 16.12 0.930 0.0000e+00
ACC2 1024 8 6.50 0.9500 16.12 0.960 0.0000e+00
ACC2 1024 8 6.50 0.9500 16.12 0.980 2.1025e-04
ACC2 1024 8 6.50 0.9500 16.12 1.000 3.5041e-04
ACC2 1024 8 6.50 0.9500 32.60 0.900 0.0000e+00
ACC2 1024 8 6.50 0.9500 32.60 0.930 0.0000e+00
ACC2 1024 8 6.50 0.9500 32.60 0.960 0.0000e+00
ACC2 1024 8 6.50 0.9500 32.60 0.980 7.1979e-05
ACC2 1024 8 6.50 0.9500 32.60 1.000 4.3187e-04
ACC2 1024 8 6.50 0.9500 64.54 0.900 0.0000e+00
ACC2 1024 8 6.50 0.9500 64.54 0.930 0.0000e+00
ACC2 1024 8 6.50 0.9500 64.54 0.960 0.0000e+00
ACC2 1024 8 6.50 0.9500 64.54 0.980 0.0000e+00
ACC2 1024 8 6.50 0.9500 64.54 1.000 2.2163e-04
ACC2 1024 8 6.50 0.9500 130.28 0.900 0.0000e+00
ACC2 1024 8 6.50 0.9500 130.28 0.930 0.0000e+00
ACC2 1024 8 6.50 0.9500 130.28 0.960 0.0000e+00
ACC2 1024 8 6.50 0.9500 130.28 0.980 0.0000e+00
ACC2 1024 8 6.50 0.9500 130.28 1.000 0.0000e+00
ACC2 1024 8 6.50 0.9800 2.03 0.900 0.0000e+00
ACC2 1024 8 6.50 0.9800 2.03 0.930 0.0000e+00
ACC2 1024 8 6.50 0.9800 2.03 0.960 0.0000e+00
ACC2 1024 8 6.50 0.9800 2.03 0.980 6.3939e-05
ACC2 1024 8 6.50 0.9800 2.03 1.000 2.2379e-03
ACC2 1024 8 6.50 0.9800 3.94 0.900 0.0000e+00
ACC2 1024 8 6.50 0.9800 3.94 0.930 0.0000e+00
ACC2 1024 8 6.50 0.9800 3.94 0.960 0.0000e+00
ACC2 1024 8 6.50 0.9800 3.94 0.980 1.3188e-04
ACC2 1024 8 6.50 0.9800 3.94 1.000 1.0551e-03
ACC2 1024 8 6.50 0.9800 8.14 0.900 0.0000e+00
ACC2 1024 8 6.50 0.9800 8.14 0.930 0.0000e+00
ACC2 1024 8 6.50 0.9800 8.14 0.960 0.0000e+00
ACC2 1024 8 6.50 0.9800 8.14 0.980 6.7875e-05
ACC2 1024 8 6.50 0.9800 8.14 1.000 8.8237e-04
ACC2 1024 8 6.50 0.9800 16.12 0.900 0.0000e+00
ACC2 1024 8 6.50 0.9800 16.12 0.930 0.0000e+00
ACC2 1024 8 6.50 0.9800 16.12 0.960 0.0000e+00
ACC2 1024 8 6.50 0.9800 16.12 0.980 0.0000e+00
ACC2 1024 8 6.50 0.9800 16.12 1.000 6.9507e-04
ACC2 1024 8 6.50 0.9800 32.60 0.900 0.0000e+00
ACC2 1024 8 6.50 0.9800 32.60 0.930 0.0000e+00
ACC2 1024 8 6.50 0.9800 32.60 0.960 0.0000e+00
ACC2 1024 8 6.50 0.9800 32.60 0.980 0.0000e+00
ACC2 1024 8 6.50 0.9800 32.60 1.000 5.6895e-04
ACC2 1024 8 6.50 0.9800 64.54 0.900 0.0000e+00
ACC2 1024 8 6.50 0.9800 64.54 0.930 0.0000e+00
ACC2 1024 8 6.50 0.9800 64.54 0.960 0.0000e+00
ACC2 1024 8 6.50 0.9800 64.54 0.980 7.2870e-05
ACC2 1024 8 6.50 0.9800 64.54 1.000 1.4574e-04
ACC2 1024 8 6.50 0.9800 130.28 0.900 0.0000e+00
ACC2 1024 8 6.50 0.9800 130.28 0.930 0.0000e+00
ACC2 1024 8 6.50 0.9800 130.28 0.960 0.0000e+00
ACC2 1024 8 6.50 0.9800 130.28 0.980 0.0000e+00
ACC2 1024 8 6.50 0.9800 130.28 1.000 2.9715e-04
ACC2 1024 8 6.50 0.9950 2.03 0.900 0.0000e+00
ACC2 1024 8 6.50 0.9950 2.03 0.930 0.0000e+00
ACC2 1024 8 6.50 0.9950 2.03 0.960 0.0000e+00
ACC2 1024 8 6.50 0.9950 2.03 0.980 0.0000e+00
ACC2 1024 8 6.50 0.9950 2.03 1.000 1.6825e-02
ACC2 1024 8 6.50 0.9950 3.94 0.900 0.0000e+00
ACC2 1024 8 6.50 0.9950 3.94 0.930 0.0000e+00
ACC2 1024 8 6.50 0.9950 3.94 0.960 0.0000e+00
ACC2 1024 8 6.50 0.9950 3.94 0.980 6.8315e-05
ACC2 1024 8 6.50 0.9950 3.94 1.000 8.9493e-03
ACC2 1024 8 6.50 0.9950 8.14 0.900 0.0000e+00
ACC2 1024 8 6.50 0.9950 8.14 0.930 0.0000e+00
ACC2 1024 8 6.50 0.9950 8.14 0.960 0.0000e+00
ACC2 1024 8 6.50 0.9950 8.14 0.980 0.0000e+00
ACC2 1024 8 6.50 0.9950 8.14 1.000 3.6775e-03
ACC2 1024 8 6.50 0.9950 16.12 0.900 0.0000e+00
ACC2 1024 8 6.50 0.9950 16.12 0.930 0.0000e+00
ACC2 1024 8 6.50 0.9950 16.12 0.960 0.0000e+00
ACC2 1024 8 6.50 0.9950 16.12 0.980 0.0000e+00
ACC2 1024 8 6.50 0.9950 16.12 1.000 2.6022e-03
ACC2 1024 8 6.50 0.9950 32.60 0.900 0.0000e+00
ACC2 1024 8 6.50 0.9950 32.60 0.930 0.0000e+00
ACC2 1024 8 6.50 0.9950 32.60 0.960 0.0000e+00
ACC2 1024 8 6.50 0.9950 32.60 0.980 0.0000e+00
ACC2 1024 8 6.50 0.9950 32.60 1.000 7.8583e-04
ACC2 1024 8 6.50 0.9950 64.54 0.900 0.0000e+00
ACC2 1024 8 6.50 0.9950 64.54 0.930 0.0000e+00
ACC2 1024 8 6.50 0.9950 64.54 0.960 0.0000e+00
ACC2 1024 8 6.50 0.9950 64.54 0.980 0.0000e+00
ACC2 1024 8 6.50 0.9950 64.54 1.000 2.1780e-04
ACC2 1024 8 6.50 0.9950 130.28 0.900 0.0000e+00
ACC2 1024 8 6.50 0.9950 130.28 0.930 0.0000e+00
ACC2 1024 8 6.50 0.9950 130.28 0.960 0.0000e+00
ACC2 1024 8 6.50 0.9950 130.28 0.980 0.0000e+00
ACC2 1024 8 6.50 0.9950 130.28 1.000 2.9533e-04
ACC2 2048 4 5.00 0.8000 2.03 0.900 5.5838e-05
ACC2 2048 4 5.00 0.8000 2.03 0.930 5.5838e-05
ACC2 2048 4 5.00 0.8000 2.03 0.960 5.5838e-05
ACC2 2048 4 5.00 0.8000 2.03 0.980 3.9086e-04
ACC2 2048 4 5.00 0.8000 2.03 1.000 5.5838e-04
ACC2 2048 4 5.00 0.8000 3.94 0.900 0.0000e+00
ACC2 2048 4 5.00 0.8000 3.94 0.930 0.0000e+00
ACC2 2048 4 5.00 0.8000 3.94 0.960 1.7625e-04
ACC2 2048 4 5.00 0.8000 3.94 0.980 2.9375e-04
ACC2 2048 4 5.00 0.8000 3.94 1.000 5.2876e-04
ACC2 2048 4 5.00 0.8000 8.14 0.900 0.0000e+00
ACC2 2048 4 5.00 0.8000 8.14 0.930 0.0000e+00
ACC2 2048 4 5.00 0.8000 8.14 0.960 0.0000e+00
ACC2 2048 4 5.00 0.8000 8.14 0.980 6.1463e-05
ACC2 2048 4 5.00 0.8000 8.14 1.000 1.8439e-04
ACC2 2048 4 5.00 0.8000 16.12 0.900 0.0000e+00
ACC2 2048 4 5.00 0.8000 16.12 0.930 0.0000e+00
ACC2 2048 4 5.00 0.8000 16.12 0.960 0.0000e+00
ACC2 2048 4 5.00 0.8000 16.12 0.980 1.2821e-04
ACC2 2048 4 5.00 0.8000 16.12 1.000 1.2821e-04
ACC2 2048 4 5.00 0.8000 32.61 0.900 0.0000e+00
ACC2 2048 4 5.00 0.8000 32.61 0.930 0.0000e+00
ACC2 2048 4 5.00 0.8000 32.61 0.960 0.0000e+00
ACC2 2048 4 5.00 0.8000 32.61 0.980 0.0000e+00
ACC2 2048 4 5.00 0.8000 32.61 1.000 2.0028e-04
ACC2 2048 4 5.00 0.8000 64.60 0.900 0.0000e+00
ACC2 2048 4 5.00 0.8000 64.60 0.930 0.0000e+00
ACC2 2048 4 5.00 0.8000 64.60 0.960 0.0000e+00
ACC2 2048 4 5.00 0.8000 64.60 0.980 0.0000e+00
ACC2 2048 4 5.00 0.8000 64.60 1.000 0.0000e+00
ACC2 2048 4 5.00 0.8000 128.49 0.900 0.0000e+00
ACC2 2048 4 5.00 0.8000 128.49 0.930 0.0000e+00
ACC2 2048 4 5.00 0.8000 128.49 0.960 0.0000e+00
ACC2 2048 4 5.00 0.8000 128.49 0.980 0.0000e+00
ACC2 2048 4 5.00 0.8000 128.49 1.000 0.0000e+00
ACC2 2048 4 5.00 0.9000 2.03 0.900 0.0000e+00
ACC2 2048 4 5.00 0.9000 2.03 0.930 0.0000e+00
ACC2 2048 4 5.00 0.9000 2.03 0.960 1.6544e-04
ACC2 2048 4 5.00 0.9000 2.03 0.980 4.4116e-04
ACC2 2048 4 5.00 0.9000 2.03 1.000 9.3747e-04
ACC2 2048 4 5.00 0.9000 3.94 0.900 0.0000e+00
ACC2 2048 4 5.00 0.9000 3.94 0.930 0.0000e+00
ACC2 2048 4 5.00 0.9000 3.94 0.960 0.0000e+00
ACC2 2048 4 5.00 0.9000 3.94 0.980 1.1494e-04
ACC2 2048 4 5.00 0.9000 3.94 1.000 4.5974e-04
ACC2 2048 4 5.00 0.9000 8.14 0.900 0.0000e+00
ACC2 2048 4 5.00 0.9000 8.14 0.930 5.9673e-05
ACC2 2048 4 5.00 0.9000 8.14 0.960 5.9673e-05
ACC2 2048 4 5.00 0.9000 8.14 0.980 2.9836e-04
ACC2 2048 4 5.00 0.9000 8.14 1.000 4.7738e-04
ACC2 2048 4 5.00 0.9000 16.12 0.900 0.0000e+00
ACC2 2048 4 5.00 0.9000 16.12 0.930 0.0000e+00
ACC2 2048 4 5.00 0.9000 16.12 0.960 6.1709e-05
ACC2 2048 4 5.00 0.9000 16.12 0.980 6.1709e-05
ACC2 2048 4 5.00 0.9000 16.12 1.000 2.4684e-04
ACC2 2048 4 5.00 0.9000 32.61 0.900 0.0000e+00
ACC2 2048 4 5.00 0.9000 32.61 0.930 0.0000e+00
ACC2 2048 4 5.00 0.9000 32.61 0.960 6.4383e-05
ACC2 2048 4 5.00 0.9000 32.61 0.980 1.2877e-04
ACC2 2048 4 5.00 0.9000 32.61 1.000 1.9315e-04
ACC2 2048 4 5.00 0.9000 64.60 0.900 0.0000e+00
ACC2 2048 4 5.00 0.9000 64.60 0.930 0.0000e+00
ACC2 2048 4 5.00 0.9000 64.60 0.960 6.6818e-05
ACC2 2048 4 5.00 0.9000 64.60 0.980 2.0045e-04
ACC2 2048 4 5.00 0.9000 64.60 1.000 2.6727e-04
ACC2 2048 4 5.00 0.9000 128.49 0.900 0.0000e+00
ACC2 2048 4 5.00 0.9000 128.49 0.930 0.0000e+00
ACC2 2048 4 5.00 0.9000 128.49 0.960 0.0000e+00
ACC2 2048 4 5.00 0.9000 128.49 0.980 0.0000e+00
ACC2 2048 4 5.00 0.9000 128.49 1.000 0.0000e+00
ACC2 2048 4 5.00 0.9500 2.03 0.900 0.0000e+00
ACC2 2048 4 5.00 0.9500 2.03 0.930 0.0000e+00
ACC2 2048 4 5.00 0.9500 2.03 0.960 1.6908e-04
ACC2 2048 4 5.00 0.9500 2.03 0.980 7.3268e-04
ACC2 2048 4 5.00 0.9500 2.03 1.000 2.8180e-03
ACC2 2048 4 5.00 0.9500 3.94 0.900 0.0000e+00
ACC2 2048 4 5.00 0.9500 3.94 0.930 0.0000e+00
ACC2 2048 4 5.00 0.9500 3.94 0.960 0.0000e+00
ACC2 2048 4 5.00 0.9500 3.94 0.980 2.9126e-04
ACC2 2048 4 5.00 0.9500 3.94 1.000 1.4563e-03
ACC2 2048 4 5.00 0.9500 8.14 0.900 0.0000e+00
ACC2 2048 4 5.00 0.9500 8.14 0.930 0.0000e+00
ACC2 2048 4 5.00 0.9500 8.14 0.960 6.0107e-05
ACC2 2048 4 5.00 0.9500 8.14 0.980 1.2021e-04
ACC2 2048 4 5.00 0.9500 8.14 1.000 1.0819e-03
ACC2 2048 4 5.00 0.9500 16.12 0.900 0.0000e+00
ACC2 2048 4 5.00 0.9500 16.12 0.930 0.0000e+00
ACC2 2048 4 5.00 0.9500 16.12 0.960 0.0000e+00
ACC2 2048 4 5.00 0.9500 16.12 0.980 6.1694e-05
ACC2 2048 4 5.00 0.9500 16.12 1.000 3.7016e-04
ACC2 2048 4 5.00 0.9500 32.61 0.900 0.0000e+00
ACC2 2048 4 5.00 0.9500 32.61 0.930 0.0000e+00
ACC2 2048 4 5.00 0.9500 32.61 0.960 0.0000e+00
ACC2 2048 4 5.00 0.9500 32.61 0.980 1.2793e-04
ACC2 2048 4 5.00 0.9500 32.61 1.000 1.9189e-04
ACC2 2048 4 5.00 0.9500 64.60 0.900 0.0000e+00
ACC2 2048 4 5.00 0.9500 64.60 0.930 0.0000e+00
ACC2 2048 4 5.00 0.9500 64.60 0.960 0.0000e+00
ACC2 2048 4 5.00 0.9500 64.60 0.980 0.0000e+00
ACC2 2048 4 5.00 0.9500 64.60 1.000 6.5828e-05
ACC2 2048 4 5.00 0.9500 128.49 0.900 0.0000e+00
ACC2 2048 4 5.00 0.9500 128.49 0.930 0.0000e+00
ACC2 2048 4 5.00 0.9500 128.49 0.960 0.0000e+00
ACC2 2048 4 5.00 0.9500 128.49 0.980 0.0000e+00
ACC2 2048 4 5.00 0.9500 128.49 1.000 0.0000e+00
ACC2 2048 4 5.00 0.9800 2.03 0.900 0.0000e+00
ACC2 2048 4 5.00 0.9800 2.03 0.930 0.0000e+00
ACC2 2048 4 5.00 0.9800 2.03 0.960 1.7718e-04
ACC2 2048 4 5.00 0.9800 2.03 0.980 1.4174e-03
ACC2 2048 4 5.00 0.9800 2.03 1.000 1.0867e-02
ACC2 2048 4 5.00 0.9800 3.94 0.900 0.0000e+00
ACC2 2048 4 5.00 0.9800 3.94 0.930 0.0000e+00
ACC2 2048 4 5.00 0.9800 3.94 0.960 1.2089e-04
ACC2 2048 4 5.00 0.9800 3.94 0.980 1.1485e-03
ACC2 2048 4 5.00 0.9800 3.94 1.000 5.9840e-03
ACC2 2048 4 5.00 0.9800 8.14 0.900 0.0000e+00
ACC2 2048 4 5.00 0.9800 8.14 0.930 0.0000e+00
ACC2 2048 4 5.00 0.9800 8.14 0.960 6.1870e-05
ACC2 2048 4 5.00 0.9800 8.14 0.980 4.9496e-04
ACC2 2048 4 5.00 0.9800 8.14 1.000 3.2172e-03
ACC2 2048 4 5.00 0.9800 16.12 0.900 0.0000e+00
ACC2 2048 4 5.00 0.9800 16.12 0.930 0.0000e+00
ACC2 2048 4 5.00 0.9800 16.12 0.960 0.0000e+00
ACC2 2048 4 5.00 0.9800 16.12 0.980 1.2582e-04
ACC2 2048 4 5.00 0.9800 16.12 1.000 1.1324e-03
ACC2 2048 4 5.00 0.9800 32.61 0.900 0.0000e+00
ACC2 2048 4 5.00 0.9800 32.61 0.930 0.0000e+00
ACC2 2048 4 5.00 0.9800 32.61 0.960 0.0000e+00
ACC2 2048 4 5.00 0.9800 32.61 0.980 0.0000e+00
ACC2 2048 4 5.00 0.9800 32.61 1.000 2.5830e-04
ACC2 2048 4 5.00 0.9800 64.60 0.900 0.0000e+00
ACC2 2048 4 5.00 0.9800 64.60 0.930 0.0000e+00
ACC2 2048 4 5.00 0.9800 64.60 0.960 0.0000e+00
ACC2 2048 4 5.00 0.9800 64.60 0.980 0.0000e+00
ACC2 2048 4 5.00 0.9800 64.60 1.000 0.0000e+00
ACC2 2048 4 5.00 0.9800 128.49 0.900 0.0000e+00
ACC2 2048 4 5.00 0.9800 128.49 0.930 0.0000e+00
ACC2 2048 4 5.00 0.9800 128.49 0.960 0.0000e+00
ACC2 2048 4 5.00 0.9800 128.49 0.980 0.0000e+00
ACC2 2048 4 5.00 0.9800 128.49 1.000 0.0000e+00
ACC2 2048 4 5.00 0.9950 2.03 0.900 0.0000e+00
ACC2 2048 4 5.00 0.9950 2.03 0.930 0.0000e+00
ACC2 2048 4 5.00 0.9950 2.03 0.960 0.0000e+00
ACC2 2048 4 5.00 0.9950 2.03 0.980 1.3882e-03
ACC2 2048 4 5.00 0.9950 2.03 1.000 3.8491e-02
ACC2 2048 4 5.00 0.9950 3.94 0.900 0.0000e+00
ACC2 2048 4 5.00 0.9950 3.94 0.930 0.0000e+00
ACC2 2048 4 5.00 0.9950 3.94 0.960 0.0000e+00
ACC2 2048 4 5.00 0.9950 3.94 0.980 8.3248e-04
ACC2 2048 4 5.00 0.9950 3.94 1.000 2.4270e-02
ACC2 2048 4 5.00 0.9950 8.14 0.900 0.0000e+00
ACC2 2048 4 5.00 0.9950 8.14 0.930 0.0000e+00
ACC2 2048 4 5.00 0.9950 8.14 0.960 0.0000e+00
ACC2 2048 4 5.00 0.9950 8.14 0.980 3.2428e-04
ACC2 2048 4 5.00 0.9950 8.14 1.000 1.4398e-02
ACC2 2048 4 5.00 0.9950 16.12 0.900 0.0000e+00
ACC2 2048 4 5.00 0.9950 16.12 0.930 0.0000e+00
ACC2 2048 4 5.00 0.9950 16.12 0.960 0.0000e+00
ACC2 2048 4 5.00 0.9950 16.12 0.980 6.5338e-05
ACC2 2048 4 5.00 0.9950 16.12 1.000 8.1019e-03
ACC2 2048 4 5.00 0.9950 32.61 0.900 0.0000e+00
ACC2 2048 4 5.00 0.9950 32.61 0.930 0.0000e+00
ACC2 2048 4 5.00 0.9950 32.61 0.960 0.0000e+00
ACC2 2048 4 5.00 0.9950 32.61 0.980 0.0000e+00
ACC2 2048 4 5.00 0.9950 32.61 1.000 1.4580e-03
ACC2 2048 4 5.00 0.9950 64.60 0.900 0.0000e+00
ACC2 2048 4 5.00 0.9950 64.60 0.930 0.0000e+00
ACC2 2048 4 5.00 0.9950 64.60 0.960 0.0000e+00
ACC2 2048 4 5.00 0.9950 64.60 0.980 0.0000e+00
ACC2 2048 4 5.00 0.9950 64.60 1.000 6.7141e-05
ACC2 2048 4 5.00 0.9950 128.49 0.900 0.0000e+00
ACC2 2048 4 5.00 0.9950 128.49 0.930 0.0000e+00
ACC2 2048 4 5.00 0.9950 128.49 0.960 0.0000e+00
ACC2 2048 4 5.00 0.9950 128.49 0.980 0.0000e+00
ACC2 2048 4 5.00 0.9950 128.49 1.000 0.0000e+00
ACC2 2048 4 5.50 0.8000 2.03 0.900 0.0000e+00
ACC2 2048 4 5.50 0.8000 2.03 0.930 5.9474e-05
ACC2 2048 4 5.50 0.8000 2.03 0.960 1.1895e-04
ACC2 2048 4 5.50 0.8000 2.03 0.980 4.1632e-04
ACC2 2048 4 5.50 0.8000 2.03 1.000 5.9474e-04
ACC2 2048 4 5.50 0.8000 3.94 0.900 0.0000e+00
ACC2 2048 4 5.50 0.8000 3.94 0.930 0.0000e+00
ACC2 2048 4 5.50 0.8000 3.94 0.960 1.2507e-04
ACC2 2048 4 5.50 0.8000 3.94 0.980 2.5014e-04
ACC2 2048 4 5.50 0.8000 3.94 1.000 5.0028e-04
ACC2 2048 4 5.50 0.8000 8.14 0.900 0.0000e+00
ACC2 2048 4 5.50 0.8000 8.14 0.930 0.0000e+00
ACC2 2048 4 5.50 0.8000 8.14 0.960 0.0000e+00
ACC2 2048 4 5.50 0.8000 8.14 0.980 1.3035e-04
ACC2 2048 4 5.50 0.8000 8.14 1.000 2.6071e-04
ACC2 2048 4 5.50 0.8000 16.12 0.900 0.0000e+00
ACC2 2048 4 5.50 0.8000 16.12 0.930 0.0000e+00
ACC2 2048 4 5.50 0.8000 16.12 0.960 0.0000e+00
ACC2 2048 4 5.50 0.8000 16.12 0.980 2.0231e-04
ACC2 2048 4 5.50 0.8000 16.12 1.000 2.6974e-04
ACC2 2048 4 5.50 0.8000 32.61 0.900 0.0000e+00
ACC2 2048 4 5.50 0.8000 32.61 0.930 0.0000e+00
ACC2 2048 4 5.50 0.8000 32.61 0.960 0.0000e+00
ACC2 2048 4 5.50 0.8000 32.61 0.980 6.9618e-05
ACC2 2048 4 5.50 0.8000 32.61 1.000 2.7847e-04
ACC2 2048 4 5.50 0.8000 64.60 0.900 0.0000e+00
ACC2 2048 4 5.50 0.8000 64.60 0.930 0.0000e+00
ACC2 2048 4 5.50 0.8000 64.60 0.960 0.0000e+00
ACC2 2048 4 5.50 0.8000 64.60 0.980 0.0000e+00
ACC2 2048 4 5.50 0.8000 64.60 1.000 7.1741e-05
ACC2 2048 4 5.50 0.8000 128.49 0.900 0.0000e+00
ACC2 2048 4 5.50 0.8000 128.49 0.930 0.0000e+00
ACC2 2048 4 5.50 0.8000 128.49 0.960 0.0000e+00
ACC2 2048 4 5.50 0.8000 128.49 0.980 0.0000e+00
ACC2 2048 4 5.50 0.8000 128.49 1.000 7.3519e-05
ACC2 2048 4 5.50 0.9000 2.03 0.900 0.0000e+00
ACC2 2048 4 5.50 0.9000 2.03 0.930 0.0000e+00
ACC2 2048 4 5.50 0.9000 2.03 0.960 0.0000e+00
ACC2 2048 4 5.50 0.9000 2.03 0.980 2.2981e-04
ACC2 2048 4 5.50 0.9000 2.03 1.000 6.8942e-04
ACC2 2048 4 5.50 0.9000 3.94 0.900 0.0000e+00
ACC2 2048 4 5.50 0.9000 3.94 0.930 0.0000e+00
ACC2 2048 4 5.50 0.9000 3.94 0.960 0.0000e+00
ACC2 2048 4 5.50 0.9000 3.94 0.980 1.2010e-04
ACC2 2048 4 5.50 0.9000 3.94 1.000 3.6030e-04
ACC2 2048 4 5.50 0.9000 8.14 0.900 0.0000e+00
ACC2 2048 4 5.50 0.9000 8.14 0.930 6.2348e-05
ACC2 2048 4 5.50 0.9000 8.14 0.960 1.2470e-04
ACC2 2048 4 5.50 0.9000 8.14 0.980 2.4939e-04
ACC2 2048 4 5.50 0.9000 8.14 1.000 6.2348e-04
ACC2 2048 4 5.50 0.9000 16.12 0.900 0.0000e+00
ACC2 2048 4 5.50 0.9000 16.12 0.930 0.0000e+00
ACC2 2048 4 5.50 0.9000 16.12 0.960 6.4222e-05
ACC2 2048 4 5.50 0.9000 16.12 0.980 1.2844e-04
ACC2 2048 4 5.50 0.9000 16.12 1.000 1.9267e-04
ACC2 2048 4 5.50 0.9000 32.61 0.900 0.0000e+00
ACC2 2048 4 5.50 0.9000 32.61 0.930 0.0000e+00
ACC2 2048 4 5.50 0.9000 32.61 0.960 6.6872e-05
ACC2 2048 4 5.50 0.9000 32.61 0.980 6.6872e-05
ACC2 2048 4 5.50 0.9000 32.61 1.000 2.0062e-04
ACC2 2048 4 5.50 0.9000 64.60 0.900 0.0000e+00
ACC2 2048 4 5.50 0.9000 64.60 0.930 0.0000e+00
ACC2 2048 4 5.50 0.9000 64.60 0.960 6.9276e-05
ACC2 2048 4 5.50 0.9000 64.60 0.980 1.3855e-04
ACC2 2048 4 5.50 0.9000 64.60 1.000 1.3855e-04
ACC2 2048 4 5.50 0.9000 128.49 0.900 0.0000e+00
ACC2 2048 4 5.50 0.9000 128.49 0.930 0.0000e+00
ACC2 2048 4 5.50 0.9000 128.49 0.960 0.0000e+00
ACC2 2048 4 5.50 0.9000 128.49 0.980 0.0000e+00
ACC2 2048 4 5.50 0.9000 128.49 1.000 0.0000e+00
ACC2 2048 4 5.50 0.9500 2.03 0.900 0.0000e+00
ACC2 2048 4 5.50 0.9500 2.03 0.930 0.0000e+00
ACC2 2048 4 5.50 0.9500 2.03 0.960 5.8113e-05
ACC2 2048 4 5.50 0.9500 2.03 0.980 5.2301e-04
ACC2 2048 4 5.50 0.9500 2.03 1.000 2.2083e-03
ACC2 2048 4 5.50 0.9500 3.94 0.900 0.0000e+00
ACC2 2048 4 5.50 0.9500 3.94 0.930 0.0000e+00
ACC2 2048 4 5.50 0.9500 3.94 0.960 0.0000e+00
ACC2 2048 4 5.50 0.9500 3.94 0.980 1.8006e-04
ACC2 2048 4 5.50 0.9500 3.94 1.000 1.4405e-03
ACC2 2048 4 5.50 0.9500 8.14 0.900 0.0000e+00
ACC2 2048 4 5.50 0.9500 8.14 0.930 0.0000e+00
ACC2 2048 4 5.50 0.9500 8.14 0.960 0.0000e+00
ACC2 2048 4 5.50 0.9500 8.14 0.980 6.1954e-05
ACC2 2048 4 5.50 0.9500 8.14 1.000 8.0540e-04
ACC2 2048 4 5.50 0.9500 16.12 0.900 0.0000e+00
ACC2 2048 4 5.50 0.9500 16.12 0.930 0.0000e+00
ACC2 2048 4 5.50 0.9500 16.12 0.960 0.0000e+00
ACC2 2048 4 5.50 0.9500 16.12 0.980 0.0000e+00
ACC2 2048 4 5.50 0.9500 16.12 1.000 1.2717e-04
ACC2 2048 4 5.50 0.9500 32.61 0.900 0.0000e+00
ACC2 2048 4 5.50 0.9500 32.61 0.930 0.0000e+00
ACC2 2048 4 5.50 0.9500 32.61 0.960 0.0000e+00
ACC2 2048 4 5.50 0.9500 32.61 0.980 6.5876e-05
ACC2 2048 4 5.50 0.9500 32.61 1.000 2.6350e-04
ACC2 2048 4 5.50 0.9500 64.60 0.900 0.0000e+00
ACC2 2048 4 5.50 0.9500 64.60 0.930 0.0000e+00
ACC2 2048 4 5.50 0.9500 64.60 0.960 0.0000e+00
ACC2 2048 4 5.50 0.9500 64.60 0.980 0.0000e+00
ACC2 2048 4 5.50 0.9500 64.60 1.000 6.7912e-05
ACC2 2048 4 5.50 0.9500 128.49 0.900 0.0000e+00
ACC2 2048 4 5.50 0.9500 128.49 0.930 0.0000e+00
ACC2 2048 4 5.50 0.9500 128.49 0.960 0.0000e+00
ACC2 2048 4 5.50 0.9500 128.49 0.980 0.0000e+00
ACC2 2048 4 5.50 0.9500 128.49 1.000 0.0000e+00
ACC2 2048 4 5.50 0.9800 2.03 0.900 0.0000e+00
ACC2 2048 4 5.50 0.9800 2.03 0.930 0.0000e+00
ACC2 2048 4 5.50 0.9800 2.03 0.960 0.0000e+00
ACC2 2048 4 5.50 0.9800 2.03 0.980 9.0410e-04
ACC2 2048 4 5.50 0.9800 2.03 1.000 9.8246e-03
ACC2 2048 4 5.50 0.9800 3.94 0.900 0.0000e+00
ACC2 2048 4 5.50 0.9800 3.94 0.930 0.0000e+00
ACC2 2048 4 5.50 0.9800 3.94 0.960 6.1923e-05
ACC2 2048 4 5.50 0.9800 3.94 0.980 5.5731e-04
ACC2 2048 4 5.50 0.9800 3.94 1.000 4.3966e-03
ACC2 2048 4 5.50 0.9800 8.14 0.900 0.0000e+00
ACC2 2048 4 5.50 0.9800 8.14 0.930 0.0000e+00
ACC2 2048 4 5.50 0.9800 8.14 0.960 0.0000e+00
ACC2 2048 4 5.50 0.9800 8.14 0.980 1.8995e-04
ACC2 2048 4 5.50 0.9800 8.14 1.000 2.4693e-03
ACC2 2048 4 5.50 0.9800 16.12 0.900 0.0000e+00
ACC2 2048 4 5.50 0.9800 16.12 0.930 0.0000e+00
ACC2 2048 4 5.50 0.9800 16.12 0.960 0.0000e+00
ACC2 2048 4 5.50 0.9800 16.12 0.980 6.4259e-05
ACC2 2048 4 5.50 0.9800 16.12 1.000 1.2209e-03
ACC2 2048 4 5.50 0.9800 32.61 0.900 0.0000e+00
ACC2 2048 4 5.50 0.9800 32.61 0.930 0.0000e+00
ACC2 2048 4 5.50 0.9800 32.61 0.960 0.0000e+00
ACC2 2048 4 5.50 0.9800 32.61 0.980 0.0000e+00
ACC2 2048 4 5.50 0.9800 32.61 1.000 2.6466e-04
ACC2 2048 4 5.50 0.9800 64.60 0.900 0.0000e+00
ACC2 2048 4 5.50 0.9800 64.60 0.930 0.0000e+00
ACC2 2048 4 5.50 0.9800 64.60 0.960 0.0000e+00
ACC2 2048 4 5.50 0.9800 64.60 0.980 0.0000e+00
ACC2 2048 4 5.50 0.9800 64.60 1.000 0.0000e+00
ACC2 2048 4 5.50 0.9800 128.49 0.900 0.0000e+00
ACC2 2048 4 5.50 0.9800 128.49 0.930 0.0000e+00
ACC2 2048 4 5.50 0.9800 128.49 0.960 0.0000e+00
ACC2 2048 4 5.50 0.9800 128.49 0.980 0.0000e+00
ACC2 2048 4 5.50 0.9800 128.49 1.000 0.0000e+00
ACC2 2048 4 5.50 0.9950 2.03 0.900 0.0000e+00
ACC2 2048 4 5.50 0.9950 2.03 0.930 0.0000e+00
ACC2 2048 4 5.50 0.9950 2.03 0.960 0.0000e+00
ACC2 2048 4 5.50 0.9950 2.03 0.980 5.1487e-04
ACC2 2048 4 5.50 0.9950 2.03 1.000 3.4174e-02
ACC2 2048 4 5.50 0.9950 3.94 0.900 0.0000e+00
ACC2 2048 4 5.50 0.9950 3.94 0.930 0.0000e+00
ACC2 2048 4 5.50 0.9950 3.94 0.960 0.0000e+00
ACC2 2048 4 5.50 0.9950 3.94 0.980 3.9093e-04
ACC2 2048 4 5.50 0.9950 3.94 1.000 2.1631e-02
ACC2 2048 4 5.50 0.9950 8.14 0.900 0.0000e+00
ACC2 2048 4 5.50 0.9950 8.14 0.930 0.0000e+00
ACC2 2048 4 5.50 0.9950 8.14 0.960 0.0000e+00
ACC2 2048 4 5.50 0.9950 8.14 0.980 6.6098e-05
ACC2 2048 4 5.50 0.9950 8.14 1.000 1.0972e-02
ACC2 2048 4 5.50 0.9950 16.12 0.900 0.0000e+00
ACC2 2048 4 5.50 0.9950 16.12 0.930 0.0000e+00
ACC2 2048 4 5.50 0.9950 16.12 0.960 0.0000e+00
ACC2 2048 4 5.50 0.9950 16.12 0.980 0.0000e+00
ACC2 2048 4 5.50 0.9950 16.12 1.000 6.5251e-03
ACC2 2048 4 5.50 0.9950 32.61 0.900 0.0000e+00
ACC2 2048 4 5.50 0.9950 32.61 0.930 0.0000e+00
ACC2 2048 4 5.50 0.9950 32.61 0.960 0.0000e+00
ACC2 2048 4 5.50 0.9950 32.61 0.980 0.0000e+00
ACC2 2048 4 5.50 0.9950 32.61 1.000 7.4349e-04
ACC2 2048 4 5.50 0.9950 64.60 0.900 0.0000e+00
ACC2 2048 4 5.50 0.9950 64.60 0.930 0.0000e+00
ACC2 2048 4 5.50 0.9950 64.60 0.960 0.0000e+00
ACC2 2048 4 5.50 0.9950 64.60 0.980 0.0000e+00
ACC2 2048 4 5.50 0.9950 64.60 1.000 6.8554e-05
ACC2 2048 4 5.50 0.9950 128.49 0.900 0.0000e+00
ACC2 2048 4 5.50 0.9950 128.49 0.930 0.0000e+00
ACC2 2048 4 5.50 0.9950 128.49 0.960 0.0000e+00
ACC2 2048 4 5.50 0.9950 128.49 0.980 0.0000e+00
ACC2 2048 4 5.50 0.9950 128.49 1.000 0.0000e+00
ACC2 2048 4 6.00 0.8000 2.03 0.900 0.0000e+00
ACC2 2048 4 6.00 0.8000 2.03 0.930 6.2976e-05
ACC2 2048 4 6.00 0.8000 2.03 0.960 1.2595e-04
ACC2 2048 4 6.00 0.8000 2.03 0.980 3.7786e-04
ACC2 2048 4 6.00 0.8000 2.03 1.000 5.6679e-04
ACC2 2048 4 6.00 0.8000 3.94 0.900 0.0000e+00
ACC2 2048 4 6.00 0.8000 3.94 0.930 0.0000e+00
ACC2 2048 4 6.00 0.8000 3.94 0.960 1.3164e-04
ACC2 2048 4 6.00 0.8000 3.94 0.980 2.6328e-04
ACC2 2048 4 6.00 0.8000 3.94 1.000 7.2402e-04
ACC2 2048 4 6.00 0.8000 8.14 0.900 0.0000e+00
ACC2 2048 4 6.00 0.8000 8.14 0.930 0.0000e+00
ACC2 2048 4 6.00 0.8000 8.14 0.960 0.0000e+00
ACC2 2048 4 6.00 0.8000 8.14 0.980 1.3647e-04
ACC2 2048 4 6.00 0.8000 8.14 1.000 3.4118e-04
ACC2 2048 4 6.00 0.8000 16.12 0.900 0.0000e+00
ACC2 2048 4 6.00 0.8000 16.12 0.930 0.0000e+00
ACC2 2048 4 6.00 0.8000 16.12 0.960 0.0000e+00
ACC2 2048 4 6.00 0.8000 16.12 0.980 2.0992e-04
ACC2 2048 4 6.00 0.8000 16.12 1.000 2.7990e-04
ACC2 2048 4 6.00 0.8000 32.61 0.900 0.0000e+00
ACC2 2048 4 6.00 0.8000 32.61 0.930 0.0000e+00
ACC2 2048 4 6.00 0.8000 32.61 0.960 0.0000e+00
ACC2 2048 4 6.00 0.8000 32.61 0.980 7.1922e-05
ACC2 2048 4 6.00 0.8000 32.61 1.000 2.8769e-04
ACC2 2048 4 6.00 0.8000 64.60 0.900 0.0000e+00
ACC2 2048 4 6.00 0.8000 64.60 0.930 0.0000e+00
ACC2 2048 4 6.00 0.8000 64.60 0.960 0.0000e+00
ACC2 2048 4 6.00 0.8000 64.60 0.980 0.0000e+00
ACC2 2048 4 6.00 0.8000 64.60 1.000 7.3497e-05
ACC2 2048 4 6.00 0.8000 128.49 0.900 0.0000e+00
ACC2 2048 4 6.00 0.8000 128.49 0.930 0.0000e+00
ACC2 2048 4 6.00 0.8000 128.49 0.960 0.0000e+00
ACC2 2048 4 6.00 0.8000 128.49 0.980 0.0000e+00
ACC2 2048 4 6.00 0.8000 128.49 1.000 7.4901e-05
ACC2 2048 4 6.00 0.9000 2.03 0.900 0.0000e+00
ACC2 2048 4 6.00 0.9000 2.03 0.930 0.0000e+00
ACC2 2048 4 6.00 0.9000 2.03 0.960 0.0000e+00
ACC2 2048 4 6.00 0.9000 2.03 0.980 1.1940e-04
ACC2 2048 4 6.00 0.9000 2.03 1.000 6.5668e-04
ACC2 2048 4 6.00 0.9000 3.94 0.900 0.0000e+00
ACC2 2048 4 6.00 0.9000 3.94 0.930 0.0000e+00
ACC2 2048 4 6.00 0.9000 3.94 0.960 0.0000e+00
ACC2 2048 4 6.00 0.9000 3.94 0.980 6.2317e-05
ACC2 2048 4 6.00 0.9000 3.94 1.000 2.4927e-04
ACC2 2048 4 6.00 0.9000 8.14 0.900 0.0000e+00
ACC2 2048 4 6.00 0.9000 8.14 0.930 0.0000e+00
ACC2 2048 4 6.00 0.9000 8.14 0.960 1.2923e-04
ACC2 2048 4 6.00 0.9000 8.14 0.980 2.5846e-04
ACC2 2048 4 6.00 0.9000 8.14 1.000 6.4616e-04
ACC2 2048 4 6.00 0.9000 16.12 0.900 0.0000e+00
ACC2 2048 4 6.00 0.9000 16.12 0.930 0.0000e+00
ACC2 2048 4 6.00 0.9000 16.12 0.960 6.6463e-05
ACC2 2048 4 6.00 0.9000 16.12 0.980 1.3293e-04
ACC2 2048 4 6.00 0.9000 16.12 1.000 1.9939e-04
ACC2 2048 4 6.00 0.9000 32.61 0.900 0.0000e+00
ACC2 2048 4 6.00 0.9000 32.61 0.930 0.0000e+00
ACC2 2048 4 6.00 0.9000 32.61 0.960 6.8842e-05
ACC2 2048 4 6.00 0.9000 32.61 0.980 6.8842e-05
ACC2 2048 4 6.00 0.9000 32.61 1.000 2.0653e-04
ACC2 2048 4 6.00 0.9000 64.60 0.900 0.0000e+00
ACC2 2048 4 6.00 0.9000 64.60 0.930 0.0000e+00
ACC2 2048 4 6.00 0.9000 64.60 0.960 0.0000e+00
ACC2 2048 4 6.00 0.9000 64.60 0.980 1.4254e-04
ACC2 2048 4 6.00 0.9000 64.60 1.000 1.4254e-04
ACC2 2048 4 6.00 0.9000 128.49 0.900 0.0000e+00
ACC2 2048 4 6.00 0.9000 128.49 0.930 0.0000e+00
ACC2 2048 4 6.00 0.9000 128.49 0.960 0.0000e+00
ACC2 2048 4 6.00 0.9000 128.49 0.980 0.0000e+00
ACC2 2048 4 6.00 0.9000 128.49 1.000 0.0000e+00
ACC2 2048 4 6.00 0.9500 2.03 0.900 0.0000e+00
ACC2 2048 4 6.00 0.9500 2.03 0.930 0.0000e+00
ACC2 2048 4 6.00 0.9500 2.03 0.960 0.0000e+00
ACC2 2048 4 6.00 0.9500 2.03 0.980 1.1924e-04
ACC2 2048 4 6.00 0.9500 2.03 1.000 1.4309e-03
ACC2 2048 4 6.00 0.9500 3.94 0.900 0.0000e+00
ACC2 2048 4 6.00 0.9500 3.94 0.930 0.0000e+00
ACC2 2048 4 6.00 0.9500 3.94 0.960 6.1789e-05
ACC2 2048 4 6.00 0.9500 3.94 0.980 1.2358e-04
ACC2 2048 4 6.00 0.9500 3.94 1.000 7.4147e-04
ACC2 2048 4 6.00 0.9500 8.14 0.900 0.0000e+00
ACC2 2048 4 6.00 0.9500 8.14 0.930 0.0000e+00
ACC2 2048 4 6.00 0.9500 8.14 0.960 0.0000e+00
ACC2 2048 4 6.00 0.9500 8.14 0.980 0.0000e+00
ACC2 2048 4 6.00 0.9500 8.14 1.000 8.2608e-04
ACC2 2048 4 6.00 0.9500 16.12 0.900 0.0000e+00
ACC2 2048 4 6.00 0.9500 16.12 0.930 0.0000e+00
ACC2 2048 4 6.00 0.9500 16.12 0.960 0.0000e+00
ACC2 2048 4 6.00 0.9500 16.12 0.980 0.0000e+00
ACC2 2048 4 6.00 0.9500 16.12 1.000 1.3057e-04
ACC2 2048 4 6.00 0.9500 32.61 0.900 0.0000e+00
ACC2 2048 4 6.00 0.9500 32.61 0.930 0.0000e+00
ACC2 2048 4 6.00 0.9500 32.61 0.960 0.0000e+00
ACC2 2048 4 6.00 0.9500 32.61 0.980 6.7504e-05
ACC2 2048 4 6.00 0.9500 32.61 1.000 3.3752e-04
ACC2 2048 4 6.00 0.9500 64.60 0.900 0.0000e+00
ACC2 2048 4 6.00 0.9500 64.60 0.930 0.0000e+00
ACC2 2048 4 6.00 0.9500 64.60 0.960 0.0000e+00
ACC2 2048 4 6.00 0.9500 64.60 0.980 0.0000e+00
ACC2 2048 4 6.00 0.9500 64.60 1.000 0.0000e+00
ACC2 2048 4 6.00 0.9500 128.49 0.900 0.0000e+00
ACC2 2048 4 6.00 0.9500 128.49 0.930 0.0000e+00
ACC2 2048 4 6.00 0.9500 128.49 0.960 0.0000e+00
ACC2 2048 4 6.00 0.9500 128.49 0.980 0.0000e+00
ACC2 2048 4 6.00 0.9500 128.49 1.000 0.0000e+00
ACC2 2048 4 6.00 0.9800 2.03 0.900 0.0000e+00
ACC2 2048 4 6.00 0.9800 2.03 0.930 0.0000e+00
ACC2 2048 4 6.00 0.9800 2.03 0.960 0.0000e+00
ACC2 2048 4 6.00 0.9800 2.03 0.980 4.3130e-04
ACC2 2048 4 6.00 0.9800 2.03 1.000 6.9008e-03
ACC2 2048 4 6.00 0.9800 3.94 0.900 0.0000e+00
ACC2 2048 4 6.00 0.9800 3.94 0.930 0.0000e+00
ACC2 2048 4 6.00 0.9800 3.94 0.960 0.0000e+00
ACC2 2048 4 6.00 0.9800 3.94 0.980 3.1530e-04
ACC2 2048 4 6.00 0.9800 3.94 1.000 3.4683e-03
ACC2 2048 4 6.00 0.9800 8.14 0.900 0.0000e+00
ACC2 2048 4 6.00 0.9800 8.14 0.930 0.0000e+00
ACC2 2048 4 6.00 0.9800 8.14 0.960 0.0000e+00
ACC2 2048 4 6.00 0.9800 8.14 0.980 6.4495e-05
ACC2 2048 4 6.00 0.9800 8.14 1.000 1.9349e-03
ACC2 2048 4 6.00 0.9800 16.12 0.900 0.0000e+00
ACC2 2048 4 6.00 0.9800 16.12 0.930 0.0000e+00
ACC2 2048 4 6.00 0.9800 16.12 0.960 0.0000e+00
ACC2 2048 4 6.00 0.9800 16.12 0.980 6.5548e-05
ACC2 2048 4 6.00 0.9800 16.12 1.000 7.2103e-04
ACC2 2048 4 6.00 0.9800 32.61 0.900 0.0000e+00
ACC2 2048 4 6.00 0.9800 32.61 0.930 0.0000e+00
ACC2 2048 4 6.00 0.9800 32.61 0.960 0.0000e+00
ACC2 2048 4 6.00 0.9800 32.61 0.980 0.0000e+00
ACC2 2048 4 6.00 0.9800 32.61 1.000 1.3471e-04
ACC2 2048 4 6.00 0.9800 64.60 0.900 0.0000e+00
ACC2 2048 4 6.00 0.9800 64.60 0.930 0.0000e+00
ACC2 2048 4 6.00 0.9800 64.60 0.960 0.0000e+00
ACC2 2048 4 6.00 0.9800 64.60 0.980 0.0000e+00
ACC2 2048 4 6.00 0.9800 64.60 1.000 0.0000e+00
ACC2 2048 4 6.00 0.9800 128.49 0.900 0.0000e+00
ACC2 2048 4 6.00 0.9800 128.49 0.930 0.0000e+00
ACC2 2048 4 6.00 0.9800 128.49 0.960 0.0000e+00
ACC2 2048 4 6.00 0.9800 128.49 0.980 0.0000e+00
ACC2 2048 4 6.00 0.9800 128.49 1.000 0.0000e+00
ACC2 2048 4 6.00 0.9950 2.03 0.900 0.0000e+00
ACC2 2048 4 6.00 0.9950 2.03 0.930 0.0000e+00
ACC2 2048 4 6.00 0.9950 2.03 0.960 0.0000e+00
ACC2 2048 4 6.00 0.9950 2.03 0.980 1.3074e-04
ACC2 2048 4 6.00 0.9950 2.03 1.000 2.5101e-02
ACC2 2048 4 6.00 0.9950 3.94 0.900 0.0000e+00
ACC2 2048 4 6.00 0.9950 3.94 0.930 0.0000e+00
ACC2 2048 4 6.00 0.9950 3.94 0.960 0.0000e+00
ACC2 2048 4 6.00 0.9950 3.94 0.980 6.6159e-05
ACC2 2048 4 6.00 0.9950 3.94 1.000 1.4357e-02
ACC2 2048 4 6.00 0.9950 8.14 0.900 0.0000e+00
ACC2 2048 4 6.00 0.9950 8.14 0.930 0.0000e+00
ACC2 2048 4 6.00 0.9950 8.14 0.960 0.0000e+00
ACC2 2048 4 6.00 0.9950 8.14 0.980 0.0000e+00
ACC2 2048 4 6.00 0.9950 8.14 1.000 6.6252e-03
ACC2 2048 4 6.00 0.9950 16.12 0.900 0.0000e+00
ACC2 2048 4 6.00 0.9950 16.12 0.930 0.0000e+00
ACC2 2048 4 6.00 0.9950 16.12 0.960 0.0000e+00
ACC2 2048 4 6.00 0.9950 16.12 0.980 0.0000e+00
ACC2 2048 4 6.00 0.9950 16.12 1.000 3.5908e-03
ACC2 2048 4 6.00 0.9950 32.61 0.900 0.0000e+00
ACC2 2048 4 6.00 0.9950 32.61 0.930 0.0000e+00
ACC2 2048 4 6.00 0.9950 32.61 0.960 0.0000e+00
ACC2 2048 4 6.00 0.9950 32.61 0.980 0.0000e+00
ACC2 2048 4 6.00 0.9950 32.61 1.000 7.5410e-04
ACC2 2048 4 6.00 0.9950 64.60 0.900 0.0000e+00
ACC2 2048 4 6.00 0.9950 64.60 0.930 0.0000e+00
ACC2 2048 4 6.00 0.9950 64.60 0.960 0.0000e+00
ACC2 2048 4 6.00 0.9950 64.60 0.980 0.0000e+00
ACC2 2048 4 6.00 0.9950 64.60 1.000 6.9682e-05
ACC2 2048 4 6.00 0.9950 128.49 0.900 0.0000e+00
ACC2 2048 4 6.00 0.9950 128.49 0.930 0.0000e+00
ACC2 2048 4 6.00 0.9950 128.49 0.960 0.0000e+00
ACC2 2048 4 6.00 0.9950 128.49 0.980 0.0000e+00
ACC2 2048 4 6.00 0.9950 128.49 1.000 0.0000e+00
ACC2 2048 4 6.50 0.8000 2.03 0.900 0.0000e+00
ACC2 2048 4 6.50 0.8000 2.03 0.930 6.6432e-05
ACC2 2048 4 6.50 0.8000 2.03 0.960 1.3286e-04
ACC2 2048 4 6.50 0.8000 2.03 0.980 3.9859e-04
ACC2 2048 4 6.50 0.8000 2.03 1.000 5.9789e-04
ACC2 2048 4 6.50 0.8000 3.94 0.900 0.0000e+00
ACC2 2048 4 6.50 0.8000 3.94 0.930 0.0000e+00
ACC2 2048 4 6.50 0.8000 3.94 0.960 1.3738e-04
ACC2 2048 4 6.50 0.8000 3.94 0.980 2.0607e-04
ACC2 2048 4 6.50 0.8000 3.94 1.000 8.2429e-04
ACC2 2048 4 6.50 0.8000 8.14 0.900 0.0000e+00
ACC2 2048 4 6.50 0.8000 8.14 0.930 0.0000e+00
ACC2 2048 4 6.50 0.8000 8.14 0.960 0.0000e+00
ACC2 2048 4 6.50 0.8000 8.14 0.980 1.4161e-04
ACC2 2048 4 6.50 0.8000 8.14 1.000 4.2484e-04
ACC2 2048 4 6.50 0.8000 16.12 0.900 0.0000e+00
ACC2 2048 4 6.50 0.8000 16.12 0.930 0.0000e+00
ACC2 2048 4 6.50 0.8000 16.12 0.960 0.0000e+00
ACC2 2048 4 6.50 0.8000 16.12 0.980 2.1639e-04
ACC2 2048 4 6.50 0.8000 16.12 1.000 2.8852e-04
ACC2 2048 4 6.50 0.8000 32.61 0.900 0.0000e+00
ACC2 2048 4 6.50 0.8000 32.61 0.930 0.0000e+00
ACC2 2048 4 6.50 0.8000 32.61 0.960 0.0000e+00
ACC2 2048 4 6.50 0.8000 32.61 0.980 7.3481e-05
ACC2 2048 4 6.50 0.8000 32.61 1.000 3.6740e-04
ACC2 2048 4 6.50 0.8000 64.60 0.900 0.0000e+00
ACC2 2048 4 6.50 0.8000 64.60 0.930 0.0000e+00
ACC2 2048 4 6.50 0.8000 64.60 0.960 0.0000e+00
ACC2 2048 4 6.50 0.8000 64.60 0.980 0.0000e+00
ACC2 2048 4 6.50 0.8000 64.60 1.000 1.4944e-04
ACC2 2048 4 6.50 0.8000 128.49 0.900 0.0000e+00
ACC2 2048 4 6.50 0.8000 128.49 0.930 0.0000e+00
ACC2 2048 4 6.50 0.8000 128.49 0.960 0.0000e+00
ACC2 2048 4 6.50 0.8000 128.49 0.980 0.0000e+00
ACC2 2048 4 6.50 0.8000 128.49 1.000 7.5838e-05
ACC2 2048 4 6.50 0.9000 2.03 0.900 0.0000e+00
ACC2 2048 4 6.50 0.9000 2.03 0.930 0.0000e+00
ACC2 2048 4 6.50 0.9000 2.03 0.960 0.0000e+00
ACC2 2048 4 6.50 0.9000 2.03 0.980 1.8556e-04
ACC2 2048 4 6.50 0.9000 2.03 1.000 6.8040e-04
ACC2 2048 4 6.50 0.9000 3.94 0.900 0.0000e+00
ACC2 2048 4 6.50 0.9000 3.94 0.930 0.0000e+00
ACC2 2048 4 6.50 0.9000 3.94 0.960 0.0000e+00
ACC2 2048 4 6.50 0.9000 3.94 0.980 6.4375e-05
ACC2 2048 4 6.50 0.9000 3.94 1.000 3.2187e-04
ACC2 2048 4 6.50 0.9000 8.14 0.900 0.0000e+00
ACC2 2048 4 6.50 0.9000 8.14 0.930 0.0000e+00
ACC2 2048 4 6.50 0.9000 8.14 0.960 1.3295e-04
ACC2 2048 4 6.50 0.9000 8.14 0.980 2.6590e-04
ACC2 2048 4 6.50 0.9000 8.14 1.000 9.3067e-04
ACC2 2048 4 6.50 0.9000 16.12 0.900 0.0000e+00
ACC2 2048 4 6.50 0.9000 16.12 0.930 0.0000e+00
ACC2 2048 4 6.50 0.9000 16.12 0.960 6.8470e-05
ACC2 2048 4 6.50 0.9000 16.12 0.980 1.3694e-04
ACC2 2048 4 6.50 0.9000 16.12 1.000 2.7388e-04
ACC2 2048 4 6.50 0.9000 32.61 0.900 0.0000e+00
ACC2 2048 4 6.50 0.9000 32.61 0.930 0.0000e+00
ACC2 2048 4 6.50 0.9000 32.61 0.960 7.0527e-05
ACC2 2048 4 6.50 0.9000 32.61 0.980 7.0527e-05
ACC2 2048 4 6.50 0.9000 32.61 1.000 2.8211e-04
ACC2 2048 4 6.50 0.9000 64.60 0.900 0.0000e+00
ACC2 2048 4 6.50 0.9000 64.60 0.930 0.0000e+00
ACC2 2048 4 6.50 0.9000 64.60 0.960 0.0000e+00
ACC2 2048 4 6.50 0.9000 64.60 0.980 7.2812e-05
ACC2 2048 4 6.50 0.9000 64.60 1.000 1.4562e-04
ACC2 2048 4 6.50 0.9000 128.49 0.900 0.0000e+00
ACC2 2048 4 6.50 0.9000 128.49 0.930 0.0000e+00
ACC2 2048 4 6.50 0.9000 128.49 0.960 0.0000e+00
ACC2 2048 4 6.50 0.9000 128.49 0.980 0.0000e+00
ACC2 2048 4 6.50 0.9000 128.49 1.000 0.0000e+00
ACC2 2048 4 6.50 0.9500 2.03 0.900 0.0000e+00
ACC2 2048 4 6.50 0.9500 2.03 0.930 0.0000e+00
ACC2 2048 4 6.50 0.9500 2.03 0.960 0.0000e+00
ACC2 2048 4 6.50 0.9500 2.03 0.980 1.2219e-04
ACC2 2048 4 6.50 0.9500 2.03 1.000 1.0997e-03
ACC2 2048 4 6.50 0.9500 3.94 0.900 0.0000e+00
ACC2 2048 4 6.50 0.9500 3.94 0.930 0.0000e+00
ACC2 2048 4 6.50 0.9500 3.94 0.960 0.0000e+00
ACC2 2048 4 6.50 0.9500 3.94 0.980 1.2646e-04
ACC2 2048 4 6.50 0.9500 3.94 1.000 6.3231e-04
ACC2 2048 4 6.50 0.9500 8.14 0.900 0.0000e+00
ACC2 2048 4 6.50 0.9500 8.14 0.930 0.0000e+00
ACC2 2048 4 6.50 0.9500 8.14 0.960 0.0000e+00
ACC2 2048 4 6.50 0.9500 8.14 0.980 6.5011e-05
ACC2 2048 4 6.50 0.9500 8.14 1.000 8.4514e-04
ACC2 2048 4 6.50 0.9500 16.12 0.900 0.0000e+00
ACC2 2048 4 6.50 0.9500 16.12 0.930 0.0000e+00
ACC2 2048 4 6.50 0.9500 16.12 0.960 0.0000e+00
ACC2 2048 4 6.50 0.9500 16.12 0.980 0.0000e+00
ACC2 2048 4 6.50 0.9500 16.12 1.000 1.3346e-04
ACC2 2048 4 6.50 0.9500 32.61 0.900 0.0000e+00
ACC2 2048 4 6.50 0.9500 32.61 0.930 0.0000e+00
ACC2 2048 4 6.50 0.9500 32.61 0.960 0.0000e+00
ACC2 2048 4 6.50 0.9500 32.61 0.980 6.8861e-05
ACC2 2048 4 6.50 0.9500 32.61 1.000 3.4431e-04
ACC2 2048 4 6.50 0.9500 64.60 0.900 0.0000e+00
ACC2 2048 4 6.50 0.9500 64.60 0.930 0.0000e+00
ACC2 2048 4 6.50 0.9500 64.60 0.960 0.0000e+00
ACC2 2048 4 6.50 0.9500 64.60 0.980 0.0000e+00
ACC2 2048 4 6.50 0.9500 64.60 1.000 0.0000e+00
ACC2 2048 4 6.50 0.9500 128.49 0.900 0.0000e+00
ACC2 2048 4 6.50 0.9500 128.49 0.930 0.0000e+00
ACC2 2048 4 6.50 0.9500 128.49 0.960 0.0000e+00
ACC2 2048 4 6.50 0.9500 128.49 0.980 0.0000e+00
ACC2 2048 4 6.50 0.9500 128.49 1.000 0.0000e+00
ACC2 2048 4 6.50 0.9800 2.03 0.900 0.0000e+00
ACC2 2048 4 6.50 0.9800 2.03 0.930 0.0000e+00
ACC2 2048 4 6.50 0.9800 2.03 0.960 0.0000e+00
ACC2 2048 4 6.50 0.9800 2.03 0.980 3.7608e-04
ACC2 2048 4 6.50 0.9800 2.03 1.000 5.2651e-03
ACC2 2048 4 6.50 0.9800 3.94 0.900 0.0000e+00
ACC2 2048 4 6.50 0.9800 3.94 0.930 0.0000e+00
ACC2 2048 4 6.50 0.9800 3.94 0.960 0.0000e+00
ACC2 2048 4 6.50 0.9800 3.94 0.980 3.2072e-04
ACC2 2048 4 6.50 0.9800 3.94 1.000 3.0789e-03
ACC2 2048 4 6.50 0.9800 8.14 0.900 0.0000e+00
ACC2 2048 4 6.50 0.9800 8.14 0.930 0.0000e+00
ACC2 2048 4 6.50 0.9800 8.14 0.960 0.0000e+00
ACC2 2048 4 6.50 0.9800 8.14 0.980 0.0000e+00
ACC2 2048 4 6.50 0.9800 8.14 1.000 1.6368e-03
ACC2 2048 4 6.50 0.9800 16.12 0.900 0.0000e+00
ACC2 2048 4 6.50 0.9800 16.12 0.930 0.0000e+00
ACC2 2048 4 6.50 0.9800 16.12 0.960 0.0000e+00
ACC2 2048 4 6.50 0.9800 16.12 0.980 6.6765e-05
ACC2 2048 4 6.50 0.9800 16.12 1.000 4.6735e-04
ACC2 2048 4 6.50 0.9800 32.61 0.900 0.0000e+00
ACC2 2048 4 6.50 0.9800 32.61 0.930 0.0000e+00
ACC2 2048 4 6.50 0.9800 32.61 0.960 0.0000e+00
ACC2 2048 4 6.50 0.9800 32.61 0.980 0.0000e+00
ACC2 2048 4 6.50 0.9800 32.61 1.000 1.3686e-04
ACC2 2048 4 6.50 0.9800 64.60 0.900 0.0000e+00
ACC2 2048 4 6.50 0.9800 64.60 0.930 0.0000e+00
ACC2 2048 4 6.50 0.9800 64.60 0.960 0.0000e+00
ACC2 2048 4 6.50 0.9800 64.60 0.980 0.0000e+00
ACC2 2048 4 6.50 0.9800 64.60 1.000 0.0000e+00
ACC2 2048 4 6.50 0.9800 128.49 0.900 0.0000e+00
ACC2 2048 4 6.50 0.9800 128.49 0.930 0.0000e+00
ACC2 2048 4 6.50 0.9800 128.49 0.960 0.0000e+00
ACC2 2048 4 6.50 0.9800 128.49 0.980 0.0000e+00
ACC2 2048 4 6.50 0.9800 128.49 1.000 0.0000e+00
ACC2 2048 4 6.50 0.9950 2.03 0.900 0.0000e+00
ACC2 2048 4 6.50 0.9950 2.03 0.930 0.0000e+00
ACC2 2048 4 6.50 0.9950 2.03 0.960 0.0000e+00
ACC2 2048 4 6.50 0.9950 2.03 0.980 6.6190e-05
ACC2 2048 4 6.50 0.9950 2.03 1.000 2.4027e-02
ACC2 2048 4 6.50 0.9950 3.94 0.900 0.0000e+00
ACC2 2048 4 6.50 0.9950 3.94 0.930 0.0000e+00
ACC2 2048 4 6.50 0.9950 3.94 0.960 0.0000e+00
ACC2 2048 4 6.50 0.9950 3.94 0.980 6.7110e-05
ACC2 2048 4 6.50 0.9950 3.94 1.000 1.3019e-02
ACC2 2048 4 6.50 0.9950 8.14 0.900 0.0000e+00
ACC2 2048 4 6.50 0.9950 8.14 0.930 0.0000e+00
ACC2 2048 4 6.50 0.9950 8.14 0.960 0.0000e+00
ACC2 2048 4 6.50 0.9950 8.14 0.980 0.0000e+00
ACC2 2048 4 6.50 0.9950 8.14 1.000 7.3082e-03
ACC2 2048 4 6.50 0.9950 16.12 0.900 0.0000e+00
ACC2 2048 4 6.50 0.9950 16.12 0.930 0.0000e+00
ACC2 2048 4 6.50 0.9950 16.12 0.960 0.0000e+00
ACC2 2048 4 6.50 0.9950 16.12 0.980 0.0000e+00
ACC2 2048 4 6.50 0.9950 16.12 1.000 3.6379e-03
ACC2 2048 4 6.50 0.9950 32.61 0.900 0.0000e+00
ACC2 2048 4 6.50 0.9950 32.61 0.930 0.0000e+00
ACC2 2048 4 6.50 0.9950 32.61 0.960 0.0000e+00
ACC2 2048 4 6.50 0.9950 32.61 0.980 0.0000e+00
ACC2 2048 4 6.50 0.9950 32.61 1.000 7.6320e-04
ACC2 2048 4 6.50 0.9950 64.60 0.900 0.0000e+00
ACC2 2048 4 6.50 0.9950 64.60 0.930 0.0000e+00
ACC2 2048 4 6.50 0.9950 64.60 0.960 0.0000e+00
ACC2 2048 4 6.50 0.9950 64.60 0.980 0.0000e+00
ACC2 2048 4 6.50 0.9950 64.60 1.000 7.0631e-05
ACC2 2048 4 6.50 0.9950 128.49 0.900 0.0000e+00
ACC2 2048 4 6.50 0.9950 128.49 0.930 0.0000e+00
ACC2 2048 4 6.50 0.9950 128.49 0.960 0.0000e+00
ACC2 2048 4 6.50 0.9950 128.49 0.980 0.0000e+00
ACC2 2048 4 6.50 0.9950 128.49 1.000 0.0000e+00
ACC2 2048 8 5.00 0.8000 2.03 0.900 5.5838e-05
ACC2 2048 8 5.00 0.8000 2.03 0.930 5.5838e-05
ACC2 2048 8 5.00 0.8000 2.03 0.960 5.5838e-05
ACC2 2048 8 5.00 0.8000 2.03 0.980 3.9086e-04
ACC2 2048 8 5.00 0.8000 2.03 1.000 5.5838e-04
ACC2 2048 8 5.00 0.8000 3.94 0.900 0.0000e+00
ACC2 2048 8 5.00 0.8000 3.94 0.930 0.0000e+00
ACC2 2048 8 5.00 0.8000 3.94 0.960 1.7625e-04
ACC2 2048 8 5.00 0.8000 3.94 0.980 2.9375e-04
ACC2 2048 8 5.00 0.8000 3.94 1.000 5.2876e-04
ACC2 2048 8 5.00 0.8000 8.14 0.900 0.0000e+00
ACC2 2048 8 5.00 0.8000 8.14 0.930 0.0000e+00
ACC2 2048 8 5.00 0.8000 8.14 0.960 0.0000e+00
ACC2 2048 8 5.00 0.8000 8.14 0.980 6.1463e-05
ACC2 2048 8 5.00 0.8000 8.14 1.000 1.8439e-04
ACC2 2048 8 5.00 0.8000 16.12 0.900 0.0000e+00
ACC2 2048 8 5.00 0.8000 16.12 0.930 0.0000e+00
ACC2 2048 8 5.00 0.8000 16.12 0.960 0.0000e+00
ACC2 2048 8 5.00 0.8000 16.12 0.980 1.2821e-04
ACC2 2048 8 5.00 0.8000 16.12 1.000 1.2821e-04
ACC2 2048 8 5.00 0.8000 32.61 0.900 0.0000e+00
ACC2 2048 8 5.00 0.8000 32.61 0.930 0.0000e+00
ACC2 2048 8 5.00 0.8000 32.61 0.960 0.0000e+00
ACC2 2048 8 5.00 0.8000 32.61 0.980 6.6760e-05
ACC2 2048 8 5.00 0.8000 32.61 1.000 2.0028e-04
ACC2 2048 8 5.00 0.8000 64.60 0.900 0.0000e+00
ACC2 2048 8 5.00 0.8000 64.60 0.930 0.0000e+00
ACC2 2048 8 5.00 0.8000 64.60 0.960 0.0000e+00
ACC2 2048 8 5.00 0.8000 64.60 0.980 0.0000e+00
ACC2 2048 8 5.00 0.8000 64.60 1.000 1.3804e-04
ACC2 2048 8 5.00 0.8000 128.49 0.900 0.0000e+00
ACC2 2048 8 5.00 0.8000 128.49 0.930 0.0000e+00
ACC2 2048 8 5.00 0.8000 128.49 0.960 0.0000e+00
ACC2 2048 8 5.00 0.8000 128.49 0.980 0.0000e+00
ACC2 2048 8 5.00 0.8000 128.49 1.000 7.1464e-05
ACC2 2048 8 5.00 0.9000 2.03 0.900 0.0000e+00
ACC2 2048 8 5.00 0.9000 2.03 0.930 0.0000e+00
ACC2 2048 8 5.00 0.9000 2.03 0.960 1.6544e-04
ACC2 2048 8 5.00 0.9000 2.03 0.980 4.4116e-04
ACC2 2048 8 5.00 0.9000 2.03 1.000 9.3747e-04
ACC2 2048 8 5.00 0.9000 3.94 0.900 0.0000e+00
ACC2 2048 8 5.00 0.9000 3.94 0.930 0.0000e+00
ACC2 2048 8 5.00 0.9000 3.94 0.960 0.0000e+00
ACC2 2048 8 5.00 0.9000 3.94 0.980 1.1494e-04
ACC2 2048 8 5.00 0.9000 3.94 1.000 4.5974e-04
ACC2 2048 8 5.00 0.9000 8.14 0.900 0.0000e+00
ACC2 2048 8 5.00 0.9000 8.14 0.930 5.9673e-05
ACC2 2048 8 5.00 0.9000 8.14 0.960 5.9673e-05
ACC2 2048 8 5.00 0.9000 8.14 0.980 2.9836e-04
ACC2 2048 8 5.00 0.9000 8.14 1.000 4.7738e-04
ACC2 2048 8 5.00 0.9000 16.12 0.900 0.0000e+00
ACC2 2048 8 5.00 0.9000 16.12 0.930 0.0000e+00
ACC2 2048 8 5.00 0.9000 16.12 0.960 6.1709e-05
ACC2 2048 8 5.00 0.9000 16.12 0.980 6.1709e-05
ACC2 2048 8 5.00 0.9000 16.12 1.000 2.4684e-04
ACC2 2048 8 5.00 0.9000 32.61 0.900 0.0000e+00
ACC2 2048 8 5.00 0.9000 32.61 0.930 0.0000e+00
ACC2 2048 8 5.00 0.9000 32.61 0.960 6.4383e-05
ACC2 2048 8 5.00 0.9000 32.61 0.980 1.2877e-04
ACC2 2048 8 5.00 0.9000 32.61 1.000 1.9315e-04
ACC2 2048 8 5.00 0.9000 64.60 0.900 0.0000e+00
ACC2 2048 8 5.00 0.9000 64.60 0.930 0.0000e+00
ACC2 2048 8 5.00 0.9000 64.60 0.960 6.6818e-05
ACC2 2048 8 5.00 0.9000 64.60 0.980 2.0045e-04
ACC2 2048 8 5.00 0.9000 64.60 1.000 2.6727e-04
ACC2 2048 8 5.00 0.9000 128.49 0.900 0.0000e+00
ACC2 2048 8 5.00 0.9000 128.49 0.930 0.0000e+00
ACC2 2048 8 5.00 0.9000 128.49 0.960 0.0000e+00
ACC2 2048 8 5.00 0.9000 128.49 0.980 6.9546e-05
ACC2 2048 8 5.00 0.9000 128.49 1.000 3.4773e-04
ACC2 2048 8 5.00 0.9500 2.03 0.900 0.0000e+00
ACC2 2048 8 5.00 0.9500 2.03 0.930 0.0000e+00
ACC2 2048 8 5.00 0.9500 2.03 0.960 1.6908e-04
ACC2 2048 8 5.00 0.9500 2.03 0.980 7.3268e-04
ACC2 2048 8 5.00 0.9500 2.03 1.000 2.8180e-03
ACC2 2048 8 5.00 0.9500 3.94 0.900 0.0000e+00
ACC2 2048 8 5.00 0.9500 3.94 0.930 0.0000e+00
ACC2 2048 8 5.00 0.9500 3.94 0.960 0.0000e+00
ACC2 2048 8 5.00 0.9500 3.94 0.980 2.9126e-04
ACC2 2048 8 5.00 0.9500 3.94 1.000 1.4563e-03
ACC2 2048 8 5.00 0.9500 8.14 0.900 0.0000e+00
ACC2 2048 8 5.00 0.9500 8.14 0.930 0.0000e+00
ACC2 2048 8 5.00 0.9500 8.14 0.960 6.0107e-05
ACC2 2048 8 5.00 0.9500 8.14 0.980 1.2021e-04
ACC2 2048 8 5.00 0.9500 8.14 1.000 1.1420e-03
ACC2 2048 8 5.00 0.9500 16.12 0.900 0.0000e+00
ACC2 2048 8 5.00 0.9500 16.12 0.930 0.0000e+00
ACC2 2048 8 5.00 0.9500 16.12 0.960 0.0000e+00
ACC2 2048 8 5.00 0.9500 16.12 0.980 6.1694e-05
ACC2 2048 8 5.00 0.9500 16.12 1.000 3.7016e-04
ACC2 2048 8 5.00 0.9500 32.61 0.900 0.0000e+00
ACC2 2048 8 5.00 0.9500 32.61 0.930 0.0000e+00
ACC2 2048 8 5.00 0.9500 32.61 0.960 0.0000e+00
ACC2 2048 8 5.00 0.9500 32.61 0.980 1.9189e-04
ACC2 2048 8 5.00 0.9500 32.61 1.000 2.5585e-04
ACC2 2048 8 5.00 0.9500 64.60 0.900 0.0000e+00
ACC2 2048 8 5.00 0.9500 64.60 0.930 0.0000e+00
ACC2 2048 8 5.00 0.9500 64.60 0.960 0.0000e+00
ACC2 2048 8 5.00 0.9500 64.60 0.980 0.0000e+00
ACC2 2048 8 5.00 0.9500 64.60 1.000 2.6331e-04
ACC2 2048 8 5.00 0.9500 128.49 0.900 0.0000e+00
ACC2 2048 8 5.00 0.9500 128.49 0.930 0.0000e+00
ACC2 2048 8 5.00 0.9500 128.49 0.960 0.0000e+00
ACC2 2048 8 5.00 0.9500 128.49 0.980 0.0000e+00
ACC2 2048 8 5.00 0.9500 128.49 1.000 2.7429e-04
ACC2 2048 8 5.00 0.9800 2.03 0.900 0.0000e+00
ACC2 2048 8 5.00 0.9800 2.03 0.930 0.0000e+00
ACC2 2048 8 5.00 0.9800 2.03 0.960 1.7718e-04
ACC2 2048 8 5.00 0.9800 2.03 0.980 1.4174e-03
ACC2 2048 8 5.00 0.9800 2.03 1.000 1.0867e-02
ACC2 2048 8 5.00 0.9800 3.94 0.900 0.0000e+00
ACC2 2048 8 5.00 0.9800 3.94 0.930 0.0000e+00
ACC2 2048 8 5.00 0.9800 3.94 0.960 1.2089e-04
ACC2 2048 8 5.00 0.9800 3.94 0.980 1.1485e-03
ACC2 2048 8 5.00 0.9800 3.94 1.000 5.9840e-03
ACC2 2048 8 5.00 0.9800 8.14 0.900 0.0000e+00
ACC2 2048 8 5.00 0.9800 8.14 0.930 0.0000e+00
ACC2 2048 8 5.00 0.9800 8.14 0.960 6.1870e-05
ACC2 2048 8 5.00 0.9800 8.14 0.980 4.9496e-04
ACC2 2048 8 5.00 0.9800 8.14 1.000 3.2172e-03
ACC2 2048 8 5.00 0.9800 16.12 0.900 0.0000e+00
ACC2 2048 8 5.00 0.9800 16.12 0.930 0.0000e+00
ACC2 2048 8 5.00 0.9800 16.12 0.960 0.0000e+00
ACC2 2048 8 5.00 0.9800 16.12 0.980 1.8873e-04
ACC2 2048 8 5.00 0.9800 16.12 1.000 1.3840e-03
ACC2 2048 8 5.00 0.9800 32.61 0.900 0.0000e+00
ACC2 2048 8 5.00 0.9800 32.61 0.930 0.0000e+00
ACC2 2048 8 5.00 0.9800 32.61 0.960 0.0000e+00
ACC2 2048 8 5.00 0.9800 32.61 0.980 6.4574e-05
ACC2 2048 8 5.00 0.9800 32.61 1.000 1.0332e-03
ACC2 2048 8 5.00 0.9800 64.60 0.900 0.0000e+00
ACC2 2048 8 5.00 0.9800 64.60 0.930 0.0000e+00
ACC2 2048 8 5.00 0.9800 64.60 0.960 0.0000e+00
ACC2 2048 8 5.00 0.9800 64.60 0.980 0.0000e+00
ACC2 2048 8 5.00 0.9800 64.60 1.000 3.3001e-04
ACC2 2048 8 5.00 0.9800 128.49 0.900 0.0000e+00
ACC2 2048 8 5.00 0.9800 128.49 0.930 0.0000e+00
ACC2 2048 8 5.00 0.9800 128.49 0.960 0.0000e+00
ACC2 2048 8 5.00 0.9800 128.49 0.980 6.8190e-05
ACC2 2048 8 5.00 0.9800 128.49 1.000 2.0457e-04
ACC2 2048 8 5.00 0.9950 2.03 0.900 0.0000e+00
ACC2 2048 8 5.00 0.9950 2.03 0.930 0.0000e+00
ACC2 2048 8 5.00 0.9950 2.03 0.960 0.0000e+00
ACC2 2048 8 5.00 0.9950 2.03 0.980 1.3882e-03
ACC2 2048 8 5.00 0.9950 2.03 1.000 3.8554e-02
ACC2 2048 8 5.00 0.9950 3.94 0.900 0.0000e+00
ACC2 2048 8 5.00 0.9950 3.94 0.930 0.0000e+00
ACC2 2048 8 5.00 0.9950 3.94 0.960 0.0000e+00
ACC2 2048 8 5.00 0.9950 3.94 0.980 8.3248e-04
ACC2 2048 8 5.00 0.9950 3.94 1.000 2.4462e-02
ACC2 2048 8 5.00 0.9950 8.14 0.900 0.0000e+00
ACC2 2048 8 5.00 0.9950 8.14 0.930 0.0000e+00
ACC2 2048 8 5.00 0.9950 8.14 0.960 0.0000e+00
ACC2 2048 8 5.00 0.9950 8.14 0.980 3.2428e-04
ACC2 2048 8 5.00 0.9950 8.14 1.000 1.5306e-02
ACC2 2048 8 5.00 0.9950 16.12 0.900 0.0000e+00
ACC2 2048 8 5.00 0.9950 16.12 0.930 0.0000e+00
ACC2 2048 8 5.00 0.9950 16.12 0.960 0.0000e+00
ACC2 2048 8 5.00 0.9950 16.12 0.980 6.5338e-05
ACC2 2048 8 5.00 0.9950 16.12 1.000 1.0389e-02
ACC2 2048 8 5.00 0.9950 32.61 0.900 0.0000e+00
ACC2 2048 8 5.00 0.9950 32.61 0.930 0.0000e+00
ACC2 2048 8 5.00 0.9950 32.61 0.960 0.0000e+00
ACC2 2048 8 5.00 0.9950 32.61 0.980 6.6273e-05
ACC2 2048 8 5.00 0.9950 32.61 1.000 4.9042e-03
ACC2 2048 8 5.00 0.9950 64.60 0.900 0.0000e+00
ACC2 2048 8 5.00 0.9950 64.60 0.930 0.0000e+00
ACC2 2048 8 5.00 0.9950 64.60 0.960 0.0000e+00
ACC2 2048 8 5.00 0.9950 64.60 0.980 1.3428e-04
ACC2 2048 8 5.00 0.9950 64.60 1.000 2.4171e-03
ACC2 2048 8 5.00 0.9950 128.49 0.900 0.0000e+00
ACC2 2048 8 5.00 0.9950 128.49 0.930 0.0000e+00
ACC2 2048 8 5.00 0.9950 128.49 0.960 0.0000e+00
ACC2 2048 8 5.00 0.9950 128.49 0.980 0.0000e+00
ACC2 2048 8 5.00 0.9950 128.49 1.000 4.1192e-04
ACC2 2048 8 5.50 0.8000 2.03 0.900 0.0000e+00
ACC2 2048 8 5.50 0.8000 2.03 0.930 5.9474e-05
ACC2 2048 8 5.50 0.8000 2.03 0.960 1.1895e-04
ACC2 2048 8 5.50 0.8000 2.03 0.980 4.1632e-04
ACC2 2048 8 5.50 0.8000 2.03 1.000 5.9474e-04
ACC2 2048 8 5.50 0.8000 3.94 0.900 0.0000e+00
ACC2 2048 8 5.50 0.8000 3.94 0.930 0.0000e+00
ACC2 2048 8 5.50 0.8000 3.94 0.960 1.2507e-04
ACC2 2048 8 5.50 0.8000 3.94 0.980 2.5014e-04
ACC2 2048 8 5.50 0.8000 3.94 1.000 5.0028e-04
ACC2 2048 8 5.50 0.8000 8.14 0.900 0.0000e+00
ACC2 2048 8 5.50 0.8000 8.14 0.930 0.0000e+00
ACC2 2048 8 5.50 0.8000 8.14 0.960 0.0000e+00
ACC2 2048 8 5.50 0.8000 8.14 0.980 1.3035e-04
ACC2 2048 8 5.50 0.8000 8.14 1.000 2.6071e-04
ACC2 2048 8 5.50 0.8000 16.12 0.900 0.0000e+00
ACC2 2048 8 5.50 0.8000 16.12 0.930 0.0000e+00
ACC2 2048 8 5.50 0.8000 16.12 0.960 0.0000e+00
ACC2 2048 8 5.50 0.8000 16.12 0.980 2.0231e-04
ACC2 2048 8 5.50 0.8000 16.12 1.000 2.6974e-04
ACC2 2048 8 5.50 0.8000 32.61 0.900 0.0000e+00
ACC2 2048 8 5.50 0.8000 32.61 0.930 0.0000e+00
ACC2 2048 8 5.50 0.8000 32.61 0.960 6.9618e-05
ACC2 2048 8 5.50 0.8000 32.61 0.980 1.3924e-04
ACC2 2048 8 5.50 0.8000 32.61 1.000 2.7847e-04
ACC2 2048 8 5.50 0.8000 64.60 0.900 0.0000e+00
ACC2 2048 8 5.50 0.8000 64.60 0.930 0.0000e+00
ACC2 2048 8 5.50 0.8000 64.60 0.960 0.0000e+00
ACC2 2048 8 5.50 0.8000 64.60 0.980 0.0000e+00
ACC2 2048 8 5.50 0.8000 64.60 1.000 2.1522e-04
ACC2 2048 8 5.50 0.8000 128.49 0.900 0.0000e+00
ACC2 2048 8 5.50 0.8000 128.49 0.930 0.0000e+00
ACC2 2048 8 5.50 0.8000 128.49 0.960 7.3519e-05
ACC2 2048 8 5.50 0.8000 128.49 0.980 1.4704e-04
ACC2 2048 8 5.50 0.8000 128.49 1.000 1.4704e-04
ACC2 2048 8 5.50 0.9000 2.03 0.900 0.0000e+00
ACC2 2048 8 5.50 0.9000 2.03 0.930 0.0000e+00
ACC2 2048 8 5.50 0.9000 2.03 0.960 0.0000e+00
ACC2 2048 8 5.50 0.9000 2.03 0.980 2.2981e-04
ACC2 2048 8 5.50 0.9000 2.03 1.000 6.8942e-04
ACC2 2048 8 5.50 0.9000 3.94 0.900 0.0000e+00
ACC2 2048 8 5.50 0.9000 3.94 0.930 0.0000e+00
ACC2 2048 8 5.50 0.9000 3.94 0.960 0.0000e+00
ACC2 2048 8 5.50 0.9000 3.94 0.980 1.2010e-04
ACC2 2048 8 5.50 0.9000 3.94 1.000 3.6030e-04
ACC2 2048 8 5.50 0.9000 8.14 0.900 0.0000e+00
ACC2 2048 8 5.50 0.9000 8.14 0.930 6.2348e-05
ACC2 2048 8 5.50 0.9000 8.14 0.960 1.2470e-04
ACC2 2048 8 5.50 0.9000 8.14 0.980 2.4939e-04
ACC2 2048 8 5.50 0.9000 8.14 1.000 6.2348e-04
ACC2 2048 8 5.50 0.9000 16.12 0.900 0.0000e+00
ACC2 2048 8 5.50 0.9000 16.12 0.930 0.0000e+00
ACC2 2048 8 5.50 0.9000 16.12 0.960 6.4222e-05
ACC2 2048 8 5.50 0.9000 16.12 0.980 1.2844e-04
ACC2 2048 8 5.50 0.9000 16.12 1.000 1.9267e-04
ACC2 2048 8 5.50 0.9000 32.61 0.900 0.0000e+00
ACC2 2048 8 5.50 0.9000 32.61 0.930 0.0000e+00
ACC2 2048 8 5.50 0.9000 32.61 0.960 6.6872e-05
ACC2 2048 8 5.50 0.9000 32.61 0.980 6.6872e-05
ACC2 2048 8 5.50 0.9000 32.61 1.000 3.3436e-04
ACC2 2048 8 5.50 0.9000 64.60 0.900 0.0000e+00
ACC2 2048 8 5.50 0.9000 64.60 0.930 0.0000e+00
ACC2 2048 8 5.50 0.9000 64.60 0.960 6.9276e-05
ACC2 2048 8 5.50 0.9000 64.60 0.980 1.3855e-04
ACC2 2048 8 5.50 0.9000 64.60 1.000 1.3855e-04
ACC2 2048 8 5.50 0.9000 128.49 0.900 0.0000e+00
ACC2 2048 8 5.50 0.9000 128.49 0.930 0.0000e+00
ACC2 2048 8 5.50 0.9000 128.49 0.960 0.0000e+00
ACC2 2048 8 5.50 0.9000 128.49 0.980 7.1695e-05
ACC2 2048 8 5.50 0.9000 128.49 1.000 5.0186e-04
ACC2 2048 8 5.50 0.9500 2.03 0.900 0.0000e+00
ACC2 2048 8 5.50 0.9500 2.03 0.930 0.0000e+00
ACC2 2048 8 5.50 0.9500 2.03 0.960 5.8113e-05
ACC2 2048 8 5.50 0.9500 2.03 0.980 5.2301e-04
ACC2 2048 8 5.50 0.9500 2.03 1.000 2.2083e-03
ACC2 2048 8 5.50 0.9500 3.94 0.900 0.0000e+00
ACC2 2048 8 5.50 0.9500 3.94 0.930 0.0000e+00
ACC2 2048 8 5.50 0.9500 3.94 0.960 0.0000e+00
ACC2 2048 8 5.50 0.9500 3.94 0.980 1.8006e-04
ACC2 2048 8 5.50 0.9500 3.94 1.000 1.4405e-03
ACC2 2048 8 5.50 0.9500 8.14 0.900 0.0000e+00
ACC2 2048 8 5.50 0.9500 8.14 0.930 0.0000e+00
ACC2 2048 8 5.50 0.9500 8.14 0.960 0.0000e+00
ACC2 2048 8 5.50 0.9500 8.14 0.980 6.1954e-05
ACC2 2048 8 5.50 0.9500 8.14 1.000 8.0540e-04
ACC2 2048 8 5.50 0.9500 16.12 0.900 0.0000e+00
ACC2 2048 8 5.50 0.9500 16.12 0.930 0.0000e+00
ACC2 2048 8 5.50 0.9500 16.12 0.960 0.0000e+00
ACC2 2048 8 5.50 0.9500 16.12 0.980 0.0000e+00
ACC2 2048 8 5.50 0.9500 16.12 1.000 1.2717e-04
ACC2 2048 8 5.50 0.9500 32.61 0.900 0.0000e+00
ACC2 2048 8 5.50 0.9500 32.61 0.930 0.0000e+00
ACC2 2048 8 5.50 0.9500 32.61 0.960 0.0000e+00
ACC2 2048 8 5.50 0.9500 32.61 0.980 1.3175e-04
ACC2 2048 8 5.50 0.9500 32.61 1.000 3.9526e-04
ACC2 2048 8 5.50 0.9500 64.60 0.900 0.0000e+00
ACC2 2048 8 5.50 0.9500 64.60 0.930 0.0000e+00
ACC2 2048 8 5.50 0.9500 64.60 0.960 0.0000e+00
ACC2 2048 8 5.50 0.9500 64.60 0.980 6.7912e-05
ACC2 2048 8 5.50 0.9500 64.60 1.000 2.7165e-04
ACC2 2048 8 5.50 0.9500 128.49 0.900 0.0000e+00
ACC2 2048 8 5.50 0.9500 128.49 0.930 0.0000e+00
ACC2 2048 8 5.50 0.9500 128.49 0.960 0.0000e+00
ACC2 2048 8 5.50 0.9500 128.49 0.980 7.0686e-05
ACC2 2048 8 5.50 0.9500 128.49 1.000 4.9480e-04
ACC2 2048 8 5.50 0.9800 2.03 0.900 0.0000e+00
ACC2 2048 8 5.50 0.9800 2.03 0.930 0.0000e+00
ACC2 2048 8 5.50 0.9800 2.03 0.960 0.0000e+00
ACC2 2048 8 5.50 0.9800 2.03 0.980 9.0410e-04
ACC2 2048 8 5.50 0.9800 2.03 1.000 9.8849e-03
ACC2 2048 8 5.50 0.9800 3.94 0.900 0.0000e+00
ACC2 2048 8 5.50 0.9800 3.94 0.930 0.0000e+00
ACC2 2048 8 5.50 0.9800 3.94 0.960 6.1923e-05
ACC2 2048 8 5.50 0.9800 3.94 0.980 5.5731e-04
ACC2 2048 8 5.50 0.9800 3.94 1.000 4.5823e-03
ACC2 2048 8 5.50 0.9800 8.14 0.900 0.0000e+00
ACC2 2048 8 5.50 0.9800 8.14 0.930 0.0000e+00
ACC2 2048 8 5.50 0.9800 8.14 0.960 0.0000e+00
ACC2 2048 8 5.50 0.9800 8.14 0.980 1.8995e-04
ACC2 2048 8 5.50 0.9800 8.14 1.000 2.5959e-03
ACC2 2048 8 5.50 0.9800 16.12 0.900 0.0000e+00
ACC2 2048 8 5.50 0.9800 16.12 0.930 0.0000e+00
ACC2 2048 8 5.50 0.9800 16.12 0.960 0.0000e+00
ACC2 2048 8 5.50 0.9800 16.12 0.980 1.2852e-04
ACC2 2048 8 5.50 0.9800 16.12 1.000 1.5422e-03
ACC2 2048 8 5.50 0.9800 32.61 0.900 0.0000e+00
ACC2 2048 8 5.50 0.9800 32.61 0.930 0.0000e+00
ACC2 2048 8 5.50 0.9800 32.61 0.960 0.0000e+00
ACC2 2048 8 5.50 0.9800 32.61 0.980 6.6164e-05
ACC2 2048 8 5.50 0.9800 32.61 1.000 7.9397e-04
ACC2 2048 8 5.50 0.9800 64.60 0.900 0.0000e+00
ACC2 2048 8 5.50 0.9800 64.60 0.930 0.0000e+00
ACC2 2048 8 5.50 0.9800 64.60 0.960 0.0000e+00
ACC2 2048 8 5.50 0.9800 64.60 0.980 0.0000e+00
ACC2 2048 8 5.50 0.9800 64.60 1.000 3.3848e-04
ACC2 2048 8 5.50 0.9800 128.49 0.900 0.0000e+00
ACC2 2048 8 5.50 0.9800 128.49 0.930 0.0000e+00
ACC2 2048 8 5.50 0.9800 128.49 0.960 0.0000e+00
ACC2 2048 8 5.50 0.9800 128.49 0.980 7.0028e-05
ACC2 2048 8 5.50 0.9800 128.49 1.000 2.1008e-04
ACC2 2048 8 5.50 0.9950 2.03 0.900 0.0000e+00
ACC2 2048 8 5.50 0.9950 2.03 0.930 0.0000e+00
ACC2 2048 8 5.50 0.9950 2.03 0.960 0.0000e+00
ACC2 2048 8 5.50 0.9950 2.03 0.980 5.1487e-04
ACC2 2048 8 5.50 0.9950 2.03 1.000 3.4303e-02
ACC2 2048 8 5.50 0.9950 3.94 0.900 0.0000e+00
ACC2 2048 8 5.50 0.9950 3.94 0.930 0.0000e+00
ACC2 2048 8 5.50 0.9950 3.94 0.960 0.0000e+00
ACC2 2048 8 5.50 0.9950 3.94 0.980 4.5609e-04
ACC2 2048 8 5.50 0.9950 3.94 1.000 2.2218e-02
ACC2 2048 8 5.50 0.9950 8.14 0.900 0.0000e+00
ACC2 2048 8 5.50 0.9950 8.14 0.930 0.0000e+00
ACC2 2048 8 5.50 0.9950 8.14 0.960 0.0000e+00
ACC2 2048 8 5.50 0.9950 8.14 0.980 1.3220e-04
ACC2 2048 8 5.50 0.9950 8.14 1.000 1.1832e-02
ACC2 2048 8 5.50 0.9950 16.12 0.900 0.0000e+00
ACC2 2048 8 5.50 0.9950 16.12 0.930 0.0000e+00
ACC2 2048 8 5.50 0.9950 16.12 0.960 0.0000e+00
ACC2 2048 8 5.50 0.9950 16.12 0.980 0.0000e+00
ACC2 2048 8 5.50 0.9950 16.12 1.000 8.7223e-03
ACC2 2048 8 5.50 0.9950 32.61 0.900 0.0000e+00
ACC2 2048 8 5.50 0.9950 32.61 0.930 0.0000e+00
ACC2 2048 8 5.50 0.9950 32.61 0.960 0.0000e+00
ACC2 2048 8 5.50 0.9950 32.61 0.980 0.0000e+00
ACC2 2048 8 5.50 0.9950 32.61 1.000 3.5147e-03
ACC2 2048 8 5.50 0.9950 64.60 0.900 0.0000e+00
ACC2 2048 8 5.50 0.9950 64.60 0.930 0.0000e+00
ACC2 2048 8 5.50 0.9950 64.60 0.960 0.0000e+00
ACC2 2048 8 5.50 0.9950 64.60 0.980 1.3711e-04
ACC2 2048 8 5.50 0.9950 64.60 1.000 2.2623e-03
ACC2 2048 8 5.50 0.9950 128.49 0.900 0.0000e+00
ACC2 2048 8 5.50 0.9950 128.49 0.930 0.0000e+00
ACC2 2048 8 5.50 0.9950 128.49 0.960 0.0000e+00
ACC2 2048 8 5.50 0.9950 128.49 0.980 0.0000e+00
ACC2 2048 8 5.50 0.9950 128.49 1.000 4.9154e-04
ACC2 2048 8 6.00 0.8000 2.03 0.900 0.0000e+00
ACC2 2048 8 6.00 0.8000 2.03 0.930 6.2976e-05
ACC2 2048 8 6.00 0.8000 2.03 0.960 1.2595e-04
ACC2 2048 8 6.00 0.8000 2.03 0.980 3.7786e-04
ACC2 2048 8 6.00 0.8000 2.03 1.000 5.6679e-04
ACC2 2048 8 6.00 0.8000 3.94 0.900 0.0000e+00
ACC2 2048 8 6.00 0.8000 3.94 0.930 0.0000e+00
ACC2 2048 8 6.00 0.8000 3.94 0.960 1.3164e-04
ACC2 2048 8 6.00 0.8000 3.94 0.980 2.6328e-04
ACC2 2048 8 6.00 0.8000 3.94 1.000 7.2402e-04
ACC2 2048 8 6.00 0.8000 8.14 0.900 0.0000e+00
ACC2 2048 8 6.00 0.8000 8.14 0.930 0.0000e+00
ACC2 2048 8 6.00 0.8000 8.14 0.960 0.0000e+00
ACC2 2048 8 6.00 0.8000 8.14 0.980 1.3647e-04
ACC2 2048 8 6.00 0.8000 8.14 1.000 3.4118e-04
ACC2 2048 8 6.00 0.8000 16.12 0.900 0.0000e+00
ACC2 2048 8 6.00 0.8000 16.12 0.930 0.0000e+00
ACC2 2048 8 6.00 0.8000 16.12 0.960 0.0000e+00
ACC2 2048 8 6.00 0.8000 16.12 0.980 2.0992e-04
ACC2 2048 8 6.00 0.8000 16.12 1.000 2.7990e-04
ACC2 2048 8 6.00 0.8000 32.61 0.900 0.0000e+00
ACC2 2048 8 6.00 0.8000 32.61 0.930 0.0000e+00
ACC2 2048 8 6.00 0.8000 32.61 0.960 0.0000e+00
ACC2 2048 8 6.00 0.8000 32.61 0.980 7.1922e-05
ACC2 2048 8 6.00 0.8000 32.61 1.000 3.5961e-04
ACC2 2048 8 6.00 0.8000 64.60 0.900 0.0000e+00
ACC2 2048 8 6.00 0.8000 64.60 0.930 0.0000e+00
ACC2 2048 8 6.00 0.8000 64.60 0.960 0.0000e+00
ACC2 2048 8 6.00 0.8000 64.60 0.980 0.0000e+00
ACC2 2048 8 6.00 0.8000 64.60 1.000 1.4699e-04
ACC2 2048 8 6.00 0.8000 128.49 0.900 0.0000e+00
ACC2 2048 8 6.00 0.8000 128.49 0.930 0.0000e+00
ACC2 2048 8 6.00 0.8000 128.49 0.960 7.4901e-05
ACC2 2048 8 6.00 0.8000 128.49 0.980 7.4901e-05
ACC2 2048 8 6.00 0.8000 128.49 1.000 4.4940e-04
ACC2 2048 8 6.00 0.9000 2.03 0.900 0.0000e+00
ACC2 2048 8 6.00 0.9000 2.03 0.930 0.0000e+00
ACC2 2048 8 6.00 0.9000 2.03 0.960 0.0000e+00
ACC2 2048 8 6.00 0.9000 2.03 0.980 1.1940e-04
ACC2 2048 8 6.00 0.9000 2.03 1.000 6.5668e-04
ACC2 2048 8 6.00 0.9000 3.94 0.900 0.0000e+00
ACC2 2048 8 6.00 0.9000 3.94 0.930 0.0000e+00
ACC2 2048 8 6.00 0.9000 3.94 0.960 0.0000e+00
ACC2 2048 8 6.00 0.9000 3.94 0.980 6.2317e-05
ACC2 2048 8 6.00 0.9000 3.94 1.000 2.4927e-04
ACC2 2048 8 6.00 0.9000 8.14 0.900 0.0000e+00
ACC2 2048 8 6.00 0.9000 8.14 0.930 0.0000e+00
ACC2 2048 8 6.00 0.9000 8.14 0.960 1.2923e-04
ACC2 2048 8 6.00 0.9000 8.14 0.980 2.5846e-04
ACC2 2048 8 6.00 0.9000 8.14 1.000 7.1078e-04
ACC2 2048 8 6.00 0.9000 16.12 0.900 0.0000e+00
ACC2 2048 8 6.00 0.9000 16.12 0.930 0.0000e+00
ACC2 2048 8 6.00 0.9000 16.12 0.960 6.6463e-05
ACC2 2048 8 6.00 0.9000 16.12 0.980 1.3293e-04
ACC2 2048 8 6.00 0.9000 16.12 1.000 1.9939e-04
ACC2 2048 8 6.00 0.9000 32.61 0.900 0.0000e+00
ACC2 2048 8 6.00 0.9000 32.61 0.930 0.0000e+00
ACC2 2048 8 6.00 0.9000 32.61 0.960 6.8842e-05
ACC2 2048 8 6.00 0.9000 32.61 0.980 6.8842e-05
ACC2 2048 8 6.00 0.9000 32.61 1.000 2.7537e-04
ACC2 2048 8 6.00 0.9000 64.60 0.900 0.0000e+00
ACC2 2048 8 6.00 0.9000 64.60 0.930 0.0000e+00
ACC2 2048 8 6.00 0.9000 64.60 0.960 7.1271e-05
ACC2 2048 8 6.00 0.9000 64.60 0.980 1.4254e-04
ACC2 2048 8 6.00 0.9000 64.60 1.000 2.1381e-04
ACC2 2048 8 6.00 0.9000 128.49 0.900 0.0000e+00
ACC2 2048 8 6.00 0.9000 128.49 0.930 0.0000e+00
ACC2 2048 8 6.00 0.9000 128.49 0.960 0.0000e+00
ACC2 2048 8 6.00 0.9000 128.49 0.980 0.0000e+00
ACC2 2048 8 6.00 0.9000 128.49 1.000 2.9291e-04
ACC2 2048 8 6.00 0.9500 2.03 0.900 0.0000e+00
ACC2 2048 8 6.00 0.9500 2.03 0.930 0.0000e+00
ACC2 2048 8 6.00 0.9500 2.03 0.960 0.0000e+00
ACC2 2048 8 6.00 0.9500 2.03 0.980 1.1924e-04
ACC2 2048 8 6.00 0.9500 2.03 1.000 1.4309e-03
ACC2 2048 8 6.00 0.9500 3.94 0.900 0.0000e+00
ACC2 2048 8 6.00 0.9500 3.94 0.930 0.0000e+00
ACC2 2048 8 6.00 0.9500 3.94 0.960 6.1789e-05
ACC2 2048 8 6.00 0.9500 3.94 0.980 1.2358e-04
ACC2 2048 8 6.00 0.9500 3.94 1.000 7.4147e-04
ACC2 2048 8 6.00 0.9500 8.14 0.900 0.0000e+00
ACC2 2048 8 6.00 0.9500 8.14 0.930 0.0000e+00
ACC2 2048 8 6.00 0.9500 8.14 0.960 0.0000e+00
ACC2 2048 8 6.00 0.9500 8.14 0.980 0.0000e+00
ACC2 2048 8 6.00 0.9500 8.14 1.000 8.2608e-04
ACC2 2048 8 6.00 0.9500 16.12 0.900 0.0000e+00
ACC2 2048 8 6.00 0.9500 16.12 0.930 0.0000e+00
ACC2 2048 8 6.00 0.9500 16.12 0.960 0.0000e+00
ACC2 2048 8 6.00 0.9500 16.12 0.980 0.0000e+00
ACC2 2048 8 6.00 0.9500 16.12 1.000 1.3057e-04
ACC2 2048 8 6.00 0.9500 32.61 0.900 0.0000e+00
ACC2 2048 8 6.00 0.9500 32.61 0.930 0.0000e+00
ACC2 2048 8 6.00 0.9500 32.61 0.960 0.0000e+00
ACC2 2048 8 6.00 0.9500 32.61 0.980 1.3501e-04
ACC2 2048 8 6.00 0.9500 32.61 1.000 4.7253e-04
ACC2 2048 8 6.00 0.9500 64.60 0.900 0.0000e+00
ACC2 2048 8 6.00 0.9500 64.60 0.930 0.0000e+00
ACC2 2048 8 6.00 0.9500 64.60 0.960 0.0000e+00
ACC2 2048 8 6.00 0.9500 64.60 0.980 0.0000e+00
ACC2 2048 8 6.00 0.9500 64.60 1.000 2.0881e-04
ACC2 2048 8 6.00 0.9500 128.49 0.900 0.0000e+00
ACC2 2048 8 6.00 0.9500 128.49 0.930 0.0000e+00
ACC2 2048 8 6.00 0.9500 128.49 0.960 0.0000e+00
ACC2 2048 8 6.00 0.9500 128.49 0.980 7.2244e-05
ACC2 2048 8 6.00 0.9500 128.49 1.000 4.3346e-04
ACC2 2048 8 6.00 0.9800 2.03 0.900 0.0000e+00
ACC2 2048 8 6.00 0.9800 2.03 0.930 0.0000e+00
ACC2 2048 8 6.00 0.9800 2.03 0.960 0.0000e+00
ACC2 2048 8 6.00 0.9800 2.03 0.980 4.3130e-04
ACC2 2048 8 6.00 0.9800 2.03 1.000 6.9008e-03
ACC2 2048 8 6.00 0.9800 3.94 0.900 0.0000e+00
ACC2 2048 8 6.00 0.9800 3.94 0.930 0.0000e+00
ACC2 2048 8 6.00 0.9800 3.94 0.960 0.0000e+00
ACC2 2048 8 6.00 0.9800 3.94 0.980 3.1530e-04
ACC2 2048 8 6.00 0.9800 3.94 1.000 3.4683e-03
ACC2 2048 8 6.00 0.9800 8.14 0.900 0.0000e+00
ACC2 2048 8 6.00 0.9800 8.14 0.930 0.0000e+00
ACC2 2048 8 6.00 0.9800 8.14 0.960 0.0000e+00
ACC2 2048 8 6.00 0.9800 8.14 0.980 6.4495e-05
ACC2 2048 8 6.00 0.9800 8.14 1.000 2.0639e-03
ACC2 2048 8 6.00 0.9800 16.12 0.900 0.0000e+00
ACC2 2048 8 6.00 0.9800 16.12 0.930 0.0000e+00
ACC2 2048 8 6.00 0.9800 16.12 0.960 0.0000e+00
ACC2 2048 8 6.00 0.9800 16.12 0.980 6.5548e-05
ACC2 2048 8 6.00 0.9800 16.12 1.000 1.1799e-03
ACC2 2048 8 6.00 0.9800 32.61 0.900 0.0000e+00
ACC2 2048 8 6.00 0.9800 32.61 0.930 0.0000e+00
ACC2 2048 8 6.00 0.9800 32.61 0.960 0.0000e+00
ACC2 2048 8 6.00 0.9800 32.61 0.980 0.0000e+00
ACC2 2048 8 6.00 0.9800 32.61 1.000 7.4089e-04
ACC2 2048 8 6.00 0.9800 64.60 0.900 0.0000e+00
ACC2 2048 8 6.00 0.9800 64.60 0.930 0.0000e+00
ACC2 2048 8 6.00 0.9800 64.60 0.960 0.0000e+00
ACC2 2048 8 6.00 0.9800 64.60 0.980 0.0000e+00
ACC2 2048 8 6.00 0.9800 64.60 1.000 1.3816e-04
ACC2 2048 8 6.00 0.9800 128.49 0.900 0.0000e+00
ACC2 2048 8 6.00 0.9800 128.49 0.930 0.0000e+00
ACC2 2048 8 6.00 0.9800 128.49 0.960 0.0000e+00
ACC2 2048 8 6.00 0.9800 128.49 0.980 7.1205e-05
ACC2 2048 8 6.00 0.9800 128.49 1.000 2.1361e-04
ACC2 2048 8 6.00 0.9950 2.03 0.900 0.0000e+00
ACC2 2048 8 6.00 0.9950 2.03 0.930 0.0000e+00
ACC2 2048 8 6.00 0.9950 2.03 0.960 0.0000e+00
ACC2 2048 8 6.00 0.9950 2.03 0.980 1.3074e-04
ACC2 2048 8 6.00 0.9950 2.03 1.000 2.5101e-02
ACC2 2048 8 6.00 0.9950 3.94 0.900 0.0000e+00
ACC2 2048 8 6.00 0.9950 3.94 0.930 0.0000e+00
ACC2 2048 8 6.00 0.9950 3.94 0.960 0.0000e+00
ACC2 2048 8 6.00 0.9950 3.94 0.980 6.6159e-05
ACC2 2048 8 6.00 0.9950 3.94 1.000 1.4621e-02
ACC2 2048 8 6.00 0.9950 8.14 0.900 0.0000e+00
ACC2 2048 8 6.00 0.9950 8.14 0.930 0.0000e+00
ACC2 2048 8 6.00 0.9950 8.14 0.960 0.0000e+00
ACC2 2048 8 6.00 0.9950 8.14 0.980 0.0000e+00
ACC2 2048 8 6.00 0.9950 8.14 1.000 7.5621e-03
ACC2 2048 8 6.00 0.9950 16.12 0.900 0.0000e+00
ACC2 2048 8 6.00 0.9950 16.12 0.930 0.0000e+00
ACC2 2048 8 6.00 0.9950 16.12 0.960 0.0000e+00
ACC2 2048 8 6.00 0.9950 16.12 0.980 0.0000e+00
ACC2 2048 8 6.00 0.9950 16.12 1.000 4.8780e-03
ACC2 2048 8 6.00 0.9950 32.61 0.900 0.0000e+00
ACC2 2048 8 6.00 0.9950 32.61 0.930 0.0000e+00
ACC2 2048 8 6.00 0.9950 32.61 0.960 0.0000e+00
ACC2 2048 8 6.00 0.9950 32.61 0.980 0.0000e+00
ACC2 2048 8 6.00 0.9950 32.61 1.000 2.3994e-03
ACC2 2048 8 6.00 0.9950 64.60 0.900 0.0000e+00
ACC2 2048 8 6.00 0.9950 64.60 0.930 0.0000e+00
ACC2 2048 8 6.00 0.9950 64.60 0.960 0.0000e+00
ACC2 2048 8 6.00 0.9950 64.60 0.980 6.9682e-05
ACC2 2048 8 6.00 0.9950 64.60 1.000 9.0586e-04
ACC2 2048 8 6.00 0.9950 128.49 0.900 0.0000e+00
ACC2 2048 8 6.00 0.9950 128.49 0.930 0.0000e+00
ACC2 2048 8 6.00 0.9950 128.49 0.960 0.0000e+00
ACC2 2048 8 6.00 0.9950 128.49 0.980 0.0000e+00
ACC2 2048 8 6.00 0.9950 128.49 1.000 1.4271e-04
ACC2 2048 8 6.50 0.8000 2.03 0.900 0.0000e+00
ACC2 2048 8 6.50 0.8000 2.03 0.930 6.6432e-05
ACC2 2048 8 6.50 0.8000 2.03 0.960 1.3286e-04
ACC2 2048 8 6.50 0.8000 2.03 0.980 3.9859e-04
ACC2 2048 8 6.50 0.8000 2.03 1.000 5.9789e-04
ACC2 2048 8 6.50 0.8000 3.94 0.900 0.0000e+00
ACC2 2048 8 6.50 0.8000 3.94 0.930 0.0000e+00
ACC2 2048 8 6.50 0.8000 3.94 0.960 1.3738e-04
ACC2 2048 8 6.50 0.8000 3.94 0.980 2.0607e-04
ACC2 2048 8 6.50 0.8000 3.94 1.000 8.2429e-04
ACC2 2048 8 6.50 0.8000 8.14 0.900 0.0000e+00
ACC2 2048 8 6.50 0.8000 8.14 0.930 0.0000e+00
ACC2 2048 8 6.50 0.8000 8.14 0.960 0.0000e+00
ACC2 2048 8 6.50 0.8000 8.14 0.980 1.4161e-04
ACC2 2048 8 6.50 0.8000 8.14 1.000 4.2484e-04
ACC2 2048 8 6.50 0.8000 16.12 0.900 0.0000e+00
ACC2 2048 8 6.50 0.8000 16.12 0.930 0.0000e+00
ACC2 2048 8 6.50 0.8000 16.12 0.960 0.0000e+00
ACC2 2048 8 6.50 0.8000 16.12 0.980 2.1639e-04
ACC2 2048 8 6.50 0.8000 16.12 1.000 2.8852e-04
ACC2 2048 8 6.50 0.8000 32.61 0.900 0.0000e+00
ACC2 2048 8 6.50 0.8000 32.61 0.930 0.0000e+00
ACC2 2048 8 6.50 0.8000 32.61 0.960 0.0000e+00
ACC2 2048 8 6.50 0.8000 32.61 0.980 7.3481e-05
ACC2 2048 8 6.50 0.8000 32.61 1.000 5.8785e-04
ACC2 2048 8 6.50 0.8000 64.60 0.900 0.0000e+00
ACC2 2048 8 6.50 0.8000 64.60 0.930 0.0000e+00
ACC2 2048 8 6.50 0.8000 64.60 0.960 0.0000e+00
ACC2 2048 8 6.50 0.8000 64.60 0.980 7.4722e-05
ACC2 2048 8 6.50 0.8000 64.60 1.000 3.7361e-04
ACC2 2048 8 6.50 0.8000 128.49 0.900 0.0000e+00
ACC2 2048 8 6.50 0.8000 128.49 0.930 0.0000e+00
ACC2 2048 8 6.50 0.8000 128.49 0.960 7.5838e-05
ACC2 2048 8 6.50 0.8000 128.49 0.980 1.5168e-04
ACC2 2048 8 6.50 0.8000 128.49 1.000 4.5503e-04
ACC2 2048 8 6.50 0.9000 2.03 0.900 0.0000e+00
ACC2 2048 8 6.50 0.9000 2.03 0.930 0.0000e+00
ACC2 2048 8 6.50 0.9000 2.03 0.960 0.0000e+00
ACC2 2048 8 6.50 0.9000 2.03 0.980 1.8556e-04
ACC2 2048 8 6.50 0.9000 2.03 1.000 6.8040e-04
ACC2 2048 8 6.50 0.9000 3.94 0.900 0.0000e+00
ACC2 2048 8 6.50 0.9000 3.94 0.930 0.0000e+00
ACC2 2048 8 6.50 0.9000 3.94 0.960 0.0000e+00
ACC2 2048 8 6.50 0.9000 3.94 0.980 6.4375e-05
ACC2 2048 8 6.50 0.9000 3.94 1.000 3.2187e-04
ACC2 2048 8 6.50 0.9000 8.14 0.900 0.0000e+00
ACC2 2048 8 6.50 0.9000 8.14 0.930 0.0000e+00
ACC2 2048 8 6.50 0.9000 8.14 0.960 1.3295e-04
ACC2 2048 8 6.50 0.9000 8.14 0.980 2.6590e-04
ACC2 2048 8 6.50 0.9000 8.14 1.000 9.3067e-04
ACC2 2048 8 6.50 0.9000 16.12 0.900 0.0000e+00
ACC2 2048 8 6.50 0.9000 16.12 0.930 0.0000e+00
ACC2 2048 8 6.50 0.9000 16.12 0.960 6.8470e-05
ACC2 2048 8 6.50 0.9000 16.12 0.980 1.3694e-04
ACC2 2048 8 6.50 0.9000 16.12 1.000 2.7388e-04
ACC2 2048 8 6.50 0.9000 32.61 0.900 0.0000e+00
ACC2 2048 8 6.50 0.9000 32.61 0.930 0.0000e+00
ACC2 2048 8 6.50 0.9000 32.61 0.960 7.0527e-05
ACC2 2048 8 6.50 0.9000 32.61 0.980 7.0527e-05
ACC2 2048 8 6.50 0.9000 32.61 1.000 3.5263e-04
ACC2 2048 8 6.50 0.9000 64.60 0.900 0.0000e+00
ACC2 2048 8 6.50 0.9000 64.60 0.930 0.0000e+00
ACC2 2048 8 6.50 0.9000 64.60 0.960 7.2812e-05
ACC2 2048 8 6.50 0.9000 64.60 0.980 1.4562e-04
ACC2 2048 8 6.50 0.9000 64.60 1.000 2.9125e-04
ACC2 2048 8 6.50 0.9000 128.49 0.900 0.0000e+00
ACC2 2048 8 6.50 0.9000 128.49 0.930 0.0000e+00
ACC2 2048 8 6.50 0.9000 128.49 0.960 0.0000e+00
ACC2 2048 8 6.50 0.9000 128.49 0.980 0.0000e+00
ACC2 2048 8 6.50 0.9000 128.49 1.000 2.2335e-04
ACC2 2048 8 6.50 0.9500 2.03 0.900 0.0000e+00
ACC2 2048 8 6.50 0.9500 2.03 0.930 0.0000e+00
ACC2 2048 8 6.50 0.9500 2.03 0.960 0.0000e+00
ACC2 2048 8 6.50 0.9500 2.03 0.980 1.2219e-04
ACC2 2048 8 6.50 0.9500 2.03 1.000 1.0997e-03
ACC2 2048 8 6.50 0.9500 3.94 0.900 0.0000e+00
ACC2 2048 8 6.50 0.9500 3.94 0.930 0.0000e+00
ACC2 2048 8 6.50 0.9500 3.94 0.960 0.0000e+00
ACC2 2048 8 6.50 0.9500 3.94 0.980 1.2646e-04
ACC2 2048 8 6.50 0.9500 3.94 1.000 6.3231e-04
ACC2 2048 8 6.50 0.9500 8.14 0.900 0.0000e+00
ACC2 2048 8 6.50 0.9500 8.14 0.930 0.0000e+00
ACC2 2048 8 6.50 0.9500 8.14 0.960 0.0000e+00
ACC2 2048 8 6.50 0.9500 8.14 0.980 6.5011e-05
ACC2 2048 8 6.50 0.9500 8.14 1.000 8.4514e-04
ACC2 2048 8 6.50 0.9500 16.12 0.900 0.0000e+00
ACC2 2048 8 6.50 0.9500 16.12 0.930 0.0000e+00
ACC2 2048 8 6.50 0.9500 16.12 0.960 0.0000e+00
ACC2 2048 8 6.50 0.9500 16.12 0.980 0.0000e+00
ACC2 2048 8 6.50 0.9500 16.12 1.000 2.0019e-04
ACC2 2048 8 6.50 0.9500 32.61 0.900 0.0000e+00
ACC2 2048 8 6.50 0.9500 32.61 0.930 0.0000e+00
ACC2 2048 8 6.50 0.9500 32.61 0.960 0.0000e+00
ACC2 2048 8 6.50 0.9500 32.61 0.980 6.8861e-05
ACC2 2048 8 6.50 0.9500 32.61 1.000 4.8203e-04
ACC2 2048 8 6.50 0.9500 64.60 0.900 0.0000e+00
ACC2 2048 8 6.50 0.9500 64.60 0.930 0.0000e+00
ACC2 2048 8 6.50 0.9500 64.60 0.960 0.0000e+00
ACC2 2048 8 6.50 0.9500 64.60 0.980 0.0000e+00
ACC2 2048 8 6.50 0.9500 64.60 1.000 2.8425e-04
ACC2 2048 8 6.50 0.9500 128.49 0.900 0.0000e+00
ACC2 2048 8 6.50 0.9500 128.49 0.930 0.0000e+00
ACC2 2048 8 6.50 0.9500 128.49 0.960 0.0000e+00
ACC2 2048 8 6.50 0.9500 128.49 0.980 7.3448e-05
ACC2 2048 8 6.50 0.9500 128.49 1.000 4.4069e-04
ACC2 2048 8 6.50 0.9800 2.03 0.900 0.0000e+00
ACC2 2048 8 6.50 0.9800 2.03 0.930 0.0000e+00
ACC2 2048 8 6.50 0.9800 2.03 0.960 0.0000e+00
ACC2 2048 8 6.50 0.9800 2.03 0.980 3.7608e-04
ACC2 2048 8 6.50 0.9800 2.03 1.000 5.3278e-03
ACC2 2048 8 6.50 0.9800 3.94 0.900 0.0000e+00
ACC2 2048 8 6.50 0.9800 3.94 0.930 0.0000e+00
ACC2 2048 8 6.50 0.9800 3.94 0.960 0.0000e+00
ACC2 2048 8 6.50 0.9800 3.94 0.980 3.2072e-04
ACC2 2048 8 6.50 0.9800 3.94 1.000 3.1430e-03
ACC2 2048 8 6.50 0.9800 8.14 0.900 0.0000e+00
ACC2 2048 8 6.50 0.9800 8.14 0.930 0.0000e+00
ACC2 2048 8 6.50 0.9800 8.14 0.960 0.0000e+00
ACC2 2048 8 6.50 0.9800 8.14 0.980 6.5471e-05
ACC2 2048 8 6.50 0.9800 8.14 1.000 1.6368e-03
ACC2 2048 8 6.50 0.9800 16.12 0.900 0.0000e+00
ACC2 2048 8 6.50 0.9800 16.12 0.930 0.0000e+00
ACC2 2048 8 6.50 0.9800 16.12 0.960 0.0000e+00
ACC2 2048 8 6.50 0.9800 16.12 0.980 6.6765e-05
ACC2 2048 8 6.50 0.9800 16.12 1.000 6.6765e-04
ACC2 2048 8 6.50 0.9800 32.61 0.900 0.0000e+00
ACC2 2048 8 6.50 0.9800 32.61 0.930 0.0000e+00
ACC2 2048 8 6.50 0.9800 32.61 0.960 0.0000e+00
ACC2 2048 8 6.50 0.9800 32.61 0.980 0.0000e+00
ACC2 2048 8 6.50 0.9800 32.61 1.000 8.2119e-04
ACC2 2048 8 6.50 0.9800 64.60 0.900 0.0000e+00
ACC2 2048 8 6.50 0.9800 64.60 0.930 0.0000e+00
ACC2 2048 8 6.50 0.9800 64.60 0.960 0.0000e+00
ACC2 2048 8 6.50 0.9800 64.60 0.980 0.0000e+00
ACC2 2048 8 6.50 0.9800 64.60 1.000 2.1041e-04
ACC2 2048 8 6.50 0.9800 128.49 0.900 0.0000e+00
ACC2 2048 8 6.50 0.9800 128.49 0.930 0.0000e+00
ACC2 2048 8 6.50 0.9800 128.49 0.960 0.0000e+00
ACC2 2048 8 6.50 0.9800 128.49 0.980 7.2275e-05
ACC2 2048 8 6.50 0.9800 128.49 1.000 2.1683e-04
ACC2 2048 8 6.50 0.9950 2.03 0.900 0.0000e+00
ACC2 2048 8 6.50 0.9950 2.03 0.930 0.0000e+00
ACC2 2048 8 6.50 0.9950 2.03 0.960 0.0000e+00
ACC2 2048 8 6.50 0.9950 2.03 0.980 6.6190e-05
ACC2 2048 8 6.50 0.9950 2.03 1.000 2.4027e-02
ACC2 2048 8 6.50 0.9950 3.94 0.900 0.0000e+00
ACC2 2048 8 6.50 0.9950 3.94 0.930 0.0000e+00
ACC2 2048 8 6.50 0.9950 3.94 0.960 0.0000e+00
ACC2 2048 8 6.50 0.9950 3.94 0.980 6.7110e-05
ACC2 2048 8 6.50 0.9950 3.94 1.000 1.3221e-02
ACC2 2048 8 6.50 0.9950 8.14 0.900 0.0000e+00
ACC2 2048 8 6.50 0.9950 8.14 0.930 0.0000e+00
ACC2 2048 8 6.50 0.9950 8.14 0.960 0.0000e+00
ACC2 2048 8 6.50 0.9950 8.14 0.980 0.0000e+00
ACC2 2048 8 6.50 0.9950 8.14 1.000 8.1202e-03
ACC2 2048 8 6.50 0.9950 16.12 0.900 0.0000e+00
ACC2 2048 8 6.50 0.9950 16.12 0.930 0.0000e+00
ACC2 2048 8 6.50 0.9950 16.12 0.960 0.0000e+00
ACC2 2048 8 6.50 0.9950 16.12 0.980 0.0000e+00
ACC2 2048 8 6.50 0.9950 16.12 1.000 5.0793e-03
ACC2 2048 8 6.50 0.9950 32.61 0.900 0.0000e+00
ACC2 2048 8 6.50 0.9950 32.61 0.930 0.0000e+00
ACC2 2048 8 6.50 0.9950 32.61 0.960 0.0000e+00
ACC2 2048 8 6.50 0.9950 32.61 0.980 0.0000e+00
ACC2 2048 8 6.50 0.9950 32.61 1.000 2.1508e-03
ACC2 2048 8 6.50 0.9950 64.60 0.900 0.0000e+00
ACC2 2048 8 6.50 0.9950 64.60 0.930 0.0000e+00
ACC2 2048 8 6.50 0.9950 64.60 0.960 0.0000e+00
ACC2 2048 8 6.50 0.9950 64.60 0.980 7.0631e-05
ACC2 2048 8 6.50 0.9950 64.60 1.000 7.7695e-04
ACC2 2048 8 6.50 0.9950 128.49 0.900 0.0000e+00
ACC2 2048 8 6.50 0.9950 128.49 0.930 0.0000e+00
ACC2 2048 8 6.50 0.9950 128.49 0.960 0.0000e+00
ACC2 2048 8 6.50 0.9950 128.49 0.980 0.0000e+00
ACC2 2048 8 6.50 0.9950 128.49 1.000 2.1681e-04
ACC2 4096 4 5.00 0.8000 2.03 0.900 0.0000e+00
ACC2 4096 4 5.00 0.8000 2.03 0.930 1.6072e-04
ACC2 4096 4 5.00 0.8000 2.03 0.960 3.7501e-04
ACC2 4096 4 5.00 0.8000 2.03 0.980 4.8216e-04
ACC2 4096 4 5.00 0.8000 2.03 1.000 7.5003e-04
ACC2 4096 4 5.00 0.8000 3.94 0.900 0.0000e+00
ACC2 4096 4 5.00 0.8000 3.94 0.930 0.0000e+00
ACC2 4096 4 5.00 0.8000 3.94 0.960 1.6851e-04
ACC2 4096 4 5.00 0.8000 3.94 0.980 3.3702e-04
ACC2 4096 4 5.00 0.8000 3.94 1.000 4.4936e-04
ACC2 4096 4 5.00 0.8000 8.14 0.900 0.0000e+00
ACC2 4096 4 5.00 0.8000 8.14 0.930 5.8730e-05
ACC2 4096 4 5.00 0.8000 8.14 0.960 5.8730e-05
ACC2 4096 4 5.00 0.8000 8.14 0.980 2.3492e-04
ACC2 4096 4 5.00 0.8000 8.14 1.000 2.3492e-04
ACC2 4096 4 5.00 0.8000 16.12 0.900 0.0000e+00
ACC2 4096 4 5.00 0.8000 16.12 0.930 6.1305e-05
ACC2 4096 4 5.00 0.8000 16.12 0.960 1.2261e-04
ACC2 4096 4 5.00 0.8000 16.12 0.980 1.8391e-04
ACC2 4096 4 5.00 0.8000 16.12 1.000 2.4522e-04
ACC2 4096 4 5.00 0.8000 32.61 0.900 0.0000e+00
ACC2 4096 4 5.00 0.8000 32.61 0.930 0.0000e+00
ACC2 4096 4 5.00 0.8000 32.61 0.960 0.0000e+00
ACC2 4096 4 5.00 0.8000 32.61 0.980 0.0000e+00
ACC2 4096 4 5.00 0.8000 32.61 1.000 6.3873e-05
ACC2 4096 4 5.00 0.8000 64.60 0.900 0.0000e+00
ACC2 4096 4 5.00 0.8000 64.60 0.930 0.0000e+00
ACC2 4096 4 5.00 0.8000 64.60 0.960 0.0000e+00
ACC2 4096 4 5.00 0.8000 64.60 0.980 6.6234e-05
ACC2 4096 4 5.00 0.8000 64.60 1.000 1.3247e-04
ACC2 4096 4 5.00 0.8000 128.59 0.900 0.0000e+00
ACC2 4096 4 5.00 0.8000 128.59 0.930 0.0000e+00
ACC2 4096 4 5.00 0.8000 128.59 0.960 0.0000e+00
ACC2 4096 4 5.00 0.8000 128.59 0.980 0.0000e+00
ACC2 4096 4 5.00 0.8000 128.59 1.000 0.0000e+00
ACC2 4096 4 5.00 0.9000 2.03 0.900 0.0000e+00
ACC2 4096 4 5.00 0.9000 2.03 0.930 0.0000e+00
ACC2 4096 4 5.00 0.9000 2.03 0.960 2.1392e-04
ACC2 4096 4 5.00 0.9000 2.03 0.980 2.1392e-04
ACC2 4096 4 5.00 0.9000 2.03 1.000 6.4175e-04
ACC2 4096 4 5.00 0.9000 3.94 0.900 0.0000e+00
ACC2 4096 4 5.00 0.9000 3.94 0.930 0.0000e+00
ACC2 4096 4 5.00 0.9000 3.94 0.960 5.5426e-05
ACC2 4096 4 5.00 0.9000 3.94 0.980 3.3256e-04
ACC2 4096 4 5.00 0.9000 3.94 1.000 6.6511e-04
ACC2 4096 4 5.00 0.9000 8.14 0.900 0.0000e+00
ACC2 4096 4 5.00 0.9000 8.14 0.930 0.0000e+00
ACC2 4096 4 5.00 0.9000 8.14 0.960 1.7266e-04
ACC2 4096 4 5.00 0.9000 8.14 0.980 1.7266e-04
ACC2 4096 4 5.00 0.9000 8.14 1.000 3.4532e-04
ACC2 4096 4 5.00 0.9000 16.12 0.900 0.0000e+00
ACC2 4096 4 5.00 0.9000 16.12 0.930 0.0000e+00
ACC2 4096 4 5.00 0.9000 16.12 0.960 0.0000e+00
ACC2 4096 4 5.00 0.9000 16.12 0.980 5.9938e-05
ACC2 4096 4 5.00 0.9000 16.12 1.000 1.7981e-04
ACC2 4096 4 5.00 0.9000 32.61 0.900 0.0000e+00
ACC2 4096 4 5.00 0.9000 32.61 0.930 0.0000e+00
ACC2 4096 4 5.00 0.9000 32.61 0.960 0.0000e+00
ACC2 4096 4 5.00 0.9000 32.61 0.980 1.2396e-04
ACC2 4096 4 5.00 0.9000 32.61 1.000 3.0990e-04
ACC2 4096 4 5.00 0.9000 64.60 0.900 0.0000e+00
ACC2 4096 4 5.00 0.9000 64.60 0.930 0.0000e+00
ACC2 4096 4 5.00 0.9000 64.60 0.960 0.0000e+00
ACC2 4096 4 5.00 0.9000 64.60 0.980 1.9308e-04
ACC2 4096 4 5.00 0.9000 64.60 1.000 3.8615e-04
ACC2 4096 4 5.00 0.9000 128.59 0.900 0.0000e+00
ACC2 4096 4 5.00 0.9000 128.59 0.930 6.6693e-05
ACC2 4096 4 5.00 0.9000 128.59 0.960 1.3339e-04
ACC2 4096 4 5.00 0.9000 128.59 0.980 2.6677e-04
ACC2 4096 4 5.00 0.9000 128.59 1.000 2.6677e-04
ACC2 4096 4 5.00 0.9500 2.03 0.900 0.0000e+00
ACC2 4096 4 5.00 0.9500 2.03 0.930 0.0000e+00
ACC2 4096 4 5.00 0.9500 2.03 0.960 1.6513e-04
ACC2 4096 4 5.00 0.9500 2.03 0.980 9.9075e-04
ACC2 4096 4 5.00 0.9500 2.03 1.000 3.5777e-03
ACC2 4096 4 5.00 0.9500 3.94 0.900 0.0000e+00
ACC2 4096 4 5.00 0.9500 3.94 0.930 0.0000e+00
ACC2 4096 4 5.00 0.9500 3.94 0.960 1.1330e-04
ACC2 4096 4 5.00 0.9500 3.94 0.980 5.0983e-04
ACC2 4096 4 5.00 0.9500 3.94 1.000 1.8694e-03
ACC2 4096 4 5.00 0.9500 8.14 0.900 0.0000e+00
ACC2 4096 4 5.00 0.9500 8.14 0.930 0.0000e+00
ACC2 4096 4 5.00 0.9500 8.14 0.960 5.8374e-05
ACC2 4096 4 5.00 0.9500 8.14 0.980 5.8374e-05
ACC2 4096 4 5.00 0.9500 8.14 1.000 6.4211e-04
ACC2 4096 4 5.00 0.9500 16.12 0.900 0.0000e+00
ACC2 4096 4 5.00 0.9500 16.12 0.930 0.0000e+00
ACC2 4096 4 5.00 0.9500 16.12 0.960 0.0000e+00
ACC2 4096 4 5.00 0.9500 16.12 0.980 3.0139e-04
ACC2 4096 4 5.00 0.9500 16.12 1.000 8.4388e-04
ACC2 4096 4 5.00 0.9500 32.61 0.900 0.0000e+00
ACC2 4096 4 5.00 0.9500 32.61 0.930 0.0000e+00
ACC2 4096 4 5.00 0.9500 32.61 0.960 0.0000e+00
ACC2 4096 4 5.00 0.9500 32.61 0.980 6.1950e-05
ACC2 4096 4 5.00 0.9500 32.61 1.000 4.3365e-04
ACC2 4096 4 5.00 0.9500 64.60 0.900 0.0000e+00
ACC2 4096 4 5.00 0.9500 64.60 0.930 0.0000e+00
ACC2 4096 4 5.00 0.9500 64.60 0.960 0.0000e+00
ACC2 4096 4 5.00 0.9500 64.60 0.980 0.0000e+00
ACC2 4096 4 5.00 0.9500 64.60 1.000 1.2783e-04
ACC2 4096 4 5.00 0.9500 128.59 0.900 0.0000e+00
ACC2 4096 4 5.00 0.9500 128.59 0.930 0.0000e+00
ACC2 4096 4 5.00 0.9500 128.59 0.960 0.0000e+00
ACC2 4096 4 5.00 0.9500 128.59 0.980 0.0000e+00
ACC2 4096 4 5.00 0.9500 128.59 1.000 6.5824e-05
ACC2 4096 4 5.00 0.9800 2.03 0.900 0.0000e+00
ACC2 4096 4 5.00 0.9800 2.03 0.930 0.0000e+00
ACC2 4096 4 5.00 0.9800 2.03 0.960 1.1617e-04
ACC2 4096 4 5.00 0.9800 2.03 0.980 1.8007e-03
ACC2 4096 4 5.00 0.9800 2.03 1.000 1.6322e-02
ACC2 4096 4 5.00 0.9800 3.94 0.900 0.0000e+00
ACC2 4096 4 5.00 0.9800 3.94 0.930 0.0000e+00
ACC2 4096 4 5.00 0.9800 3.94 0.960 0.0000e+00
ACC2 4096 4 5.00 0.9800 3.94 0.980 6.5235e-04
ACC2 4096 4 5.00 0.9800 3.94 1.000 9.6667e-03
ACC2 4096 4 5.00 0.9800 8.14 0.900 0.0000e+00
ACC2 4096 4 5.00 0.9800 8.14 0.930 0.0000e+00
ACC2 4096 4 5.00 0.9800 8.14 0.960 0.0000e+00
ACC2 4096 4 5.00 0.9800 8.14 0.980 9.6496e-04
ACC2 4096 4 5.00 0.9800 8.14 1.000 5.4882e-03
ACC2 4096 4 5.00 0.9800 16.12 0.900 0.0000e+00
ACC2 4096 4 5.00 0.9800 16.12 0.930 0.0000e+00
ACC2 4096 4 5.00 0.9800 16.12 0.960 0.0000e+00
ACC2 4096 4 5.00 0.9800 16.12 0.980 2.4788e-04
ACC2 4096 4 5.00 0.9800 16.12 1.000 2.7267e-03
ACC2 4096 4 5.00 0.9800 32.61 0.900 0.0000e+00
ACC2 4096 4 5.00 0.9800 32.61 0.930 0.0000e+00
ACC2 4096 4 5.00 0.9800 32.61 0.960 0.0000e+00
ACC2 4096 4 5.00 0.9800 32.61 0.980 1.2627e-04
ACC2 4096 4 5.00 0.9800 32.61 1.000 1.7047e-03
ACC2 4096 4 5.00 0.9800 64.60 0.900 0.0000e+00
ACC2 4096 4 5.00 0.9800 64.60 0.930 0.0000e+00
ACC2 4096 4 5.00 0.9800 64.60 0.960 0.0000e+00
ACC2 4096 4 5.00 0.9800 64.60 0.980 0.0000e+00
ACC2 4096 4 5.00 0.9800 64.60 1.000 3.8705e-04
ACC2 4096 4 5.00 0.9800 128.59 0.900 0.0000e+00
ACC2 4096 4 5.00 0.9800 128.59 0.930 0.0000e+00
ACC2 4096 4 5.00 0.9800 128.59 0.960 0.0000e+00
ACC2 4096 4 5.00 0.9800 128.59 0.980 0.0000e+00
ACC2 4096 4 5.00 0.9800 128.59 1.000 0.0000e+00
ACC2 4096 4 5.00 0.9950 2.03 0.900 0.0000e+00
ACC2 4096 4 5.00 0.9950 2.03 0.930 0.0000e+00
ACC2 4096 4 5.00 0.9950 2.03 0.960 0.0000e+00
ACC2 4096 4 5.00 0.9950 2.03 0.980 2.5588e-03
ACC2 4096 4 5.00 0.9950 2.03 1.000 4.5497e-02
ACC2 4096 4 5.00 0.9950 3.94 0.900 0.0000e+00
ACC2 4096 4 5.00 0.9950 3.94 0.930 0.0000e+00
ACC2 4096 4 5.00 0.9950 3.94 0.960 0.0000e+00
ACC2 4096 4 5.00 0.9950 3.94 0.980 1.5170e-03
ACC2 4096 4 5.00 0.9950 3.94 1.000 3.3500e-02
ACC2 4096 4 5.00 0.9950 8.14 0.900 0.0000e+00
ACC2 4096 4 5.00 0.9950 8.14 0.930 0.0000e+00
ACC2 4096 4 5.00 0.9950 8.14 0.960 0.0000e+00
ACC2 4096 4 5.00 0.9950 8.14 0.980 5.7321e-04
ACC2 4096 4 5.00 0.9950 8.14 1.000 2.4011e-02
ACC2 4096 4 5.00 0.9950 16.12 0.900 0.0000e+00
ACC2 4096 4 5.00 0.9950 16.12 0.930 0.0000e+00
ACC2 4096 4 5.00 0.9950 16.12 0.960 0.0000e+00
ACC2 4096 4 5.00 0.9950 16.12 0.980 1.2954e-04
ACC2 4096 4 5.00 0.9950 16.12 1.000 1.4185e-02
ACC2 4096 4 5.00 0.9950 32.61 0.900 0.0000e+00
ACC2 4096 4 5.00 0.9950 32.61 0.930 0.0000e+00
ACC2 4096 4 5.00 0.9950 32.61 0.960 0.0000e+00
ACC2 4096 4 5.00 0.9950 32.61 0.980 6.5261e-05
ACC2 4096 4 5.00 0.9950 32.61 1.000 5.3514e-03
ACC2 4096 4 5.00 0.9950 64.60 0.900 0.0000e+00
ACC2 4096 4 5.00 0.9950 64.60 0.930 0.0000e+00
ACC2 4096 4 5.00 0.9950 64.60 0.960 0.0000e+00
ACC2 4096 4 5.00 0.9950 64.60 0.980 0.0000e+00
ACC2 4096 4 5.00 0.9950 64.60 1.000 1.7178e-03
ACC2 4096 4 5.00 0.9950 128.59 0.900 0.0000e+00
ACC2 4096 4 5.00 0.9950 128.59 0.930 0.0000e+00
ACC2 4096 4 5.00 0.9950 128.59 0.960 0.0000e+00
ACC2 4096 4 5.00 0.9950 128.59 0.980 0.0000e+00
ACC2 4096 4 5.00 0.9950 128.59 1.000 0.0000e+00
ACC2 4096 4 5.50 0.8000 2.03 0.900 0.0000e+00
ACC2 4096 4 5.50 0.8000 2.03 0.930 1.7121e-04
ACC2 4096 4 5.50 0.8000 2.03 0.960 3.4243e-04
ACC2 4096 4 5.50 0.8000 2.03 0.980 5.1364e-04
ACC2 4096 4 5.50 0.8000 2.03 1.000 7.9900e-04
ACC2 4096 4 5.50 0.8000 3.94 0.900 0.0000e+00
ACC2 4096 4 5.50 0.8000 3.94 0.930 0.0000e+00
ACC2 4096 4 5.50 0.8000 3.94 0.960 1.7959e-04
ACC2 4096 4 5.50 0.8000 3.94 0.980 3.5917e-04
ACC2 4096 4 5.50 0.8000 3.94 1.000 5.3876e-04
ACC2 4096 4 5.50 0.8000 8.14 0.900 0.0000e+00
ACC2 4096 4 5.50 0.8000 8.14 0.930 6.2391e-05
ACC2 4096 4 5.50 0.8000 8.14 0.960 1.2478e-04
ACC2 4096 4 5.50 0.8000 8.14 0.980 1.8717e-04
ACC2 4096 4 5.50 0.8000 8.14 1.000 3.1195e-04
ACC2 4096 4 5.50 0.8000 16.12 0.900 0.0000e+00
ACC2 4096 4 5.50 0.8000 16.12 0.930 6.4855e-05
ACC2 4096 4 5.50 0.8000 16.12 0.960 1.2971e-04
ACC2 4096 4 5.50 0.8000 16.12 0.980 1.9457e-04
ACC2 4096 4 5.50 0.8000 16.12 1.000 1.9457e-04
ACC2 4096 4 5.50 0.8000 32.61 0.900 6.7272e-05
ACC2 4096 4 5.50 0.8000 32.61 0.930 6.7272e-05
ACC2 4096 4 5.50 0.8000 32.61 0.960 6.7272e-05
ACC2 4096 4 5.50 0.8000 32.61 0.980 1.3454e-04
ACC2 4096 4 5.50 0.8000 32.61 1.000 1.3454e-04
ACC2 4096 4 5.50 0.8000 64.60 0.900 0.0000e+00
ACC2 4096 4 5.50 0.8000 64.60 0.930 0.0000e+00
ACC2 4096 4 5.50 0.8000 64.60 0.960 0.0000e+00
ACC2 4096 4 5.50 0.8000 64.60 0.980 6.9406e-05
ACC2 4096 4 5.50 0.8000 64.60 1.000 2.0822e-04
ACC2 4096 4 5.50 0.8000 128.59 0.900 0.0000e+00
ACC2 4096 4 5.50 0.8000 128.59 0.930 0.0000e+00
ACC2 4096 4 5.50 0.8000 128.59 0.960 0.0000e+00
ACC2 4096 4 5.50 0.8000 128.59 0.980 0.0000e+00
ACC2 4096 4 5.50 0.8000 128.59 1.000 1.4237e-04
ACC2 4096 4 5.50 0.9000 2.03 0.900 0.0000e+00
ACC2 4096 4 5.50 0.9000 2.03 0.930 0.0000e+00
ACC2 4096 4 5.50 0.9000 2.03 0.960 0.0000e+00
ACC2 4096 4 5.50 0.9000 2.03 0.980 0.0000e+00
ACC2 4096 4 5.50 0.9000 2.03 1.000 3.8980e-04
ACC2 4096 4 5.50 0.9000 3.94 0.900 0.0000e+00
ACC2 4096 4 5.50 0.9000 3.94 0.930 0.0000e+00
ACC2 4096 4 5.50 0.9000 3.94 0.960 5.7770e-05
ACC2 4096 4 5.50 0.9000 3.94 0.980 1.7331e-04
ACC2 4096 4 5.50 0.9000 3.94 1.000 5.1993e-04
ACC2 4096 4 5.50 0.9000 8.14 0.900 0.0000e+00
ACC2 4096 4 5.50 0.9000 8.14 0.930 0.0000e+00
ACC2 4096 4 5.50 0.9000 8.14 0.960 1.2001e-04
ACC2 4096 4 5.50 0.9000 8.14 0.980 1.8002e-04
ACC2 4096 4 5.50 0.9000 8.14 1.000 4.2004e-04
ACC2 4096 4 5.50 0.9000 16.12 0.900 0.0000e+00
ACC2 4096 4 5.50 0.9000 16.12 0.930 0.0000e+00
ACC2 4096 4 5.50 0.9000 16.12 0.960 0.0000e+00
ACC2 4096 4 5.50 0.9000 16.12 0.980 6.2313e-05
ACC2 4096 4 5.50 0.9000 16.12 1.000 1.8694e-04
ACC2 4096 4 5.50 0.9000 32.61 0.900 0.0000e+00
ACC2 4096 4 5.50 0.9000 32.61 0.930 0.0000e+00
ACC2 4096 4 5.50 0.9000 32.61 0.960 0.0000e+00
ACC2 4096 4 5.50 0.9000 32.61 0.980 1.9339e-04
ACC2 4096 4 5.50 0.9000 32.61 1.000 2.5785e-04
ACC2 4096 4 5.50 0.9000 64.60 0.900 0.0000e+00
ACC2 4096 4 5.50 0.9000 64.60 0.930 0.0000e+00
ACC2 4096 4 5.50 0.9000 64.60 0.960 6.6778e-05
ACC2 4096 4 5.50 0.9000 64.60 0.980 2.0033e-04
ACC2 4096 4 5.50 0.9000 64.60 1.000 5.3422e-04
ACC2 4096 4 5.50 0.9000 128.59 0.900 0.0000e+00
ACC2 4096 4 5.50 0.9000 128.59 0.930 6.9180e-05
ACC2 4096 4 5.50 0.9000 128.59 0.960 1.3836e-04
ACC2 4096 4 5.50 0.9000 128.59 0.980 2.7672e-04
ACC2 4096 4 5.50 0.9000 128.59 1.000 2.7672e-04
ACC2 4096 4 5.50 0.9500 2.03 0.900 0.0000e+00
ACC2 4096 4 5.50 0.9500 2.03 0.930 0.0000e+00
ACC2 4096 4 5.50 0.9500 2.03 0.960 5.6699e-05
ACC2 4096 4 5.50 0.9500 2.03 0.980 5.6699e-04
ACC2 4096 4 5.50 0.9500 2.03 1.000 2.8349e-03
ACC2 4096 4 5.50 0.9500 3.94 0.900 0.0000e+00
ACC2 4096 4 5.50 0.9500 3.94 0.930 0.0000e+00
ACC2 4096 4 5.50 0.9500 3.94 0.960 0.0000e+00
ACC2 4096 4 5.50 0.9500 3.94 0.980 2.3330e-04
ACC2 4096 4 5.50 0.9500 3.94 1.000 1.2248e-03
ACC2 4096 4 5.50 0.9500 8.14 0.900 0.0000e+00
ACC2 4096 4 5.50 0.9500 8.14 0.930 0.0000e+00
ACC2 4096 4 5.50 0.9500 8.14 0.960 6.0035e-05
ACC2 4096 4 5.50 0.9500 8.14 0.980 6.0035e-05
ACC2 4096 4 5.50 0.9500 8.14 1.000 7.8045e-04
ACC2 4096 4 5.50 0.9500 16.12 0.900 0.0000e+00
ACC2 4096 4 5.50 0.9500 16.12 0.930 0.0000e+00
ACC2 4096 4 5.50 0.9500 16.12 0.960 0.0000e+00
ACC2 4096 4 5.50 0.9500 16.12 0.980 1.2428e-04
ACC2 4096 4 5.50 0.9500 16.12 1.000 6.8353e-04
ACC2 4096 4 5.50 0.9500 32.61 0.900 0.0000e+00
ACC2 4096 4 5.50 0.9500 32.61 0.930 0.0000e+00
ACC2 4096 4 5.50 0.9500 32.61 0.960 0.0000e+00
ACC2 4096 4 5.50 0.9500 32.61 0.980 6.3869e-05
ACC2 4096 4 5.50 0.9500 32.61 1.000 4.4708e-04
ACC2 4096 4 5.50 0.9500 64.60 0.900 0.0000e+00
ACC2 4096 4 5.50 0.9500 64.60 0.930 0.0000e+00
ACC2 4096 4 5.50 0.9500 64.60 0.960 0.0000e+00
ACC2 4096 4 5.50 0.9500 64.60 0.980 0.0000e+00
ACC2 4096 4 5.50 0.9500 64.60 1.000 2.6382e-04
ACC2 4096 4 5.50 0.9500 128.59 0.900 0.0000e+00
ACC2 4096 4 5.50 0.9500 128.59 0.930 0.0000e+00
ACC2 4096 4 5.50 0.9500 128.59 0.960 0.0000e+00
ACC2 4096 4 5.50 0.9500 128.59 0.980 0.0000e+00
ACC2 4096 4 5.50 0.9500 128.59 1.000 6.8101e-05
ACC2 4096 4 5.50 0.9800 2.03 0.900 0.0000e+00
ACC2 4096 4 5.50 0.9800 2.03 0.930 0.0000e+00
ACC2 4096 4 5.50 0.9800 2.03 0.960 5.9421e-05
ACC2 4096 4 5.50 0.9800 2.03 0.980 1.2478e-03
ACC2 4096 4 5.50 0.9800 2.03 1.000 1.4083e-02
ACC2 4096 4 5.50 0.9800 3.94 0.900 0.0000e+00
ACC2 4096 4 5.50 0.9800 3.94 0.930 0.0000e+00
ACC2 4096 4 5.50 0.9800 3.94 0.960 0.0000e+00
ACC2 4096 4 5.50 0.9800 3.94 0.980 6.0643e-04
ACC2 4096 4 5.50 0.9800 3.94 1.000 6.5494e-03
ACC2 4096 4 5.50 0.9800 8.14 0.900 0.0000e+00
ACC2 4096 4 5.50 0.9800 8.14 0.930 0.0000e+00
ACC2 4096 4 5.50 0.9800 8.14 0.960 0.0000e+00
ACC2 4096 4 5.50 0.9800 8.14 0.980 5.5569e-04
ACC2 4096 4 5.50 0.9800 8.14 1.000 4.6925e-03
ACC2 4096 4 5.50 0.9800 16.12 0.900 0.0000e+00
ACC2 4096 4 5.50 0.9800 16.12 0.930 0.0000e+00
ACC2 4096 4 5.50 0.9800 16.12 0.960 6.3307e-05
ACC2 4096 4 5.50 0.9800 16.12 0.980 1.8992e-04
ACC2 4096 4 5.50 0.9800 16.12 1.000 2.4690e-03
ACC2 4096 4 5.50 0.9800 32.61 0.900 0.0000e+00
ACC2 4096 4 5.50 0.9800 32.61 0.930 0.0000e+00
ACC2 4096 4 5.50 0.9800 32.61 0.960 0.0000e+00
ACC2 4096 4 5.50 0.9800 32.61 0.980 0.0000e+00
ACC2 4096 4 5.50 0.9800 32.61 1.000 1.1626e-03
ACC2 4096 4 5.50 0.9800 64.60 0.900 0.0000e+00
ACC2 4096 4 5.50 0.9800 64.60 0.930 0.0000e+00
ACC2 4096 4 5.50 0.9800 64.60 0.960 0.0000e+00
ACC2 4096 4 5.50 0.9800 64.60 0.980 6.6068e-05
ACC2 4096 4 5.50 0.9800 64.60 1.000 3.3034e-04
ACC2 4096 4 5.50 0.9800 128.59 0.900 0.0000e+00
ACC2 4096 4 5.50 0.9800 128.59 0.930 0.0000e+00
ACC2 4096 4 5.50 0.9800 128.59 0.960 0.0000e+00
ACC2 4096 4 5.50 0.9800 128.59 0.980 0.0000e+00
ACC2 4096 4 5.50 0.9800 128.59 1.000 0.0000e+00
ACC2 4096 4 5.50 0.9950 2.03 0.900 0.0000e+00
ACC2 4096 4 5.50 0.9950 2.03 0.930 0.0000e+00
ACC2 4096 4 5.50 0.9950 2.03 0.960 0.0000e+00
ACC2 4096 4 5.50 0.9950 2.03 0.980 1.4620e-03
ACC2 4096 4 5.50 0.9950 2.03 1.000 4.2652e-02
ACC2 4096 4 5.50 0.9950 3.94 0.900 0.0000e+00
ACC2 4096 4 5.50 0.9950 3.94 0.930 0.0000e+00
ACC2 4096 4 5.50 0.9950 3.94 0.960 0.0000e+00
ACC2 4096 4 5.50 0.9950 3.94 0.980 9.0131e-04
ACC2 4096 4 5.50 0.9950 3.94 1.000 3.1481e-02
ACC2 4096 4 5.50 0.9950 8.14 0.900 0.0000e+00
ACC2 4096 4 5.50 0.9950 8.14 0.930 0.0000e+00
ACC2 4096 4 5.50 0.9950 8.14 0.960 0.0000e+00
ACC2 4096 4 5.50 0.9950 8.14 0.980 1.2988e-04
ACC2 4096 4 5.50 0.9950 8.14 1.000 1.9806e-02
ACC2 4096 4 5.50 0.9950 16.12 0.900 0.0000e+00
ACC2 4096 4 5.50 0.9950 16.12 0.930 0.0000e+00
ACC2 4096 4 5.50 0.9950 16.12 0.960 0.0000e+00
ACC2 4096 4 5.50 0.9950 16.12 0.980 6.5959e-05
ACC2 4096 4 5.50 0.9950 16.12 1.000 1.0685e-02
ACC2 4096 4 5.50 0.9950 32.61 0.900 0.0000e+00
ACC2 4096 4 5.50 0.9950 32.61 0.930 0.0000e+00
ACC2 4096 4 5.50 0.9950 32.61 0.960 0.0000e+00
ACC2 4096 4 5.50 0.9950 32.61 0.980 1.3298e-04
ACC2 4096 4 5.50 0.9950 32.61 1.000 4.7207e-03
ACC2 4096 4 5.50 0.9950 64.60 0.900 0.0000e+00
ACC2 4096 4 5.50 0.9950 64.60 0.930 0.0000e+00
ACC2 4096 4 5.50 0.9950 64.60 0.960 0.0000e+00
ACC2 4096 4 5.50 0.9950 64.60 0.980 0.0000e+00
ACC2 4096 4 5.50 0.9950 64.60 1.000 1.2800e-03
ACC2 4096 4 5.50 0.9950 128.59 0.900 0.0000e+00
ACC2 4096 4 5.50 0.9950 128.59 0.930 0.0000e+00
ACC2 4096 4 5.50 0.9950 128.59 0.960 0.0000e+00
ACC2 4096 4 5.50 0.9950 128.59 0.980 0.0000e+00
ACC2 4096 4 5.50 0.9950 128.59 1.000 0.0000e+00
ACC2 4096 4 6.00 0.8000 2.03 0.900 0.0000e+00
ACC2 4096 4 6.00 0.8000 2.03 0.930 0.0000e+00
ACC2 4096 4 6.00 0.8000 2.03 0.960 3.0274e-04
ACC2 4096 4 6.00 0.8000 2.03 0.980 5.4493e-04
ACC2 4096 4 6.00 0.8000 2.03 1.000 7.2657e-04
ACC2 4096 4 6.00 0.8000 3.94 0.900 0.0000e+00
ACC2 4096 4 6.00 0.8000 3.94 0.930 0.0000e+00
ACC2 4096 4 6.00 0.8000 3.94 0.960 2.5310e-04
ACC2 4096 4 6.00 0.8000 3.94 0.980 3.7965e-04
ACC2 4096 4 6.00 0.8000 3.94 1.000 6.3275e-04
ACC2 4096 4 6.00 0.8000 8.14 0.900 0.0000e+00
ACC2 4096 4 6.00 0.8000 8.14 0.930 6.5673e-05
ACC2 4096 4 6.00 0.8000 8.14 0.960 1.3135e-04
ACC2 4096 4 6.00 0.8000 8.14 0.980 1.9702e-04
ACC2 4096 4 6.00 0.8000 8.14 1.000 3.9404e-04
ACC2 4096 4 6.00 0.8000 16.12 0.900 0.0000e+00
ACC2 4096 4 6.00 0.8000 16.12 0.930 0.0000e+00
ACC2 4096 4 6.00 0.8000 16.12 0.960 1.3545e-04
ACC2 4096 4 6.00 0.8000 16.12 0.980 2.0317e-04
ACC2 4096 4 6.00 0.8000 16.12 1.000 2.0317e-04
ACC2 4096 4 6.00 0.8000 32.61 0.900 0.0000e+00
ACC2 4096 4 6.00 0.8000 32.61 0.930 6.9886e-05
ACC2 4096 4 6.00 0.8000 32.61 0.960 6.9886e-05
ACC2 4096 4 6.00 0.8000 32.61 0.980 1.3977e-04
ACC2 4096 4 6.00 0.8000 32.61 1.000 2.0966e-04
ACC2 4096 4 6.00 0.8000 64.60 0.900 0.0000e+00
ACC2 4096 4 6.00 0.8000 64.60 0.930 0.0000e+00
ACC2 4096 4 6.00 0.8000 64.60 0.960 0.0000e+00
ACC2 4096 4 6.00 0.8000 64.60 0.980 7.1608e-05
ACC2 4096 4 6.00 0.8000 64.60 1.000 2.1482e-04
ACC2 4096 4 6.00 0.8000 128.59 0.900 0.0000e+00
ACC2 4096 4 6.00 0.8000 128.59 0.930 0.0000e+00
ACC2 4096 4 6.00 0.8000 128.59 0.960 0.0000e+00
ACC2 4096 4 6.00 0.8000 128.59 0.980 7.2881e-05
ACC2 4096 4 6.00 0.8000 128.59 1.000 2.9152e-04
ACC2 4096 4 6.00 0.9000 2.03 0.900 0.0000e+00
ACC2 4096 4 6.00 0.9000 2.03 0.930 0.0000e+00
ACC2 4096 4 6.00 0.9000 2.03 0.960 0.0000e+00
ACC2 4096 4 6.00 0.9000 2.03 0.980 0.0000e+00
ACC2 4096 4 6.00 0.9000 2.03 1.000 4.0568e-04
ACC2 4096 4 6.00 0.9000 3.94 0.900 0.0000e+00
ACC2 4096 4 6.00 0.9000 3.94 0.930 0.0000e+00
ACC2 4096 4 6.00 0.9000 3.94 0.960 6.0031e-05
ACC2 4096 4 6.00 0.9000 3.94 0.980 1.8009e-04
ACC2 4096 4 6.00 0.9000 3.94 1.000 6.0031e-04
ACC2 4096 4 6.00 0.9000 8.14 0.900 0.0000e+00
ACC2 4096 4 6.00 0.9000 8.14 0.930 0.0000e+00
ACC2 4096 4 6.00 0.9000 8.14 0.960 1.2446e-04
ACC2 4096 4 6.00 0.9000 8.14 0.980 1.2446e-04
ACC2 4096 4 6.00 0.9000 8.14 1.000 5.6005e-04
ACC2 4096 4 6.00 0.9000 16.12 0.900 0.0000e+00
ACC2 4096 4 6.00 0.9000 16.12 0.930 0.0000e+00
ACC2 4096 4 6.00 0.9000 16.12 0.960 0.0000e+00
ACC2 4096 4 6.00 0.9000 16.12 0.980 6.4462e-05
ACC2 4096 4 6.00 0.9000 16.12 1.000 3.8677e-04
ACC2 4096 4 6.00 0.9000 32.61 0.900 0.0000e+00
ACC2 4096 4 6.00 0.9000 32.61 0.930 0.0000e+00
ACC2 4096 4 6.00 0.9000 32.61 0.960 0.0000e+00
ACC2 4096 4 6.00 0.9000 32.61 0.980 2.0009e-04
ACC2 4096 4 6.00 0.9000 32.61 1.000 2.6679e-04
ACC2 4096 4 6.00 0.9000 64.60 0.900 0.0000e+00
ACC2 4096 4 6.00 0.9000 64.60 0.930 0.0000e+00
ACC2 4096 4 6.00 0.9000 64.60 0.960 6.8695e-05
ACC2 4096 4 6.00 0.9000 64.60 0.980 2.0609e-04
ACC2 4096 4 6.00 0.9000 64.60 1.000 5.4956e-04
ACC2 4096 4 6.00 0.9000 128.59 0.900 0.0000e+00
ACC2 4096 4 6.00 0.9000 128.59 0.930 0.0000e+00
ACC2 4096 4 6.00 0.9000 128.59 0.960 7.0932e-05
ACC2 4096 4 6.00 0.9000 128.59 0.980 2.1280e-04
ACC2 4096 4 6.00 0.9000 128.59 1.000 2.8373e-04
ACC2 4096 4 6.00 0.9500 2.03 0.900 0.0000e+00
ACC2 4096 4 6.00 0.9500 2.03 0.930 0.0000e+00
ACC2 4096 4 6.00 0.9500 2.03 0.960 0.0000e+00
ACC2 4096 4 6.00 0.9500 2.03 0.980 2.3309e-04
ACC2 4096 4 6.00 0.9500 2.03 1.000 1.9812e-03
ACC2 4096 4 6.00 0.9500 3.94 0.900 0.0000e+00
ACC2 4096 4 6.00 0.9500 3.94 0.930 0.0000e+00
ACC2 4096 4 6.00 0.9500 3.94 0.960 0.0000e+00
ACC2 4096 4 6.00 0.9500 3.94 0.980 1.7958e-04
ACC2 4096 4 6.00 0.9500 3.94 1.000 9.5774e-04
ACC2 4096 4 6.00 0.9500 8.14 0.900 0.0000e+00
ACC2 4096 4 6.00 0.9500 8.14 0.930 0.0000e+00
ACC2 4096 4 6.00 0.9500 8.14 0.960 0.0000e+00
ACC2 4096 4 6.00 0.9500 8.14 0.980 0.0000e+00
ACC2 4096 4 6.00 0.9500 8.14 1.000 3.6946e-04
ACC2 4096 4 6.00 0.9500 16.12 0.900 0.0000e+00
ACC2 4096 4 6.00 0.9500 16.12 0.930 0.0000e+00
ACC2 4096 4 6.00 0.9500 16.12 0.960 0.0000e+00
ACC2 4096 4 6.00 0.9500 16.12 0.980 1.2736e-04
ACC2 4096 4 6.00 0.9500 16.12 1.000 5.0942e-04
ACC2 4096 4 6.00 0.9500 32.61 0.900 0.0000e+00
ACC2 4096 4 6.00 0.9500 32.61 0.930 0.0000e+00
ACC2 4096 4 6.00 0.9500 32.61 0.960 0.0000e+00
ACC2 4096 4 6.00 0.9500 32.61 0.980 6.5484e-05
ACC2 4096 4 6.00 0.9500 32.61 1.000 5.2387e-04
ACC2 4096 4 6.00 0.9500 64.60 0.900 0.0000e+00
ACC2 4096 4 6.00 0.9500 64.60 0.930 0.0000e+00
ACC2 4096 4 6.00 0.9500 64.60 0.960 0.0000e+00
ACC2 4096 4 6.00 0.9500 64.60 0.980 0.0000e+00
ACC2 4096 4 6.00 0.9500 64.60 1.000 2.7043e-04
ACC2 4096 4 6.00 0.9500 128.59 0.900 0.0000e+00
ACC2 4096 4 6.00 0.9500 128.59 0.930 0.0000e+00
ACC2 4096 4 6.00 0.9500 128.59 0.960 0.0000e+00
ACC2 4096 4 6.00 0.9500 128.59 0.980 0.0000e+00
ACC2 4096 4 6.00 0.9500 128.59 1.000 1.3969e-04
ACC2 4096 4 6.00 0.9800 2.03 0.900 0.0000e+00
ACC2 4096 4 6.00 0.9800 2.03 0.930 0.0000e+00
ACC2 4096 4 6.00 0.9800 2.03 0.960 0.0000e+00
ACC2 4096 4 6.00 0.9800 2.03 0.980 6.0492e-04
ACC2 4096 4 6.00 0.9800 2.03 1.000 1.0526e-02
ACC2 4096 4 6.00 0.9800 3.94 0.900 0.0000e+00
ACC2 4096 4 6.00 0.9800 3.94 0.930 0.0000e+00
ACC2 4096 4 6.00 0.9800 3.94 0.960 0.0000e+00
ACC2 4096 4 6.00 0.9800 3.94 0.980 1.8520e-04
ACC2 4096 4 6.00 0.9800 3.94 1.000 5.6794e-03
ACC2 4096 4 6.00 0.9800 8.14 0.900 0.0000e+00
ACC2 4096 4 6.00 0.9800 8.14 0.930 0.0000e+00
ACC2 4096 4 6.00 0.9800 8.14 0.960 0.0000e+00
ACC2 4096 4 6.00 0.9800 8.14 0.980 3.1450e-04
ACC2 4096 4 6.00 0.9800 8.14 1.000 3.2080e-03
ACC2 4096 4 6.00 0.9800 16.12 0.900 0.0000e+00
ACC2 4096 4 6.00 0.9800 16.12 0.930 0.0000e+00
ACC2 4096 4 6.00 0.9800 16.12 0.960 0.0000e+00
ACC2 4096 4 6.00 0.9800 16.12 0.980 0.0000e+00
ACC2 4096 4 6.00 0.9800 16.12 1.000 1.4845e-03
ACC2 4096 4 6.00 0.9800 32.61 0.900 0.0000e+00
ACC2 4096 4 6.00 0.9800 32.61 0.930 0.0000e+00
ACC2 4096 4 6.00 0.9800 32.61 0.960 0.0000e+00
ACC2 4096 4 6.00 0.9800 32.61 0.980 0.0000e+00
ACC2 4096 4 6.00 0.9800 32.61 1.000 8.5481e-04
ACC2 4096 4 6.00 0.9800 64.60 0.900 0.0000e+00
ACC2 4096 4 6.00 0.9800 64.60 0.930 0.0000e+00
ACC2 4096 4 6.00 0.9800 64.60 0.960 0.0000e+00
ACC2 4096 4 6.00 0.9800 64.60 0.980 0.0000e+00
ACC2 4096 4 6.00 0.9800 64.60 1.000 3.3670e-04
ACC2 4096 4 6.00 0.9800 128.59 0.900 0.0000e+00
ACC2 4096 4 6.00 0.9800 128.59 0.930 0.0000e+00
ACC2 4096 4 6.00 0.9800 128.59 0.960 0.0000e+00
ACC2 4096 4 6.00 0.9800 128.59 0.980 0.0000e+00
ACC2 4096 4 6.00 0.9800 128.59 1.000 0.0000e+00
ACC2 4096 4 6.00 0.9950 2.03 0.900 0.0000e+00
ACC2 4096 4 6.00 0.9950 2.03 0.930 0.0000e+00
ACC2 4096 4 6.00 0.9950 2.03 0.960 0.0000e+00
ACC2 4096 4 6.00 0.9950 2.03 0.980 3.2262e-04
ACC2 4096 4 6.00 0.9950 2.03 1.000 3.3617e-02
ACC2 4096 4 6.00 0.9950 3.94 0.900 0.0000e+00
ACC2 4096 4 6.00 0.9950 3.94 0.930 0.0000e+00
ACC2 4096 4 6.00 0.9950 3.94 0.960 0.0000e+00
ACC2 4096 4 6.00 0.9950 3.94 0.980 3.9236e-04
ACC2 4096 4 6.00 0.9950 3.94 1.000 2.3542e-02
ACC2 4096 4 6.00 0.9950 8.14 0.900 0.0000e+00
ACC2 4096 4 6.00 0.9950 8.14 0.930 0.0000e+00
ACC2 4096 4 6.00 0.9950 8.14 0.960 0.0000e+00
ACC2 4096 4 6.00 0.9950 8.14 0.980 6.5820e-05
ACC2 4096 4 6.00 0.9950 8.14 1.000 1.4020e-02
ACC2 4096 4 6.00 0.9950 16.12 0.900 0.0000e+00
ACC2 4096 4 6.00 0.9950 16.12 0.930 0.0000e+00
ACC2 4096 4 6.00 0.9950 16.12 0.960 0.0000e+00
ACC2 4096 4 6.00 0.9950 16.12 0.980 6.6908e-05
ACC2 4096 4 6.00 0.9950 16.12 1.000 6.0886e-03
ACC2 4096 4 6.00 0.9950 32.61 0.900 0.0000e+00
ACC2 4096 4 6.00 0.9950 32.61 0.930 0.0000e+00
ACC2 4096 4 6.00 0.9950 32.61 0.960 0.0000e+00
ACC2 4096 4 6.00 0.9950 32.61 0.980 0.0000e+00
ACC2 4096 4 6.00 0.9950 32.61 1.000 2.9686e-03
ACC2 4096 4 6.00 0.9950 64.60 0.900 0.0000e+00
ACC2 4096 4 6.00 0.9950 64.60 0.930 0.0000e+00
ACC2 4096 4 6.00 0.9950 64.60 0.960 0.0000e+00
ACC2 4096 4 6.00 0.9950 64.60 0.980 0.0000e+00
ACC2 4096 4 6.00 0.9950 64.60 1.000 6.1488e-04
ACC2 4096 4 6.00 0.9950 128.59 0.900 0.0000e+00
ACC2 4096 4 6.00 0.9950 128.59 0.930 0.0000e+00
ACC2 4096 4 6.00 0.9950 128.59 0.960 0.0000e+00
ACC2 4096 4 6.00 0.9950 128.59 0.980 0.0000e+00
ACC2 4096 4 6.00 0.9950 128.59 1.000 0.0000e+00
ACC2 4096 4 6.50 0.8000 2.03 0.900 0.0000e+00
ACC2 4096 4 6.50 0.8000 2.03 0.930 0.0000e+00
ACC2 4096 4 6.50 0.8000 2.03 0.960 2.5479e-04
ACC2 4096 4 6.50 0.8000 2.03 0.980 5.0959e-04
ACC2 4096 4 6.50 0.8000 2.03 1.000 7.6438e-04
ACC2 4096 4 6.50 0.8000 3.94 0.900 0.0000e+00
ACC2 4096 4 6.50 0.8000 3.94 0.930 0.0000e+00
ACC2 4096 4 6.50 0.8000 3.94 0.960 2.6509e-04
ACC2 4096 4 6.50 0.8000 3.94 0.980 3.9764e-04
ACC2 4096 4 6.50 0.8000 3.94 1.000 7.2901e-04
ACC2 4096 4 6.50 0.8000 8.14 0.900 0.0000e+00
ACC2 4096 4 6.50 0.8000 8.14 0.930 0.0000e+00
ACC2 4096 4 6.50 0.8000 8.14 0.960 1.3676e-04
ACC2 4096 4 6.50 0.8000 8.14 0.980 2.0514e-04
ACC2 4096 4 6.50 0.8000 8.14 1.000 5.4705e-04
ACC2 4096 4 6.50 0.8000 16.12 0.900 0.0000e+00
ACC2 4096 4 6.50 0.8000 16.12 0.930 0.0000e+00
ACC2 4096 4 6.50 0.8000 16.12 0.960 7.0205e-05
ACC2 4096 4 6.50 0.8000 16.12 0.980 1.4041e-04
ACC2 4096 4 6.50 0.8000 16.12 1.000 1.4041e-04
ACC2 4096 4 6.50 0.8000 32.61 0.900 0.0000e+00
ACC2 4096 4 6.50 0.8000 32.61 0.930 7.1963e-05
ACC2 4096 4 6.50 0.8000 32.61 0.960 7.1963e-05
ACC2 4096 4 6.50 0.8000 32.61 0.980 7.1963e-05
ACC2 4096 4 6.50 0.8000 32.61 1.000 2.1589e-04
ACC2 4096 4 6.50 0.8000 64.60 0.900 0.0000e+00
ACC2 4096 4 6.50 0.8000 64.60 0.930 0.0000e+00
ACC2 4096 4 6.50 0.8000 64.60 0.960 0.0000e+00
ACC2 4096 4 6.50 0.8000 64.60 0.980 7.3239e-05
ACC2 4096 4 6.50 0.8000 64.60 1.000 2.1972e-04
ACC2 4096 4 6.50 0.8000 128.59 0.900 0.0000e+00
ACC2 4096 4 6.50 0.8000 128.59 0.930 0.0000e+00
ACC2 4096 4 6.50 0.8000 128.59 0.960 0.0000e+00
ACC2 4096 4 6.50 0.8000 128.59 0.980 7.4096e-05
ACC2 4096 4 6.50 0.8000 128.59 1.000 2.9638e-04
ACC2 4096 4 6.50 0.9000 2.03 0.900 0.0000e+00
ACC2 4096 4 6.50 0.9000 2.03 0.930 0.0000e+00
ACC2 4096 4 6.50 0.9000 2.03 0.960 0.0000e+00
ACC2 4096 4 6.50 0.9000 2.03 0.980 0.0000e+00
ACC2 4096 4 6.50 0.9000 2.03 1.000 2.4031e-04
ACC2 4096 4 6.50 0.9000 3.94 0.900 0.0000e+00
ACC2 4096 4 6.50 0.9000 3.94 0.930 0.0000e+00
ACC2 4096 4 6.50 0.9000 3.94 0.960 6.1977e-05
ACC2 4096 4 6.50 0.9000 3.94 0.980 1.8593e-04
ACC2 4096 4 6.50 0.9000 3.94 1.000 6.8175e-04
ACC2 4096 4 6.50 0.9000 8.14 0.900 0.0000e+00
ACC2 4096 4 6.50 0.9000 8.14 0.930 0.0000e+00
ACC2 4096 4 6.50 0.9000 8.14 0.960 1.2856e-04
ACC2 4096 4 6.50 0.9000 8.14 0.980 1.2856e-04
ACC2 4096 4 6.50 0.9000 8.14 1.000 5.7852e-04
ACC2 4096 4 6.50 0.9000 16.12 0.900 0.0000e+00
ACC2 4096 4 6.50 0.9000 16.12 0.930 0.0000e+00
ACC2 4096 4 6.50 0.9000 16.12 0.960 0.0000e+00
ACC2 4096 4 6.50 0.9000 16.12 0.980 6.6423e-05
ACC2 4096 4 6.50 0.9000 16.12 1.000 3.3212e-04
ACC2 4096 4 6.50 0.9000 32.61 0.900 0.0000e+00
ACC2 4096 4 6.50 0.9000 32.61 0.930 0.0000e+00
ACC2 4096 4 6.50 0.9000 32.61 0.960 0.0000e+00
ACC2 4096 4 6.50 0.9000 32.61 0.980 6.8568e-05
ACC2 4096 4 6.50 0.9000 32.61 1.000 2.7427e-04
ACC2 4096 4 6.50 0.9000 64.60 0.900 0.0000e+00
ACC2 4096 4 6.50 0.9000 64.60 0.930 0.0000e+00
ACC2 4096 4 6.50 0.9000 64.60 0.960 7.0274e-05
ACC2 4096 4 6.50 0.9000 64.60 0.980 2.1082e-04
ACC2 4096 4 6.50 0.9000 64.60 1.000 4.9192e-04
ACC2 4096 4 6.50 0.9000 128.59 0.900 0.0000e+00
ACC2 4096 4 6.50 0.9000 128.59 0.930 0.0000e+00
ACC2 4096 4 6.50 0.9000 128.59 0.960 7.2359e-05
ACC2 4096 4 6.50 0.9000 128.59 0.980 2.1708e-04
ACC2 4096 4 6.50 0.9000 128.59 1.000 2.8944e-04
ACC2 4096 4 6.50 0.9500 2.03 0.900 0.0000e+00
ACC2 4096 4 6.50 0.9500 2.03 0.930 0.0000e+00
ACC2 4096 4 6.50 0.9500 2.03 0.960 0.0000e+00
ACC2 4096 4 6.50 0.9500 2.03 0.980 1.7889e-04
ACC2 4096 4 6.50 0.9500 2.03 1.000 1.3715e-03
ACC2 4096 4 6.50 0.9500 3.94 0.900 0.0000e+00
ACC2 4096 4 6.50 0.9500 3.94 0.930 0.0000e+00
ACC2 4096 4 6.50 0.9500 3.94 0.960 0.0000e+00
ACC2 4096 4 6.50 0.9500 3.94 0.980 1.2260e-04
ACC2 4096 4 6.50 0.9500 3.94 1.000 4.9041e-04
ACC2 4096 4 6.50 0.9500 8.14 0.900 0.0000e+00
ACC2 4096 4 6.50 0.9500 8.14 0.930 0.0000e+00
ACC2 4096 4 6.50 0.9500 8.14 0.960 0.0000e+00
ACC2 4096 4 6.50 0.9500 8.14 0.980 0.0000e+00
ACC2 4096 4 6.50 0.9500 8.14 1.000 3.7843e-04
ACC2 4096 4 6.50 0.9500 16.12 0.900 0.0000e+00
ACC2 4096 4 6.50 0.9500 16.12 0.930 0.0000e+00
ACC2 4096 4 6.50 0.9500 16.12 0.960 0.0000e+00
ACC2 4096 4 6.50 0.9500 16.12 0.980 1.3038e-04
ACC2 4096 4 6.50 0.9500 16.12 1.000 4.5632e-04
ACC2 4096 4 6.50 0.9500 32.61 0.900 0.0000e+00
ACC2 4096 4 6.50 0.9500 32.61 0.930 0.0000e+00
ACC2 4096 4 6.50 0.9500 32.61 0.960 0.0000e+00
ACC2 4096 4 6.50 0.9500 32.61 0.980 0.0000e+00
ACC2 4096 4 6.50 0.9500 32.61 1.000 4.0268e-04
ACC2 4096 4 6.50 0.9500 64.60 0.900 0.0000e+00
ACC2 4096 4 6.50 0.9500 64.60 0.930 0.0000e+00
ACC2 4096 4 6.50 0.9500 64.60 0.960 0.0000e+00
ACC2 4096 4 6.50 0.9500 64.60 0.980 0.0000e+00
ACC2 4096 4 6.50 0.9500 64.60 1.000 2.0680e-04
ACC2 4096 4 6.50 0.9500 128.59 0.900 0.0000e+00
ACC2 4096 4 6.50 0.9500 128.59 0.930 0.0000e+00
ACC2 4096 4 6.50 0.9500 128.59 0.960 0.0000e+00
ACC2 4096 4 6.50 0.9500 128.59 0.980 0.0000e+00
ACC2 4096 4 6.50 0.9500 128.59 1.000 7.1240e-05
ACC2 4096 4 6.50 0.9800 2.03 0.900 0.0000e+00
ACC2 4096 4 6.50 0.9800 2.03 0.930 0.0000e+00
ACC2 4096 4 6.50 0.9800 2.03 0.960 6.1474e-05
ACC2 4096 4 6.50 0.9800 2.03 0.980 2.4590e-04
ACC2 4096 4 6.50 0.9800 2.03 1.000 8.7908e-03
ACC2 4096 4 6.50 0.9800 3.94 0.900 0.0000e+00
ACC2 4096 4 6.50 0.9800 3.94 0.930 0.0000e+00
ACC2 4096 4 6.50 0.9800 3.94 0.960 0.0000e+00
ACC2 4096 4 6.50 0.9800 3.94 0.980 1.2557e-04
ACC2 4096 4 6.50 0.9800 3.94 1.000 4.8973e-03
ACC2 4096 4 6.50 0.9800 8.14 0.900 0.0000e+00
ACC2 4096 4 6.50 0.9800 8.14 0.930 0.0000e+00
ACC2 4096 4 6.50 0.9800 8.14 0.960 0.0000e+00
ACC2 4096 4 6.50 0.9800 8.14 0.980 6.3959e-05
ACC2 4096 4 6.50 0.9800 8.14 1.000 2.7502e-03
ACC2 4096 4 6.50 0.9800 16.12 0.900 0.0000e+00
ACC2 4096 4 6.50 0.9800 16.12 0.930 0.0000e+00
ACC2 4096 4 6.50 0.9800 16.12 0.960 0.0000e+00
ACC2 4096 4 6.50 0.9800 16.12 0.980 0.0000e+00
ACC2 4096 4 6.50 0.9800 16.12 1.000 1.5075e-03
ACC2 4096 4 6.50 0.9800 32.61 0.900 0.0000e+00
ACC2 4096 4 6.50 0.9800 32.61 0.930 0.0000e+00
ACC2 4096 4 6.50 0.9800 32.61 0.960 0.0000e+00
ACC2 4096 4 6.50 0.9800 32.61 0.980 0.0000e+00
ACC2 4096 4 6.50 0.9800 32.61 1.000 9.3533e-04
ACC2 4096 4 6.50 0.9800 64.60 0.900 0.0000e+00
ACC2 4096 4 6.50 0.9800 64.60 0.930 0.0000e+00
ACC2 4096 4 6.50 0.9800 64.60 0.960 0.0000e+00
ACC2 4096 4 6.50 0.9800 64.60 0.980 0.0000e+00
ACC2 4096 4 6.50 0.9800 64.60 1.000 2.7373e-04
ACC2 4096 4 6.50 0.9800 128.59 0.900 0.0000e+00
ACC2 4096 4 6.50 0.9800 128.59 0.930 0.0000e+00
ACC2 4096 4 6.50 0.9800 128.59 0.960 0.0000e+00
ACC2 4096 4 6.50 0.9800 128.59 0.980 0.0000e+00
ACC2 4096 4 6.50 0.9800 128.59 1.000 0.0000e+00
ACC2 4096 4 6.50 0.9950 2.03 0.900 0.0000e+00
ACC2 4096 4 6.50 0.9950 2.03 0.930 0.0000e+00
ACC2 4096 4 6.50 0.9950 2.03 0.960 0.0000e+00
ACC2 4096 4 6.50 0.9950 2.03 0.980 1.9609e-04
ACC2 4096 4 6.50 0.9950 2.03 1.000 3.1113e-02
ACC2 4096 4 6.50 0.9950 3.94 0.900 0.0000e+00
ACC2 4096 4 6.50 0.9950 3.94 0.930 0.0000e+00
ACC2 4096 4 6.50 0.9950 3.94 0.960 0.0000e+00
ACC2 4096 4 6.50 0.9950 3.94 0.980 6.6216e-05
ACC2 4096 4 6.50 0.9950 3.94 1.000 2.0262e-02
ACC2 4096 4 6.50 0.9950 8.14 0.900 0.0000e+00
ACC2 4096 4 6.50 0.9950 8.14 0.930 0.0000e+00
ACC2 4096 4 6.50 0.9950 8.14 0.960 0.0000e+00
ACC2 4096 4 6.50 0.9950 8.14 0.980 0.0000e+00
ACC2 4096 4 6.50 0.9950 8.14 1.000 1.4056e-02
ACC2 4096 4 6.50 0.9950 16.12 0.900 0.0000e+00
ACC2 4096 4 6.50 0.9950 16.12 0.930 0.0000e+00
ACC2 4096 4 6.50 0.9950 16.12 0.960 0.0000e+00
ACC2 4096 4 6.50 0.9950 16.12 0.980 0.0000e+00
ACC2 4096 4 6.50 0.9950 16.12 1.000 5.6803e-03
ACC2 4096 4 6.50 0.9950 32.61 0.900 0.0000e+00
ACC2 4096 4 6.50 0.9950 32.61 0.930 0.0000e+00
ACC2 4096 4 6.50 0.9950 32.61 0.960 0.0000e+00
ACC2 4096 4 6.50 0.9950 32.61 0.980 0.0000e+00
ACC2 4096 4 6.50 0.9950 32.61 1.000 2.4583e-03
ACC2 4096 4 6.50 0.9950 64.60 0.900 0.0000e+00
ACC2 4096 4 6.50 0.9950 64.60 0.930 0.0000e+00
ACC2 4096 4 6.50 0.9950 64.60 0.960 0.0000e+00
ACC2 4096 4 6.50 0.9950 64.60 0.980 0.0000e+00
ACC2 4096 4 6.50 0.9950 64.60 1.000 6.2344e-04
ACC2 4096 4 6.50 0.9950 128.59 0.900 0.0000e+00
ACC2 4096 4 6.50 0.9950 128.59 0.930 0.0000e+00
ACC2 4096 4 6.50 0.9950 128.59 0.960 0.0000e+00
ACC2 4096 4 6.50 0.9950 128.59 0.980 0.0000e+00
ACC2 4096 4 6.50 0.9950 128.59 1.000 0.0000e+00
ACC2 4096 8 5.00 0.8000 2.03 0.900 0.0000e+00
ACC2 4096 8 5.00 0.8000 2.03 0.930 1.6072e-04
ACC2 4096 8 5.00 0.8000 2.03 0.960 3.7501e-04
ACC2 4096 8 5.00 0.8000 2.03 0.980 4.8216e-04
ACC2 4096 8 5.00 0.8000 2.03 1.000 7.5003e-04
ACC2 4096 8 5.00 0.8000 3.94 0.900 0.0000e+00
ACC2 4096 8 5.00 0.8000 3.94 0.930 0.0000e+00
ACC2 4096 8 5.00 0.8000 3.94 0.960 1.6851e-04
ACC2 4096 8 5.00 0.8000 3.94 0.980 3.3702e-04
ACC2 4096 8 5.00 0.8000 3.94 1.000 4.4936e-04
ACC2 4096 8 5.00 0.8000 8.14 0.900 0.0000e+00
ACC2 4096 8 5.00 0.8000 8.14 0.930 5.8730e-05
ACC2 4096 8 5.00 0.8000 8.14 0.960 5.8730e-05
ACC2 4096 8 5.00 0.8000 8.14 0.980 2.3492e-04
ACC2 4096 8 5.00 0.8000 8.14 1.000 2.3492e-04
ACC2 4096 8 5.00 0.8000 16.12 0.900 0.0000e+00
ACC2 4096 8 5.00 0.8000 16.12 0.930 6.1305e-05
ACC2 4096 8 5.00 0.8000 16.12 0.960 1.2261e-04
ACC2 4096 8 5.00 0.8000 16.12 0.980 1.8391e-04
ACC2 4096 8 5.00 0.8000 16.12 1.000 2.4522e-04
ACC2 4096 8 5.00 0.8000 32.61 0.900 0.0000e+00
ACC2 4096 8 5.00 0.8000 32.61 0.930 0.0000e+00
ACC2 4096 8 5.00 0.8000 32.61 0.960 0.0000e+00
ACC2 4096 8 5.00 0.8000 32.61 0.980 0.0000e+00
ACC2 4096 8 5.00 0.8000 32.61 1.000 6.3873e-05
ACC2 4096 8 5.00 0.8000 64.60 0.900 0.0000e+00
ACC2 4096 8 5.00 0.8000 64.60 0.930 0.0000e+00
ACC2 4096 8 5.00 0.8000 64.60 0.960 0.0000e+00
ACC2 4096 8 5.00 0.8000 64.60 0.980 6.6234e-05
ACC2 4096 8 5.00 0.8000 64.60 1.000 1.3247e-04
ACC2 4096 8 5.00 0.8000 128.59 0.900 0.0000e+00
ACC2 4096 8 5.00 0.8000 128.59 0.930 0.0000e+00
ACC2 4096 8 5.00 0.8000 128.59 0.960 0.0000e+00
ACC2 4096 8 5.00 0.8000 128.59 0.980 0.0000e+00
ACC2 4096 8 5.00 0.8000 128.59 1.000 0.0000e+00
ACC2 4096 8 5.00 0.9000 2.03 0.900 0.0000e+00
ACC2 4096 8 5.00 0.9000 2.03 0.930 0.0000e+00
ACC2 4096 8 5.00 0.9000 2.03 0.960 2.1392e-04
ACC2 4096 8 5.00 0.9000 2.03 0.980 2.1392e-04
ACC2 4096 8 5.00 0.9000 2.03 1.000 6.4175e-04
ACC2 4096 8 5.00 0.9000 3.94 0.900 0.0000e+00
ACC2 4096 8 5.00 0.9000 3.94 0.930 0.0000e+00
ACC2 4096 8 5.00 0.9000 3.94 0.960 5.5426e-05
ACC2 4096 8 5.00 0.9000 3.94 0.980 3.3256e-04
ACC2 4096 8 5.00 0.9000 3.94 1.000 6.6511e-04
ACC2 4096 8 5.00 0.9000 8.14 0.900 0.0000e+00
ACC2 4096 8 5.00 0.9000 8.14 0.930 0.0000e+00
ACC2 4096 8 5.00 0.9000 8.14 0.960 1.7266e-04
ACC2 4096 8 5.00 0.9000 8.14 0.980 1.7266e-04
ACC2 4096 8 5.00 0.9000 8.14 1.000 3.4532e-04
ACC2 4096 8 5.00 0.9000 16.12 0.900 0.0000e+00
ACC2 4096 8 5.00 0.9000 16.12 0.930 0.0000e+00
ACC2 4096 8 5.00 0.9000 16.12 0.960 0.0000e+00
ACC2 4096 8 5.00 0.9000 16.12 0.980 5.9938e-05
ACC2 4096 8 5.00 0.9000 16.12 1.000 1.7981e-04
ACC2 4096 8 5.00 0.9000 32.61 0.900 0.0000e+00
ACC2 4096 8 5.00 0.9000 32.61 0.930 0.0000e+00
ACC2 4096 8 5.00 0.9000 32.61 0.960 0.0000e+00
ACC2 4096 8 5.00 0.9000 32.61 0.980 1.2396e-04
ACC2 4096 8 5.00 0.9000 32.61 1.000 3.0990e-04
ACC2 4096 8 5.00 0.9000 64.60 0.900 0.0000e+00
ACC2 4096 8 5.00 0.9000 64.60 0.930 0.0000e+00
ACC2 4096 8 5.00 0.9000 64.60 0.960 6.4358e-05
ACC2 4096 8 5.00 0.9000 64.60 0.980 1.9308e-04
ACC2 4096 8 5.00 0.9000 64.60 1.000 5.1487e-04
ACC2 4096 8 5.00 0.9000 128.59 0.900 0.0000e+00
ACC2 4096 8 5.00 0.9000 128.59 0.930 6.6693e-05
ACC2 4096 8 5.00 0.9000 128.59 0.960 2.0008e-04
ACC2 4096 8 5.00 0.9000 128.59 0.980 2.6677e-04
ACC2 4096 8 5.00 0.9000 128.59 1.000 4.6685e-04
ACC2 4096 8 5.00 0.9500 2.03 0.900 0.0000e+00
ACC2 4096 8 5.00 0.9500 2.03 0.930 0.0000e+00
ACC2 4096 8 5.00 0.9500 2.03 0.960 1.6513e-04
ACC2 4096 8 5.00 0.9500 2.03 0.980 9.9075e-04
ACC2 4096 8 5.00 0.9500 2.03 1.000 3.5777e-03
ACC2 4096 8 5.00 0.9500 3.94 0.900 0.0000e+00
ACC2 4096 8 5.00 0.9500 3.94 0.930 0.0000e+00
ACC2 4096 8 5.00 0.9500 3.94 0.960 1.1330e-04
ACC2 4096 8 5.00 0.9500 3.94 0.980 5.0983e-04
ACC2 4096 8 5.00 0.9500 3.94 1.000 1.8694e-03
ACC2 4096 8 5.00 0.9500 8.14 0.900 0.0000e+00
ACC2 4096 8 5.00 0.9500 8.14 0.930 0.0000e+00
ACC2 4096 8 5.00 0.9500 8.14 0.960 5.8374e-05
ACC2 4096 8 5.00 0.9500 8.14 0.980 5.8374e-05
ACC2 4096 8 5.00 0.9500 8.14 1.000 7.0048e-04
ACC2 4096 8 5.00 0.9500 16.12 0.900 0.0000e+00
ACC2 4096 8 5.00 0.9500 16.12 0.930 0.0000e+00
ACC2 4096 8 5.00 0.9500 16.12 0.960 0.0000e+00
ACC2 4096 8 5.00 0.9500 16.12 0.980 3.0139e-04
ACC2 4096 8 5.00 0.9500 16.12 1.000 8.4388e-04
ACC2 4096 8 5.00 0.9500 32.61 0.900 0.0000e+00
ACC2 4096 8 5.00 0.9500 32.61 0.930 0.0000e+00
ACC2 4096 8 5.00 0.9500 32.61 0.960 0.0000e+00
ACC2 4096 8 5.00 0.9500 32.61 0.980 6.1950e-05
ACC2 4096 8 5.00 0.9500 32.61 1.000 4.9560e-04
ACC2 4096 8 5.00 0.9500 64.60 0.900 0.0000e+00
ACC2 4096 8 5.00 0.9500 64.60 0.930 0.0000e+00
ACC2 4096 8 5.00 0.9500 64.60 0.960 0.0000e+00
ACC2 4096 8 5.00 0.9500 64.60 0.980 0.0000e+00
ACC2 4096 8 5.00 0.9500 64.60 1.000 1.9174e-04
ACC2 4096 8 5.00 0.9500 128.59 0.900 0.0000e+00
ACC2 4096 8 5.00 0.9500 128.59 0.930 0.0000e+00
ACC2 4096 8 5.00 0.9500 128.59 0.960 0.0000e+00
ACC2 4096 8 5.00 0.9500 128.59 0.980 0.0000e+00
ACC2 4096 8 5.00 0.9500 128.59 1.000 1.9747e-04
ACC2 4096 8 5.00 0.9800 2.03 0.900 0.0000e+00
ACC2 4096 8 5.00 0.9800 2.03 0.930 0.0000e+00
ACC2 4096 8 5.00 0.9800 2.03 0.960 1.1617e-04
ACC2 4096 8 5.00 0.9800 2.03 0.980 1.8007e-03
ACC2 4096 8 5.00 0.9800 2.03 1.000 1.6322e-02
ACC2 4096 8 5.00 0.9800 3.94 0.900 0.0000e+00
ACC2 4096 8 5.00 0.9800 3.94 0.930 0.0000e+00
ACC2 4096 8 5.00 0.9800 3.94 0.960 0.0000e+00
ACC2 4096 8 5.00 0.9800 3.94 0.980 6.5235e-04
ACC2 4096 8 5.00 0.9800 3.94 1.000 9.6667e-03
ACC2 4096 8 5.00 0.9800 8.14 0.900 0.0000e+00
ACC2 4096 8 5.00 0.9800 8.14 0.930 0.0000e+00
ACC2 4096 8 5.00 0.9800 8.14 0.960 0.0000e+00
ACC2 4096 8 5.00 0.9800 8.14 0.980 9.6496e-04
ACC2 4096 8 5.00 0.9800 8.14 1.000 5.5485e-03
ACC2 4096 8 5.00 0.9800 16.12 0.900 0.0000e+00
ACC2 4096 8 5.00 0.9800 16.12 0.930 0.0000e+00
ACC2 4096 8 5.00 0.9800 16.12 0.960 0.0000e+00
ACC2 4096 8 5.00 0.9800 16.12 0.980 2.4788e-04
ACC2 4096 8 5.00 0.9800 16.12 1.000 2.7886e-03
ACC2 4096 8 5.00 0.9800 32.61 0.900 0.0000e+00
ACC2 4096 8 5.00 0.9800 32.61 0.930 0.0000e+00
ACC2 4096 8 5.00 0.9800 32.61 0.960 0.0000e+00
ACC2 4096 8 5.00 0.9800 32.61 0.980 1.8941e-04
ACC2 4096 8 5.00 0.9800 32.61 1.000 2.0203e-03
ACC2 4096 8 5.00 0.9800 64.60 0.900 0.0000e+00
ACC2 4096 8 5.00 0.9800 64.60 0.930 0.0000e+00
ACC2 4096 8 5.00 0.9800 64.60 0.960 0.0000e+00
ACC2 4096 8 5.00 0.9800 64.60 0.980 6.4508e-05
ACC2 4096 8 5.00 0.9800 64.60 1.000 9.6762e-04
ACC2 4096 8 5.00 0.9800 128.59 0.900 0.0000e+00
ACC2 4096 8 5.00 0.9800 128.59 0.930 0.0000e+00
ACC2 4096 8 5.00 0.9800 128.59 0.960 0.0000e+00
ACC2 4096 8 5.00 0.9800 128.59 0.980 0.0000e+00
ACC2 4096 8 5.00 0.9800 128.59 1.000 7.2497e-04
ACC2 4096 8 5.00 0.9950 2.03 0.900 0.0000e+00
ACC2 4096 8 5.00 0.9950 2.03 0.930 0.0000e+00
ACC2 4096 8 5.00 0.9950 2.03 0.960 0.0000e+00
ACC2 4096 8 5.00 0.9950 2.03 0.980 2.5588e-03
ACC2 4096 8 5.00 0.9950 2.03 1.000 4.5497e-02
ACC2 4096 8 5.00 0.9950 3.94 0.900 0.0000e+00
ACC2 4096 8 5.00 0.9950 3.94 0.930 0.0000e+00
ACC2 4096 8 5.00 0.9950 3.94 0.960 0.0000e+00
ACC2 4096 8 5.00 0.9950 3.94 0.980 1.5170e-03
ACC2 4096 8 5.00 0.9950 3.94 1.000 3.3816e-02
ACC2 4096 8 5.00 0.9950 8.14 0.900 0.0000e+00
ACC2 4096 8 5.00 0.9950 8.14 0.930 0.0000e+00
ACC2 4096 8 5.00 0.9950 8.14 0.960 0.0000e+00
ACC2 4096 8 5.00 0.9950 8.14 0.980 5.7321e-04
ACC2 4096 8 5.00 0.9950 8.14 1.000 2.4521e-02
ACC2 4096 8 5.00 0.9950 16.12 0.900 0.0000e+00
ACC2 4096 8 5.00 0.9950 16.12 0.930 0.0000e+00
ACC2 4096 8 5.00 0.9950 16.12 0.960 0.0000e+00
ACC2 4096 8 5.00 0.9950 16.12 0.980 2.5908e-04
ACC2 4096 8 5.00 0.9950 16.12 1.000 1.4897e-02
ACC2 4096 8 5.00 0.9950 32.61 0.900 0.0000e+00
ACC2 4096 8 5.00 0.9950 32.61 0.930 0.0000e+00
ACC2 4096 8 5.00 0.9950 32.61 0.960 0.0000e+00
ACC2 4096 8 5.00 0.9950 32.61 0.980 1.3052e-04
ACC2 4096 8 5.00 0.9950 32.61 1.000 7.8314e-03
ACC2 4096 8 5.00 0.9950 64.60 0.900 0.0000e+00
ACC2 4096 8 5.00 0.9950 64.60 0.930 0.0000e+00
ACC2 4096 8 5.00 0.9950 64.60 0.960 0.0000e+00
ACC2 4096 8 5.00 0.9950 64.60 0.980 0.0000e+00
ACC2 4096 8 5.00 0.9950 64.60 1.000 4.6247e-03
ACC2 4096 8 5.00 0.9950 128.59 0.900 0.0000e+00
ACC2 4096 8 5.00 0.9950 128.59 0.930 0.0000e+00
ACC2 4096 8 5.00 0.9950 128.59 0.960 0.0000e+00
ACC2 4096 8 5.00 0.9950 128.59 0.980 6.6997e-05
ACC2 4096 8 5.00 0.9950 128.59 1.000 1.8089e-03
ACC2 4096 8 5.50 0.8000 2.03 0.900 0.0000e+00
ACC2 4096 8 5.50 0.8000 2.03 0.930 1.7121e-04
ACC2 4096 8 5.50 0.8000 2.03 0.960 3.4243e-04
ACC2 4096 8 5.50 0.8000 2.03 0.980 5.1364e-04
ACC2 4096 8 5.50 0.8000 2.03 1.000 7.9900e-04
ACC2 4096 8 5.50 0.8000 3.94 0.900 0.0000e+00
ACC2 4096 8 5.50 0.8000 3.94 0.930 0.0000e+00
ACC2 4096 8 5.50 0.8000 3.94 0.960 1.7959e-04
ACC2 4096 8 5.50 0.8000 3.94 0.980 3.5917e-04
ACC2 4096 8 5.50 0.8000 3.94 1.000 5.3876e-04
ACC2 4096 8 5.50 0.8000 8.14 0.900 0.0000e+00
ACC2 4096 8 5.50 0.8000 8.14 0.930 6.2391e-05
ACC2 4096 8 5.50 0.8000 8.14 0.960 1.2478e-04
ACC2 4096 8 5.50 0.8000 8.14 0.980 1.8717e-04
ACC2 4096 8 5.50 0.8000 8.14 1.000 3.1195e-04
ACC2 4096 8 5.50 0.8000 16.12 0.900 0.0000e+00
ACC2 4096 8 5.50 0.8000 16.12 0.930 6.4855e-05
ACC2 4096 8 5.50 0.8000 16.12 0.960 1.2971e-04
ACC2 4096 8 5.50 0.8000 16.12 0.980 1.9457e-04
ACC2 4096 8 5.50 0.8000 16.12 1.000 1.9457e-04
ACC2 4096 8 5.50 0.8000 32.61 0.900 6.7272e-05
ACC2 4096 8 5.50 0.8000 32.61 0.930 6.7272e-05
ACC2 4096 8 5.50 0.8000 32.61 0.960 6.7272e-05
ACC2 4096 8 5.50 0.8000 32.61 0.980 1.3454e-04
ACC2 4096 8 5.50 0.8000 32.61 1.000 1.3454e-04
ACC2 4096 8 5.50 0.8000 64.60 0.900 0.0000e+00
ACC2 4096 8 5.50 0.8000 64.60 0.930 0.0000e+00
ACC2 4096 8 5.50 0.8000 64.60 0.960 0.0000e+00
ACC2 4096 8 5.50 0.8000 64.60 0.980 6.9406e-05
ACC2 4096 8 5.50 0.8000 64.60 1.000 2.0822e-04
ACC2 4096 8 5.50 0.8000 128.59 0.900 0.0000e+00
ACC2 4096 8 5.50 0.8000 128.59 0.930 0.0000e+00
ACC2 4096 8 5.50 0.8000 128.59 0.960 0.0000e+00
ACC2 4096 8 5.50 0.8000 128.59 0.980 7.1185e-05
ACC2 4096 8 5.50 0.8000 128.59 1.000 2.1355e-04
ACC2 4096 8 5.50 0.9000 2.03 0.900 0.0000e+00
ACC2 4096 8 5.50 0.9000 2.03 0.930 0.0000e+00
ACC2 4096 8 5.50 0.9000 2.03 0.960 0.0000e+00
ACC2 4096 8 5.50 0.9000 2.03 0.980 0.0000e+00
ACC2 4096 8 5.50 0.9000 2.03 1.000 3.8980e-04
ACC2 4096 8 5.50 0.9000 3.94 0.900 0.0000e+00
ACC2 4096 8 5.50 0.9000 3.94 0.930 0.0000e+00
ACC2 4096 8 5.50 0.9000 3.94 0.960 5.7770e-05
ACC2 4096 8 5.50 0.9000 3.94 0.980 1.7331e-04
ACC2 4096 8 5.50 0.9000 3.94 1.000 5.1993e-04
ACC2 4096 8 5.50 0.9000 8.14 0.900 0.0000e+00
ACC2 4096 8 5.50 0.9000 8.14 0.930 0.0000e+00
ACC2 4096 8 5.50 0.9000 8.14 0.960 1.2001e-04
ACC2 4096 8 5.50 0.9000 8.14 0.980 1.8002e-04
ACC2 4096 8 5.50 0.9000 8.14 1.000 4.2004e-04
ACC2 4096 8 5.50 0.9000 16.12 0.900 0.0000e+00
ACC2 4096 8 5.50 0.9000 16.12 0.930 0.0000e+00
ACC2 4096 8 5.50 0.9000 16.12 0.960 0.0000e+00
ACC2 4096 8 5.50 0.9000 16.12 0.980 6.2313e-05
ACC2 4096 8 5.50 0.9000 16.12 1.000 1.8694e-04
ACC2 4096 8 5.50 0.9000 32.61 0.900 0.0000e+00
ACC2 4096 8 5.50 0.9000 32.61 0.930 0.0000e+00
ACC2 4096 8 5.50 0.9000 32.61 0.960 0.0000e+00
ACC2 4096 8 5.50 0.9000 32.61 0.980 1.9339e-04
ACC2 4096 8 5.50 0.9000 32.61 1.000 2.5785e-04
ACC2 4096 8 5.50 0.9000 64.60 0.900 0.0000e+00
ACC2 4096 8 5.50 0.9000 64.60 0.930 0.0000e+00
ACC2 4096 8 5.50 0.9000 64.60 0.960 6.6778e-05
ACC2 4096 8 5.50 0.9000 64.60 0.980 2.0033e-04
ACC2 4096 8 5.50 0.9000 64.60 1.000 5.3422e-04
ACC2 4096 8 5.50 0.9000 128.59 0.900 0.0000e+00
ACC2 4096 8 5.50 0.9000 128.59 0.930 6.9180e-05
ACC2 4096 8 5.50 0.9000 128.59 0.960 2.0754e-04
ACC2 4096 8 5.50 0.9000 128.59 0.980 2.7672e-04
ACC2 4096 8 5.50 0.9000 128.59 1.000 4.8426e-04
ACC2 4096 8 5.50 0.9500 2.03 0.900 0.0000e+00
ACC2 4096 8 5.50 0.9500 2.03 0.930 0.0000e+00
ACC2 4096 8 5.50 0.9500 2.03 0.960 5.6699e-05
ACC2 4096 8 5.50 0.9500 2.03 0.980 5.6699e-04
ACC2 4096 8 5.50 0.9500 2.03 1.000 2.8349e-03
ACC2 4096 8 5.50 0.9500 3.94 0.900 0.0000e+00
ACC2 4096 8 5.50 0.9500 3.94 0.930 0.0000e+00
ACC2 4096 8 5.50 0.9500 3.94 0.960 0.0000e+00
ACC2 4096 8 5.50 0.9500 3.94 0.980 2.3330e-04
ACC2 4096 8 5.50 0.9500 3.94 1.000 1.2248e-03
ACC2 4096 8 5.50 0.9500 8.14 0.900 0.0000e+00
ACC2 4096 8 5.50 0.9500 8.14 0.930 0.0000e+00
ACC2 4096 8 5.50 0.9500 8.14 0.960 6.0035e-05
ACC2 4096 8 5.50 0.9500 8.14 0.980 6.0035e-05
ACC2 4096 8 5.50 0.9500 8.14 1.000 7.8045e-04
ACC2 4096 8 5.50 0.9500 16.12 0.900 0.0000e+00
ACC2 4096 8 5.50 0.9500 16.12 0.930 0.0000e+00
ACC2 4096 8 5.50 0.9500 16.12 0.960 0.0000e+00
ACC2 4096 8 5.50 0.9500 16.12 0.980 1.2428e-04
ACC2 4096 8 5.50 0.9500 16.12 1.000 6.8353e-04
ACC2 4096 8 5.50 0.9500 32.61 0.900 0.0000e+00
ACC2 4096 8 5.50 0.9500 32.61 0.930 0.0000e+00
ACC2 4096 8 5.50 0.9500 32.61 0.960 0.0000e+00
ACC2 4096 8 5.50 0.9500 32.61 0.980 6.3869e-05
ACC2 4096 8 5.50 0.9500 32.61 1.000 4.4708e-04
ACC2 4096 8 5.50 0.9500 64.60 0.900 0.0000e+00
ACC2 4096 8 5.50 0.9500 64.60 0.930 0.0000e+00
ACC2 4096 8 5.50 0.9500 64.60 0.960 0.0000e+00
ACC2 4096 8 5.50 0.9500 64.60 0.980 0.0000e+00
ACC2 4096 8 5.50 0.9500 64.60 1.000 2.6382e-04
ACC2 4096 8 5.50 0.9500 128.59 0.900 0.0000e+00
ACC2 4096 8 5.50 0.9500 128.59 0.930 0.0000e+00
ACC2 4096 8 5.50 0.9500 128.59 0.960 0.0000e+00
ACC2 4096 8 5.50 0.9500 128.59 0.980 0.0000e+00
ACC2 4096 8 5.50 0.9500 128.59 1.000 2.0430e-04
ACC2 4096 8 5.50 0.9800 2.03 0.900 0.0000e+00
ACC2 4096 8 5.50 0.9800 2.03 0.930 0.0000e+00
ACC2 4096 8 5.50 0.9800 2.03 0.960 5.9421e-05
ACC2 4096 8 5.50 0.9800 2.03 0.980 1.2478e-03
ACC2 4096 8 5.50 0.9800 2.03 1.000 1.4083e-02
ACC2 4096 8 5.50 0.9800 3.94 0.900 0.0000e+00
ACC2 4096 8 5.50 0.9800 3.94 0.930 0.0000e+00
ACC2 4096 8 5.50 0.9800 3.94 0.960 0.0000e+00
ACC2 4096 8 5.50 0.9800 3.94 0.980 6.0643e-04
ACC2 4096 8 5.50 0.9800 3.94 1.000 6.5494e-03
ACC2 4096 8 5.50 0.9800 8.14 0.900 0.0000e+00
ACC2 4096 8 5.50 0.9800 8.14 0.930 0.0000e+00
ACC2 4096 8 5.50 0.9800 8.14 0.960 0.0000e+00
ACC2 4096 8 5.50 0.9800 8.14 0.980 5.5569e-04
ACC2 4096 8 5.50 0.9800 8.14 1.000 4.7543e-03
ACC2 4096 8 5.50 0.9800 16.12 0.900 0.0000e+00
ACC2 4096 8 5.50 0.9800 16.12 0.930 0.0000e+00
ACC2 4096 8 5.50 0.9800 16.12 0.960 6.3307e-05
ACC2 4096 8 5.50 0.9800 16.12 0.980 1.8992e-04
ACC2 4096 8 5.50 0.9800 16.12 1.000 2.6589e-03
ACC2 4096 8 5.50 0.9800 32.61 0.900 0.0000e+00
ACC2 4096 8 5.50 0.9800 32.61 0.930 0.0000e+00
ACC2 4096 8 5.50 0.9800 32.61 0.960 0.0000e+00
ACC2 4096 8 5.50 0.9800 32.61 0.980 0.0000e+00
ACC2 4096 8 5.50 0.9800 32.61 1.000 1.2272e-03
ACC2 4096 8 5.50 0.9800 64.60 0.900 0.0000e+00
ACC2 4096 8 5.50 0.9800 64.60 0.930 0.0000e+00
ACC2 4096 8 5.50 0.9800 64.60 0.960 0.0000e+00
ACC2 4096 8 5.50 0.9800 64.60 0.980 6.6068e-05
ACC2 4096 8 5.50 0.9800 64.60 1.000 8.5888e-04
ACC2 4096 8 5.50 0.9800 128.59 0.900 0.0000e+00
ACC2 4096 8 5.50 0.9800 128.59 0.930 0.0000e+00
ACC2 4096 8 5.50 0.9800 128.59 0.960 0.0000e+00
ACC2 4096 8 5.50 0.9800 128.59 0.980 0.0000e+00
ACC2 4096 8 5.50 0.9800 128.59 1.000 5.4219e-04
ACC2 4096 8 5.50 0.9950 2.03 0.900 0.0000e+00
ACC2 4096 8 5.50 0.9950 2.03 0.930 0.0000e+00
ACC2 4096 8 5.50 0.9950 2.03 0.960 0.0000e+00
ACC2 4096 8 5.50 0.9950 2.03 0.980 1.5256e-03
ACC2 4096 8 5.50 0.9950 2.03 1.000 4.2652e-02
ACC2 4096 8 5.50 0.9950 3.94 0.900 0.0000e+00
ACC2 4096 8 5.50 0.9950 3.94 0.930 0.0000e+00
ACC2 4096 8 5.50 0.9950 3.94 0.960 0.0000e+00
ACC2 4096 8 5.50 0.9950 3.94 0.980 9.0131e-04
ACC2 4096 8 5.50 0.9950 3.94 1.000 3.1546e-02
ACC2 4096 8 5.50 0.9950 8.14 0.900 0.0000e+00
ACC2 4096 8 5.50 0.9950 8.14 0.930 0.0000e+00
ACC2 4096 8 5.50 0.9950 8.14 0.960 0.0000e+00
ACC2 4096 8 5.50 0.9950 8.14 0.980 1.2988e-04
ACC2 4096 8 5.50 0.9950 8.14 1.000 2.0261e-02
ACC2 4096 8 5.50 0.9950 16.12 0.900 0.0000e+00
ACC2 4096 8 5.50 0.9950 16.12 0.930 0.0000e+00
ACC2 4096 8 5.50 0.9950 16.12 0.960 0.0000e+00
ACC2 4096 8 5.50 0.9950 16.12 0.980 6.5959e-05
ACC2 4096 8 5.50 0.9950 16.12 1.000 1.1345e-02
ACC2 4096 8 5.50 0.9950 32.61 0.900 0.0000e+00
ACC2 4096 8 5.50 0.9950 32.61 0.930 0.0000e+00
ACC2 4096 8 5.50 0.9950 32.61 0.960 0.0000e+00
ACC2 4096 8 5.50 0.9950 32.61 0.980 1.3298e-04
ACC2 4096 8 5.50 0.9950 32.61 1.000 6.8484e-03
ACC2 4096 8 5.50 0.9950 64.60 0.900 0.0000e+00
ACC2 4096 8 5.50 0.9950 64.60 0.930 0.0000e+00
ACC2 4096 8 5.50 0.9950 64.60 0.960 0.0000e+00
ACC2 4096 8 5.50 0.9950 64.60 0.980 0.0000e+00
ACC2 4096 8 5.50 0.9950 64.60 1.000 3.6378e-03
ACC2 4096 8 5.50 0.9950 128.59 0.900 0.0000e+00
ACC2 4096 8 5.50 0.9950 128.59 0.930 0.0000e+00
ACC2 4096 8 5.50 0.9950 128.59 0.960 0.0000e+00
ACC2 4096 8 5.50 0.9950 128.59 0.980 0.0000e+00
ACC2 4096 8 5.50 0.9950 128.59 1.000 1.3025e-03
ACC2 4096 8 6.00 0.8000 2.03 0.900 0.0000e+00
ACC2 4096 8 6.00 0.8000 2.03 0.930 0.0000e+00
ACC2 4096 8 6.00 0.8000 2.03 0.960 3.0274e-04
ACC2 4096 8 6.00 0.8000 2.03 0.980 5.4493e-04
ACC2 4096 8 6.00 0.8000 2.03 1.000 7.2657e-04
ACC2 4096 8 6.00 0.8000 3.94 0.900 0.0000e+00
ACC2 4096 8 6.00 0.8000 3.94 0.930 0.0000e+00
ACC2 4096 8 6.00 0.8000 3.94 0.960 2.5310e-04
ACC2 4096 8 6.00 0.8000 3.94 0.980 3.7965e-04
ACC2 4096 8 6.00 0.8000 3.94 1.000 6.3275e-04
ACC2 4096 8 6.00 0.8000 8.14 0.900 0.0000e+00
ACC2 4096 8 6.00 0.8000 8.14 0.930 6.5673e-05
ACC2 4096 8 6.00 0.8000 8.14 0.960 1.3135e-04
ACC2 4096 8 6.00 0.8000 8.14 0.980 1.9702e-04
ACC2 4096 8 6.00 0.8000 8.14 1.000 3.9404e-04
ACC2 4096 8 6.00 0.8000 16.12 0.900 0.0000e+00
ACC2 4096 8 6.00 0.8000 16.12 0.930 0.0000e+00
ACC2 4096 8 6.00 0.8000 16.12 0.960 1.3545e-04
ACC2 4096 8 6.00 0.8000 16.12 0.980 2.0317e-04
ACC2 4096 8 6.00 0.8000 16.12 1.000 2.0317e-04
ACC2 4096 8 6.00 0.8000 32.61 0.900 0.0000e+00
ACC2 4096 8 6.00 0.8000 32.61 0.930 6.9886e-05
ACC2 4096 8 6.00 0.8000 32.61 0.960 6.9886e-05
ACC2 4096 8 6.00 0.8000 32.61 0.980 1.3977e-04
ACC2 4096 8 6.00 0.8000 32.61 1.000 2.0966e-04
ACC2 4096 8 6.00 0.8000 64.60 0.900 0.0000e+00
ACC2 4096 8 6.00 0.8000 64.60 0.930 0.0000e+00
ACC2 4096 8 6.00 0.8000 64.60 0.960 0.0000e+00
ACC2 4096 8 6.00 0.8000 64.60 0.980 7.1608e-05
ACC2 4096 8 6.00 0.8000 64.60 1.000 2.1482e-04
ACC2 4096 8 6.00 0.8000 128.59 0.900 0.0000e+00
ACC2 4096 8 6.00 0.8000 128.59 0.930 0.0000e+00
ACC2 4096 8 6.00 0.8000 128.59 0.960 7.2881e-05
ACC2 4096 8 6.00 0.8000 128.59 0.980 1.4576e-04
ACC2 4096 8 6.00 0.8000 128.59 1.000 3.6440e-04
ACC2 4096 8 6.00 0.9000 2.03 0.900 0.0000e+00
ACC2 4096 8 6.00 0.9000 2.03 0.930 0.0000e+00
ACC2 4096 8 6.00 0.9000 2.03 0.960 0.0000e+00
ACC2 4096 8 6.00 0.9000 2.03 0.980 0.0000e+00
ACC2 4096 8 6.00 0.9000 2.03 1.000 4.0568e-04
ACC2 4096 8 6.00 0.9000 3.94 0.900 0.0000e+00
ACC2 4096 8 6.00 0.9000 3.94 0.930 0.0000e+00
ACC2 4096 8 6.00 0.9000 3.94 0.960 6.0031e-05
ACC2 4096 8 6.00 0.9000 3.94 0.980 1.8009e-04
ACC2 4096 8 6.00 0.9000 3.94 1.000 6.0031e-04
ACC2 4096 8 6.00 0.9000 8.14 0.900 0.0000e+00
ACC2 4096 8 6.00 0.9000 8.14 0.930 0.0000e+00
ACC2 4096 8 6.00 0.9000 8.14 0.960 1.2446e-04
ACC2 4096 8 6.00 0.9000 8.14 0.980 1.2446e-04
ACC2 4096 8 6.00 0.9000 8.14 1.000 5.6005e-04
ACC2 4096 8 6.00 0.9000 16.12 0.900 0.0000e+00
ACC2 4096 8 6.00 0.9000 16.12 0.930 0.0000e+00
ACC2 4096 8 6.00 0.9000 16.12 0.960 0.0000e+00
ACC2 4096 8 6.00 0.9000 16.12 0.980 6.4462e-05
ACC2 4096 8 6.00 0.9000 16.12 1.000 3.8677e-04
ACC2 4096 8 6.00 0.9000 32.61 0.900 0.0000e+00
ACC2 4096 8 6.00 0.9000 32.61 0.930 0.0000e+00
ACC2 4096 8 6.00 0.9000 32.61 0.960 0.0000e+00
ACC2 4096 8 6.00 0.9000 32.61 0.980 2.0009e-04
ACC2 4096 8 6.00 0.9000 32.61 1.000 2.6679e-04
ACC2 4096 8 6.00 0.9000 64.60 0.900 0.0000e+00
ACC2 4096 8 6.00 0.9000 64.60 0.930 0.0000e+00
ACC2 4096 8 6.00 0.9000 64.60 0.960 6.8695e-05
ACC2 4096 8 6.00 0.9000 64.60 0.980 2.0609e-04
ACC2 4096 8 6.00 0.9000 64.60 1.000 5.4956e-04
ACC2 4096 8 6.00 0.9000 128.59 0.900 0.0000e+00
ACC2 4096 8 6.00 0.9000 128.59 0.930 7.0932e-05
ACC2 4096 8 6.00 0.9000 128.59 0.960 1.4186e-04
ACC2 4096 8 6.00 0.9000 128.59 0.980 2.8373e-04
ACC2 4096 8 6.00 0.9000 128.59 1.000 4.2559e-04
ACC2 4096 8 6.00 0.9500 2.03 0.900 0.0000e+00
ACC2 4096 8 6.00 0.9500 2.03 0.930 0.0000e+00
ACC2 4096 8 6.00 0.9500 2.03 0.960 0.0000e+00
ACC2 4096 8 6.00 0.9500 2.03 0.980 2.3309e-04
ACC2 4096 8 6.00 0.9500 2.03 1.000 1.9812e-03
ACC2 4096 8 6.00 0.9500 3.94 0.900 0.0000e+00
ACC2 4096 8 6.00 0.9500 3.94 0.930 0.0000e+00
ACC2 4096 8 6.00 0.9500 3.94 0.960 0.0000e+00
ACC2 4096 8 6.00 0.9500 3.94 0.980 1.7958e-04
ACC2 4096 8 6.00 0.9500 3.94 1.000 9.5774e-04
ACC2 4096 8 6.00 0.9500 8.14 0.900 0.0000e+00
ACC2 4096 8 6.00 0.9500 8.14 0.930 0.0000e+00
ACC2 4096 8 6.00 0.9500 8.14 0.960 0.0000e+00
ACC2 4096 8 6.00 0.9500 8.14 0.980 0.0000e+00
ACC2 4096 8 6.00 0.9500 8.14 1.000 3.6946e-04
ACC2 4096 8 6.00 0.9500 16.12 0.900 0.0000e+00
ACC2 4096 8 6.00 0.9500 16.12 0.930 0.0000e+00
ACC2 4096 8 6.00 0.9500 16.12 0.960 0.0000e+00
ACC2 4096 8 6.00 0.9500 16.12 0.980 1.2736e-04
ACC2 4096 8 6.00 0.9500 16.12 1.000 5.0942e-04
ACC2 4096 8 6.00 0.9500 32.61 0.900 0.0000e+00
ACC2 4096 8 6.00 0.9500 32.61 0.930 0.0000e+00
ACC2 4096 8 6.00 0.9500 32.61 0.960 0.0000e+00
ACC2 4096 8 6.00 0.9500 32.61 0.980 6.5484e-05
ACC2 4096 8 6.00 0.9500 32.61 1.000 5.2387e-04
ACC2 4096 8 6.00 0.9500 64.60 0.900 0.0000e+00
ACC2 4096 8 6.00 0.9500 64.60 0.930 0.0000e+00
ACC2 4096 8 6.00 0.9500 64.60 0.960 0.0000e+00
ACC2 4096 8 6.00 0.9500 64.60 0.980 0.0000e+00
ACC2 4096 8 6.00 0.9500 64.60 1.000 2.7043e-04
ACC2 4096 8 6.00 0.9500 128.59 0.900 0.0000e+00
ACC2 4096 8 6.00 0.9500 128.59 0.930 0.0000e+00
ACC2 4096 8 6.00 0.9500 128.59 0.960 0.0000e+00
ACC2 4096 8 6.00 0.9500 128.59 0.980 6.9847e-05
ACC2 4096 8 6.00 0.9500 128.59 1.000 3.4924e-04
ACC2 4096 8 6.00 0.9800 2.03 0.900 0.0000e+00
ACC2 4096 8 6.00 0.9800 2.03 0.930 0.0000e+00
ACC2 4096 8 6.00 0.9800 2.03 0.960 0.0000e+00
ACC2 4096 8 6.00 0.9800 2.03 0.980 6.0492e-04
ACC2 4096 8 6.00 0.9800 2.03 1.000 1.0526e-02
ACC2 4096 8 6.00 0.9800 3.94 0.900 0.0000e+00
ACC2 4096 8 6.00 0.9800 3.94 0.930 0.0000e+00
ACC2 4096 8 6.00 0.9800 3.94 0.960 0.0000e+00
ACC2 4096 8 6.00 0.9800 3.94 0.980 1.8520e-04
ACC2 4096 8 6.00 0.9800 3.94 1.000 5.6794e-03
ACC2 4096 8 6.00 0.9800 8.14 0.900 0.0000e+00
ACC2 4096 8 6.00 0.9800 8.14 0.930 0.0000e+00
ACC2 4096 8 6.00 0.9800 8.14 0.960 0.0000e+00
ACC2 4096 8 6.00 0.9800 8.14 0.980 3.1450e-04
ACC2 4096 8 6.00 0.9800 8.14 1.000 3.2709e-03
ACC2 4096 8 6.00 0.9800 16.12 0.900 0.0000e+00
ACC2 4096 8 6.00 0.9800 16.12 0.930 0.0000e+00
ACC2 4096 8 6.00 0.9800 16.12 0.960 0.0000e+00
ACC2 4096 8 6.00 0.9800 16.12 0.980 6.4545e-05
ACC2 4096 8 6.00 0.9800 16.12 1.000 1.5491e-03
ACC2 4096 8 6.00 0.9800 32.61 0.900 0.0000e+00
ACC2 4096 8 6.00 0.9800 32.61 0.930 0.0000e+00
ACC2 4096 8 6.00 0.9800 32.61 0.960 0.0000e+00
ACC2 4096 8 6.00 0.9800 32.61 0.980 0.0000e+00
ACC2 4096 8 6.00 0.9800 32.61 1.000 1.1178e-03
ACC2 4096 8 6.00 0.9800 64.60 0.900 0.0000e+00
ACC2 4096 8 6.00 0.9800 64.60 0.930 0.0000e+00
ACC2 4096 8 6.00 0.9800 64.60 0.960 0.0000e+00
ACC2 4096 8 6.00 0.9800 64.60 0.980 6.7340e-05
ACC2 4096 8 6.00 0.9800 64.60 1.000 6.7340e-04
ACC2 4096 8 6.00 0.9800 128.59 0.900 0.0000e+00
ACC2 4096 8 6.00 0.9800 128.59 0.930 0.0000e+00
ACC2 4096 8 6.00 0.9800 128.59 0.960 0.0000e+00
ACC2 4096 8 6.00 0.9800 128.59 0.980 0.0000e+00
ACC2 4096 8 6.00 0.9800 128.59 1.000 4.8373e-04
ACC2 4096 8 6.00 0.9950 2.03 0.900 0.0000e+00
ACC2 4096 8 6.00 0.9950 2.03 0.930 0.0000e+00
ACC2 4096 8 6.00 0.9950 2.03 0.960 0.0000e+00
ACC2 4096 8 6.00 0.9950 2.03 0.980 3.2262e-04
ACC2 4096 8 6.00 0.9950 2.03 1.000 3.3617e-02
ACC2 4096 8 6.00 0.9950 3.94 0.900 0.0000e+00
ACC2 4096 8 6.00 0.9950 3.94 0.930 0.0000e+00
ACC2 4096 8 6.00 0.9950 3.94 0.960 0.0000e+00
ACC2 4096 8 6.00 0.9950 3.94 0.980 3.9236e-04
ACC2 4096 8 6.00 0.9950 3.94 1.000 2.3673e-02
ACC2 4096 8 6.00 0.9950 8.14 0.900 0.0000e+00
ACC2 4096 8 6.00 0.9950 8.14 0.930 0.0000e+00
ACC2 4096 8 6.00 0.9950 8.14 0.960 0.0000e+00
ACC2 4096 8 6.00 0.9950 8.14 0.980 6.5820e-05
ACC2 4096 8 6.00 0.9950 8.14 1.000 1.4283e-02
ACC2 4096 8 6.00 0.9950 16.12 0.900 0.0000e+00
ACC2 4096 8 6.00 0.9950 16.12 0.930 0.0000e+00
ACC2 4096 8 6.00 0.9950 16.12 0.960 0.0000e+00
ACC2 4096 8 6.00 0.9950 16.12 0.980 6.6908e-05
ACC2 4096 8 6.00 0.9950 16.12 1.000 6.5569e-03
ACC2 4096 8 6.00 0.9950 32.61 0.900 0.0000e+00
ACC2 4096 8 6.00 0.9950 32.61 0.930 0.0000e+00
ACC2 4096 8 6.00 0.9950 32.61 0.960 0.0000e+00
ACC2 4096 8 6.00 0.9950 32.61 0.980 6.7467e-05
ACC2 4096 8 6.00 0.9950 32.61 1.000 3.8456e-03
ACC2 4096 8 6.00 0.9950 64.60 0.900 0.0000e+00
ACC2 4096 8 6.00 0.9950 64.60 0.930 0.0000e+00
ACC2 4096 8 6.00 0.9950 64.60 0.960 0.0000e+00
ACC2 4096 8 6.00 0.9950 64.60 0.980 0.0000e+00
ACC2 4096 8 6.00 0.9950 64.60 1.000 2.3229e-03
ACC2 4096 8 6.00 0.9950 128.59 0.900 0.0000e+00
ACC2 4096 8 6.00 0.9950 128.59 0.930 0.0000e+00
ACC2 4096 8 6.00 0.9950 128.59 0.960 0.0000e+00
ACC2 4096 8 6.00 0.9950 128.59 0.980 0.0000e+00
ACC2 4096 8 6.00 0.9950 128.59 1.000 9.7690e-04
ACC2 4096 8 6.50 0.8000 2.03 0.900 0.0000e+00
ACC2 4096 8 6.50 0.8000 2.03 0.930 0.0000e+00
ACC2 4096 8 6.50 0.8000 2.03 0.960 2.5479e-04
ACC2 4096 8 6.50 0.8000 2.03 0.980 5.0959e-04
ACC2 4096 8 6.50 0.8000 2.03 1.000 7.6438e-04
ACC2 4096 8 6.50 0.8000 3.94 0.900 0.0000e+00
ACC2 4096 8 6.50 0.8000 3.94 0.930 0.0000e+00
ACC2 4096 8 6.50 0.8000 3.94 0.960 2.6509e-04
ACC2 4096 8 6.50 0.8000 3.94 0.980 3.9764e-04
ACC2 4096 8 6.50 0.8000 3.94 1.000 7.2901e-04
ACC2 4096 8 6.50 0.8000 8.14 0.900 0.0000e+00
ACC2 4096 8 6.50 0.8000 8.14 0.930 0.0000e+00
ACC2 4096 8 6.50 0.8000 8.14 0.960 1.3676e-04
ACC2 4096 8 6.50 0.8000 8.14 0.980 2.0514e-04
ACC2 4096 8 6.50 0.8000 8.14 1.000 5.4705e-04
ACC2 4096 8 6.50 0.8000 16.12 0.900 0.0000e+00
ACC2 4096 8 6.50 0.8000 16.12 0.930 0.0000e+00
ACC2 4096 8 6.50 0.8000 16.12 0.960 7.0205e-05
ACC2 4096 8 6.50 0.8000 16.12 0.980 1.4041e-04
ACC2 4096 8 6.50 0.8000 16.12 1.000 1.4041e-04
ACC2 4096 8 6.50 0.8000 32.61 0.900 0.0000e+00
ACC2 4096 8 6.50 0.8000 32.61 0.930 7.1963e-05
ACC2 4096 8 6.50 0.8000 32.61 0.960 7.1963e-05
ACC2 4096 8 6.50 0.8000 32.61 0.980 7.1963e-05
ACC2 4096 8 6.50 0.8000 32.61 1.000 2.1589e-04
ACC2 4096 8 6.50 0.8000 64.60 0.900 0.0000e+00
ACC2 4096 8 6.50 0.8000 64.60 0.930 0.0000e+00
ACC2 4096 8 6.50 0.8000 64.60 0.960 0.0000e+00
ACC2 4096 8 6.50 0.8000 64.60 0.980 7.3239e-05
ACC2 4096 8 6.50 0.8000 64.60 1.000 2.9295e-04
ACC2 4096 8 6.50 0.8000 128.59 0.900 0.0000e+00
ACC2 4096 8 6.50 0.8000 128.59 0.930 0.0000e+00
ACC2 4096 8 6.50 0.8000 128.59 0.960 7.4096e-05
ACC2 4096 8 6.50 0.8000 128.59 0.980 1.4819e-04
ACC2 4096 8 6.50 0.8000 128.59 1.000 3.7048e-04
ACC2 4096 8 6.50 0.9000 2.03 0.900 0.0000e+00
ACC2 4096 8 6.50 0.9000 2.03 0.930 0.0000e+00
ACC2 4096 8 6.50 0.9000 2.03 0.960 0.0000e+00
ACC2 4096 8 6.50 0.9000 2.03 0.980 0.0000e+00
ACC2 4096 8 6.50 0.9000 2.03 1.000 2.4031e-04
ACC2 4096 8 6.50 0.9000 3.94 0.900 0.0000e+00
ACC2 4096 8 6.50 0.9000 3.94 0.930 0.0000e+00
ACC2 4096 8 6.50 0.9000 3.94 0.960 6.1977e-05
ACC2 4096 8 6.50 0.9000 3.94 0.980 1.8593e-04
ACC2 4096 8 6.50 0.9000 3.94 1.000 6.8175e-04
ACC2 4096 8 6.50 0.9000 8.14 0.900 0.0000e+00
ACC2 4096 8 6.50 0.9000 8.14 0.930 0.0000e+00
ACC2 4096 8 6.50 0.9000 8.14 0.960 1.2856e-04
ACC2 4096 8 6.50 0.9000 8.14 0.980 1.2856e-04
ACC2 4096 8 6.50 0.9000 8.14 1.000 5.7852e-04
ACC2 4096 8 6.50 0.9000 16.12 0.900 0.0000e+00
ACC2 4096 8 6.50 0.9000 16.12 0.930 0.0000e+00
ACC2 4096 8 6.50 0.9000 16.12 0.960 0.0000e+00
ACC2 4096 8 6.50 0.9000 16.12 0.980 6.6423e-05
ACC2 4096 8 6.50 0.9000 16.12 1.000 3.3212e-04
ACC2 4096 8 6.50 0.9000 32.61 0.900 0.0000e+00
ACC2 4096 8 6.50 0.9000 32.61 0.930 0.0000e+00
ACC2 4096 8 6.50 0.9000 32.61 0.960 0.0000e+00
ACC2 4096 8 6.50 0.9000 32.61 0.980 2.0570e-04
ACC2 4096 8 6.50 0.9000 32.61 1.000 3.4284e-04
ACC2 4096 8 6.50 0.9000 64.60 0.900 0.0000e+00
ACC2 4096 8 6.50 0.9000 64.60 0.930 0.0000e+00
ACC2 4096 8 6.50 0.9000 64.60 0.960 7.0274e-05
ACC2 4096 8 6.50 0.9000 64.60 0.980 2.1082e-04
ACC2 4096 8 6.50 0.9000 64.60 1.000 4.9192e-04
ACC2 4096 8 6.50 0.9000 128.59 0.900 0.0000e+00
ACC2 4096 8 6.50 0.9000 128.59 0.930 0.0000e+00
ACC2 4096 8 6.50 0.9000 128.59 0.960 1.4472e-04
ACC2 4096 8 6.50 0.9000 128.59 0.980 2.8944e-04
ACC2 4096 8 6.50 0.9000 128.59 1.000 4.3415e-04
ACC2 4096 8 6.50 0.9500 2.03 0.900 0.0000e+00
ACC2 4096 8 6.50 0.9500 2.03 0.930 0.0000e+00
ACC2 4096 8 6.50 0.9500 2.03 0.960 0.0000e+00
ACC2 4096 8 6.50 0.9500 2.03 0.980 1.7889e-04
ACC2 4096 8 6.50 0.9500 2.03 1.000 1.3715e-03
ACC2 4096 8 6.50 0.9500 3.94 0.900 0.0000e+00
ACC2 4096 8 6.50 0.9500 3.94 0.930 0.0000e+00
ACC2 4096 8 6.50 0.9500 3.94 0.960 0.0000e+00
ACC2 4096 8 6.50 0.9500 3.94 0.980 1.2260e-04
ACC2 4096 8 6.50 0.9500 3.94 1.000 4.9041e-04
ACC2 4096 8 6.50 0.9500 8.14 0.900 0.0000e+00
ACC2 4096 8 6.50 0.9500 8.14 0.930 0.0000e+00
ACC2 4096 8 6.50 0.9500 8.14 0.960 0.0000e+00
ACC2 4096 8 6.50 0.9500 8.14 0.980 0.0000e+00
ACC2 4096 8 6.50 0.9500 8.14 1.000 3.7843e-04
ACC2 4096 8 6.50 0.9500 16.12 0.900 0.0000e+00
ACC2 4096 8 6.50 0.9500 16.12 0.930 0.0000e+00
ACC2 4096 8 6.50 0.9500 16.12 0.960 0.0000e+00
ACC2 4096 8 6.50 0.9500 16.12 0.980 1.3038e-04
ACC2 4096 8 6.50 0.9500 16.12 1.000 5.2151e-04
ACC2 4096 8 6.50 0.9500 32.61 0.900 0.0000e+00
ACC2 4096 8 6.50 0.9500 32.61 0.930 0.0000e+00
ACC2 4096 8 6.50 0.9500 32.61 0.960 0.0000e+00
ACC2 4096 8 6.50 0.9500 32.61 0.980 6.7114e-05
ACC2 4096 8 6.50 0.9500 32.61 1.000 5.3691e-04
ACC2 4096 8 6.50 0.9500 64.60 0.900 0.0000e+00
ACC2 4096 8 6.50 0.9500 64.60 0.930 0.0000e+00
ACC2 4096 8 6.50 0.9500 64.60 0.960 0.0000e+00
ACC2 4096 8 6.50 0.9500 64.60 0.980 0.0000e+00
ACC2 4096 8 6.50 0.9500 64.60 1.000 3.4466e-04
ACC2 4096 8 6.50 0.9500 128.59 0.900 0.0000e+00
ACC2 4096 8 6.50 0.9500 128.59 0.930 0.0000e+00
ACC2 4096 8 6.50 0.9500 128.59 0.960 0.0000e+00
ACC2 4096 8 6.50 0.9500 128.59 0.980 7.1240e-05
ACC2 4096 8 6.50 0.9500 128.59 1.000 2.8496e-04
ACC2 4096 8 6.50 0.9800 2.03 0.900 0.0000e+00
ACC2 4096 8 6.50 0.9800 2.03 0.930 0.0000e+00
ACC2 4096 8 6.50 0.9800 2.03 0.960 6.1474e-05
ACC2 4096 8 6.50 0.9800 2.03 0.980 2.4590e-04
ACC2 4096 8 6.50 0.9800 2.03 1.000 8.7908e-03
ACC2 4096 8 6.50 0.9800 3.94 0.900 0.0000e+00
ACC2 4096 8 6.50 0.9800 3.94 0.930 0.0000e+00
ACC2 4096 8 6.50 0.9800 3.94 0.960 0.0000e+00
ACC2 4096 8 6.50 0.9800 3.94 0.980 1.2557e-04
ACC2 4096 8 6.50 0.9800 3.94 1.000 4.9601e-03
ACC2 4096 8 6.50 0.9800 8.14 0.900 0.0000e+00
ACC2 4096 8 6.50 0.9800 8.14 0.930 0.0000e+00
ACC2 4096 8 6.50 0.9800 8.14 0.960 0.0000e+00
ACC2 4096 8 6.50 0.9800 8.14 0.980 6.3959e-05
ACC2 4096 8 6.50 0.9800 8.14 1.000 2.7502e-03
ACC2 4096 8 6.50 0.9800 16.12 0.900 0.0000e+00
ACC2 4096 8 6.50 0.9800 16.12 0.930 0.0000e+00
ACC2 4096 8 6.50 0.9800 16.12 0.960 0.0000e+00
ACC2 4096 8 6.50 0.9800 16.12 0.980 0.0000e+00
ACC2 4096 8 6.50 0.9800 16.12 1.000 1.6386e-03
ACC2 4096 8 6.50 0.9800 32.61 0.900 0.0000e+00
ACC2 4096 8 6.50 0.9800 32.61 0.930 0.0000e+00
ACC2 4096 8 6.50 0.9800 32.61 0.960 0.0000e+00
ACC2 4096 8 6.50 0.9800 32.61 0.980 0.0000e+00
ACC2 4096 8 6.50 0.9800 32.61 1.000 1.0689e-03
ACC2 4096 8 6.50 0.9800 64.60 0.900 0.0000e+00
ACC2 4096 8 6.50 0.9800 64.60 0.930 0.0000e+00
ACC2 4096 8 6.50 0.9800 64.60 0.960 0.0000e+00
ACC2 4096 8 6.50 0.9800 64.60 0.980 6.8432e-05
ACC2 4096 8 6.50 0.9800 64.60 1.000 6.1589e-04
ACC2 4096 8 6.50 0.9800 128.59 0.900 0.0000e+00
ACC2 4096 8 6.50 0.9800 128.59 0.930 0.0000e+00
ACC2 4096 8 6.50 0.9800 128.59 0.960 0.0000e+00
ACC2 4096 8 6.50 0.9800 128.59 0.980 0.0000e+00
ACC2 4096 8 6.50 0.9800 128.59 1.000 2.8121e-04
ACC2 4096 8 6.50 0.9950 2.03 0.900 0.0000e+00
ACC2 4096 8 6.50 0.9950 2.03 0.930 0.0000e+00
ACC2 4096 8 6.50 0.9950 2.03 0.960 0.0000e+00
ACC2 4096 8 6.50 0.9950 2.03 0.980 1.9609e-04
ACC2 4096 8 6.50 0.9950 2.03 1.000 3.1113e-02
ACC2 4096 8 6.50 0.9950 3.94 0.900 0.0000e+00
ACC2 4096 8 6.50 0.9950 3.94 0.930 0.0000e+00
ACC2 4096 8 6.50 0.9950 3.94 0.960 0.0000e+00
ACC2 4096 8 6.50 0.9950 3.94 0.980 6.6216e-05
ACC2 4096 8 6.50 0.9950 3.94 1.000 2.0262e-02
ACC2 4096 8 6.50 0.9950 8.14 0.900 0.0000e+00
ACC2 4096 8 6.50 0.9950 8.14 0.930 0.0000e+00
ACC2 4096 8 6.50 0.9950 8.14 0.960 0.0000e+00
ACC2 4096 8 6.50 0.9950 8.14 0.980 0.0000e+00
ACC2 4096 8 6.50 0.9950 8.14 1.000 1.4323e-02
ACC2 4096 8 6.50 0.9950 16.12 0.900 0.0000e+00
ACC2 4096 8 6.50 0.9950 16.12 0.930 0.0000e+00
ACC2 4096 8 6.50 0.9950 16.12 0.960 0.0000e+00
ACC2 4096 8 6.50 0.9950 16.12 0.980 0.0000e+00
ACC2 4096 8 6.50 0.9950 16.12 1.000 6.0860e-03
ACC2 4096 8 6.50 0.9950 32.61 0.900 0.0000e+00
ACC2 4096 8 6.50 0.9950 32.61 0.930 0.0000e+00
ACC2 4096 8 6.50 0.9950 32.61 0.960 0.0000e+00
ACC2 4096 8 6.50 0.9950 32.61 0.980 0.0000e+00
ACC2 4096 8 6.50 0.9950 32.61 1.000 3.6192e-03
ACC2 4096 8 6.50 0.9950 64.60 0.900 0.0000e+00
ACC2 4096 8 6.50 0.9950 64.60 0.930 0.0000e+00
ACC2 4096 8 6.50 0.9950 64.60 0.960 0.0000e+00
ACC2 4096 8 6.50 0.9950 64.60 0.980 0.0000e+00
ACC2 4096 8 6.50 0.9950 64.60 1.000 1.8011e-03
ACC2 4096 8 6.50 0.9950 128.59 0.900 0.0000e+00
ACC2 4096 8 6.50 0.9950 128.59 0.930 0.0000e+00
ACC2 4096 8 6.50 0.9950 128.59 0.960 0.0000e+00
ACC2 4096 8 6.50 0.9950 128.59 0.980 0.0000e+00
ACC2 4096 8 6.50 0.9950 128.59 1.000 9.1821e-04
ACC2 8192 4 5.00 0.8000 2.03 0.900 0.0000e+00
ACC2 8192 4 5.00 0.8000 2.03 0.930 0.0000e+00
ACC2 8192 4 5.00 0.8000 2.03 0.960 5.2056e-05
ACC2 8192 4 5.00 0.8000 2.03 0.980 1.5617e-04
ACC2 8192 4 5.00 0.8000 2.03 1.000 2.0822e-04
ACC2 8192 4 5.00 0.8000 3.94 0.900 0.0000e+00
ACC2 8192 4 5.00 0.8000 3.94 0.930 1.0814e-04
ACC2 8192 4 5.00 0.8000 3.94 0.960 2.1629e-04
ACC2 8192 4 5.00 0.8000 3.94 0.980 3.2443e-04
ACC2 8192 4 5.00 0.8000 3.94 1.000 4.8664e-04
ACC2 8192 4 5.00 0.8000 8.14 0.900 5.6155e-05
ACC2 8192 4 5.00 0.8000 8.14 0.930 5.6155e-05
ACC2 8192 4 5.00 0.8000 8.14 0.960 1.1231e-04
ACC2 8192 4 5.00 0.8000 8.14 0.980 1.1231e-04
ACC2 8192 4 5.00 0.8000 8.14 1.000 5.0539e-04
ACC2 8192 4 5.00 0.8000 16.12 0.900 0.0000e+00
ACC2 8192 4 5.00 0.8000 16.12 0.930 0.0000e+00
ACC2 8192 4 5.00 0.8000 16.12 0.960 1.1716e-04
ACC2 8192 4 5.00 0.8000 16.12 0.980 2.9291e-04
ACC2 8192 4 5.00 0.8000 16.12 1.000 4.1008e-04
ACC2 8192 4 5.00 0.8000 32.61 0.900 0.0000e+00
ACC2 8192 4 5.00 0.8000 32.61 0.930 0.0000e+00
ACC2 8192 4 5.00 0.8000 32.61 0.960 1.8413e-04
ACC2 8192 4 5.00 0.8000 32.61 0.980 2.4550e-04
ACC2 8192 4 5.00 0.8000 32.61 1.000 3.6826e-04
ACC2 8192 4 5.00 0.8000 64.60 0.900 0.0000e+00
ACC2 8192 4 5.00 0.8000 64.60 0.930 0.0000e+00
ACC2 8192 4 5.00 0.8000 64.60 0.960 0.0000e+00
ACC2 8192 4 5.00 0.8000 64.60 0.980 0.0000e+00
ACC2 8192 4 5.00 0.8000 64.60 1.000 0.0000e+00
ACC2 8192 4 5.00 0.8000 128.59 0.900 0.0000e+00
ACC2 8192 4 5.00 0.8000 128.59 0.930 0.0000e+00
ACC2 8192 4 5.00 0.8000 128.59 0.960 0.0000e+00
ACC2 8192 4 5.00 0.8000 128.59 0.980 0.0000e+00
ACC2 8192 4 5.00 0.8000 128.59 1.000 0.0000e+00
ACC2 8192 4 5.00 0.9000 2.03 0.900 0.0000e+00
ACC2 8192 4 5.00 0.9000 2.03 0.930 0.0000e+00
ACC2 8192 4 5.00 0.9000 2.03 0.960 1.5722e-04
ACC2 8192 4 5.00 0.9000 2.03 0.980 4.1924e-04
ACC2 8192 4 5.00 0.9000 2.03 1.000 1.5722e-03
ACC2 8192 4 5.00 0.9000 3.94 0.900 0.0000e+00
ACC2 8192 4 5.00 0.9000 3.94 0.930 0.0000e+00
ACC2 8192 4 5.00 0.9000 3.94 0.960 0.0000e+00
ACC2 8192 4 5.00 0.9000 3.94 0.980 1.6214e-04
ACC2 8192 4 5.00 0.9000 3.94 1.000 7.5667e-04
ACC2 8192 4 5.00 0.9000 8.14 0.900 0.0000e+00
ACC2 8192 4 5.00 0.9000 8.14 0.930 5.5664e-05
ACC2 8192 4 5.00 0.9000 8.14 0.960 1.1133e-04
ACC2 8192 4 5.00 0.9000 8.14 0.980 1.6699e-04
ACC2 8192 4 5.00 0.9000 8.14 1.000 5.5664e-04
ACC2 8192 4 5.00 0.9000 16.12 0.900 5.7461e-05
ACC2 8192 4 5.00 0.9000 16.12 0.930 5.7461e-05
ACC2 8192 4 5.00 0.9000 16.12 0.960 5.7461e-05
ACC2 8192 4 5.00 0.9000 16.12 0.980 1.1492e-04
ACC2 8192 4 5.00 0.9000 16.12 1.000 3.4477e-04
ACC2 8192 4 5.00 0.9000 32.61 0.900 0.0000e+00
ACC2 8192 4 5.00 0.9000 32.61 0.930 5.9927e-05
ACC2 8192 4 5.00 0.9000 32.61 0.960 1.1985e-04
ACC2 8192 4 5.00 0.9000 32.61 0.980 2.3971e-04
ACC2 8192 4 5.00 0.9000 32.61 1.000 5.3934e-04
ACC2 8192 4 5.00 0.9000 64.60 0.900 0.0000e+00
ACC2 8192 4 5.00 0.9000 64.60 0.930 0.0000e+00
ACC2 8192 4 5.00 0.9000 64.60 0.960 0.0000e+00
ACC2 8192 4 5.00 0.9000 64.60 0.980 1.2434e-04
ACC2 8192 4 5.00 0.9000 64.60 1.000 3.1085e-04
ACC2 8192 4 5.00 0.9000 128.59 0.900 0.0000e+00
ACC2 8192 4 5.00 0.9000 128.59 0.930 0.0000e+00
ACC2 8192 4 5.00 0.9000 128.59 0.960 0.0000e+00
ACC2 8192 4 5.00 0.9000 128.59 0.980 6.4629e-05
ACC2 8192 4 5.00 0.9000 128.59 1.000 1.9389e-04
ACC2 8192 4 5.00 0.9500 2.03 0.900 0.0000e+00
ACC2 8192 4 5.00 0.9500 2.03 0.930 0.0000e+00
ACC2 8192 4 5.00 0.9500 2.03 0.960 1.6285e-04
ACC2 8192 4 5.00 0.9500 2.03 0.980 1.3028e-03
ACC2 8192 4 5.00 0.9500 2.03 1.000 5.6997e-03
ACC2 8192 4 5.00 0.9500 3.94 0.900 0.0000e+00
ACC2 8192 4 5.00 0.9500 3.94 0.930 5.5528e-05
ACC2 8192 4 5.00 0.9500 3.94 0.960 5.5528e-05
ACC2 8192 4 5.00 0.9500 3.94 0.980 7.2186e-04
ACC2 8192 4 5.00 0.9500 3.94 1.000 4.0535e-03
ACC2 8192 4 5.00 0.9500 8.14 0.900 0.0000e+00
ACC2 8192 4 5.00 0.9500 8.14 0.930 0.0000e+00
ACC2 8192 4 5.00 0.9500 8.14 0.960 5.6715e-05
ACC2 8192 4 5.00 0.9500 8.14 0.980 4.5372e-04
ACC2 8192 4 5.00 0.9500 8.14 1.000 2.0985e-03
ACC2 8192 4 5.00 0.9500 16.12 0.900 0.0000e+00
ACC2 8192 4 5.00 0.9500 16.12 0.930 0.0000e+00
ACC2 8192 4 5.00 0.9500 16.12 0.960 0.0000e+00
ACC2 8192 4 5.00 0.9500 16.12 0.980 5.8306e-05
ACC2 8192 4 5.00 0.9500 16.12 1.000 1.2827e-03
ACC2 8192 4 5.00 0.9500 32.61 0.900 0.0000e+00
ACC2 8192 4 5.00 0.9500 32.61 0.930 0.0000e+00
ACC2 8192 4 5.00 0.9500 32.61 0.960 0.0000e+00
ACC2 8192 4 5.00 0.9500 32.61 0.980 6.0419e-05
ACC2 8192 4 5.00 0.9500 32.61 1.000 4.8335e-04
ACC2 8192 4 5.00 0.9500 64.60 0.900 0.0000e+00
ACC2 8192 4 5.00 0.9500 64.60 0.930 0.0000e+00
ACC2 8192 4 5.00 0.9500 64.60 0.960 6.2205e-05
ACC2 8192 4 5.00 0.9500 64.60 0.980 6.2205e-05
ACC2 8192 4 5.00 0.9500 64.60 1.000 3.1102e-04
ACC2 8192 4 5.00 0.9500 128.59 0.900 0.0000e+00
ACC2 8192 4 5.00 0.9500 128.59 0.930 0.0000e+00
ACC2 8192 4 5.00 0.9500 128.59 0.960 0.0000e+00
ACC2 8192 4 5.00 0.9500 128.59 0.980 0.0000e+00
ACC2 8192 4 5.00 0.9500 128.59 1.000 1.2877e-04
ACC2 8192 4 5.00 0.9800 2.03 0.900 0.0000e+00
ACC2 8192 4 5.00 0.9800 2.03 0.930 0.0000e+00
ACC2 8192 4 5.00 0.9800 2.03 0.960 5.7451e-05
ACC2 8192 4 5.00 0.9800 2.03 0.980 3.1598e-03
ACC2 8192 4 5.00 0.9800 2.03 1.000 2.5279e-02
ACC2 8192 4 5.00 0.9800 3.94 0.900 0.0000e+00
ACC2 8192 4 5.00 0.9800 3.94 0.930 0.0000e+00
ACC2 8192 4 5.00 0.9800 3.94 0.960 1.1692e-04
ACC2 8192 4 5.00 0.9800 3.94 0.980 1.4616e-03
ACC2 8192 4 5.00 0.9800 3.94 1.000 1.3622e-02
ACC2 8192 4 5.00 0.9800 8.14 0.900 0.0000e+00
ACC2 8192 4 5.00 0.9800 8.14 0.930 0.0000e+00
ACC2 8192 4 5.00 0.9800 8.14 0.960 0.0000e+00
ACC2 8192 4 5.00 0.9800 8.14 0.980 8.8799e-04
ACC2 8192 4 5.00 0.9800 8.14 1.000 8.9983e-03
ACC2 8192 4 5.00 0.9800 16.12 0.900 0.0000e+00
ACC2 8192 4 5.00 0.9800 16.12 0.930 0.0000e+00
ACC2 8192 4 5.00 0.9800 16.12 0.960 0.0000e+00
ACC2 8192 4 5.00 0.9800 16.12 0.980 3.0186e-04
ACC2 8192 4 5.00 0.9800 16.12 1.000 4.3468e-03
ACC2 8192 4 5.00 0.9800 32.61 0.900 0.0000e+00
ACC2 8192 4 5.00 0.9800 32.61 0.930 0.0000e+00
ACC2 8192 4 5.00 0.9800 32.61 0.960 0.0000e+00
ACC2 8192 4 5.00 0.9800 32.61 0.980 1.2401e-04
ACC2 8192 4 5.00 0.9800 32.61 1.000 2.4182e-03
ACC2 8192 4 5.00 0.9800 64.60 0.900 0.0000e+00
ACC2 8192 4 5.00 0.9800 64.60 0.930 0.0000e+00
ACC2 8192 4 5.00 0.9800 64.60 0.960 0.0000e+00
ACC2 8192 4 5.00 0.9800 64.60 0.980 1.2686e-04
ACC2 8192 4 5.00 0.9800 64.60 1.000 1.1417e-03
ACC2 8192 4 5.00 0.9800 128.59 0.900 0.0000e+00
ACC2 8192 4 5.00 0.9800 128.59 0.930 0.0000e+00
ACC2 8192 4 5.00 0.9800 128.59 0.960 0.0000e+00
ACC2 8192 4 5.00 0.9800 128.59 0.980 0.0000e+00
ACC2 8192 4 5.00 0.9800 128.59 1.000 0.0000e+00
ACC2 8192 4 5.00 0.9950 2.03 0.900 0.0000e+00
ACC2 8192 4 5.00 0.9950 2.03 0.930 0.0000e+00
ACC2 8192 4 5.00 0.9950 2.03 0.960 0.0000e+00
ACC2 8192 4 5.00 0.9950 2.03 0.980 5.3350e-03
ACC2 8192 4 5.00 0.9950 2.03 1.000 5.1179e-02
ACC2 8192 4 5.00 0.9950 3.94 0.900 0.0000e+00
ACC2 8192 4 5.00 0.9950 3.94 0.930 0.0000e+00
ACC2 8192 4 5.00 0.9950 3.94 0.960 0.0000e+00
ACC2 8192 4 5.00 0.9950 3.94 0.980 2.3174e-03
ACC2 8192 4 5.00 0.9950 3.94 1.000 4.3092e-02
ACC2 8192 4 5.00 0.9950 8.14 0.900 0.0000e+00
ACC2 8192 4 5.00 0.9950 8.14 0.930 0.0000e+00
ACC2 8192 4 5.00 0.9950 8.14 0.960 0.0000e+00
ACC2 8192 4 5.00 0.9950 8.14 0.980 1.2629e-03
ACC2 8192 4 5.00 0.9950 8.14 1.000 2.9740e-02
ACC2 8192 4 5.00 0.9950 16.12 0.900 0.0000e+00
ACC2 8192 4 5.00 0.9950 16.12 0.930 0.0000e+00
ACC2 8192 4 5.00 0.9950 16.12 0.960 0.0000e+00
ACC2 8192 4 5.00 0.9950 16.12 0.980 6.3719e-04
ACC2 8192 4 5.00 0.9950 16.12 1.000 2.1409e-02
ACC2 8192 4 5.00 0.9950 32.61 0.900 0.0000e+00
ACC2 8192 4 5.00 0.9950 32.61 0.930 0.0000e+00
ACC2 8192 4 5.00 0.9950 32.61 0.960 0.0000e+00
ACC2 8192 4 5.00 0.9950 32.61 0.980 1.9409e-04
ACC2 8192 4 5.00 0.9950 32.61 1.000 9.6396e-03
ACC2 8192 4 5.00 0.9950 64.60 0.900 0.0000e+00
ACC2 8192 4 5.00 0.9950 64.60 0.930 0.0000e+00
ACC2 8192 4 5.00 0.9950 64.60 0.960 0.0000e+00
ACC2 8192 4 5.00 0.9950 64.60 0.980 0.0000e+00
ACC2 8192 4 5.00 0.9950 64.60 1.000 1.7698e-03
ACC2 8192 4 5.00 0.9950 128.59 0.900 0.0000e+00
ACC2 8192 4 5.00 0.9950 128.59 0.930 0.0000e+00
ACC2 8192 4 5.00 0.9950 128.59 0.960 0.0000e+00
ACC2 8192 4 5.00 0.9950 128.59 0.980 0.0000e+00
ACC2 8192 4 5.00 0.9950 128.59 1.000 0.0000e+00
ACC2 8192 4 5.50 0.8000 2.03 0.900 0.0000e+00
ACC2 8192 4 5.50 0.8000 2.03 0.930 0.0000e+00
ACC2 8192 4 5.50 0.8000 2.03 0.960 1.1075e-04
ACC2 8192 4 5.50 0.8000 2.03 0.980 2.2150e-04
ACC2 8192 4 5.50 0.8000 2.03 1.000 2.7687e-04
ACC2 8192 4 5.50 0.8000 3.94 0.900 0.0000e+00
ACC2 8192 4 5.50 0.8000 3.94 0.930 5.7527e-05
ACC2 8192 4 5.50 0.8000 3.94 0.960 2.3011e-04
ACC2 8192 4 5.50 0.8000 3.94 0.980 3.4516e-04
ACC2 8192 4 5.50 0.8000 3.94 1.000 5.1775e-04
ACC2 8192 4 5.50 0.8000 8.14 0.900 5.9776e-05
ACC2 8192 4 5.50 0.8000 8.14 0.930 5.9776e-05
ACC2 8192 4 5.50 0.8000 8.14 0.960 1.1955e-04
ACC2 8192 4 5.50 0.8000 8.14 0.980 2.3911e-04
ACC2 8192 4 5.50 0.8000 8.14 1.000 5.3799e-04
ACC2 8192 4 5.50 0.8000 16.12 0.900 0.0000e+00
ACC2 8192 4 5.50 0.8000 16.12 0.930 0.0000e+00
ACC2 8192 4 5.50 0.8000 16.12 0.960 6.2263e-05
ACC2 8192 4 5.50 0.8000 16.12 0.980 3.1131e-04
ACC2 8192 4 5.50 0.8000 16.12 1.000 5.6036e-04
ACC2 8192 4 5.50 0.8000 32.61 0.900 0.0000e+00
ACC2 8192 4 5.50 0.8000 32.61 0.930 6.4914e-05
ACC2 8192 4 5.50 0.8000 32.61 0.960 2.5966e-04
ACC2 8192 4 5.50 0.8000 32.61 0.980 3.2457e-04
ACC2 8192 4 5.50 0.8000 32.61 1.000 5.1931e-04
ACC2 8192 4 5.50 0.8000 64.60 0.900 0.0000e+00
ACC2 8192 4 5.50 0.8000 64.60 0.930 0.0000e+00
ACC2 8192 4 5.50 0.8000 64.60 0.960 0.0000e+00
ACC2 8192 4 5.50 0.8000 64.60 0.980 6.7254e-05
ACC2 8192 4 5.50 0.8000 64.60 1.000 1.3451e-04
ACC2 8192 4 5.50 0.8000 128.59 0.900 0.0000e+00
ACC2 8192 4 5.50 0.8000 128.59 0.930 0.0000e+00
ACC2 8192 4 5.50 0.8000 128.59 0.960 0.0000e+00
ACC2 8192 4 5.50 0.8000 128.59 0.980 0.0000e+00
ACC2 8192 4 5.50 0.8000 128.59 1.000 1.3873e-04
ACC2 8192 4 5.50 0.9000 2.03 0.900 0.0000e+00
ACC2 8192 4 5.50 0.9000 2.03 0.930 0.0000e+00
ACC2 8192 4 5.50 0.9000 2.03 0.960 1.6336e-04
ACC2 8192 4 5.50 0.9000 2.03 0.980 3.8118e-04
ACC2 8192 4 5.50 0.9000 2.03 1.000 1.1435e-03
ACC2 8192 4 5.50 0.9000 3.94 0.900 0.0000e+00
ACC2 8192 4 5.50 0.9000 3.94 0.930 0.0000e+00
ACC2 8192 4 5.50 0.9000 3.94 0.960 0.0000e+00
ACC2 8192 4 5.50 0.9000 3.94 0.980 1.1237e-04
ACC2 8192 4 5.50 0.9000 3.94 1.000 5.6186e-04
ACC2 8192 4 5.50 0.9000 8.14 0.900 0.0000e+00
ACC2 8192 4 5.50 0.9000 8.14 0.930 0.0000e+00
ACC2 8192 4 5.50 0.9000 8.14 0.960 1.1563e-04
ACC2 8192 4 5.50 0.9000 8.14 0.980 1.1563e-04
ACC2 8192 4 5.50 0.9000 8.14 1.000 6.3599e-04
ACC2 8192 4 5.50 0.9000 16.12 0.900 0.0000e+00
ACC2 8192 4 5.50 0.9000 16.12 0.930 5.9873e-05
ACC2 8192 4 5.50 0.9000 16.12 0.960 5.9873e-05
ACC2 8192 4 5.50 0.9000 16.12 0.980 1.7962e-04
ACC2 8192 4 5.50 0.9000 16.12 1.000 4.1911e-04
ACC2 8192 4 5.50 0.9000 32.61 0.900 0.0000e+00
ACC2 8192 4 5.50 0.9000 32.61 0.930 6.2434e-05
ACC2 8192 4 5.50 0.9000 32.61 0.960 1.2487e-04
ACC2 8192 4 5.50 0.9000 32.61 0.980 2.4973e-04
ACC2 8192 4 5.50 0.9000 32.61 1.000 6.8677e-04
ACC2 8192 4 5.50 0.9000 64.60 0.900 0.0000e+00
ACC2 8192 4 5.50 0.9000 64.60 0.930 0.0000e+00
ACC2 8192 4 5.50 0.9000 64.60 0.960 0.0000e+00
ACC2 8192 4 5.50 0.9000 64.60 0.980 6.4641e-05
ACC2 8192 4 5.50 0.9000 64.60 1.000 3.2321e-04
ACC2 8192 4 5.50 0.9000 128.59 0.900 0.0000e+00
ACC2 8192 4 5.50 0.9000 128.59 0.930 0.0000e+00
ACC2 8192 4 5.50 0.9000 128.59 0.960 0.0000e+00
ACC2 8192 4 5.50 0.9000 128.59 0.980 1.3456e-04
ACC2 8192 4 5.50 0.9000 128.59 1.000 2.6912e-04
ACC2 8192 4 5.50 0.9500 2.03 0.900 0.0000e+00
ACC2 8192 4 5.50 0.9500 2.03 0.930 0.0000e+00
ACC2 8192 4 5.50 0.9500 2.03 0.960 0.0000e+00
ACC2 8192 4 5.50 0.9500 2.03 0.980 5.0100e-04
ACC2 8192 4 5.50 0.9500 2.03 1.000 3.8410e-03
ACC2 8192 4 5.50 0.9500 3.94 0.900 0.0000e+00
ACC2 8192 4 5.50 0.9500 3.94 0.930 5.7248e-05
ACC2 8192 4 5.50 0.9500 3.94 0.960 5.7248e-05
ACC2 8192 4 5.50 0.9500 3.94 0.980 6.8697e-04
ACC2 8192 4 5.50 0.9500 3.94 1.000 2.6334e-03
ACC2 8192 4 5.50 0.9500 8.14 0.900 0.0000e+00
ACC2 8192 4 5.50 0.9500 8.14 0.930 0.0000e+00
ACC2 8192 4 5.50 0.9500 8.14 0.960 0.0000e+00
ACC2 8192 4 5.50 0.9500 8.14 0.980 1.7497e-04
ACC2 8192 4 5.50 0.9500 8.14 1.000 1.2831e-03
ACC2 8192 4 5.50 0.9500 16.12 0.900 0.0000e+00
ACC2 8192 4 5.50 0.9500 16.12 0.930 0.0000e+00
ACC2 8192 4 5.50 0.9500 16.12 0.960 0.0000e+00
ACC2 8192 4 5.50 0.9500 16.12 0.980 1.2008e-04
ACC2 8192 4 5.50 0.9500 16.12 1.000 1.0808e-03
ACC2 8192 4 5.50 0.9500 32.61 0.900 0.0000e+00
ACC2 8192 4 5.50 0.9500 32.61 0.930 0.0000e+00
ACC2 8192 4 5.50 0.9500 32.61 0.960 0.0000e+00
ACC2 8192 4 5.50 0.9500 32.61 0.980 6.2274e-05
ACC2 8192 4 5.50 0.9500 32.61 1.000 4.9819e-04
ACC2 8192 4 5.50 0.9500 64.60 0.900 0.0000e+00
ACC2 8192 4 5.50 0.9500 64.60 0.930 0.0000e+00
ACC2 8192 4 5.50 0.9500 64.60 0.960 0.0000e+00
ACC2 8192 4 5.50 0.9500 64.60 0.980 1.2848e-04
ACC2 8192 4 5.50 0.9500 64.60 1.000 3.8543e-04
ACC2 8192 4 5.50 0.9500 128.59 0.900 0.0000e+00
ACC2 8192 4 5.50 0.9500 128.59 0.930 0.0000e+00
ACC2 8192 4 5.50 0.9500 128.59 0.960 0.0000e+00
ACC2 8192 4 5.50 0.9500 128.59 0.980 6.6476e-05
ACC2 8192 4 5.50 0.9500 128.59 1.000 1.3295e-04
ACC2 8192 4 5.50 0.9800 2.03 0.900 0.0000e+00
ACC2 8192 4 5.50 0.9800 2.03 0.930 0.0000e+00
ACC2 8192 4 5.50 0.9800 2.03 0.960 5.8689e-05
ACC2 8192 4 5.50 0.9800 2.03 0.980 1.6433e-03
ACC2 8192 4 5.50 0.9800 2.03 1.000 2.0893e-02
ACC2 8192 4 5.50 0.9800 3.94 0.900 0.0000e+00
ACC2 8192 4 5.50 0.9800 3.94 0.930 0.0000e+00
ACC2 8192 4 5.50 0.9800 3.94 0.960 5.9648e-05
ACC2 8192 4 5.50 0.9800 3.94 0.980 9.5437e-04
ACC2 8192 4 5.50 0.9800 3.94 1.000 1.2705e-02
ACC2 8192 4 5.50 0.9800 8.14 0.900 0.0000e+00
ACC2 8192 4 5.50 0.9800 8.14 0.930 0.0000e+00
ACC2 8192 4 5.50 0.9800 8.14 0.960 0.0000e+00
ACC2 8192 4 5.50 0.9800 8.14 0.980 5.4486e-04
ACC2 8192 4 5.50 0.9800 8.14 1.000 7.6886e-03
ACC2 8192 4 5.50 0.9800 16.12 0.900 0.0000e+00
ACC2 8192 4 5.50 0.9800 16.12 0.930 0.0000e+00
ACC2 8192 4 5.50 0.9800 16.12 0.960 0.0000e+00
ACC2 8192 4 5.50 0.9800 16.12 0.980 3.0900e-04
ACC2 8192 4 5.50 0.9800 16.12 1.000 3.0900e-03
ACC2 8192 4 5.50 0.9800 32.61 0.900 0.0000e+00
ACC2 8192 4 5.50 0.9800 32.61 0.930 0.0000e+00
ACC2 8192 4 5.50 0.9800 32.61 0.960 0.0000e+00
ACC2 8192 4 5.50 0.9800 32.61 0.980 6.3504e-05
ACC2 8192 4 5.50 0.9800 32.61 1.000 1.5876e-03
ACC2 8192 4 5.50 0.9800 64.60 0.900 0.0000e+00
ACC2 8192 4 5.50 0.9800 64.60 0.930 0.0000e+00
ACC2 8192 4 5.50 0.9800 64.60 0.960 0.0000e+00
ACC2 8192 4 5.50 0.9800 64.60 0.980 6.5041e-05
ACC2 8192 4 5.50 0.9800 64.60 1.000 7.8049e-04
ACC2 8192 4 5.50 0.9800 128.59 0.900 0.0000e+00
ACC2 8192 4 5.50 0.9800 128.59 0.930 0.0000e+00
ACC2 8192 4 5.50 0.9800 128.59 0.960 0.0000e+00
ACC2 8192 4 5.50 0.9800 128.59 0.980 0.0000e+00
ACC2 8192 4 5.50 0.9800 128.59 1.000 0.0000e+00
ACC2 8192 4 5.50 0.9950 2.03 0.900 0.0000e+00
ACC2 8192 4 5.50 0.9950 2.03 0.930 0.0000e+00
ACC2 8192 4 5.50 0.9950 2.03 0.960 0.0000e+00
ACC2 8192 4 5.50 0.9950 2.03 0.980 2.2732e-03
ACC2 8192 4 5.50 0.9950 2.03 1.000 5.0073e-02
ACC2 8192 4 5.50 0.9950 3.94 0.900 0.0000e+00
ACC2 8192 4 5.50 0.9950 3.94 0.930 0.0000e+00
ACC2 8192 4 5.50 0.9950 3.94 0.960 0.0000e+00
ACC2 8192 4 5.50 0.9950 3.94 0.980 9.5718e-04
ACC2 8192 4 5.50 0.9950 3.94 1.000 3.8989e-02
ACC2 8192 4 5.50 0.9950 8.14 0.900 0.0000e+00
ACC2 8192 4 5.50 0.9950 8.14 0.930 0.0000e+00
ACC2 8192 4 5.50 0.9950 8.14 0.960 0.0000e+00
ACC2 8192 4 5.50 0.9950 8.14 0.980 2.5712e-04
ACC2 8192 4 5.50 0.9950 8.14 1.000 2.7319e-02
ACC2 8192 4 5.50 0.9950 16.12 0.900 0.0000e+00
ACC2 8192 4 5.50 0.9950 16.12 0.930 0.0000e+00
ACC2 8192 4 5.50 0.9950 16.12 0.960 0.0000e+00
ACC2 8192 4 5.50 0.9950 16.12 0.980 1.9503e-04
ACC2 8192 4 5.50 0.9950 16.12 1.000 1.7293e-02
ACC2 8192 4 5.50 0.9950 32.61 0.900 0.0000e+00
ACC2 8192 4 5.50 0.9950 32.61 0.930 0.0000e+00
ACC2 8192 4 5.50 0.9950 32.61 0.960 0.0000e+00
ACC2 8192 4 5.50 0.9950 32.61 0.980 1.3173e-04
ACC2 8192 4 5.50 0.9950 32.61 1.000 8.3652e-03
ACC2 8192 4 5.50 0.9950 64.60 0.900 0.0000e+00
ACC2 8192 4 5.50 0.9950 64.60 0.930 0.0000e+00
ACC2 8192 4 5.50 0.9950 64.60 0.960 0.0000e+00
ACC2 8192 4 5.50 0.9950 64.60 0.980 6.6751e-05
ACC2 8192 4 5.50 0.9950 64.60 1.000 1.5353e-03
ACC2 8192 4 5.50 0.9950 128.59 0.900 0.0000e+00
ACC2 8192 4 5.50 0.9950 128.59 0.930 0.0000e+00
ACC2 8192 4 5.50 0.9950 128.59 0.960 0.0000e+00
ACC2 8192 4 5.50 0.9950 128.59 0.980 0.0000e+00
ACC2 8192 4 5.50 0.9950 128.59 1.000 0.0000e+00
ACC2 8192 4 6.00 0.8000 2.03 0.900 0.0000e+00
ACC2 8192 4 6.00 0.8000 2.03 0.930 0.0000e+00
ACC2 8192 4 6.00 0.8000 2.03 0.960 1.7596e-04
ACC2 8192 4 6.00 0.8000 2.03 0.980 2.9327e-04
ACC2 8192 4 6.00 0.8000 2.03 1.000 2.9327e-04
ACC2 8192 4 6.00 0.8000 3.94 0.900 0.0000e+00
ACC2 8192 4 6.00 0.8000 3.94 0.930 0.0000e+00
ACC2 8192 4 6.00 0.8000 3.94 0.960 1.2147e-04
ACC2 8192 4 6.00 0.8000 3.94 0.980 3.0367e-04
ACC2 8192 4 6.00 0.8000 3.94 1.000 6.0735e-04
ACC2 8192 4 6.00 0.8000 8.14 0.900 0.0000e+00
ACC2 8192 4 6.00 0.8000 8.14 0.930 6.3060e-05
ACC2 8192 4 6.00 0.8000 8.14 0.960 1.2612e-04
ACC2 8192 4 6.00 0.8000 8.14 0.980 2.5224e-04
ACC2 8192 4 6.00 0.8000 8.14 1.000 5.0448e-04
ACC2 8192 4 6.00 0.8000 16.12 0.900 0.0000e+00
ACC2 8192 4 6.00 0.8000 16.12 0.930 0.0000e+00
ACC2 8192 4 6.00 0.8000 16.12 0.960 6.5338e-05
ACC2 8192 4 6.00 0.8000 16.12 0.980 3.2669e-04
ACC2 8192 4 6.00 0.8000 16.12 1.000 7.1872e-04
ACC2 8192 4 6.00 0.8000 32.61 0.900 0.0000e+00
ACC2 8192 4 6.00 0.8000 32.61 0.930 0.0000e+00
ACC2 8192 4 6.00 0.8000 32.61 0.960 2.0345e-04
ACC2 8192 4 6.00 0.8000 32.61 0.980 2.7126e-04
ACC2 8192 4 6.00 0.8000 32.61 1.000 5.4252e-04
ACC2 8192 4 6.00 0.8000 64.60 0.900 0.0000e+00
ACC2 8192 4 6.00 0.8000 64.60 0.930 0.0000e+00
ACC2 8192 4 6.00 0.8000 64.60 0.960 0.0000e+00
ACC2 8192 4 6.00 0.8000 64.60 0.980 1.3966e-04
ACC2 8192 4 6.00 0.8000 64.60 1.000 2.7931e-04
ACC2 8192 4 6.00 0.8000 128.59 0.900 0.0000e+00
ACC2 8192 4 6.00 0.8000 128.59 0.930 0.0000e+00
ACC2 8192 4 6.00 0.8000 128.59 0.960 7.1378e-05
ACC2 8192 4 6.00 0.8000 128.59 0.980 7.1378e-05
ACC2 8192 4 6.00 0.8000 128.59 1.000 7.1378e-05
ACC2 8192 4 6.00 0.9000 2.03 0.900 0.0000e+00
ACC2 8192 4 6.00 0.9000 2.03 0.930 0.0000e+00
ACC2 8192 4 6.00 0.9000 2.03 0.960 5.6424e-05
ACC2 8192 4 6.00 0.9000 2.03 0.980 2.8212e-04
ACC2 8192 4 6.00 0.9000 2.03 1.000 7.8993e-04
ACC2 8192 4 6.00 0.9000 3.94 0.900 0.0000e+00
ACC2 8192 4 6.00 0.9000 3.94 0.930 0.0000e+00
ACC2 8192 4 6.00 0.9000 3.94 0.960 5.8316e-05
ACC2 8192 4 6.00 0.9000 3.94 0.980 1.1663e-04
ACC2 8192 4 6.00 0.9000 3.94 1.000 3.4990e-04
ACC2 8192 4 6.00 0.9000 8.14 0.900 0.0000e+00
ACC2 8192 4 6.00 0.9000 8.14 0.930 0.0000e+00
ACC2 8192 4 6.00 0.9000 8.14 0.960 5.9862e-05
ACC2 8192 4 6.00 0.9000 8.14 0.980 1.1972e-04
ACC2 8192 4 6.00 0.9000 8.14 1.000 5.3876e-04
ACC2 8192 4 6.00 0.9000 16.12 0.900 0.0000e+00
ACC2 8192 4 6.00 0.9000 16.12 0.930 6.2131e-05
ACC2 8192 4 6.00 0.9000 16.12 0.960 6.2131e-05
ACC2 8192 4 6.00 0.9000 16.12 0.980 1.8639e-04
ACC2 8192 4 6.00 0.9000 16.12 1.000 4.3492e-04
ACC2 8192 4 6.00 0.9000 32.61 0.900 0.0000e+00
ACC2 8192 4 6.00 0.9000 32.61 0.930 0.0000e+00
ACC2 8192 4 6.00 0.9000 32.61 0.960 6.4570e-05
ACC2 8192 4 6.00 0.9000 32.61 0.980 1.9371e-04
ACC2 8192 4 6.00 0.9000 32.61 1.000 6.4570e-04
ACC2 8192 4 6.00 0.9000 64.60 0.900 0.0000e+00
ACC2 8192 4 6.00 0.9000 64.60 0.930 0.0000e+00
ACC2 8192 4 6.00 0.9000 64.60 0.960 0.0000e+00
ACC2 8192 4 6.00 0.9000 64.60 0.980 6.6738e-05
ACC2 8192 4 6.00 0.9000 64.60 1.000 4.6716e-04
ACC2 8192 4 6.00 0.9000 128.59 0.900 0.0000e+00
ACC2 8192 4 6.00 0.9000 128.59 0.930 0.0000e+00
ACC2 8192 4 6.00 0.9000 128.59 0.960 0.0000e+00
ACC2 8192 4 6.00 0.9000 128.59 0.980 6.9358e-05
ACC2 8192 4 6.00 0.9000 128.59 1.000 2.0807e-04
ACC2 8192 4 6.00 0.9500 2.03 0.900 0.0000e+00
ACC2 8192 4 6.00 0.9500 2.03 0.930 0.0000e+00
ACC2 8192 4 6.00 0.9500 2.03 0.960 0.0000e+00
ACC2 8192 4 6.00 0.9500 2.03 0.980 2.2838e-04
ACC2 8192 4 6.00 0.9500 2.03 1.000 2.7405e-03
ACC2 8192 4 6.00 0.9500 3.94 0.900 0.0000e+00
ACC2 8192 4 6.00 0.9500 3.94 0.930 0.0000e+00
ACC2 8192 4 6.00 0.9500 3.94 0.960 0.0000e+00
ACC2 8192 4 6.00 0.9500 3.94 0.980 2.3449e-04
ACC2 8192 4 6.00 0.9500 3.94 1.000 1.7001e-03
ACC2 8192 4 6.00 0.9500 8.14 0.900 0.0000e+00
ACC2 8192 4 6.00 0.9500 8.14 0.930 0.0000e+00
ACC2 8192 4 6.00 0.9500 8.14 0.960 0.0000e+00
ACC2 8192 4 6.00 0.9500 8.14 0.980 5.9737e-05
ACC2 8192 4 6.00 0.9500 8.14 1.000 1.6726e-03
ACC2 8192 4 6.00 0.9500 16.12 0.900 0.0000e+00
ACC2 8192 4 6.00 0.9500 16.12 0.930 0.0000e+00
ACC2 8192 4 6.00 0.9500 16.12 0.960 0.0000e+00
ACC2 8192 4 6.00 0.9500 16.12 0.980 0.0000e+00
ACC2 8192 4 6.00 0.9500 16.12 1.000 8.6319e-04
ACC2 8192 4 6.00 0.9500 32.61 0.900 0.0000e+00
ACC2 8192 4 6.00 0.9500 32.61 0.930 0.0000e+00
ACC2 8192 4 6.00 0.9500 32.61 0.960 0.0000e+00
ACC2 8192 4 6.00 0.9500 32.61 0.980 0.0000e+00
ACC2 8192 4 6.00 0.9500 32.61 1.000 2.5536e-04
ACC2 8192 4 6.00 0.9500 64.60 0.900 0.0000e+00
ACC2 8192 4 6.00 0.9500 64.60 0.930 0.0000e+00
ACC2 8192 4 6.00 0.9500 64.60 0.960 0.0000e+00
ACC2 8192 4 6.00 0.9500 64.60 0.980 0.0000e+00
ACC2 8192 4 6.00 0.9500 64.60 1.000 2.6357e-04
ACC2 8192 4 6.00 0.9500 128.59 0.900 0.0000e+00
ACC2 8192 4 6.00 0.9500 128.59 0.930 0.0000e+00
ACC2 8192 4 6.00 0.9500 128.59 0.960 0.0000e+00
ACC2 8192 4 6.00 0.9500 128.59 0.980 0.0000e+00
ACC2 8192 4 6.00 0.9500 128.59 1.000 6.8092e-05
ACC2 8192 4 6.00 0.9800 2.03 0.900 0.0000e+00
ACC2 8192 4 6.00 0.9800 2.03 0.930 0.0000e+00
ACC2 8192 4 6.00 0.9800 2.03 0.960 5.9709e-05
ACC2 8192 4 6.00 0.9800 2.03 0.980 8.3592e-04
ACC2 8192 4 6.00 0.9800 2.03 1.000 1.5942e-02
ACC2 8192 4 6.00 0.9800 3.94 0.900 0.0000e+00
ACC2 8192 4 6.00 0.9800 3.94 0.930 0.0000e+00
ACC2 8192 4 6.00 0.9800 3.94 0.960 0.0000e+00
ACC2 8192 4 6.00 0.9800 3.94 0.980 2.4332e-04
ACC2 8192 4 6.00 0.9800 3.94 1.000 8.3338e-03
ACC2 8192 4 6.00 0.9800 8.14 0.900 0.0000e+00
ACC2 8192 4 6.00 0.9800 8.14 0.930 0.0000e+00
ACC2 8192 4 6.00 0.9800 8.14 0.960 0.0000e+00
ACC2 8192 4 6.00 0.9800 8.14 0.980 2.4713e-04
ACC2 8192 4 6.00 0.9800 8.14 1.000 4.8190e-03
ACC2 8192 4 6.00 0.9800 16.12 0.900 0.0000e+00
ACC2 8192 4 6.00 0.9800 16.12 0.930 0.0000e+00
ACC2 8192 4 6.00 0.9800 16.12 0.960 0.0000e+00
ACC2 8192 4 6.00 0.9800 16.12 0.980 0.0000e+00
ACC2 8192 4 6.00 0.9800 16.12 1.000 2.5197e-03
ACC2 8192 4 6.00 0.9800 32.61 0.900 0.0000e+00
ACC2 8192 4 6.00 0.9800 32.61 0.930 0.0000e+00
ACC2 8192 4 6.00 0.9800 32.61 0.960 0.0000e+00
ACC2 8192 4 6.00 0.9800 32.61 0.980 1.2942e-04
ACC2 8192 4 6.00 0.9800 32.61 1.000 1.1000e-03
ACC2 8192 4 6.00 0.9800 64.60 0.900 0.0000e+00
ACC2 8192 4 6.00 0.9800 64.60 0.930 0.0000e+00
ACC2 8192 4 6.00 0.9800 64.60 0.960 0.0000e+00
ACC2 8192 4 6.00 0.9800 64.60 0.980 0.0000e+00
ACC2 8192 4 6.00 0.9800 64.60 1.000 5.3029e-04
ACC2 8192 4 6.00 0.9800 128.59 0.900 0.0000e+00
ACC2 8192 4 6.00 0.9800 128.59 0.930 0.0000e+00
ACC2 8192 4 6.00 0.9800 128.59 0.960 0.0000e+00
ACC2 8192 4 6.00 0.9800 128.59 0.980 0.0000e+00
ACC2 8192 4 6.00 0.9800 128.59 1.000 0.0000e+00
ACC2 8192 4 6.00 0.9950 2.03 0.900 0.0000e+00
ACC2 8192 4 6.00 0.9950 2.03 0.930 0.0000e+00
ACC2 8192 4 6.00 0.9950 2.03 0.960 0.0000e+00
ACC2 8192 4 6.00 0.9950 2.03 0.980 6.4156e-04
ACC2 8192 4 6.00 0.9950 2.03 1.000 3.9520e-02
ACC2 8192 4 6.00 0.9950 3.94 0.900 0.0000e+00
ACC2 8192 4 6.00 0.9950 3.94 0.930 0.0000e+00
ACC2 8192 4 6.00 0.9950 3.94 0.960 0.0000e+00
ACC2 8192 4 6.00 0.9950 3.94 0.980 3.2373e-04
ACC2 8192 4 6.00 0.9950 3.94 1.000 2.9913e-02
ACC2 8192 4 6.00 0.9950 8.14 0.900 0.0000e+00
ACC2 8192 4 6.00 0.9950 8.14 0.930 0.0000e+00
ACC2 8192 4 6.00 0.9950 8.14 0.960 0.0000e+00
ACC2 8192 4 6.00 0.9950 8.14 0.980 6.5232e-05
ACC2 8192 4 6.00 0.9950 8.14 1.000 1.9243e-02
ACC2 8192 4 6.00 0.9950 16.12 0.900 0.0000e+00
ACC2 8192 4 6.00 0.9950 16.12 0.930 0.0000e+00
ACC2 8192 4 6.00 0.9950 16.12 0.960 0.0000e+00
ACC2 8192 4 6.00 0.9950 16.12 0.980 0.0000e+00
ACC2 8192 4 6.00 0.9950 16.12 1.000 1.0366e-02
ACC2 8192 4 6.00 0.9950 32.61 0.900 0.0000e+00
ACC2 8192 4 6.00 0.9950 32.61 0.930 0.0000e+00
ACC2 8192 4 6.00 0.9950 32.61 0.960 0.0000e+00
ACC2 8192 4 6.00 0.9950 32.61 0.980 0.0000e+00
ACC2 8192 4 6.00 0.9950 32.61 1.000 4.6160e-03
ACC2 8192 4 6.00 0.9950 64.60 0.900 0.0000e+00
ACC2 8192 4 6.00 0.9950 64.60 0.930 0.0000e+00
ACC2 8192 4 6.00 0.9950 64.60 0.960 0.0000e+00
ACC2 8192 4 6.00 0.9950 64.60 0.980 0.0000e+00
ACC2 8192 4 6.00 0.9950 64.60 1.000 8.8028e-04
ACC2 8192 4 6.00 0.9950 128.59 0.900 0.0000e+00
ACC2 8192 4 6.00 0.9950 128.59 0.930 0.0000e+00
ACC2 8192 4 6.00 0.9950 128.59 0.960 0.0000e+00
ACC2 8192 4 6.00 0.9950 128.59 0.980 0.0000e+00
ACC2 8192 4 6.00 0.9950 128.59 1.000 0.0000e+00
ACC2 8192 4 6.50 0.8000 2.03 0.900 0.0000e+00
ACC2 8192 4 6.50 0.8000 2.03 0.930 0.0000e+00
ACC2 8192 4 6.50 0.8000 2.03 0.960 1.8539e-04
ACC2 8192 4 6.50 0.8000 2.03 0.980 3.0899e-04
ACC2 8192 4 6.50 0.8000 2.03 1.000 3.7078e-04
ACC2 8192 4 6.50 0.8000 3.94 0.900 0.0000e+00
ACC2 8192 4 6.50 0.8000 3.94 0.930 0.0000e+00
ACC2 8192 4 6.50 0.8000 3.94 0.960 1.2789e-04
ACC2 8192 4 6.50 0.8000 3.94 0.980 3.1971e-04
ACC2 8192 4 6.50 0.8000 3.94 1.000 6.3943e-04
ACC2 8192 4 6.50 0.8000 8.14 0.900 0.0000e+00
ACC2 8192 4 6.50 0.8000 8.14 0.930 6.6173e-05
ACC2 8192 4 6.50 0.8000 8.14 0.960 1.3235e-04
ACC2 8192 4 6.50 0.8000 8.14 0.980 1.9852e-04
ACC2 8192 4 6.50 0.8000 8.14 1.000 4.6321e-04
ACC2 8192 4 6.50 0.8000 16.12 0.900 0.0000e+00
ACC2 8192 4 6.50 0.8000 16.12 0.930 0.0000e+00
ACC2 8192 4 6.50 0.8000 16.12 0.960 6.8060e-05
ACC2 8192 4 6.50 0.8000 16.12 0.980 4.0836e-04
ACC2 8192 4 6.50 0.8000 16.12 1.000 7.4866e-04
ACC2 8192 4 6.50 0.8000 32.61 0.900 0.0000e+00
ACC2 8192 4 6.50 0.8000 32.61 0.930 0.0000e+00
ACC2 8192 4 6.50 0.8000 32.61 0.960 1.4020e-04
ACC2 8192 4 6.50 0.8000 32.61 0.980 2.8041e-04
ACC2 8192 4 6.50 0.8000 32.61 1.000 5.6081e-04
ACC2 8192 4 6.50 0.8000 64.60 0.900 0.0000e+00
ACC2 8192 4 6.50 0.8000 64.60 0.930 0.0000e+00
ACC2 8192 4 6.50 0.8000 64.60 0.960 0.0000e+00
ACC2 8192 4 6.50 0.8000 64.60 0.980 1.4365e-04
ACC2 8192 4 6.50 0.8000 64.60 1.000 3.5912e-04
ACC2 8192 4 6.50 0.8000 128.59 0.900 0.0000e+00
ACC2 8192 4 6.50 0.8000 128.59 0.930 7.3062e-05
ACC2 8192 4 6.50 0.8000 128.59 0.960 1.4612e-04
ACC2 8192 4 6.50 0.8000 128.59 0.980 1.4612e-04
ACC2 8192 4 6.50 0.8000 128.59 1.000 1.4612e-04
ACC2 8192 4 6.50 0.9000 2.03 0.900 0.0000e+00
ACC2 8192 4 6.50 0.9000 2.03 0.930 0.0000e+00
ACC2 8192 4 6.50 0.9000 2.03 0.960 5.8394e-05
ACC2 8192 4 6.50 0.9000 2.03 0.980 2.9197e-04
ACC2 8192 4 6.50 0.9000 2.03 1.000 7.0073e-04
ACC2 8192 4 6.50 0.9000 3.94 0.900 0.0000e+00
ACC2 8192 4 6.50 0.9000 3.94 0.930 0.0000e+00
ACC2 8192 4 6.50 0.9000 3.94 0.960 6.0154e-05
ACC2 8192 4 6.50 0.9000 3.94 0.980 1.2031e-04
ACC2 8192 4 6.50 0.9000 3.94 1.000 6.6169e-04
ACC2 8192 4 6.50 0.9000 8.14 0.900 0.0000e+00
ACC2 8192 4 6.50 0.9000 8.14 0.930 0.0000e+00
ACC2 8192 4 6.50 0.9000 8.14 0.960 6.1839e-05
ACC2 8192 4 6.50 0.9000 8.14 0.980 2.4736e-04
ACC2 8192 4 6.50 0.9000 8.14 1.000 6.8023e-04
ACC2 8192 4 6.50 0.9000 16.12 0.900 0.0000e+00
ACC2 8192 4 6.50 0.9000 16.12 0.930 6.4172e-05
ACC2 8192 4 6.50 0.9000 16.12 0.960 6.4172e-05
ACC2 8192 4 6.50 0.9000 16.12 0.980 1.2834e-04
ACC2 8192 4 6.50 0.9000 16.12 1.000 3.2086e-04
ACC2 8192 4 6.50 0.9000 32.61 0.900 0.0000e+00
ACC2 8192 4 6.50 0.9000 32.61 0.930 0.0000e+00
ACC2 8192 4 6.50 0.9000 32.61 0.960 6.6494e-05
ACC2 8192 4 6.50 0.9000 32.61 0.980 1.9948e-04
ACC2 8192 4 6.50 0.9000 32.61 1.000 6.6494e-04
ACC2 8192 4 6.50 0.9000 64.60 0.900 0.0000e+00
ACC2 8192 4 6.50 0.9000 64.60 0.930 0.0000e+00
ACC2 8192 4 6.50 0.9000 64.60 0.960 0.0000e+00
ACC2 8192 4 6.50 0.9000 64.60 0.980 6.8493e-05
ACC2 8192 4 6.50 0.9000 64.60 1.000 5.4795e-04
ACC2 8192 4 6.50 0.9000 128.59 0.900 0.0000e+00
ACC2 8192 4 6.50 0.9000 128.59 0.930 0.0000e+00
ACC2 8192 4 6.50 0.9000 128.59 0.960 0.0000e+00
ACC2 8192 4 6.50 0.9000 128.59 0.980 0.0000e+00
ACC2 8192 4 6.50 0.9000 128.59 1.000 2.8291e-04
ACC2 8192 4 6.50 0.9500 2.03 0.900 0.0000e+00
ACC2 8192 4 6.50 0.9500 2.03 0.930 0.0000e+00
ACC2 8192 4 6.50 0.9500 2.03 0.960 0.0000e+00
ACC2 8192 4 6.50 0.9500 2.03 0.980 1.1703e-04
ACC2 8192 4 6.50 0.9500 2.03 1.000 1.6969e-03
ACC2 8192 4 6.50 0.9500 3.94 0.900 0.0000e+00
ACC2 8192 4 6.50 0.9500 3.94 0.930 0.0000e+00
ACC2 8192 4 6.50 0.9500 3.94 0.960 0.0000e+00
ACC2 8192 4 6.50 0.9500 3.94 0.980 1.7981e-04
ACC2 8192 4 6.50 0.9500 3.94 1.000 1.2587e-03
ACC2 8192 4 6.50 0.9500 8.14 0.900 0.0000e+00
ACC2 8192 4 6.50 0.9500 8.14 0.930 0.0000e+00
ACC2 8192 4 6.50 0.9500 8.14 0.960 0.0000e+00
ACC2 8192 4 6.50 0.9500 8.14 0.980 0.0000e+00
ACC2 8192 4 6.50 0.9500 8.14 1.000 9.1855e-04
ACC2 8192 4 6.50 0.9500 16.12 0.900 0.0000e+00
ACC2 8192 4 6.50 0.9500 16.12 0.930 0.0000e+00
ACC2 8192 4 6.50 0.9500 16.12 0.960 0.0000e+00
ACC2 8192 4 6.50 0.9500 16.12 0.980 0.0000e+00
ACC2 8192 4 6.50 0.9500 16.12 1.000 7.5710e-04
ACC2 8192 4 6.50 0.9500 32.61 0.900 0.0000e+00
ACC2 8192 4 6.50 0.9500 32.61 0.930 0.0000e+00
ACC2 8192 4 6.50 0.9500 32.61 0.960 0.0000e+00
ACC2 8192 4 6.50 0.9500 32.61 0.980 0.0000e+00
ACC2 8192 4 6.50 0.9500 32.61 1.000 2.6110e-04
ACC2 8192 4 6.50 0.9500 64.60 0.900 0.0000e+00
ACC2 8192 4 6.50 0.9500 64.60 0.930 0.0000e+00
ACC2 8192 4 6.50 0.9500 64.60 0.960 0.0000e+00
ACC2 8192 4 6.50 0.9500 64.60 0.980 0.0000e+00
ACC2 8192 4 6.50 0.9500 64.60 1.000 2.6889e-04
ACC2 8192 4 6.50 0.9500 128.59 0.900 0.0000e+00
ACC2 8192 4 6.50 0.9500 128.59 0.930 0.0000e+00
ACC2 8192 4 6.50 0.9500 128.59 0.960 0.0000e+00
ACC2 8192 4 6.50 0.9500 128.59 0.980 0.0000e+00
ACC2 8192 4 6.50 0.9500 128.59 1.000 6.9324e-05
ACC2 8192 4 6.50 0.9800 2.03 0.900 0.0000e+00
ACC2 8192 4 6.50 0.9800 2.03 0.930 0.0000e+00
ACC2 8192 4 6.50 0.9800 2.03 0.960 6.0658e-05
ACC2 8192 4 6.50 0.9800 2.03 0.980 8.4921e-04
ACC2 8192 4 6.50 0.9800 2.03 1.000 1.3769e-02
ACC2 8192 4 6.50 0.9800 3.94 0.900 0.0000e+00
ACC2 8192 4 6.50 0.9800 3.94 0.930 0.0000e+00
ACC2 8192 4 6.50 0.9800 3.94 0.960 0.0000e+00
ACC2 8192 4 6.50 0.9800 3.94 0.980 1.2337e-04
ACC2 8192 4 6.50 0.9800 3.94 1.000 7.4019e-03
ACC2 8192 4 6.50 0.9800 8.14 0.900 0.0000e+00
ACC2 8192 4 6.50 0.9800 8.14 0.930 0.0000e+00
ACC2 8192 4 6.50 0.9800 8.14 0.960 0.0000e+00
ACC2 8192 4 6.50 0.9800 8.14 0.980 6.2704e-05
ACC2 8192 4 6.50 0.9800 8.14 1.000 3.9503e-03
ACC2 8192 4 6.50 0.9800 16.12 0.900 0.0000e+00
ACC2 8192 4 6.50 0.9800 16.12 0.930 0.0000e+00
ACC2 8192 4 6.50 0.9800 16.12 0.960 0.0000e+00
ACC2 8192 4 6.50 0.9800 16.12 0.980 6.4160e-05
ACC2 8192 4 6.50 0.9800 16.12 1.000 2.0531e-03
ACC2 8192 4 6.50 0.9800 32.61 0.900 0.0000e+00
ACC2 8192 4 6.50 0.9800 32.61 0.930 0.0000e+00
ACC2 8192 4 6.50 0.9800 32.61 0.960 0.0000e+00
ACC2 8192 4 6.50 0.9800 32.61 0.980 6.5738e-05
ACC2 8192 4 6.50 0.9800 32.61 1.000 8.5459e-04
ACC2 8192 4 6.50 0.9800 64.60 0.900 0.0000e+00
ACC2 8192 4 6.50 0.9800 64.60 0.930 0.0000e+00
ACC2 8192 4 6.50 0.9800 64.60 0.960 0.0000e+00
ACC2 8192 4 6.50 0.9800 64.60 0.980 0.0000e+00
ACC2 8192 4 6.50 0.9800 64.60 1.000 2.6969e-04
ACC2 8192 4 6.50 0.9800 128.59 0.900 0.0000e+00
ACC2 8192 4 6.50 0.9800 128.59 0.930 0.0000e+00
ACC2 8192 4 6.50 0.9800 128.59 0.960 0.0000e+00
ACC2 8192 4 6.50 0.9800 128.59 0.980 0.0000e+00
ACC2 8192 4 6.50 0.9800 128.59 1.000 0.0000e+00
ACC2 8192 4 6.50 0.9950 2.03 0.900 0.0000e+00
ACC2 8192 4 6.50 0.9950 2.03 0.930 0.0000e+00
ACC2 8192 4 6.50 0.9950 2.03 0.960 0.0000e+00
ACC2 8192 4 6.50 0.9950 2.03 0.980 2.5969e-04
ACC2 8192 4 6.50 0.9950 2.03 1.000 3.9538e-02
ACC2 8192 4 6.50 0.9950 3.94 0.900 0.0000e+00
ACC2 8192 4 6.50 0.9950 3.94 0.930 0.0000e+00
ACC2 8192 4 6.50 0.9950 3.94 0.960 0.0000e+00
ACC2 8192 4 6.50 0.9950 3.94 0.980 1.9630e-04
ACC2 8192 4 6.50 0.9950 3.94 1.000 3.0295e-02
ACC2 8192 4 6.50 0.9950 8.14 0.900 0.0000e+00
ACC2 8192 4 6.50 0.9950 8.14 0.930 0.0000e+00
ACC2 8192 4 6.50 0.9950 8.14 0.960 0.0000e+00
ACC2 8192 4 6.50 0.9950 8.14 0.980 6.6098e-05
ACC2 8192 4 6.50 0.9950 8.14 1.000 1.9235e-02
ACC2 8192 4 6.50 0.9950 16.12 0.900 0.0000e+00
ACC2 8192 4 6.50 0.9950 16.12 0.930 0.0000e+00
ACC2 8192 4 6.50 0.9950 16.12 0.960 0.0000e+00
ACC2 8192 4 6.50 0.9950 16.12 0.980 0.0000e+00
ACC2 8192 4 6.50 0.9950 16.12 1.000 1.0829e-02
ACC2 8192 4 6.50 0.9950 32.61 0.900 0.0000e+00
ACC2 8192 4 6.50 0.9950 32.61 0.930 0.0000e+00
ACC2 8192 4 6.50 0.9950 32.61 0.960 0.0000e+00
ACC2 8192 4 6.50 0.9950 32.61 0.980 0.0000e+00
ACC2 8192 4 6.50 0.9950 32.61 1.000 3.3859e-03
ACC2 8192 4 6.50 0.9950 64.60 0.900 0.0000e+00
ACC2 8192 4 6.50 0.9950 64.60 0.930 0.0000e+00
ACC2 8192 4 6.50 0.9950 64.60 0.960 0.0000e+00
ACC2 8192 4 6.50 0.9950 64.60 0.980 0.0000e+00
ACC2 8192 4 6.50 0.9950 64.60 1.000 4.7988e-04
ACC2 8192 4 6.50 0.9950 128.59 0.900 0.0000e+00
ACC2 8192 4 6.50 0.9950 128.59 0.930 0.0000e+00
ACC2 8192 4 6.50 0.9950 128.59 0.960 0.0000e+00
ACC2 8192 4 6.50 0.9950 128.59 0.980 0.0000e+00
ACC2 8192 4 6.50 0.9950 128.59 1.000 0.0000e+00
ACC2 8192 8 5.00 0.8000 2.03 0.900 0.0000e+00
ACC2 8192 8 5.00 0.8000 2.03 0.930 0.0000e+00
ACC2 8192 8 5.00 0.8000 2.03 0.960 5.2056e-05
ACC2 8192 8 5.00 0.8000 2.03 0.980 1.5617e-04
ACC2 8192 8 5.00 0.8000 2.03 1.000 2.0822e-04
ACC2 8192 8 5.00 0.8000 3.94 0.900 0.0000e+00
ACC2 8192 8 5.00 0.8000 3.94 0.930 1.0814e-04
ACC2 8192 8 5.00 0.8000 3.94 0.960 2.1629e-04
ACC2 8192 8 5.00 0.8000 3.94 0.980 3.2443e-04
ACC2 8192 8 5.00 0.8000 3.94 1.000 4.8664e-04
ACC2 8192 8 5.00 0.8000 8.14 0.900 5.6155e-05
ACC2 8192 8 5.00 0.8000 8.14 0.930 5.6155e-05
ACC2 8192 8 5.00 0.8000 8.14 0.960 1.1231e-04
ACC2 8192 8 5.00 0.8000 8.14 0.980 1.1231e-04
ACC2 8192 8 5.00 0.8000 8.14 1.000 5.0539e-04
ACC2 8192 8 5.00 0.8000 16.12 0.900 0.0000e+00
ACC2 8192 8 5.00 0.8000 16.12 0.930 0.0000e+00
ACC2 8192 8 5.00 0.8000 16.12 0.960 1.1716e-04
ACC2 8192 8 5.00 0.8000 16.12 0.980 2.9291e-04
ACC2 8192 8 5.00 0.8000 16.12 1.000 4.1008e-04
ACC2 8192 8 5.00 0.8000 32.61 0.900 0.0000e+00
ACC2 8192 8 5.00 0.8000 32.61 0.930 0.0000e+00
ACC2 8192 8 5.00 0.8000 32.61 0.960 1.8413e-04
ACC2 8192 8 5.00 0.8000 32.61 0.980 2.4550e-04
ACC2 8192 8 5.00 0.8000 32.61 1.000 3.6826e-04
ACC2 8192 8 5.00 0.8000 64.60 0.900 0.0000e+00
ACC2 8192 8 5.00 0.8000 64.60 0.930 0.0000e+00
ACC2 8192 8 5.00 0.8000 64.60 0.960 0.0000e+00
ACC2 8192 8 5.00 0.8000 64.60 0.980 0.0000e+00
ACC2 8192 8 5.00 0.8000 64.60 1.000 6.3605e-05
ACC2 8192 8 5.00 0.8000 128.59 0.900 0.0000e+00
ACC2 8192 8 5.00 0.8000 128.59 0.930 0.0000e+00
ACC2 8192 8 5.00 0.8000 128.59 0.960 0.0000e+00
ACC2 8192 8 5.00 0.8000 128.59 0.980 0.0000e+00
ACC2 8192 8 5.00 0.8000 128.59 1.000 0.0000e+00
ACC2 8192 8 5.00 0.9000 2.03 0.900 0.0000e+00
ACC2 8192 8 5.00 0.9000 2.03 0.930 0.0000e+00
ACC2 8192 8 5.00 0.9000 2.03 0.960 1.5722e-04
ACC2 8192 8 5.00 0.9000 2.03 0.980 4.1924e-04
ACC2 8192 8 5.00 0.9000 2.03 1.000 1.5722e-03
ACC2 8192 8 5.00 0.9000 3.94 0.900 0.0000e+00
ACC2 8192 8 5.00 0.9000 3.94 0.930 0.0000e+00
ACC2 8192 8 5.00 0.9000 3.94 0.960 0.0000e+00
ACC2 8192 8 5.00 0.9000 3.94 0.980 1.6214e-04
ACC2 8192 8 5.00 0.9000 3.94 1.000 7.5667e-04
ACC2 8192 8 5.00 0.9000 8.14 0.900 0.0000e+00
ACC2 8192 8 5.00 0.9000 8.14 0.930 5.5664e-05
ACC2 8192 8 5.00 0.9000 8.14 0.960 1.1133e-04
ACC2 8192 8 5.00 0.9000 8.14 0.980 1.6699e-04
ACC2 8192 8 5.00 0.9000 8.14 1.000 5.5664e-04
ACC2 8192 8 5.00 0.9000 16.12 0.900 5.7461e-05
ACC2 8192 8 5.00 0.9000 16.12 0.930 5.7461e-05
ACC2 8192 8 5.00 0.9000 16.12 0.960 5.7461e-05
ACC2 8192 8 5.00 0.9000 16.12 0.980 1.1492e-04
ACC2 8192 8 5.00 0.9000 16.12 1.000 3.4477e-04
ACC2 8192 8 5.00 0.9000 32.61 0.900 0.0000e+00
ACC2 8192 8 5.00 0.9000 32.61 0.930 5.9927e-05
ACC2 8192 8 5.00 0.9000 32.61 0.960 1.1985e-04
ACC2 8192 8 5.00 0.9000 32.61 0.980 2.3971e-04
ACC2 8192 8 5.00 0.9000 32.61 1.000 5.9927e-04
ACC2 8192 8 5.00 0.9000 64.60 0.900 0.0000e+00
ACC2 8192 8 5.00 0.9000 64.60 0.930 0.0000e+00
ACC2 8192 8 5.00 0.9000 64.60 0.960 0.0000e+00
ACC2 8192 8 5.00 0.9000 64.60 0.980 1.2434e-04
ACC2 8192 8 5.00 0.9000 64.60 1.000 3.1085e-04
ACC2 8192 8 5.00 0.9000 128.59 0.900 0.0000e+00
ACC2 8192 8 5.00 0.9000 128.59 0.930 0.0000e+00
ACC2 8192 8 5.00 0.9000 128.59 0.960 6.4629e-05
ACC2 8192 8 5.00 0.9000 128.59 0.980 1.9389e-04
ACC2 8192 8 5.00 0.9000 128.59 1.000 2.5851e-04
ACC2 8192 8 5.00 0.9500 2.03 0.900 0.0000e+00
ACC2 8192 8 5.00 0.9500 2.03 0.930 0.0000e+00
ACC2 8192 8 5.00 0.9500 2.03 0.960 1.6285e-04
ACC2 8192 8 5.00 0.9500 2.03 0.980 1.3028e-03
ACC2 8192 8 5.00 0.9500 2.03 1.000 5.6997e-03
ACC2 8192 8 5.00 0.9500 3.94 0.900 0.0000e+00
ACC2 8192 8 5.00 0.9500 3.94 0.930 5.5528e-05
ACC2 8192 8 5.00 0.9500 3.94 0.960 5.5528e-05
ACC2 8192 8 5.00 0.9500 3.94 0.980 7.2186e-04
ACC2 8192 8 5.00 0.9500 3.94 1.000 4.0535e-03
ACC2 8192 8 5.00 0.9500 8.14 0.900 0.0000e+00
ACC2 8192 8 5.00 0.9500 8.14 0.930 0.0000e+00
ACC2 8192 8 5.00 0.9500 8.14 0.960 5.6715e-05
ACC2 8192 8 5.00 0.9500 8.14 0.980 4.5372e-04
ACC2 8192 8 5.00 0.9500 8.14 1.000 2.0985e-03
ACC2 8192 8 5.00 0.9500 16.12 0.900 0.0000e+00
ACC2 8192 8 5.00 0.9500 16.12 0.930 0.0000e+00
ACC2 8192 8 5.00 0.9500 16.12 0.960 0.0000e+00
ACC2 8192 8 5.00 0.9500 16.12 0.980 1.1661e-04
ACC2 8192 8 5.00 0.9500 16.12 1.000 1.3410e-03
ACC2 8192 8 5.00 0.9500 32.61 0.900 0.0000e+00
ACC2 8192 8 5.00 0.9500 32.61 0.930 0.0000e+00
ACC2 8192 8 5.00 0.9500 32.61 0.960 0.0000e+00
ACC2 8192 8 5.00 0.9500 32.61 0.980 1.2084e-04
ACC2 8192 8 5.00 0.9500 32.61 1.000 6.6461e-04
ACC2 8192 8 5.00 0.9500 64.60 0.900 0.0000e+00
ACC2 8192 8 5.00 0.9500 64.60 0.930 0.0000e+00
ACC2 8192 8 5.00 0.9500 64.60 0.960 6.2205e-05
ACC2 8192 8 5.00 0.9500 64.60 0.980 1.2441e-04
ACC2 8192 8 5.00 0.9500 64.60 1.000 4.9764e-04
ACC2 8192 8 5.00 0.9500 128.59 0.900 0.0000e+00
ACC2 8192 8 5.00 0.9500 128.59 0.930 0.0000e+00
ACC2 8192 8 5.00 0.9500 128.59 0.960 0.0000e+00
ACC2 8192 8 5.00 0.9500 128.59 0.980 1.2877e-04
ACC2 8192 8 5.00 0.9500 128.59 1.000 2.5753e-04
ACC2 8192 8 5.00 0.9800 2.03 0.900 0.0000e+00
ACC2 8192 8 5.00 0.9800 2.03 0.930 0.0000e+00
ACC2 8192 8 5.00 0.9800 2.03 0.960 5.7451e-05
ACC2 8192 8 5.00 0.9800 2.03 0.980 3.1598e-03
ACC2 8192 8 5.00 0.9800 2.03 1.000 2.5279e-02
ACC2 8192 8 5.00 0.9800 3.94 0.900 0.0000e+00
ACC2 8192 8 5.00 0.9800 3.94 0.930 0.0000e+00
ACC2 8192 8 5.00 0.9800 3.94 0.960 1.1692e-04
ACC2 8192 8 5.00 0.9800 3.94 0.980 1.4616e-03
ACC2 8192 8 5.00 0.9800 3.94 1.000 1.3622e-02
ACC2 8192 8 5.00 0.9800 8.14 0.900 0.0000e+00
ACC2 8192 8 5.00 0.9800 8.14 0.930 0.0000e+00
ACC2 8192 8 5.00 0.9800 8.14 0.960 0.0000e+00
ACC2 8192 8 5.00 0.9800 8.14 0.980 8.8799e-04
ACC2 8192 8 5.00 0.9800 8.14 1.000 9.1167e-03
ACC2 8192 8 5.00 0.9800 16.12 0.900 0.0000e+00
ACC2 8192 8 5.00 0.9800 16.12 0.930 0.0000e+00
ACC2 8192 8 5.00 0.9800 16.12 0.960 0.0000e+00
ACC2 8192 8 5.00 0.9800 16.12 0.980 3.0186e-04
ACC2 8192 8 5.00 0.9800 16.12 1.000 4.5883e-03
ACC2 8192 8 5.00 0.9800 32.61 0.900 0.0000e+00
ACC2 8192 8 5.00 0.9800 32.61 0.930 0.0000e+00
ACC2 8192 8 5.00 0.9800 32.61 0.960 0.0000e+00
ACC2 8192 8 5.00 0.9800 32.61 0.980 1.8601e-04
ACC2 8192 8 5.00 0.9800 32.61 1.000 2.7282e-03
ACC2 8192 8 5.00 0.9800 64.60 0.900 0.0000e+00
ACC2 8192 8 5.00 0.9800 64.60 0.930 0.0000e+00
ACC2 8192 8 5.00 0.9800 64.60 0.960 6.3428e-05
ACC2 8192 8 5.00 0.9800 64.60 0.980 1.9028e-04
ACC2 8192 8 5.00 0.9800 64.60 1.000 1.7760e-03
ACC2 8192 8 5.00 0.9800 128.59 0.900 0.0000e+00
ACC2 8192 8 5.00 0.9800 128.59 0.930 0.0000e+00
ACC2 8192 8 5.00 0.9800 128.59 0.960 0.0000e+00
ACC2 8192 8 5.00 0.9800 128.59 0.980 6.4948e-05
ACC2 8192 8 5.00 0.9800 128.59 1.000 1.1041e-03
ACC2 8192 8 5.00 0.9950 2.03 0.900 0.0000e+00
ACC2 8192 8 5.00 0.9950 2.03 0.930 0.0000e+00
ACC2 8192 8 5.00 0.9950 2.03 0.960 0.0000e+00
ACC2 8192 8 5.00 0.9950 2.03 0.980 5.3350e-03
ACC2 8192 8 5.00 0.9950 2.03 1.000 5.1179e-02
ACC2 8192 8 5.00 0.9950 3.94 0.900 0.0000e+00
ACC2 8192 8 5.00 0.9950 3.94 0.930 0.0000e+00
ACC2 8192 8 5.00 0.9950 3.94 0.960 0.0000e+00
ACC2 8192 8 5.00 0.9950 3.94 0.980 2.3174e-03
ACC2 8192 8 5.00 0.9950 3.94 1.000 4.3154e-02
ACC2 8192 8 5.00 0.9950 8.14 0.900 0.0000e+00
ACC2 8192 8 5.00 0.9950 8.14 0.930 0.0000e+00
ACC2 8192 8 5.00 0.9950 8.14 0.960 0.0000e+00
ACC2 8192 8 5.00 0.9950 8.14 0.980 1.2629e-03
ACC2 8192 8 5.00 0.9950 8.14 1.000 3.0309e-02
ACC2 8192 8 5.00 0.9950 16.12 0.900 0.0000e+00
ACC2 8192 8 5.00 0.9950 16.12 0.930 0.0000e+00
ACC2 8192 8 5.00 0.9950 16.12 0.960 0.0000e+00
ACC2 8192 8 5.00 0.9950 16.12 0.980 6.3719e-04
ACC2 8192 8 5.00 0.9950 16.12 1.000 2.2684e-02
ACC2 8192 8 5.00 0.9950 32.61 0.900 0.0000e+00
ACC2 8192 8 5.00 0.9950 32.61 0.930 0.0000e+00
ACC2 8192 8 5.00 0.9950 32.61 0.960 0.0000e+00
ACC2 8192 8 5.00 0.9950 32.61 0.980 3.8817e-04
ACC2 8192 8 5.00 0.9950 32.61 1.000 1.2616e-02
ACC2 8192 8 5.00 0.9950 64.60 0.900 0.0000e+00
ACC2 8192 8 5.00 0.9950 64.60 0.930 0.0000e+00
ACC2 8192 8 5.00 0.9950 64.60 0.960 0.0000e+00
ACC2 8192 8 5.00 0.9950 64.60 0.980 1.3110e-04
ACC2 8192 8 5.00 0.9950 64.60 1.000 5.7027e-03
ACC2 8192 8 5.00 0.9950 128.59 0.900 0.0000e+00
ACC2 8192 8 5.00 0.9950 128.59 0.930 0.0000e+00
ACC2 8192 8 5.00 0.9950 128.59 0.960 0.0000e+00
ACC2 8192 8 5.00 0.9950 128.59 0.980 0.0000e+00
ACC2 8192 8 5.00 0.9950 128.59 1.000 2.5950e-03
ACC2 8192 8 5.50 0.8000 2.03 0.900 0.0000e+00
ACC2 8192 8 5.50 0.8000 2.03 0.930 0.0000e+00
ACC2 8192 8 5.50 0.8000 2.03 0.960 1.1075e-04
ACC2 8192 8 5.50 0.8000 2.03 0.980 2.2150e-04
ACC2 8192 8 5.50 0.8000 2.03 1.000 2.7687e-04
ACC2 8192 8 5.50 0.8000 3.94 0.900 0.0000e+00
ACC2 8192 8 5.50 0.8000 3.94 0.930 5.7527e-05
ACC2 8192 8 5.50 0.8000 3.94 0.960 2.3011e-04
ACC2 8192 8 5.50 0.8000 3.94 0.980 3.4516e-04
ACC2 8192 8 5.50 0.8000 3.94 1.000 5.1775e-04
ACC2 8192 8 5.50 0.8000 8.14 0.900 5.9776e-05
ACC2 8192 8 5.50 0.8000 8.14 0.930 5.9776e-05
ACC2 8192 8 5.50 0.8000 8.14 0.960 1.1955e-04
ACC2 8192 8 5.50 0.8000 8.14 0.980 2.3911e-04
ACC2 8192 8 5.50 0.8000 8.14 1.000 5.3799e-04
ACC2 8192 8 5.50 0.8000 16.12 0.900 0.0000e+00
ACC2 8192 8 5.50 0.8000 16.12 0.930 0.0000e+00
ACC2 8192 8 5.50 0.8000 16.12 0.960 6.2263e-05
ACC2 8192 8 5.50 0.8000 16.12 0.980 3.7358e-04
ACC2 8192 8 5.50 0.8000 16.12 1.000 6.2263e-04
ACC2 8192 8 5.50 0.8000 32.61 0.900 0.0000e+00
ACC2 8192 8 5.50 0.8000 32.61 0.930 6.4914e-05
ACC2 8192 8 5.50 0.8000 32.61 0.960 2.5966e-04
ACC2 8192 8 5.50 0.8000 32.61 0.980 3.2457e-04
ACC2 8192 8 5.50 0.8000 32.61 1.000 5.1931e-04
ACC2 8192 8 5.50 0.8000 64.60 0.900 0.0000e+00
ACC2 8192 8 5.50 0.8000 64.60 0.930 0.0000e+00
ACC2 8192 8 5.50 0.8000 64.60 0.960 0.0000e+00
ACC2 8192 8 5.50 0.8000 64.60 0.980 6.7254e-05
ACC2 8192 8 5.50 0.8000 64.60 1.000 2.6902e-04
ACC2 8192 8 5.50 0.8000 128.59 0.900 0.0000e+00
ACC2 8192 8 5.50 0.8000 128.59 0.930 0.0000e+00
ACC2 8192 8 5.50 0.8000 128.59 0.960 0.0000e+00
ACC2 8192 8 5.50 0.8000 128.59 0.980 6.9363e-05
ACC2 8192 8 5.50 0.8000 128.59 1.000 1.3873e-04
ACC2 8192 8 5.50 0.9000 2.03 0.900 0.0000e+00
ACC2 8192 8 5.50 0.9000 2.03 0.930 0.0000e+00
ACC2 8192 8 5.50 0.9000 2.03 0.960 1.6336e-04
ACC2 8192 8 5.50 0.9000 2.03 0.980 3.8118e-04
ACC2 8192 8 5.50 0.9000 2.03 1.000 1.1435e-03
ACC2 8192 8 5.50 0.9000 3.94 0.900 0.0000e+00
ACC2 8192 8 5.50 0.9000 3.94 0.930 0.0000e+00
ACC2 8192 8 5.50 0.9000 3.94 0.960 0.0000e+00
ACC2 8192 8 5.50 0.9000 3.94 0.980 1.1237e-04
ACC2 8192 8 5.50 0.9000 3.94 1.000 5.6186e-04
ACC2 8192 8 5.50 0.9000 8.14 0.900 0.0000e+00
ACC2 8192 8 5.50 0.9000 8.14 0.930 0.0000e+00
ACC2 8192 8 5.50 0.9000 8.14 0.960 1.1563e-04
ACC2 8192 8 5.50 0.9000 8.14 0.980 1.1563e-04
ACC2 8192 8 5.50 0.9000 8.14 1.000 6.3599e-04
ACC2 8192 8 5.50 0.9000 16.12 0.900 0.0000e+00
ACC2 8192 8 5.50 0.9000 16.12 0.930 5.9873e-05
ACC2 8192 8 5.50 0.9000 16.12 0.960 5.9873e-05
ACC2 8192 8 5.50 0.9000 16.12 0.980 1.7962e-04
ACC2 8192 8 5.50 0.9000 16.12 1.000 4.1911e-04
ACC2 8192 8 5.50 0.9000 32.61 0.900 0.0000e+00
ACC2 8192 8 5.50 0.9000 32.61 0.930 6.2434e-05
ACC2 8192 8 5.50 0.9000 32.61 0.960 1.2487e-04
ACC2 8192 8 5.50 0.9000 32.61 0.980 2.4973e-04
ACC2 8192 8 5.50 0.9000 32.61 1.000 6.8677e-04
ACC2 8192 8 5.50 0.9000 64.60 0.900 0.0000e+00
ACC2 8192 8 5.50 0.9000 64.60 0.930 0.0000e+00
ACC2 8192 8 5.50 0.9000 64.60 0.960 0.0000e+00
ACC2 8192 8 5.50 0.9000 64.60 0.980 1.2928e-04
ACC2 8192 8 5.50 0.9000 64.60 1.000 3.8785e-04
ACC2 8192 8 5.50 0.9000 128.59 0.900 0.0000e+00
ACC2 8192 8 5.50 0.9000 128.59 0.930 0.0000e+00
ACC2 8192 8 5.50 0.9000 128.59 0.960 0.0000e+00
ACC2 8192 8 5.50 0.9000 128.59 0.980 2.6912e-04
ACC2 8192 8 5.50 0.9000 128.59 1.000 4.7097e-04
ACC2 8192 8 5.50 0.9500 2.03 0.900 0.0000e+00
ACC2 8192 8 5.50 0.9500 2.03 0.930 0.0000e+00
ACC2 8192 8 5.50 0.9500 2.03 0.960 0.0000e+00
ACC2 8192 8 5.50 0.9500 2.03 0.980 5.0100e-04
ACC2 8192 8 5.50 0.9500 2.03 1.000 3.8410e-03
ACC2 8192 8 5.50 0.9500 3.94 0.900 0.0000e+00
ACC2 8192 8 5.50 0.9500 3.94 0.930 5.7248e-05
ACC2 8192 8 5.50 0.9500 3.94 0.960 5.7248e-05
ACC2 8192 8 5.50 0.9500 3.94 0.980 6.8697e-04
ACC2 8192 8 5.50 0.9500 3.94 1.000 2.6334e-03
ACC2 8192 8 5.50 0.9500 8.14 0.900 0.0000e+00
ACC2 8192 8 5.50 0.9500 8.14 0.930 0.0000e+00
ACC2 8192 8 5.50 0.9500 8.14 0.960 0.0000e+00
ACC2 8192 8 5.50 0.9500 8.14 0.980 1.7497e-04
ACC2 8192 8 5.50 0.9500 8.14 1.000 1.2831e-03
ACC2 8192 8 5.50 0.9500 16.12 0.900 0.0000e+00
ACC2 8192 8 5.50 0.9500 16.12 0.930 0.0000e+00
ACC2 8192 8 5.50 0.9500 16.12 0.960 0.0000e+00
ACC2 8192 8 5.50 0.9500 16.12 0.980 1.2008e-04
ACC2 8192 8 5.50 0.9500 16.12 1.000 1.0808e-03
ACC2 8192 8 5.50 0.9500 32.61 0.900 0.0000e+00
ACC2 8192 8 5.50 0.9500 32.61 0.930 0.0000e+00
ACC2 8192 8 5.50 0.9500 32.61 0.960 0.0000e+00
ACC2 8192 8 5.50 0.9500 32.61 0.980 6.2274e-05
ACC2 8192 8 5.50 0.9500 32.61 1.000 5.6047e-04
ACC2 8192 8 5.50 0.9500 64.60 0.900 0.0000e+00
ACC2 8192 8 5.50 0.9500 64.60 0.930 0.0000e+00
ACC2 8192 8 5.50 0.9500 64.60 0.960 6.4238e-05
ACC2 8192 8 5.50 0.9500 64.60 0.980 1.9272e-04
ACC2 8192 8 5.50 0.9500 64.60 1.000 6.4238e-04
ACC2 8192 8 5.50 0.9500 128.59 0.900 0.0000e+00
ACC2 8192 8 5.50 0.9500 128.59 0.930 0.0000e+00
ACC2 8192 8 5.50 0.9500 128.59 0.960 0.0000e+00
ACC2 8192 8 5.50 0.9500 128.59 0.980 1.3295e-04
ACC2 8192 8 5.50 0.9500 128.59 1.000 3.9886e-04
ACC2 8192 8 5.50 0.9800 2.03 0.900 0.0000e+00
ACC2 8192 8 5.50 0.9800 2.03 0.930 0.0000e+00
ACC2 8192 8 5.50 0.9800 2.03 0.960 5.8689e-05
ACC2 8192 8 5.50 0.9800 2.03 0.980 1.6433e-03
ACC2 8192 8 5.50 0.9800 2.03 1.000 2.0893e-02
ACC2 8192 8 5.50 0.9800 3.94 0.900 0.0000e+00
ACC2 8192 8 5.50 0.9800 3.94 0.930 0.0000e+00
ACC2 8192 8 5.50 0.9800 3.94 0.960 5.9648e-05
ACC2 8192 8 5.50 0.9800 3.94 0.980 9.5437e-04
ACC2 8192 8 5.50 0.9800 3.94 1.000 1.2765e-02
ACC2 8192 8 5.50 0.9800 8.14 0.900 0.0000e+00
ACC2 8192 8 5.50 0.9800 8.14 0.930 0.0000e+00
ACC2 8192 8 5.50 0.9800 8.14 0.960 0.0000e+00
ACC2 8192 8 5.50 0.9800 8.14 0.980 5.4486e-04
ACC2 8192 8 5.50 0.9800 8.14 1.000 7.7491e-03
ACC2 8192 8 5.50 0.9800 16.12 0.900 0.0000e+00
ACC2 8192 8 5.50 0.9800 16.12 0.930 0.0000e+00
ACC2 8192 8 5.50 0.9800 16.12 0.960 0.0000e+00
ACC2 8192 8 5.50 0.9800 16.12 0.980 3.0900e-04
ACC2 8192 8 5.50 0.9800 16.12 1.000 3.2136e-03
ACC2 8192 8 5.50 0.9800 32.61 0.900 0.0000e+00
ACC2 8192 8 5.50 0.9800 32.61 0.930 0.0000e+00
ACC2 8192 8 5.50 0.9800 32.61 0.960 0.0000e+00
ACC2 8192 8 5.50 0.9800 32.61 0.980 1.2701e-04
ACC2 8192 8 5.50 0.9800 32.61 1.000 1.8416e-03
ACC2 8192 8 5.50 0.9800 64.60 0.900 0.0000e+00
ACC2 8192 8 5.50 0.9800 64.60 0.930 0.0000e+00
ACC2 8192 8 5.50 0.9800 64.60 0.960 0.0000e+00
ACC2 8192 8 5.50 0.9800 64.60 0.980 6.5041e-05
ACC2 8192 8 5.50 0.9800 64.60 1.000 1.3008e-03
ACC2 8192 8 5.50 0.9800 128.59 0.900 0.0000e+00
ACC2 8192 8 5.50 0.9800 128.59 0.930 0.0000e+00
ACC2 8192 8 5.50 0.9800 128.59 0.960 0.0000e+00
ACC2 8192 8 5.50 0.9800 128.59 0.980 0.0000e+00
ACC2 8192 8 5.50 0.9800 128.59 1.000 7.3338e-04
ACC2 8192 8 5.50 0.9950 2.03 0.900 0.0000e+00
ACC2 8192 8 5.50 0.9950 2.03 0.930 0.0000e+00
ACC2 8192 8 5.50 0.9950 2.03 0.960 0.0000e+00
ACC2 8192 8 5.50 0.9950 2.03 0.980 2.2732e-03
ACC2 8192 8 5.50 0.9950 2.03 1.000 5.0073e-02
ACC2 8192 8 5.50 0.9950 3.94 0.900 0.0000e+00
ACC2 8192 8 5.50 0.9950 3.94 0.930 0.0000e+00
ACC2 8192 8 5.50 0.9950 3.94 0.960 0.0000e+00
ACC2 8192 8 5.50 0.9950 3.94 0.980 9.5718e-04
ACC2 8192 8 5.50 0.9950 3.94 1.000 3.9053e-02
ACC2 8192 8 5.50 0.9950 8.14 0.900 0.0000e+00
ACC2 8192 8 5.50 0.9950 8.14 0.930 0.0000e+00
ACC2 8192 8 5.50 0.9950 8.14 0.960 0.0000e+00
ACC2 8192 8 5.50 0.9950 8.14 0.980 2.5712e-04
ACC2 8192 8 5.50 0.9950 8.14 1.000 2.7512e-02
ACC2 8192 8 5.50 0.9950 16.12 0.900 0.0000e+00
ACC2 8192 8 5.50 0.9950 16.12 0.930 0.0000e+00
ACC2 8192 8 5.50 0.9950 16.12 0.960 0.0000e+00
ACC2 8192 8 5.50 0.9950 16.12 0.980 3.2506e-04
ACC2 8192 8 5.50 0.9950 16.12 1.000 1.8528e-02
ACC2 8192 8 5.50 0.9950 32.61 0.900 0.0000e+00
ACC2 8192 8 5.50 0.9950 32.61 0.930 0.0000e+00
ACC2 8192 8 5.50 0.9950 32.61 0.960 0.0000e+00
ACC2 8192 8 5.50 0.9950 32.61 0.980 1.3173e-04
ACC2 8192 8 5.50 0.9950 32.61 1.000 1.0341e-02
ACC2 8192 8 5.50 0.9950 64.60 0.900 0.0000e+00
ACC2 8192 8 5.50 0.9950 64.60 0.930 0.0000e+00
ACC2 8192 8 5.50 0.9950 64.60 0.960 0.0000e+00
ACC2 8192 8 5.50 0.9950 64.60 0.980 1.3350e-04
ACC2 8192 8 5.50 0.9950 64.60 1.000 5.2066e-03
ACC2 8192 8 5.50 0.9950 128.59 0.900 0.0000e+00
ACC2 8192 8 5.50 0.9950 128.59 0.930 0.0000e+00
ACC2 8192 8 5.50 0.9950 128.59 0.960 0.0000e+00
ACC2 8192 8 5.50 0.9950 128.59 0.980 0.0000e+00
ACC2 8192 8 5.50 0.9950 128.59 1.000 1.9020e-03
ACC2 8192 8 6.00 0.8000 2.03 0.900 0.0000e+00
ACC2 8192 8 6.00 0.8000 2.03 0.930 0.0000e+00
ACC2 8192 8 6.00 0.8000 2.03 0.960 1.7596e-04
ACC2 8192 8 6.00 0.8000 2.03 0.980 2.9327e-04
ACC2 8192 8 6.00 0.8000 2.03 1.000 2.9327e-04
ACC2 8192 8 6.00 0.8000 3.94 0.900 0.0000e+00
ACC2 8192 8 6.00 0.8000 3.94 0.930 0.0000e+00
ACC2 8192 8 6.00 0.8000 3.94 0.960 1.2147e-04
ACC2 8192 8 6.00 0.8000 3.94 0.980 3.0367e-04
ACC2 8192 8 6.00 0.8000 3.94 1.000 6.0735e-04
ACC2 8192 8 6.00 0.8000 8.14 0.900 0.0000e+00
ACC2 8192 8 6.00 0.8000 8.14 0.930 6.3060e-05
ACC2 8192 8 6.00 0.8000 8.14 0.960 1.2612e-04
ACC2 8192 8 6.00 0.8000 8.14 0.980 2.5224e-04
ACC2 8192 8 6.00 0.8000 8.14 1.000 5.0448e-04
ACC2 8192 8 6.00 0.8000 16.12 0.900 0.0000e+00
ACC2 8192 8 6.00 0.8000 16.12 0.930 0.0000e+00
ACC2 8192 8 6.00 0.8000 16.12 0.960 6.5338e-05
ACC2 8192 8 6.00 0.8000 16.12 0.980 3.2669e-04
ACC2 8192 8 6.00 0.8000 16.12 1.000 7.1872e-04
ACC2 8192 8 6.00 0.8000 32.61 0.900 0.0000e+00
ACC2 8192 8 6.00 0.8000 32.61 0.930 0.0000e+00
ACC2 8192 8 6.00 0.8000 32.61 0.960 2.0345e-04
ACC2 8192 8 6.00 0.8000 32.61 0.980 2.7126e-04
ACC2 8192 8 6.00 0.8000 32.61 1.000 5.4252e-04
ACC2 8192 8 6.00 0.8000 64.60 0.900 0.0000e+00
ACC2 8192 8 6.00 0.8000 64.60 0.930 0.0000e+00
ACC2 8192 8 6.00 0.8000 64.60 0.960 0.0000e+00
ACC2 8192 8 6.00 0.8000 64.60 0.980 1.3966e-04
ACC2 8192 8 6.00 0.8000 64.60 1.000 4.1897e-04
ACC2 8192 8 6.00 0.8000 128.59 0.900 0.0000e+00
ACC2 8192 8 6.00 0.8000 128.59 0.930 7.1378e-05
ACC2 8192 8 6.00 0.8000 128.59 0.960 7.1378e-05
ACC2 8192 8 6.00 0.8000 128.59 0.980 7.1378e-05
ACC2 8192 8 6.00 0.8000 128.59 1.000 2.1413e-04
ACC2 8192 8 6.00 0.9000 2.03 0.900 0.0000e+00
ACC2 8192 8 6.00 0.9000 2.03 0.930 0.0000e+00
ACC2 8192 8 6.00 0.9000 2.03 0.960 5.6424e-05
ACC2 8192 8 6.00 0.9000 2.03 0.980 2.8212e-04
ACC2 8192 8 6.00 0.9000 2.03 1.000 7.8993e-04
ACC2 8192 8 6.00 0.9000 3.94 0.900 0.0000e+00
ACC2 8192 8 6.00 0.9000 3.94 0.930 0.0000e+00
ACC2 8192 8 6.00 0.9000 3.94 0.960 5.8316e-05
ACC2 8192 8 6.00 0.9000 3.94 0.980 1.1663e-04
ACC2 8192 8 6.00 0.9000 3.94 1.000 3.4990e-04
ACC2 8192 8 6.00 0.9000 8.14 0.900 0.0000e+00
ACC2 8192 8 6.00 0.9000 8.14 0.930 0.0000e+00
ACC2 8192 8 6.00 0.9000 8.14 0.960 5.9862e-05
ACC2 8192 8 6.00 0.9000 8.14 0.980 1.7959e-04
ACC2 8192 8 6.00 0.9000 8.14 1.000 5.3876e-04
ACC2 8192 8 6.00 0.9000 16.12 0.900 0.0000e+00
ACC2 8192 8 6.00 0.9000 16.12 0.930 6.2131e-05
ACC2 8192 8 6.00 0.9000 16.12 0.960 6.2131e-05
ACC2 8192 8 6.00 0.9000 16.12 0.980 1.8639e-04
ACC2 8192 8 6.00 0.9000 16.12 1.000 4.3492e-04
ACC2 8192 8 6.00 0.9000 32.61 0.900 0.0000e+00
ACC2 8192 8 6.00 0.9000 32.61 0.930 0.0000e+00
ACC2 8192 8 6.00 0.9000 32.61 0.960 6.4570e-05
ACC2 8192 8 6.00 0.9000 32.61 0.980 2.5828e-04
ACC2 8192 8 6.00 0.9000 32.61 1.000 6.4570e-04
ACC2 8192 8 6.00 0.9000 64.60 0.900 0.0000e+00
ACC2 8192 8 6.00 0.9000 64.60 0.930 0.0000e+00
ACC2 8192 8 6.00 0.9000 64.60 0.960 0.0000e+00
ACC2 8192 8 6.00 0.9000 64.60 0.980 1.3348e-04
ACC2 8192 8 6.00 0.9000 64.60 1.000 6.0064e-04
ACC2 8192 8 6.00 0.9000 128.59 0.900 0.0000e+00
ACC2 8192 8 6.00 0.9000 128.59 0.930 0.0000e+00
ACC2 8192 8 6.00 0.9000 128.59 0.960 0.0000e+00
ACC2 8192 8 6.00 0.9000 128.59 0.980 2.0807e-04
ACC2 8192 8 6.00 0.9000 128.59 1.000 5.5486e-04
ACC2 8192 8 6.00 0.9500 2.03 0.900 0.0000e+00
ACC2 8192 8 6.00 0.9500 2.03 0.930 0.0000e+00
ACC2 8192 8 6.00 0.9500 2.03 0.960 0.0000e+00
ACC2 8192 8 6.00 0.9500 2.03 0.980 2.2838e-04
ACC2 8192 8 6.00 0.9500 2.03 1.000 2.7405e-03
ACC2 8192 8 6.00 0.9500 3.94 0.900 0.0000e+00
ACC2 8192 8 6.00 0.9500 3.94 0.930 0.0000e+00
ACC2 8192 8 6.00 0.9500 3.94 0.960 0.0000e+00
ACC2 8192 8 6.00 0.9500 3.94 0.980 2.3449e-04
ACC2 8192 8 6.00 0.9500 3.94 1.000 1.7001e-03
ACC2 8192 8 6.00 0.9500 8.14 0.900 0.0000e+00
ACC2 8192 8 6.00 0.9500 8.14 0.930 0.0000e+00
ACC2 8192 8 6.00 0.9500 8.14 0.960 0.0000e+00
ACC2 8192 8 6.00 0.9500 8.14 0.980 5.9737e-05
ACC2 8192 8 6.00 0.9500 8.14 1.000 1.6726e-03
ACC2 8192 8 6.00 0.9500 16.12 0.900 0.0000e+00
ACC2 8192 8 6.00 0.9500 16.12 0.930 0.0000e+00
ACC2 8192 8 6.00 0.9500 16.12 0.960 0.0000e+00
ACC2 8192 8 6.00 0.9500 16.12 0.980 0.0000e+00
ACC2 8192 8 6.00 0.9500 16.12 1.000 8.6319e-04
ACC2 8192 8 6.00 0.9500 32.61 0.900 0.0000e+00
ACC2 8192 8 6.00 0.9500 32.61 0.930 0.0000e+00
ACC2 8192 8 6.00 0.9500 32.61 0.960 0.0000e+00
ACC2 8192 8 6.00 0.9500 32.61 0.980 0.0000e+00
ACC2 8192 8 6.00 0.9500 32.61 1.000 3.1920e-04
ACC2 8192 8 6.00 0.9500 64.60 0.900 0.0000e+00
ACC2 8192 8 6.00 0.9500 64.60 0.930 0.0000e+00
ACC2 8192 8 6.00 0.9500 64.60 0.960 0.0000e+00
ACC2 8192 8 6.00 0.9500 64.60 0.980 6.5894e-05
ACC2 8192 8 6.00 0.9500 64.60 1.000 5.2715e-04
ACC2 8192 8 6.00 0.9500 128.59 0.900 0.0000e+00
ACC2 8192 8 6.00 0.9500 128.59 0.930 0.0000e+00
ACC2 8192 8 6.00 0.9500 128.59 0.960 0.0000e+00
ACC2 8192 8 6.00 0.9500 128.59 0.980 6.8092e-05
ACC2 8192 8 6.00 0.9500 128.59 1.000 2.7237e-04
ACC2 8192 8 6.00 0.9800 2.03 0.900 0.0000e+00
ACC2 8192 8 6.00 0.9800 2.03 0.930 0.0000e+00
ACC2 8192 8 6.00 0.9800 2.03 0.960 5.9709e-05
ACC2 8192 8 6.00 0.9800 2.03 0.980 8.3592e-04
ACC2 8192 8 6.00 0.9800 2.03 1.000 1.5942e-02
ACC2 8192 8 6.00 0.9800 3.94 0.900 0.0000e+00
ACC2 8192 8 6.00 0.9800 3.94 0.930 0.0000e+00
ACC2 8192 8 6.00 0.9800 3.94 0.960 0.0000e+00
ACC2 8192 8 6.00 0.9800 3.94 0.980 2.4332e-04
ACC2 8192 8 6.00 0.9800 3.94 1.000 8.3338e-03
ACC2 8192 8 6.00 0.9800 8.14 0.900 0.0000e+00
ACC2 8192 8 6.00 0.9800 8.14 0.930 0.0000e+00
ACC2 8192 8 6.00 0.9800 8.14 0.960 0.0000e+00
ACC2 8192 8 6.00 0.9800 8.14 0.980 2.4713e-04
ACC2 8192 8 6.00 0.9800 8.14 1.000 4.8808e-03
ACC2 8192 8 6.00 0.9800 16.12 0.900 0.0000e+00
ACC2 8192 8 6.00 0.9800 16.12 0.930 0.0000e+00
ACC2 8192 8 6.00 0.9800 16.12 0.960 0.0000e+00
ACC2 8192 8 6.00 0.9800 16.12 0.980 6.2992e-05
ACC2 8192 8 6.00 0.9800 16.12 1.000 2.7087e-03
ACC2 8192 8 6.00 0.9800 32.61 0.900 0.0000e+00
ACC2 8192 8 6.00 0.9800 32.61 0.930 0.0000e+00
ACC2 8192 8 6.00 0.9800 32.61 0.960 0.0000e+00
ACC2 8192 8 6.00 0.9800 32.61 0.980 1.2942e-04
ACC2 8192 8 6.00 0.9800 32.61 1.000 1.1000e-03
ACC2 8192 8 6.00 0.9800 64.60 0.900 0.0000e+00
ACC2 8192 8 6.00 0.9800 64.60 0.930 0.0000e+00
ACC2 8192 8 6.00 0.9800 64.60 0.960 0.0000e+00
ACC2 8192 8 6.00 0.9800 64.60 0.980 1.3257e-04
ACC2 8192 8 6.00 0.9800 64.60 1.000 1.1932e-03
ACC2 8192 8 6.00 0.9800 128.59 0.900 0.0000e+00
ACC2 8192 8 6.00 0.9800 128.59 0.930 0.0000e+00
ACC2 8192 8 6.00 0.9800 128.59 0.960 0.0000e+00
ACC2 8192 8 6.00 0.9800 128.59 0.980 0.0000e+00
ACC2 8192 8 6.00 0.9800 128.59 1.000 6.8004e-04
ACC2 8192 8 6.00 0.9950 2.03 0.900 0.0000e+00
ACC2 8192 8 6.00 0.9950 2.03 0.930 0.0000e+00
ACC2 8192 8 6.00 0.9950 2.03 0.960 0.0000e+00
ACC2 8192 8 6.00 0.9950 2.03 0.980 6.4156e-04
ACC2 8192 8 6.00 0.9950 2.03 1.000 3.9584e-02
ACC2 8192 8 6.00 0.9950 3.94 0.900 0.0000e+00
ACC2 8192 8 6.00 0.9950 3.94 0.930 0.0000e+00
ACC2 8192 8 6.00 0.9950 3.94 0.960 0.0000e+00
ACC2 8192 8 6.00 0.9950 3.94 0.980 3.2373e-04
ACC2 8192 8 6.00 0.9950 3.94 1.000 2.9913e-02
ACC2 8192 8 6.00 0.9950 8.14 0.900 0.0000e+00
ACC2 8192 8 6.00 0.9950 8.14 0.930 0.0000e+00
ACC2 8192 8 6.00 0.9950 8.14 0.960 0.0000e+00
ACC2 8192 8 6.00 0.9950 8.14 0.980 6.5232e-05
ACC2 8192 8 6.00 0.9950 8.14 1.000 1.9439e-02
ACC2 8192 8 6.00 0.9950 16.12 0.900 0.0000e+00
ACC2 8192 8 6.00 0.9950 16.12 0.930 0.0000e+00
ACC2 8192 8 6.00 0.9950 16.12 0.960 0.0000e+00
ACC2 8192 8 6.00 0.9950 16.12 0.980 0.0000e+00
ACC2 8192 8 6.00 0.9950 16.12 1.000 1.1026e-02
ACC2 8192 8 6.00 0.9950 32.61 0.900 0.0000e+00
ACC2 8192 8 6.00 0.9950 32.61 0.930 0.0000e+00
ACC2 8192 8 6.00 0.9950 32.61 0.960 0.0000e+00
ACC2 8192 8 6.00 0.9950 32.61 0.980 6.6899e-05
ACC2 8192 8 6.00 0.9950 32.61 1.000 6.0878e-03
ACC2 8192 8 6.00 0.9950 64.60 0.900 0.0000e+00
ACC2 8192 8 6.00 0.9950 64.60 0.930 0.0000e+00
ACC2 8192 8 6.00 0.9950 64.60 0.960 0.0000e+00
ACC2 8192 8 6.00 0.9950 64.60 0.980 0.0000e+00
ACC2 8192 8 6.00 0.9950 64.60 1.000 2.9117e-03
ACC2 8192 8 6.00 0.9950 128.59 0.900 0.0000e+00
ACC2 8192 8 6.00 0.9950 128.59 0.930 0.0000e+00
ACC2 8192 8 6.00 0.9950 128.59 0.960 0.0000e+00
ACC2 8192 8 6.00 0.9950 128.59 0.980 0.0000e+00
ACC2 8192 8 6.00 0.9950 128.59 1.000 8.2622e-04
ACC2 8192 8 6.50 0.8000 2.03 0.900 0.0000e+00
ACC2 8192 8 6.50 0.8000 2.03 0.930 0.0000e+00
ACC2 8192 8 6.50 0.8000 2.03 0.960 1.8539e-04
ACC2 8192 8 6.50 0.8000 2.03 0.980 3.0899e-04
ACC2 8192 8 6.50 0.8000 2.03 1.000 3.7078e-04
ACC2 8192 8 6.50 0.8000 3.94 0.900 0.0000e+00
ACC2 8192 8 6.50 0.8000 3.94 0.930 0.0000e+00
ACC2 8192 8 6.50 0.8000 3.94 0.960 1.2789e-04
ACC2 8192 8 6.50 0.8000 3.94 0.980 3.1971e-04
ACC2 8192 8 6.50 0.8000 3.94 1.000 6.3943e-04
ACC2 8192 8 6.50 0.8000 8.14 0.900 0.0000e+00
ACC2 8192 8 6.50 0.8000 8.14 0.930 6.6173e-05
ACC2 8192 8 6.50 0.8000 8.14 0.960 1.3235e-04
ACC2 8192 8 6.50 0.8000 8.14 0.980 1.9852e-04
ACC2 8192 8 6.50 0.8000 8.14 1.000 4.6321e-04
ACC2 8192 8 6.50 0.8000 16.12 0.900 0.0000e+00
ACC2 8192 8 6.50 0.8000 16.12 0.930 0.0000e+00
ACC2 8192 8 6.50 0.8000 16.12 0.960 6.8060e-05
ACC2 8192 8 6.50 0.8000 16.12 0.980 4.0836e-04
ACC2 8192 8 6.50 0.8000 16.12 1.000 7.4866e-04
ACC2 8192 8 6.50 0.8000 32.61 0.900 0.0000e+00
ACC2 8192 8 6.50 0.8000 32.61 0.930 0.0000e+00
ACC2 8192 8 6.50 0.8000 32.61 0.960 2.1030e-04
ACC2 8192 8 6.50 0.8000 32.61 0.980 2.8041e-04
ACC2 8192 8 6.50 0.8000 32.61 1.000 5.6081e-04
ACC2 8192 8 6.50 0.8000 64.60 0.900 0.0000e+00
ACC2 8192 8 6.50 0.8000 64.60 0.930 0.0000e+00
ACC2 8192 8 6.50 0.8000 64.60 0.960 0.0000e+00
ACC2 8192 8 6.50 0.8000 64.60 0.980 1.4365e-04
ACC2 8192 8 6.50 0.8000 64.60 1.000 5.0277e-04
ACC2 8192 8 6.50 0.8000 128.59 0.900 0.0000e+00
ACC2 8192 8 6.50 0.8000 128.59 0.930 7.3062e-05
ACC2 8192 8 6.50 0.8000 128.59 0.960 1.4612e-04
ACC2 8192 8 6.50 0.8000 128.59 0.980 1.4612e-04
ACC2 8192 8 6.50 0.8000 128.59 1.000 4.3837e-04
ACC2 8192 8 6.50 0.9000 2.03 0.900 0.0000e+00
ACC2 8192 8 6.50 0.9000 2.03 0.930 0.0000e+00
ACC2 8192 8 6.50 0.9000 2.03 0.960 5.8394e-05
ACC2 8192 8 6.50 0.9000 2.03 0.980 2.9197e-04
ACC2 8192 8 6.50 0.9000 2.03 1.000 7.0073e-04
ACC2 8192 8 6.50 0.9000 3.94 0.900 0.0000e+00
ACC2 8192 8 6.50 0.9000 3.94 0.930 0.0000e+00
ACC2 8192 8 6.50 0.9000 3.94 0.960 6.0154e-05
ACC2 8192 8 6.50 0.9000 3.94 0.980 1.2031e-04
ACC2 8192 8 6.50 0.9000 3.94 1.000 6.6169e-04
ACC2 8192 8 6.50 0.9000 8.14 0.900 0.0000e+00
ACC2 8192 8 6.50 0.9000 8.14 0.930 0.0000e+00
ACC2 8192 8 6.50 0.9000 8.14 0.960 6.1839e-05
ACC2 8192 8 6.50 0.9000 8.14 0.980 2.4736e-04
ACC2 8192 8 6.50 0.9000 8.14 1.000 6.8023e-04
ACC2 8192 8 6.50 0.9000 16.12 0.900 0.0000e+00
ACC2 8192 8 6.50 0.9000 16.12 0.930 6.4172e-05
ACC2 8192 8 6.50 0.9000 16.12 0.960 6.4172e-05
ACC2 8192 8 6.50 0.9000 16.12 0.980 1.2834e-04
ACC2 8192 8 6.50 0.9000 16.12 1.000 3.2086e-04
ACC2 8192 8 6.50 0.9000 32.61 0.900 0.0000e+00
ACC2 8192 8 6.50 0.9000 32.61 0.930 0.0000e+00
ACC2 8192 8 6.50 0.9000 32.61 0.960 6.6494e-05
ACC2 8192 8 6.50 0.9000 32.61 0.980 1.9948e-04
ACC2 8192 8 6.50 0.9000 32.61 1.000 6.6494e-04
ACC2 8192 8 6.50 0.9000 64.60 0.900 0.0000e+00
ACC2 8192 8 6.50 0.9000 64.60 0.930 0.0000e+00
ACC2 8192 8 6.50 0.9000 64.60 0.960 0.0000e+00
ACC2 8192 8 6.50 0.9000 64.60 0.980 6.8493e-05
ACC2 8192 8 6.50 0.9000 64.60 1.000 5.4795e-04
ACC2 8192 8 6.50 0.9000 128.59 0.900 0.0000e+00
ACC2 8192 8 6.50 0.9000 128.59 0.930 0.0000e+00
ACC2 8192 8 6.50 0.9000 128.59 0.960 0.0000e+00
ACC2 8192 8 6.50 0.9000 128.59 0.980 7.0726e-05
ACC2 8192 8 6.50 0.9000 128.59 1.000 4.2436e-04
ACC2 8192 8 6.50 0.9500 2.03 0.900 0.0000e+00
ACC2 8192 8 6.50 0.9500 2.03 0.930 0.0000e+00
ACC2 8192 8 6.50 0.9500 2.03 0.960 0.0000e+00
ACC2 8192 8 6.50 0.9500 2.03 0.980 1.1703e-04
ACC2 8192 8 6.50 0.9500 2.03 1.000 1.6969e-03
ACC2 8192 8 6.50 0.9500 3.94 0.900 0.0000e+00
ACC2 8192 8 6.50 0.9500 3.94 0.930 0.0000e+00
ACC2 8192 8 6.50 0.9500 3.94 0.960 0.0000e+00
ACC2 8192 8 6.50 0.9500 3.94 0.980 1.7981e-04
ACC2 8192 8 6.50 0.9500 3.94 1.000 1.2587e-03
ACC2 8192 8 6.50 0.9500 8.14 0.900 0.0000e+00
ACC2 8192 8 6.50 0.9500 8.14 0.930 0.0000e+00
ACC2 8192 8 6.50 0.9500 8.14 0.960 0.0000e+00
ACC2 8192 8 6.50 0.9500 8.14 0.980 0.0000e+00
ACC2 8192 8 6.50 0.9500 8.14 1.000 9.1855e-04
ACC2 8192 8 6.50 0.9500 16.12 0.900 0.0000e+00
ACC2 8192 8 6.50 0.9500 16.12 0.930 0.0000e+00
ACC2 8192 8 6.50 0.9500 16.12 0.960 0.0000e+00
ACC2 8192 8 6.50 0.9500 16.12 0.980 0.0000e+00
ACC2 8192 8 6.50 0.9500 16.12 1.000 7.5710e-04
ACC2 8192 8 6.50 0.9500 32.61 0.900 0.0000e+00
ACC2 8192 8 6.50 0.9500 32.61 0.930 0.0000e+00
ACC2 8192 8 6.50 0.9500 32.61 0.960 0.0000e+00
ACC2 8192 8 6.50 0.9500 32.61 0.980 0.0000e+00
ACC2 8192 8 6.50 0.9500 32.61 1.000 3.2637e-04
ACC2 8192 8 6.50 0.9500 64.60 0.900 0.0000e+00
ACC2 8192 8 6.50 0.9500 64.60 0.930 0.0000e+00
ACC2 8192 8 6.50 0.9500 64.60 0.960 0.0000e+00
ACC2 8192 8 6.50 0.9500 64.60 0.980 6.7222e-05
ACC2 8192 8 6.50 0.9500 64.60 1.000 4.7056e-04
ACC2 8192 8 6.50 0.9500 128.59 0.900 0.0000e+00
ACC2 8192 8 6.50 0.9500 128.59 0.930 0.0000e+00
ACC2 8192 8 6.50 0.9500 128.59 0.960 0.0000e+00
ACC2 8192 8 6.50 0.9500 128.59 0.980 6.9324e-05
ACC2 8192 8 6.50 0.9500 128.59 1.000 2.7730e-04
ACC2 8192 8 6.50 0.9800 2.03 0.900 0.0000e+00
ACC2 8192 8 6.50 0.9800 2.03 0.930 0.0000e+00
ACC2 8192 8 6.50 0.9800 2.03 0.960 6.0658e-05
ACC2 8192 8 6.50 0.9800 2.03 0.980 8.4921e-04
ACC2 8192 8 6.50 0.9800 2.03 1.000 1.3769e-02
ACC2 8192 8 6.50 0.9800 3.94 0.900 0.0000e+00
ACC2 8192 8 6.50 0.9800 3.94 0.930 0.0000e+00
ACC2 8192 8 6.50 0.9800 3.94 0.960 0.0000e+00
ACC2 8192 8 6.50 0.9800 3.94 0.980 1.2337e-04
ACC2 8192 8 6.50 0.9800 3.94 1.000 7.4019e-03
ACC2 8192 8 6.50 0.9800 8.14 0.900 0.0000e+00
ACC2 8192 8 6.50 0.9800 8.14 0.930 0.0000e+00
ACC2 8192 8 6.50 0.9800 8.14 0.960 0.0000e+00
ACC2 8192 8 6.50 0.9800 8.14 0.980 6.2704e-05
ACC2 8192 8 6.50 0.9800 8.14 1.000 4.0130e-03
ACC2 8192 8 6.50 0.9800 16.12 0.900 0.0000e+00
ACC2 8192 8 6.50 0.9800 16.12 0.930 0.0000e+00
ACC2 8192 8 6.50 0.9800 16.12 0.960 0.0000e+00
ACC2 8192 8 6.50 0.9800 16.12 0.980 6.4160e-05
ACC2 8192 8 6.50 0.9800 16.12 1.000 2.2456e-03
ACC2 8192 8 6.50 0.9800 32.61 0.900 0.0000e+00
ACC2 8192 8 6.50 0.9800 32.61 0.930 0.0000e+00
ACC2 8192 8 6.50 0.9800 32.61 0.960 0.0000e+00
ACC2 8192 8 6.50 0.9800 32.61 0.980 6.5738e-05
ACC2 8192 8 6.50 0.9800 32.61 1.000 9.2033e-04
ACC2 8192 8 6.50 0.9800 64.60 0.900 0.0000e+00
ACC2 8192 8 6.50 0.9800 64.60 0.930 0.0000e+00
ACC2 8192 8 6.50 0.9800 64.60 0.960 0.0000e+00
ACC2 8192 8 6.50 0.9800 64.60 0.980 6.7422e-05
ACC2 8192 8 6.50 0.9800 64.60 1.000 7.4164e-04
ACC2 8192 8 6.50 0.9800 128.59 0.900 0.0000e+00
ACC2 8192 8 6.50 0.9800 128.59 0.930 0.0000e+00
ACC2 8192 8 6.50 0.9800 128.59 0.960 0.0000e+00
ACC2 8192 8 6.50 0.9800 128.59 0.980 0.0000e+00
ACC2 8192 8 6.50 0.9800 128.59 1.000 6.9147e-04
ACC2 8192 8 6.50 0.9950 2.03 0.900 0.0000e+00
ACC2 8192 8 6.50 0.9950 2.03 0.930 0.0000e+00
ACC2 8192 8 6.50 0.9950 2.03 0.960 0.0000e+00
ACC2 8192 8 6.50 0.9950 2.03 0.980 2.5969e-04
ACC2 8192 8 6.50 0.9950 2.03 1.000 3.9603e-02
ACC2 8192 8 6.50 0.9950 3.94 0.900 0.0000e+00
ACC2 8192 8 6.50 0.9950 3.94 0.930 0.0000e+00
ACC2 8192 8 6.50 0.9950 3.94 0.960 0.0000e+00
ACC2 8192 8 6.50 0.9950 3.94 0.980 1.9630e-04
ACC2 8192 8 6.50 0.9950 3.94 1.000 3.0295e-02
ACC2 8192 8 6.50 0.9950 8.14 0.900 0.0000e+00
ACC2 8192 8 6.50 0.9950 8.14 0.930 0.0000e+00
ACC2 8192 8 6.50 0.9950 8.14 0.960 0.0000e+00
ACC2 8192 8 6.50 0.9950 8.14 0.980 6.6098e-05
ACC2 8192 8 6.50 0.9950 8.14 1.000 1.9367e-02
ACC2 8192 8 6.50 0.9950 16.12 0.900 0.0000e+00
ACC2 8192 8 6.50 0.9950 16.12 0.930 0.0000e+00
ACC2 8192 8 6.50 0.9950 16.12 0.960 0.0000e+00
ACC2 8192 8 6.50 0.9950 16.12 0.980 0.0000e+00
ACC2 8192 8 6.50 0.9950 16.12 1.000 1.1765e-02
ACC2 8192 8 6.50 0.9950 32.61 0.900 0.0000e+00
ACC2 8192 8 6.50 0.9950 32.61 0.930 0.0000e+00
ACC2 8192 8 6.50 0.9950 32.61 0.960 0.0000e+00
ACC2 8192 8 6.50 0.9950 32.61 0.980 0.0000e+00
ACC2 8192 8 6.50 0.9950 32.61 1.000 5.0112e-03
ACC2 8192 8 6.50 0.9950 64.60 0.900 0.0000e+00
ACC2 8192 8 6.50 0.9950 64.60 0.930 0.0000e+00
ACC2 8192 8 6.50 0.9950 64.60 0.960 0.0000e+00
ACC2 8192 8 6.50 0.9950 64.60 0.980 0.0000e+00
ACC2 8192 8 6.50 0.9950 64.60 1.000 2.6736e-03
ACC2 8192 8 6.50 0.9950 128.59 0.900 0.0000e+00
ACC2 8192 8 6.50 0.9950 128.59 0.930 0.0000e+00
ACC2 8192 8 6.50 0.9950 128.59 0.960 0.0000e+00
ACC2 8192 8 6.50 0.9950 128.59 0.980 0.0000e+00
ACC2 8192 8 6.50 0.9950 128.59 1.000 1.0462e-03
ACC2 16384 4 5.00 0.8000 2.03 0.900 1.0192e-04
ACC2 16384 4 5.00 0.8000 2.03 0.930 1.0192e-04
ACC2 16384 4 5.00 0.8000 2.03 0.960 1.5287e-04
ACC2 16384 4 5.00 0.8000 2.03 0.980 3.0575e-04
ACC2 16384 4 5.00 0.8000 2.03 1.000 7.1341e-04
ACC2 16384 4 5.00 0.8000 3.94 0.900 0.0000e+00
ACC2 16384 4 5.00 0.8000 3.94 0.930 0.0000e+00
ACC2 16384 4 5.00 0.8000 3.94 0.960 1.0577e-04
ACC2 16384 4 5.00 0.8000 3.94 0.980 2.6442e-04
ACC2 16384 4 5.00 0.8000 3.94 1.000 4.7596e-04
ACC2 16384 4 5.00 0.8000 8.14 0.900 5.5185e-05
ACC2 16384 4 5.00 0.8000 8.14 0.930 5.5185e-05
ACC2 16384 4 5.00 0.8000 8.14 0.960 2.2074e-04
ACC2 16384 4 5.00 0.8000 8.14 0.980 3.3111e-04
ACC2 16384 4 5.00 0.8000 8.14 1.000 6.0703e-04
ACC2 16384 4 5.00 0.8000 16.12 0.900 5.7537e-05
ACC2 16384 4 5.00 0.8000 16.12 0.930 5.7537e-05
ACC2 16384 4 5.00 0.8000 16.12 0.960 1.1507e-04
ACC2 16384 4 5.00 0.8000 16.12 0.980 2.3015e-04
ACC2 16384 4 5.00 0.8000 16.12 1.000 2.8769e-04
ACC2 16384 4 5.00 0.8000 32.61 0.900 0.0000e+00
ACC2 16384 4 5.00 0.8000 32.61 0.930 6.0136e-05
ACC2 16384 4 5.00 0.8000 32.61 0.960 6.0136e-05
ACC2 16384 4 5.00 0.8000 32.61 0.980 3.0068e-04
ACC2 16384 4 5.00 0.8000 32.61 1.000 4.8109e-04
ACC2 16384 4 5.00 0.8000 64.60 0.900 0.0000e+00
ACC2 16384 4 5.00 0.8000 64.60 0.930 0.0000e+00
ACC2 16384 4 5.00 0.8000 64.60 0.960 0.0000e+00
ACC2 16384 4 5.00 0.8000 64.60 0.980 6.2096e-05
ACC2 16384 4 5.00 0.8000 64.60 1.000 6.2096e-05
ACC2 16384 4 5.00 0.8000 128.59 0.900 0.0000e+00
ACC2 16384 4 5.00 0.8000 128.59 0.930 0.0000e+00
ACC2 16384 4 5.00 0.8000 128.59 0.960 0.0000e+00
ACC2 16384 4 5.00 0.8000 128.59 0.980 0.0000e+00
ACC2 16384 4 5.00 0.8000 128.59 1.000 6.4057e-05
ACC2 16384 4 5.00 0.9000 2.03 0.900 0.0000e+00
ACC2 16384 4 5.00 0.9000 2.03 0.930 0.0000e+00
ACC2 16384 4 5.00 0.9000 2.03 0.960 2.5698e-04
ACC2 16384 4 5.00 0.9000 2.03 0.980 5.6535e-04
ACC2 16384 4 5.00 0.9000 2.03 1.000 1.8502e-03
ACC2 16384 4 5.00 0.9000 3.94 0.900 0.0000e+00
ACC2 16384 4 5.00 0.9000 3.94 0.930 5.2952e-05
ACC2 16384 4 5.00 0.9000 3.94 0.960 1.0590e-04
ACC2 16384 4 5.00 0.9000 3.94 0.980 4.7657e-04
ACC2 16384 4 5.00 0.9000 3.94 1.000 1.4297e-03
ACC2 16384 4 5.00 0.9000 8.14 0.900 0.0000e+00
ACC2 16384 4 5.00 0.9000 8.14 0.930 0.0000e+00
ACC2 16384 4 5.00 0.9000 8.14 0.960 1.6454e-04
ACC2 16384 4 5.00 0.9000 8.14 0.980 2.7423e-04
ACC2 16384 4 5.00 0.9000 8.14 1.000 1.0969e-03
ACC2 16384 4 5.00 0.9000 16.12 0.900 0.0000e+00
ACC2 16384 4 5.00 0.9000 16.12 0.930 0.0000e+00
ACC2 16384 4 5.00 0.9000 16.12 0.960 1.7070e-04
ACC2 16384 4 5.00 0.9000 16.12 0.980 3.4139e-04
ACC2 16384 4 5.00 0.9000 16.12 1.000 7.9659e-04
ACC2 16384 4 5.00 0.9000 32.61 0.900 0.0000e+00
ACC2 16384 4 5.00 0.9000 32.61 0.930 0.0000e+00
ACC2 16384 4 5.00 0.9000 32.61 0.960 3.5440e-04
ACC2 16384 4 5.00 0.9000 32.61 0.980 5.9067e-04
ACC2 16384 4 5.00 0.9000 32.61 1.000 8.8600e-04
ACC2 16384 4 5.00 0.9000 64.60 0.900 0.0000e+00
ACC2 16384 4 5.00 0.9000 64.60 0.930 6.1177e-05
ACC2 16384 4 5.00 0.9000 64.60 0.960 6.1177e-05
ACC2 16384 4 5.00 0.9000 64.60 0.980 2.4471e-04
ACC2 16384 4 5.00 0.9000 64.60 1.000 4.8942e-04
ACC2 16384 4 5.00 0.9000 128.59 0.900 0.0000e+00
ACC2 16384 4 5.00 0.9000 128.59 0.930 0.0000e+00
ACC2 16384 4 5.00 0.9000 128.59 0.960 1.2626e-04
ACC2 16384 4 5.00 0.9000 128.59 0.980 2.5253e-04
ACC2 16384 4 5.00 0.9000 128.59 1.000 5.0505e-04
ACC2 16384 4 5.00 0.9500 2.03 0.900 0.0000e+00
ACC2 16384 4 5.00 0.9500 2.03 0.930 0.0000e+00
ACC2 16384 4 5.00 0.9500 2.03 0.960 4.8023e-04
ACC2 16384 4 5.00 0.9500 2.03 0.980 2.4545e-03
ACC2 16384 4 5.00 0.9500 2.03 1.000 9.4445e-03
ACC2 16384 4 5.00 0.9500 3.94 0.900 0.0000e+00
ACC2 16384 4 5.00 0.9500 3.94 0.930 0.0000e+00
ACC2 16384 4 5.00 0.9500 3.94 0.960 4.3709e-04
ACC2 16384 4 5.00 0.9500 3.94 0.980 1.1474e-03
ACC2 16384 4 5.00 0.9500 3.94 1.000 5.6275e-03
ACC2 16384 4 5.00 0.9500 8.14 0.900 0.0000e+00
ACC2 16384 4 5.00 0.9500 8.14 0.930 0.0000e+00
ACC2 16384 4 5.00 0.9500 8.14 0.960 1.6854e-04
ACC2 16384 4 5.00 0.9500 8.14 0.980 5.6180e-04
ACC2 16384 4 5.00 0.9500 8.14 1.000 2.8090e-03
ACC2 16384 4 5.00 0.9500 16.12 0.900 0.0000e+00
ACC2 16384 4 5.00 0.9500 16.12 0.930 0.0000e+00
ACC2 16384 4 5.00 0.9500 16.12 0.960 1.1606e-04
ACC2 16384 4 5.00 0.9500 16.12 0.980 3.4819e-04
ACC2 16384 4 5.00 0.9500 16.12 1.000 1.7409e-03
ACC2 16384 4 5.00 0.9500 32.61 0.900 0.0000e+00
ACC2 16384 4 5.00 0.9500 32.61 0.930 0.0000e+00
ACC2 16384 4 5.00 0.9500 32.61 0.960 5.9959e-05
ACC2 16384 4 5.00 0.9500 32.61 0.980 2.9980e-04
ACC2 16384 4 5.00 0.9500 32.61 1.000 1.3791e-03
ACC2 16384 4 5.00 0.9500 64.60 0.900 0.0000e+00
ACC2 16384 4 5.00 0.9500 64.60 0.930 0.0000e+00
ACC2 16384 4 5.00 0.9500 64.60 0.960 1.2335e-04
ACC2 16384 4 5.00 0.9500 64.60 0.980 3.0838e-04
ACC2 16384 4 5.00 0.9500 64.60 1.000 9.2513e-04
ACC2 16384 4 5.00 0.9500 128.59 0.900 0.0000e+00
ACC2 16384 4 5.00 0.9500 128.59 0.930 0.0000e+00
ACC2 16384 4 5.00 0.9500 128.59 0.960 0.0000e+00
ACC2 16384 4 5.00 0.9500 128.59 0.980 6.3387e-05
ACC2 16384 4 5.00 0.9500 128.59 1.000 2.5355e-04
ACC2 16384 4 5.00 0.9800 2.03 0.900 0.0000e+00
ACC2 16384 4 5.00 0.9800 2.03 0.930 0.0000e+00
ACC2 16384 4 5.00 0.9800 2.03 0.960 2.8333e-04
ACC2 16384 4 5.00 0.9800 2.03 0.980 4.8733e-03
ACC2 16384 4 5.00 0.9800 2.03 1.000 3.1450e-02
ACC2 16384 4 5.00 0.9800 3.94 0.900 0.0000e+00
ACC2 16384 4 5.00 0.9800 3.94 0.930 0.0000e+00
ACC2 16384 4 5.00 0.9800 3.94 0.960 1.1533e-04
ACC2 16384 4 5.00 0.9800 3.94 0.980 2.5373e-03
ACC2 16384 4 5.00 0.9800 3.94 1.000 1.9722e-02
ACC2 16384 4 5.00 0.9800 8.14 0.900 0.0000e+00
ACC2 16384 4 5.00 0.9800 8.14 0.930 0.0000e+00
ACC2 16384 4 5.00 0.9800 8.14 0.960 1.1809e-04
ACC2 16384 4 5.00 0.9800 8.14 0.980 1.2990e-03
ACC2 16384 4 5.00 0.9800 8.14 1.000 1.0215e-02
ACC2 16384 4 5.00 0.9800 16.12 0.900 0.0000e+00
ACC2 16384 4 5.00 0.9800 16.12 0.930 0.0000e+00
ACC2 16384 4 5.00 0.9800 16.12 0.960 0.0000e+00
ACC2 16384 4 5.00 0.9800 16.12 0.980 4.2222e-04
ACC2 16384 4 5.00 0.9800 16.12 1.000 6.3333e-03
ACC2 16384 4 5.00 0.9800 32.61 0.900 0.0000e+00
ACC2 16384 4 5.00 0.9800 32.61 0.930 0.0000e+00
ACC2 16384 4 5.00 0.9800 32.61 0.960 0.0000e+00
ACC2 16384 4 5.00 0.9800 32.61 0.980 3.7110e-04
ACC2 16384 4 5.00 0.9800 32.61 1.000 2.6596e-03
ACC2 16384 4 5.00 0.9800 64.60 0.900 0.0000e+00
ACC2 16384 4 5.00 0.9800 64.60 0.930 0.0000e+00
ACC2 16384 4 5.00 0.9800 64.60 0.960 0.0000e+00
ACC2 16384 4 5.00 0.9800 64.60 0.980 6.3131e-05
ACC2 16384 4 5.00 0.9800 64.60 1.000 8.8384e-04
ACC2 16384 4 5.00 0.9800 128.59 0.900 0.0000e+00
ACC2 16384 4 5.00 0.9800 128.59 0.930 0.0000e+00
ACC2 16384 4 5.00 0.9800 128.59 0.960 0.0000e+00
ACC2 16384 4 5.00 0.9800 128.59 0.980 0.0000e+00
ACC2 16384 4 5.00 0.9800 128.59 1.000 1.2877e-04
ACC2 16384 4 5.00 0.9950 2.03 0.900 0.0000e+00
ACC2 16384 4 5.00 0.9950 2.03 0.930 0.0000e+00
ACC2 16384 4 5.00 0.9950 2.03 0.960 6.1241e-05
ACC2 16384 4 5.00 0.9950 2.03 0.980 6.5528e-03
ACC2 16384 4 5.00 0.9950 2.03 1.000 5.8914e-02
ACC2 16384 4 5.00 0.9950 3.94 0.900 0.0000e+00
ACC2 16384 4 5.00 0.9950 3.94 0.930 0.0000e+00
ACC2 16384 4 5.00 0.9950 3.94 0.960 0.0000e+00
ACC2 16384 4 5.00 0.9950 3.94 0.980 3.6623e-03
ACC2 16384 4 5.00 0.9950 3.94 1.000 4.5500e-02
ACC2 16384 4 5.00 0.9950 8.14 0.900 0.0000e+00
ACC2 16384 4 5.00 0.9950 8.14 0.930 0.0000e+00
ACC2 16384 4 5.00 0.9950 8.14 0.960 0.0000e+00
ACC2 16384 4 5.00 0.9950 8.14 0.980 1.5110e-03
ACC2 16384 4 5.00 0.9950 8.14 1.000 3.3052e-02
ACC2 16384 4 5.00 0.9950 16.12 0.900 0.0000e+00
ACC2 16384 4 5.00 0.9950 16.12 0.930 0.0000e+00
ACC2 16384 4 5.00 0.9950 16.12 0.960 0.0000e+00
ACC2 16384 4 5.00 0.9950 16.12 0.980 9.5511e-04
ACC2 16384 4 5.00 0.9950 16.12 1.000 2.3941e-02
ACC2 16384 4 5.00 0.9950 32.61 0.900 0.0000e+00
ACC2 16384 4 5.00 0.9950 32.61 0.930 0.0000e+00
ACC2 16384 4 5.00 0.9950 32.61 0.960 0.0000e+00
ACC2 16384 4 5.00 0.9950 32.61 0.980 1.9404e-04
ACC2 16384 4 5.00 0.9950 32.61 1.000 1.1189e-02
ACC2 16384 4 5.00 0.9950 64.60 0.900 0.0000e+00
ACC2 16384 4 5.00 0.9950 64.60 0.930 0.0000e+00
ACC2 16384 4 5.00 0.9950 64.60 0.960 0.0000e+00
ACC2 16384 4 5.00 0.9950 64.60 0.980 6.5445e-05
ACC2 16384 4 5.00 0.9950 64.60 1.000 3.4686e-03
ACC2 16384 4 5.00 0.9950 128.59 0.900 0.0000e+00
ACC2 16384 4 5.00 0.9950 128.59 0.930 0.0000e+00
ACC2 16384 4 5.00 0.9950 128.59 0.960 0.0000e+00
ACC2 16384 4 5.00 0.9950 128.59 0.980 0.0000e+00
ACC2 16384 4 5.00 0.9950 128.59 1.000 0.0000e+00
ACC2 16384 4 5.50 0.8000 2.03 0.900 0.0000e+00
ACC2 16384 4 5.50 0.8000 2.03 0.930 5.3821e-05
ACC2 16384 4 5.50 0.8000 2.03 0.960 1.0764e-04
ACC2 16384 4 5.50 0.8000 2.03 0.980 4.8439e-04
ACC2 16384 4 5.50 0.8000 2.03 1.000 8.0732e-04
ACC2 16384 4 5.50 0.8000 3.94 0.900 0.0000e+00
ACC2 16384 4 5.50 0.8000 3.94 0.930 0.0000e+00
ACC2 16384 4 5.50 0.8000 3.94 0.960 1.1225e-04
ACC2 16384 4 5.50 0.8000 3.94 0.980 2.2449e-04
ACC2 16384 4 5.50 0.8000 3.94 1.000 3.9286e-04
ACC2 16384 4 5.50 0.8000 8.14 0.900 5.8692e-05
ACC2 16384 4 5.50 0.8000 8.14 0.930 5.8692e-05
ACC2 16384 4 5.50 0.8000 8.14 0.960 2.9346e-04
ACC2 16384 4 5.50 0.8000 8.14 0.980 4.1085e-04
ACC2 16384 4 5.50 0.8000 8.14 1.000 7.6300e-04
ACC2 16384 4 5.50 0.8000 16.12 0.900 6.1084e-05
ACC2 16384 4 5.50 0.8000 16.12 0.930 6.1084e-05
ACC2 16384 4 5.50 0.8000 16.12 0.960 1.2217e-04
ACC2 16384 4 5.50 0.8000 16.12 0.980 3.0542e-04
ACC2 16384 4 5.50 0.8000 16.12 1.000 5.4975e-04
ACC2 16384 4 5.50 0.8000 32.61 0.900 0.0000e+00
ACC2 16384 4 5.50 0.8000 32.61 0.930 6.3408e-05
ACC2 16384 4 5.50 0.8000 32.61 0.960 1.9022e-04
ACC2 16384 4 5.50 0.8000 32.61 0.980 4.4385e-04
ACC2 16384 4 5.50 0.8000 32.61 1.000 5.7067e-04
ACC2 16384 4 5.50 0.8000 64.60 0.900 0.0000e+00
ACC2 16384 4 5.50 0.8000 64.60 0.930 0.0000e+00
ACC2 16384 4 5.50 0.8000 64.60 0.960 0.0000e+00
ACC2 16384 4 5.50 0.8000 64.60 0.980 2.6125e-04
ACC2 16384 4 5.50 0.8000 64.60 1.000 3.2656e-04
ACC2 16384 4 5.50 0.8000 128.59 0.900 0.0000e+00
ACC2 16384 4 5.50 0.8000 128.59 0.930 0.0000e+00
ACC2 16384 4 5.50 0.8000 128.59 0.960 0.0000e+00
ACC2 16384 4 5.50 0.8000 128.59 0.980 0.0000e+00
ACC2 16384 4 5.50 0.8000 128.59 1.000 2.6922e-04
ACC2 16384 4 5.50 0.9000 2.03 0.900 0.0000e+00
ACC2 16384 4 5.50 0.9000 2.03 0.930 0.0000e+00
ACC2 16384 4 5.50 0.9000 2.03 0.960 5.3367e-05
ACC2 16384 4 5.50 0.9000 2.03 0.980 2.1347e-04
ACC2 16384 4 5.50 0.9000 2.03 1.000 1.3342e-03
ACC2 16384 4 5.50 0.9000 3.94 0.900 0.0000e+00
ACC2 16384 4 5.50 0.9000 3.94 0.930 5.5015e-05
ACC2 16384 4 5.50 0.9000 3.94 0.960 5.5015e-05
ACC2 16384 4 5.50 0.9000 3.94 0.980 3.3009e-04
ACC2 16384 4 5.50 0.9000 3.94 1.000 1.2103e-03
ACC2 16384 4 5.50 0.9000 8.14 0.900 0.0000e+00
ACC2 16384 4 5.50 0.9000 8.14 0.930 0.0000e+00
ACC2 16384 4 5.50 0.9000 8.14 0.960 1.1430e-04
ACC2 16384 4 5.50 0.9000 8.14 0.980 2.2860e-04
ACC2 16384 4 5.50 0.9000 8.14 1.000 8.5724e-04
ACC2 16384 4 5.50 0.9000 16.12 0.900 0.0000e+00
ACC2 16384 4 5.50 0.9000 16.12 0.930 0.0000e+00
ACC2 16384 4 5.50 0.9000 16.12 0.960 1.7762e-04
ACC2 16384 4 5.50 0.9000 16.12 0.980 2.3683e-04
ACC2 16384 4 5.50 0.9000 16.12 1.000 7.6969e-04
ACC2 16384 4 5.50 0.9000 32.61 0.900 0.0000e+00
ACC2 16384 4 5.50 0.9000 32.61 0.930 0.0000e+00
ACC2 16384 4 5.50 0.9000 32.61 0.960 2.4590e-04
ACC2 16384 4 5.50 0.9000 32.61 0.980 5.5327e-04
ACC2 16384 4 5.50 0.9000 32.61 1.000 6.7622e-04
ACC2 16384 4 5.50 0.9000 64.60 0.900 0.0000e+00
ACC2 16384 4 5.50 0.9000 64.60 0.930 6.3678e-05
ACC2 16384 4 5.50 0.9000 64.60 0.960 6.3678e-05
ACC2 16384 4 5.50 0.9000 64.60 0.980 2.5471e-04
ACC2 16384 4 5.50 0.9000 64.60 1.000 5.7310e-04
ACC2 16384 4 5.50 0.9000 128.59 0.900 0.0000e+00
ACC2 16384 4 5.50 0.9000 128.59 0.930 0.0000e+00
ACC2 16384 4 5.50 0.9000 128.59 0.960 1.3167e-04
ACC2 16384 4 5.50 0.9000 128.59 0.980 2.6333e-04
ACC2 16384 4 5.50 0.9000 128.59 1.000 5.2666e-04
ACC2 16384 4 5.50 0.9500 2.03 0.900 0.0000e+00
ACC2 16384 4 5.50 0.9500 2.03 0.930 0.0000e+00
ACC2 16384 4 5.50 0.9500 2.03 0.960 3.2805e-04
ACC2 16384 4 5.50 0.9500 2.03 0.980 1.2575e-03
ACC2 16384 4 5.50 0.9500 2.03 1.000 7.5451e-03
ACC2 16384 4 5.50 0.9500 3.94 0.900 0.0000e+00
ACC2 16384 4 5.50 0.9500 3.94 0.930 0.0000e+00
ACC2 16384 4 5.50 0.9500 3.94 0.960 1.6869e-04
ACC2 16384 4 5.50 0.9500 3.94 0.980 6.1853e-04
ACC2 16384 4 5.50 0.9500 3.94 1.000 3.0364e-03
ACC2 16384 4 5.50 0.9500 8.14 0.900 0.0000e+00
ACC2 16384 4 5.50 0.9500 8.14 0.930 0.0000e+00
ACC2 16384 4 5.50 0.9500 8.14 0.960 1.1581e-04
ACC2 16384 4 5.50 0.9500 8.14 0.980 4.6326e-04
ACC2 16384 4 5.50 0.9500 8.14 1.000 1.7372e-03
ACC2 16384 4 5.50 0.9500 16.12 0.900 0.0000e+00
ACC2 16384 4 5.50 0.9500 16.12 0.930 0.0000e+00
ACC2 16384 4 5.50 0.9500 16.12 0.960 1.1955e-04
ACC2 16384 4 5.50 0.9500 16.12 0.980 2.9886e-04
ACC2 16384 4 5.50 0.9500 16.12 1.000 1.2552e-03
ACC2 16384 4 5.50 0.9500 32.61 0.900 0.0000e+00
ACC2 16384 4 5.50 0.9500 32.61 0.930 0.0000e+00
ACC2 16384 4 5.50 0.9500 32.61 0.960 6.1667e-05
ACC2 16384 4 5.50 0.9500 32.61 0.980 3.0834e-04
ACC2 16384 4 5.50 0.9500 32.61 1.000 1.1100e-03
ACC2 16384 4 5.50 0.9500 64.60 0.900 0.0000e+00
ACC2 16384 4 5.50 0.9500 64.60 0.930 0.0000e+00
ACC2 16384 4 5.50 0.9500 64.60 0.960 1.2737e-04
ACC2 16384 4 5.50 0.9500 64.60 0.980 2.5474e-04
ACC2 16384 4 5.50 0.9500 64.60 1.000 8.9161e-04
ACC2 16384 4 5.50 0.9500 128.59 0.900 0.0000e+00
ACC2 16384 4 5.50 0.9500 128.59 0.930 0.0000e+00
ACC2 16384 4 5.50 0.9500 128.59 0.960 0.0000e+00
ACC2 16384 4 5.50 0.9500 128.59 0.980 1.3067e-04
ACC2 16384 4 5.50 0.9500 128.59 1.000 3.9200e-04
ACC2 16384 4 5.50 0.9800 2.03 0.900 0.0000e+00
ACC2 16384 4 5.50 0.9800 2.03 0.930 0.0000e+00
ACC2 16384 4 5.50 0.9800 2.03 0.960 0.0000e+00
ACC2 16384 4 5.50 0.9800 2.03 0.980 2.8928e-03
ACC2 16384 4 5.50 0.9800 2.03 1.000 2.6383e-02
ACC2 16384 4 5.50 0.9800 3.94 0.900 0.0000e+00
ACC2 16384 4 5.50 0.9800 3.94 0.930 0.0000e+00
ACC2 16384 4 5.50 0.9800 3.94 0.960 5.8893e-05
ACC2 16384 4 5.50 0.9800 3.94 0.980 1.9435e-03
ACC2 16384 4 5.50 0.9800 3.94 1.000 1.7197e-02
ACC2 16384 4 5.50 0.9800 8.14 0.900 0.0000e+00
ACC2 16384 4 5.50 0.9800 8.14 0.930 0.0000e+00
ACC2 16384 4 5.50 0.9800 8.14 0.960 0.0000e+00
ACC2 16384 4 5.50 0.9800 8.14 0.980 1.0862e-03
ACC2 16384 4 5.50 0.9800 8.14 1.000 8.9313e-03
ACC2 16384 4 5.50 0.9800 16.12 0.900 0.0000e+00
ACC2 16384 4 5.50 0.9800 16.12 0.930 0.0000e+00
ACC2 16384 4 5.50 0.9800 16.12 0.960 0.0000e+00
ACC2 16384 4 5.50 0.9800 16.12 0.980 4.3197e-04
ACC2 16384 4 5.50 0.9800 16.12 1.000 5.6773e-03
ACC2 16384 4 5.50 0.9800 32.61 0.900 0.0000e+00
ACC2 16384 4 5.50 0.9800 32.61 0.930 0.0000e+00
ACC2 16384 4 5.50 0.9800 32.61 0.960 0.0000e+00
ACC2 16384 4 5.50 0.9800 32.61 0.980 1.8991e-04
ACC2 16384 4 5.50 0.9800 32.61 1.000 2.4055e-03
ACC2 16384 4 5.50 0.9800 64.60 0.900 0.0000e+00
ACC2 16384 4 5.50 0.9800 64.60 0.930 0.0000e+00
ACC2 16384 4 5.50 0.9800 64.60 0.960 0.0000e+00
ACC2 16384 4 5.50 0.9800 64.60 0.980 0.0000e+00
ACC2 16384 4 5.50 0.9800 64.60 1.000 9.0340e-04
ACC2 16384 4 5.50 0.9800 128.59 0.900 0.0000e+00
ACC2 16384 4 5.50 0.9800 128.59 0.930 0.0000e+00
ACC2 16384 4 5.50 0.9800 128.59 0.960 0.0000e+00
ACC2 16384 4 5.50 0.9800 128.59 0.980 0.0000e+00
ACC2 16384 4 5.50 0.9800 128.59 1.000 1.9824e-04
ACC2 16384 4 5.50 0.9950 2.03 0.900 0.0000e+00
ACC2 16384 4 5.50 0.9950 2.03 0.930 0.0000e+00
ACC2 16384 4 5.50 0.9950 2.03 0.960 0.0000e+00
ACC2 16384 4 5.50 0.9950 2.03 0.980 3.0552e-03
ACC2 16384 4 5.50 0.9950 2.03 1.000 5.4121e-02
ACC2 16384 4 5.50 0.9950 3.94 0.900 0.0000e+00
ACC2 16384 4 5.50 0.9950 3.94 0.930 0.0000e+00
ACC2 16384 4 5.50 0.9950 3.94 0.960 0.0000e+00
ACC2 16384 4 5.50 0.9950 3.94 0.980 1.7709e-03
ACC2 16384 4 5.50 0.9950 3.94 1.000 4.2439e-02
ACC2 16384 4 5.50 0.9950 8.14 0.900 0.0000e+00
ACC2 16384 4 5.50 0.9950 8.14 0.930 0.0000e+00
ACC2 16384 4 5.50 0.9950 8.14 0.960 0.0000e+00
ACC2 16384 4 5.50 0.9950 8.14 0.980 7.0436e-04
ACC2 16384 4 5.50 0.9950 8.14 1.000 3.0031e-02
ACC2 16384 4 5.50 0.9950 16.12 0.900 0.0000e+00
ACC2 16384 4 5.50 0.9950 16.12 0.930 0.0000e+00
ACC2 16384 4 5.50 0.9950 16.12 0.960 0.0000e+00
ACC2 16384 4 5.50 0.9950 16.12 0.980 3.2444e-04
ACC2 16384 4 5.50 0.9950 16.12 1.000 2.0700e-02
ACC2 16384 4 5.50 0.9950 32.61 0.900 0.0000e+00
ACC2 16384 4 5.50 0.9950 32.61 0.930 0.0000e+00
ACC2 16384 4 5.50 0.9950 32.61 0.960 0.0000e+00
ACC2 16384 4 5.50 0.9950 32.61 0.980 6.5850e-05
ACC2 16384 4 5.50 0.9950 32.61 1.000 1.0009e-02
ACC2 16384 4 5.50 0.9950 64.60 0.900 0.0000e+00
ACC2 16384 4 5.50 0.9950 64.60 0.930 0.0000e+00
ACC2 16384 4 5.50 0.9950 64.60 0.960 0.0000e+00
ACC2 16384 4 5.50 0.9950 64.60 0.980 6.6796e-05
ACC2 16384 4 5.50 0.9950 64.60 1.000 2.4046e-03
ACC2 16384 4 5.50 0.9950 128.59 0.900 0.0000e+00
ACC2 16384 4 5.50 0.9950 128.59 0.930 0.0000e+00
ACC2 16384 4 5.50 0.9950 128.59 0.960 0.0000e+00
ACC2 16384 4 5.50 0.9950 128.59 0.980 0.0000e+00
ACC2 16384 4 5.50 0.9950 128.59 1.000 0.0000e+00
ACC2 16384 4 6.00 0.8000 2.03 0.900 0.0000e+00
ACC2 16384 4 6.00 0.8000 2.03 0.930 5.6641e-05
ACC2 16384 4 6.00 0.8000 2.03 0.960 1.6992e-04
ACC2 16384 4 6.00 0.8000 2.03 0.980 3.9649e-04
ACC2 16384 4 6.00 0.8000 2.03 1.000 8.4962e-04
ACC2 16384 4 6.00 0.8000 3.94 0.900 0.0000e+00
ACC2 16384 4 6.00 0.8000 3.94 0.930 0.0000e+00
ACC2 16384 4 6.00 0.8000 3.94 0.960 1.1869e-04
ACC2 16384 4 6.00 0.8000 3.94 0.980 2.3739e-04
ACC2 16384 4 6.00 0.8000 3.94 1.000 4.1543e-04
ACC2 16384 4 6.00 0.8000 8.14 0.900 6.1770e-05
ACC2 16384 4 6.00 0.8000 8.14 0.930 6.1770e-05
ACC2 16384 4 6.00 0.8000 8.14 0.960 3.0885e-04
ACC2 16384 4 6.00 0.8000 8.14 0.980 3.7062e-04
ACC2 16384 4 6.00 0.8000 8.14 1.000 7.4124e-04
ACC2 16384 4 6.00 0.8000 16.12 0.900 6.4119e-05
ACC2 16384 4 6.00 0.8000 16.12 0.930 6.4119e-05
ACC2 16384 4 6.00 0.8000 16.12 0.960 6.4119e-05
ACC2 16384 4 6.00 0.8000 16.12 0.980 1.9236e-04
ACC2 16384 4 6.00 0.8000 16.12 1.000 5.1295e-04
ACC2 16384 4 6.00 0.8000 32.61 0.900 6.5902e-05
ACC2 16384 4 6.00 0.8000 32.61 0.930 6.5902e-05
ACC2 16384 4 6.00 0.8000 32.61 0.960 1.3180e-04
ACC2 16384 4 6.00 0.8000 32.61 0.980 3.2951e-04
ACC2 16384 4 6.00 0.8000 32.61 1.000 3.9541e-04
ACC2 16384 4 6.00 0.8000 64.60 0.900 0.0000e+00
ACC2 16384 4 6.00 0.8000 64.60 0.930 6.7682e-05
ACC2 16384 4 6.00 0.8000 64.60 0.960 3.3841e-04
ACC2 16384 4 6.00 0.8000 64.60 0.980 3.3841e-04
ACC2 16384 4 6.00 0.8000 64.60 1.000 3.3841e-04
ACC2 16384 4 6.00 0.8000 128.59 0.900 0.0000e+00
ACC2 16384 4 6.00 0.8000 128.59 0.930 0.0000e+00
ACC2 16384 4 6.00 0.8000 128.59 0.960 0.0000e+00
ACC2 16384 4 6.00 0.8000 128.59 0.980 6.9180e-05
ACC2 16384 4 6.00 0.8000 128.59 1.000 4.1508e-04
ACC2 16384 4 6.00 0.9000 2.03 0.900 0.0000e+00
ACC2 16384 4 6.00 0.9000 2.03 0.930 0.0000e+00
ACC2 16384 4 6.00 0.9000 2.03 0.960 0.0000e+00
ACC2 16384 4 6.00 0.9000 2.03 0.980 5.5078e-05
ACC2 16384 4 6.00 0.9000 2.03 1.000 1.1016e-03
ACC2 16384 4 6.00 0.9000 3.94 0.900 0.0000e+00
ACC2 16384 4 6.00 0.9000 3.94 0.930 0.0000e+00
ACC2 16384 4 6.00 0.9000 3.94 0.960 5.7068e-05
ACC2 16384 4 6.00 0.9000 3.94 0.980 1.1414e-04
ACC2 16384 4 6.00 0.9000 3.94 1.000 7.9895e-04
ACC2 16384 4 6.00 0.9000 8.14 0.900 0.0000e+00
ACC2 16384 4 6.00 0.9000 8.14 0.930 0.0000e+00
ACC2 16384 4 6.00 0.9000 8.14 0.960 1.1841e-04
ACC2 16384 4 6.00 0.9000 8.14 0.980 1.7762e-04
ACC2 16384 4 6.00 0.9000 8.14 1.000 6.5127e-04
ACC2 16384 4 6.00 0.9000 16.12 0.900 0.0000e+00
ACC2 16384 4 6.00 0.9000 16.12 0.930 0.0000e+00
ACC2 16384 4 6.00 0.9000 16.12 0.960 1.2267e-04
ACC2 16384 4 6.00 0.9000 16.12 0.980 1.8400e-04
ACC2 16384 4 6.00 0.9000 16.12 1.000 7.3602e-04
ACC2 16384 4 6.00 0.9000 32.61 0.900 0.0000e+00
ACC2 16384 4 6.00 0.9000 32.61 0.930 0.0000e+00
ACC2 16384 4 6.00 0.9000 32.61 0.960 2.5366e-04
ACC2 16384 4 6.00 0.9000 32.61 0.980 4.4391e-04
ACC2 16384 4 6.00 0.9000 32.61 1.000 6.3416e-04
ACC2 16384 4 6.00 0.9000 64.60 0.900 0.0000e+00
ACC2 16384 4 6.00 0.9000 64.60 0.930 0.0000e+00
ACC2 16384 4 6.00 0.9000 64.60 0.960 1.3116e-04
ACC2 16384 4 6.00 0.9000 64.60 0.980 2.6231e-04
ACC2 16384 4 6.00 0.9000 64.60 1.000 5.9020e-04
ACC2 16384 4 6.00 0.9000 128.59 0.900 0.0000e+00
ACC2 16384 4 6.00 0.9000 128.59 0.930 0.0000e+00
ACC2 16384 4 6.00 0.9000 128.59 0.960 6.7600e-05
ACC2 16384 4 6.00 0.9000 128.59 0.980 2.0280e-04
ACC2 16384 4 6.00 0.9000 128.59 1.000 4.7320e-04
ACC2 16384 4 6.00 0.9500 2.03 0.900 0.0000e+00
ACC2 16384 4 6.00 0.9500 2.03 0.930 0.0000e+00
ACC2 16384 4 6.00 0.9500 2.03 0.960 2.2414e-04
ACC2 16384 4 6.00 0.9500 2.03 0.980 7.2845e-04
ACC2 16384 4 6.00 0.9500 2.03 1.000 5.3233e-03
ACC2 16384 4 6.00 0.9500 3.94 0.900 0.0000e+00
ACC2 16384 4 6.00 0.9500 3.94 0.930 0.0000e+00
ACC2 16384 4 6.00 0.9500 3.94 0.960 5.7590e-05
ACC2 16384 4 6.00 0.9500 3.94 0.980 2.3036e-04
ACC2 16384 4 6.00 0.9500 3.94 1.000 2.0733e-03
ACC2 16384 4 6.00 0.9500 8.14 0.900 0.0000e+00
ACC2 16384 4 6.00 0.9500 8.14 0.930 0.0000e+00
ACC2 16384 4 6.00 0.9500 8.14 0.960 1.1876e-04
ACC2 16384 4 6.00 0.9500 8.14 0.980 2.9691e-04
ACC2 16384 4 6.00 0.9500 8.14 1.000 1.6627e-03
ACC2 16384 4 6.00 0.9500 16.12 0.900 0.0000e+00
ACC2 16384 4 6.00 0.9500 16.12 0.930 0.0000e+00
ACC2 16384 4 6.00 0.9500 16.12 0.960 1.2230e-04
ACC2 16384 4 6.00 0.9500 16.12 0.980 3.6691e-04
ACC2 16384 4 6.00 0.9500 16.12 1.000 1.2842e-03
ACC2 16384 4 6.00 0.9500 32.61 0.900 0.0000e+00
ACC2 16384 4 6.00 0.9500 32.61 0.930 0.0000e+00
ACC2 16384 4 6.00 0.9500 32.61 0.960 6.3107e-05
ACC2 16384 4 6.00 0.9500 32.61 0.980 2.5243e-04
ACC2 16384 4 6.00 0.9500 32.61 1.000 9.4661e-04
ACC2 16384 4 6.00 0.9500 64.60 0.900 0.0000e+00
ACC2 16384 4 6.00 0.9500 64.60 0.930 0.0000e+00
ACC2 16384 4 6.00 0.9500 64.60 0.960 0.0000e+00
ACC2 16384 4 6.00 0.9500 64.60 0.980 2.6035e-04
ACC2 16384 4 6.00 0.9500 64.60 1.000 9.7631e-04
ACC2 16384 4 6.00 0.9500 128.59 0.900 0.0000e+00
ACC2 16384 4 6.00 0.9500 128.59 0.930 0.0000e+00
ACC2 16384 4 6.00 0.9500 128.59 0.960 0.0000e+00
ACC2 16384 4 6.00 0.9500 128.59 0.980 6.6988e-05
ACC2 16384 4 6.00 0.9500 128.59 1.000 3.3494e-04
ACC2 16384 4 6.00 0.9800 2.03 0.900 0.0000e+00
ACC2 16384 4 6.00 0.9800 2.03 0.930 0.0000e+00
ACC2 16384 4 6.00 0.9800 2.03 0.960 0.0000e+00
ACC2 16384 4 6.00 0.9800 2.03 0.980 1.7630e-03
ACC2 16384 4 6.00 0.9800 2.03 1.000 2.2449e-02
ACC2 16384 4 6.00 0.9800 3.94 0.900 0.0000e+00
ACC2 16384 4 6.00 0.9800 3.94 0.930 0.0000e+00
ACC2 16384 4 6.00 0.9800 3.94 0.960 0.0000e+00
ACC2 16384 4 6.00 0.9800 3.94 0.980 8.4125e-04
ACC2 16384 4 6.00 0.9800 3.94 1.000 1.2138e-02
ACC2 16384 4 6.00 0.9800 8.14 0.900 0.0000e+00
ACC2 16384 4 6.00 0.9800 8.14 0.930 0.0000e+00
ACC2 16384 4 6.00 0.9800 8.14 0.960 0.0000e+00
ACC2 16384 4 6.00 0.9800 8.14 0.980 6.7584e-04
ACC2 16384 4 6.00 0.9800 8.14 1.000 6.5127e-03
ACC2 16384 4 6.00 0.9800 16.12 0.900 0.0000e+00
ACC2 16384 4 6.00 0.9800 16.12 0.930 0.0000e+00
ACC2 16384 4 6.00 0.9800 16.12 0.960 0.0000e+00
ACC2 16384 4 6.00 0.9800 16.12 0.980 3.1387e-04
ACC2 16384 4 6.00 0.9800 16.12 1.000 3.8293e-03
ACC2 16384 4 6.00 0.9800 32.61 0.900 0.0000e+00
ACC2 16384 4 6.00 0.9800 32.61 0.930 0.0000e+00
ACC2 16384 4 6.00 0.9800 32.61 0.960 0.0000e+00
ACC2 16384 4 6.00 0.9800 32.61 0.980 6.4329e-05
ACC2 16384 4 6.00 0.9800 32.61 1.000 1.7369e-03
ACC2 16384 4 6.00 0.9800 64.60 0.900 0.0000e+00
ACC2 16384 4 6.00 0.9800 64.60 0.930 0.0000e+00
ACC2 16384 4 6.00 0.9800 64.60 0.960 0.0000e+00
ACC2 16384 4 6.00 0.9800 64.60 0.980 6.5785e-05
ACC2 16384 4 6.00 0.9800 64.60 1.000 6.5785e-04
ACC2 16384 4 6.00 0.9800 128.59 0.900 0.0000e+00
ACC2 16384 4 6.00 0.9800 128.59 0.930 0.0000e+00
ACC2 16384 4 6.00 0.9800 128.59 0.960 0.0000e+00
ACC2 16384 4 6.00 0.9800 128.59 0.980 0.0000e+00
ACC2 16384 4 6.00 0.9800 128.59 1.000 1.3486e-04
ACC2 16384 4 6.00 0.9950 2.03 0.900 0.0000e+00
ACC2 16384 4 6.00 0.9950 2.03 0.930 0.0000e+00
ACC2 16384 4 6.00 0.9950 2.03 0.960 0.0000e+00
ACC2 16384 4 6.00 0.9950 2.03 0.980 6.3291e-04
ACC2 16384 4 6.00 0.9950 2.03 1.000 4.6139e-02
ACC2 16384 4 6.00 0.9950 3.94 0.900 0.0000e+00
ACC2 16384 4 6.00 0.9950 3.94 0.930 0.0000e+00
ACC2 16384 4 6.00 0.9950 3.94 0.960 0.0000e+00
ACC2 16384 4 6.00 0.9950 3.94 0.980 5.1295e-04
ACC2 16384 4 6.00 0.9950 3.94 1.000 3.4432e-02
ACC2 16384 4 6.00 0.9950 8.14 0.900 0.0000e+00
ACC2 16384 4 6.00 0.9950 8.14 0.930 0.0000e+00
ACC2 16384 4 6.00 0.9950 8.14 0.960 0.0000e+00
ACC2 16384 4 6.00 0.9950 8.14 0.980 2.5964e-04
ACC2 16384 4 6.00 0.9950 8.14 1.000 2.3822e-02
ACC2 16384 4 6.00 0.9950 16.12 0.900 0.0000e+00
ACC2 16384 4 6.00 0.9950 16.12 0.930 0.0000e+00
ACC2 16384 4 6.00 0.9950 16.12 0.960 0.0000e+00
ACC2 16384 4 6.00 0.9950 16.12 0.980 6.5880e-05
ACC2 16384 4 6.00 0.9950 16.12 1.000 1.2649e-02
ACC2 16384 4 6.00 0.9950 32.61 0.900 0.0000e+00
ACC2 16384 4 6.00 0.9950 32.61 0.930 0.0000e+00
ACC2 16384 4 6.00 0.9950 32.61 0.960 0.0000e+00
ACC2 16384 4 6.00 0.9950 32.61 0.980 0.0000e+00
ACC2 16384 4 6.00 0.9950 32.61 1.000 6.8145e-03
ACC2 16384 4 6.00 0.9950 64.60 0.900 0.0000e+00
ACC2 16384 4 6.00 0.9950 64.60 0.930 0.0000e+00
ACC2 16384 4 6.00 0.9950 64.60 0.960 0.0000e+00
ACC2 16384 4 6.00 0.9950 64.60 0.980 0.0000e+00
ACC2 16384 4 6.00 0.9950 64.60 1.000 1.2205e-03
ACC2 16384 4 6.00 0.9950 128.59 0.900 0.0000e+00
ACC2 16384 4 6.00 0.9950 128.59 0.930 0.0000e+00
ACC2 16384 4 6.00 0.9950 128.59 0.960 0.0000e+00
ACC2 16384 4 6.00 0.9950 128.59 0.980 0.0000e+00
ACC2 16384 4 6.00 0.9950 128.59 1.000 0.0000e+00
ACC2 16384 4 6.50 0.8000 2.03 0.900 0.0000e+00
ACC2 16384 4 6.50 0.8000 2.03 0.930 5.9934e-05
ACC2 16384 4 6.50 0.8000 2.03 0.960 1.7980e-04
ACC2 16384 4 6.50 0.8000 2.03 0.980 4.7947e-04
ACC2 16384 4 6.50 0.8000 2.03 1.000 8.9901e-04
ACC2 16384 4 6.50 0.8000 3.94 0.900 0.0000e+00
ACC2 16384 4 6.50 0.8000 3.94 0.930 0.0000e+00
ACC2 16384 4 6.50 0.8000 3.94 0.960 1.2486e-04
ACC2 16384 4 6.50 0.8000 3.94 0.980 2.4972e-04
ACC2 16384 4 6.50 0.8000 3.94 1.000 4.9944e-04
ACC2 16384 4 6.50 0.8000 8.14 0.900 0.0000e+00
ACC2 16384 4 6.50 0.8000 8.14 0.930 6.4675e-05
ACC2 16384 4 6.50 0.8000 8.14 0.960 3.2337e-04
ACC2 16384 4 6.50 0.8000 8.14 0.980 3.8805e-04
ACC2 16384 4 6.50 0.8000 8.14 1.000 8.4077e-04
ACC2 16384 4 6.50 0.8000 16.12 0.900 6.6520e-05
ACC2 16384 4 6.50 0.8000 16.12 0.930 6.6520e-05
ACC2 16384 4 6.50 0.8000 16.12 0.960 1.3304e-04
ACC2 16384 4 6.50 0.8000 16.12 0.980 2.6608e-04
ACC2 16384 4 6.50 0.8000 16.12 1.000 7.3172e-04
ACC2 16384 4 6.50 0.8000 32.61 0.900 0.0000e+00
ACC2 16384 4 6.50 0.8000 32.61 0.930 6.8004e-05
ACC2 16384 4 6.50 0.8000 32.61 0.960 1.3601e-04
ACC2 16384 4 6.50 0.8000 32.61 0.980 3.4002e-04
ACC2 16384 4 6.50 0.8000 32.61 1.000 4.7603e-04
ACC2 16384 4 6.50 0.8000 64.60 0.900 0.0000e+00
ACC2 16384 4 6.50 0.8000 64.60 0.930 0.0000e+00
ACC2 16384 4 6.50 0.8000 64.60 0.960 3.4780e-04
ACC2 16384 4 6.50 0.8000 64.60 0.980 3.4780e-04
ACC2 16384 4 6.50 0.8000 64.60 1.000 4.8692e-04
ACC2 16384 4 6.50 0.8000 128.59 0.900 0.0000e+00
ACC2 16384 4 6.50 0.8000 128.59 0.930 0.0000e+00
ACC2 16384 4 6.50 0.8000 128.59 0.960 0.0000e+00
ACC2 16384 4 6.50 0.8000 128.59 0.980 7.0676e-05
ACC2 16384 4 6.50 0.8000 128.59 1.000 4.2406e-04
ACC2 16384 4 6.50 0.9000 2.03 0.900 0.0000e+00
ACC2 16384 4 6.50 0.9000 2.03 0.930 0.0000e+00
ACC2 16384 4 6.50 0.9000 2.03 0.960 0.0000e+00
ACC2 16384 4 6.50 0.9000 2.03 0.980 0.0000e+00
ACC2 16384 4 6.50 0.9000 2.03 1.000 7.3943e-04
ACC2 16384 4 6.50 0.9000 3.94 0.900 0.0000e+00
ACC2 16384 4 6.50 0.9000 3.94 0.930 0.0000e+00
ACC2 16384 4 6.50 0.9000 3.94 0.960 5.9007e-05
ACC2 16384 4 6.50 0.9000 3.94 0.980 1.1801e-04
ACC2 16384 4 6.50 0.9000 3.94 1.000 7.0809e-04
ACC2 16384 4 6.50 0.9000 8.14 0.900 0.0000e+00
ACC2 16384 4 6.50 0.9000 8.14 0.930 0.0000e+00
ACC2 16384 4 6.50 0.9000 8.14 0.960 0.0000e+00
ACC2 16384 4 6.50 0.9000 8.14 0.980 1.2223e-04
ACC2 16384 4 6.50 0.9000 8.14 1.000 5.5006e-04
ACC2 16384 4 6.50 0.9000 16.12 0.900 0.0000e+00
ACC2 16384 4 6.50 0.9000 16.12 0.930 0.0000e+00
ACC2 16384 4 6.50 0.9000 16.12 0.960 1.2634e-04
ACC2 16384 4 6.50 0.9000 16.12 0.980 2.5268e-04
ACC2 16384 4 6.50 0.9000 16.12 1.000 5.6854e-04
ACC2 16384 4 6.50 0.9000 32.61 0.900 0.0000e+00
ACC2 16384 4 6.50 0.9000 32.61 0.930 0.0000e+00
ACC2 16384 4 6.50 0.9000 32.61 0.960 6.5355e-05
ACC2 16384 4 6.50 0.9000 32.61 0.980 2.6142e-04
ACC2 16384 4 6.50 0.9000 32.61 1.000 5.2284e-04
ACC2 16384 4 6.50 0.9000 64.60 0.900 0.0000e+00
ACC2 16384 4 6.50 0.9000 64.60 0.930 0.0000e+00
ACC2 16384 4 6.50 0.9000 64.60 0.960 1.3451e-04
ACC2 16384 4 6.50 0.9000 64.60 0.980 3.3627e-04
ACC2 16384 4 6.50 0.9000 64.60 1.000 6.7254e-04
ACC2 16384 4 6.50 0.9000 128.59 0.900 0.0000e+00
ACC2 16384 4 6.50 0.9000 128.59 0.930 0.0000e+00
ACC2 16384 4 6.50 0.9000 128.59 0.960 6.8999e-05
ACC2 16384 4 6.50 0.9000 128.59 0.980 2.0700e-04
ACC2 16384 4 6.50 0.9000 128.59 1.000 4.8299e-04
ACC2 16384 4 6.50 0.9500 2.03 0.900 0.0000e+00
ACC2 16384 4 6.50 0.9500 2.03 0.930 0.0000e+00
ACC2 16384 4 6.50 0.9500 2.03 0.960 1.1468e-04
ACC2 16384 4 6.50 0.9500 2.03 0.980 4.0138e-04
ACC2 16384 4 6.50 0.9500 2.03 1.000 2.8670e-03
ACC2 16384 4 6.50 0.9500 3.94 0.900 0.0000e+00
ACC2 16384 4 6.50 0.9500 3.94 0.930 0.0000e+00
ACC2 16384 4 6.50 0.9500 3.94 0.960 5.8917e-05
ACC2 16384 4 6.50 0.9500 3.94 0.980 1.1783e-04
ACC2 16384 4 6.50 0.9500 3.94 1.000 1.4729e-03
ACC2 16384 4 6.50 0.9500 8.14 0.900 0.0000e+00
ACC2 16384 4 6.50 0.9500 8.14 0.930 0.0000e+00
ACC2 16384 4 6.50 0.9500 8.14 0.960 6.0694e-05
ACC2 16384 4 6.50 0.9500 8.14 0.980 1.8208e-04
ACC2 16384 4 6.50 0.9500 8.14 1.000 1.2746e-03
ACC2 16384 4 6.50 0.9500 16.12 0.900 0.0000e+00
ACC2 16384 4 6.50 0.9500 16.12 0.930 0.0000e+00
ACC2 16384 4 6.50 0.9500 16.12 0.960 0.0000e+00
ACC2 16384 4 6.50 0.9500 16.12 0.980 2.5016e-04
ACC2 16384 4 6.50 0.9500 16.12 1.000 1.0632e-03
ACC2 16384 4 6.50 0.9500 32.61 0.900 0.0000e+00
ACC2 16384 4 6.50 0.9500 32.61 0.930 0.0000e+00
ACC2 16384 4 6.50 0.9500 32.61 0.960 6.4541e-05
ACC2 16384 4 6.50 0.9500 32.61 0.980 2.5816e-04
ACC2 16384 4 6.50 0.9500 32.61 1.000 9.0358e-04
ACC2 16384 4 6.50 0.9500 64.60 0.900 0.0000e+00
ACC2 16384 4 6.50 0.9500 64.60 0.930 0.0000e+00
ACC2 16384 4 6.50 0.9500 64.60 0.960 0.0000e+00
ACC2 16384 4 6.50 0.9500 64.60 0.980 2.6567e-04
ACC2 16384 4 6.50 0.9500 64.60 1.000 9.2986e-04
ACC2 16384 4 6.50 0.9500 128.59 0.900 0.0000e+00
ACC2 16384 4 6.50 0.9500 128.59 0.930 0.0000e+00
ACC2 16384 4 6.50 0.9500 128.59 0.960 0.0000e+00
ACC2 16384 4 6.50 0.9500 128.59 0.980 6.8241e-05
ACC2 16384 4 6.50 0.9500 128.59 1.000 2.7296e-04
ACC2 16384 4 6.50 0.9800 2.03 0.900 0.0000e+00
ACC2 16384 4 6.50 0.9800 2.03 0.930 0.0000e+00
ACC2 16384 4 6.50 0.9800 2.03 0.960 0.0000e+00
ACC2 16384 4 6.50 0.9800 2.03 0.980 9.5494e-04
ACC2 16384 4 6.50 0.9800 2.03 1.000 1.8800e-02
ACC2 16384 4 6.50 0.9800 3.94 0.900 0.0000e+00
ACC2 16384 4 6.50 0.9800 3.94 0.930 0.0000e+00
ACC2 16384 4 6.50 0.9800 3.94 0.960 0.0000e+00
ACC2 16384 4 6.50 0.9800 3.94 0.980 7.3157e-04
ACC2 16384 4 6.50 0.9800 3.94 1.000 9.6933e-03
ACC2 16384 4 6.50 0.9800 8.14 0.900 0.0000e+00
ACC2 16384 4 6.50 0.9800 8.14 0.930 0.0000e+00
ACC2 16384 4 6.50 0.9800 8.14 0.960 0.0000e+00
ACC2 16384 4 6.50 0.9800 8.14 0.980 4.3698e-04
ACC2 16384 4 6.50 0.9800 8.14 1.000 5.0565e-03
ACC2 16384 4 6.50 0.9800 16.12 0.900 0.0000e+00
ACC2 16384 4 6.50 0.9800 16.12 0.930 0.0000e+00
ACC2 16384 4 6.50 0.9800 16.12 0.960 0.0000e+00
ACC2 16384 4 6.50 0.9800 16.12 0.980 6.3808e-05
ACC2 16384 4 6.50 0.9800 16.12 1.000 2.9352e-03
ACC2 16384 4 6.50 0.9800 32.61 0.900 0.0000e+00
ACC2 16384 4 6.50 0.9800 32.61 0.930 0.0000e+00
ACC2 16384 4 6.50 0.9800 32.61 0.960 0.0000e+00
ACC2 16384 4 6.50 0.9800 32.61 0.980 6.5445e-05
ACC2 16384 4 6.50 0.9800 32.61 1.000 1.4398e-03
ACC2 16384 4 6.50 0.9800 64.60 0.900 0.0000e+00
ACC2 16384 4 6.50 0.9800 64.60 0.930 0.0000e+00
ACC2 16384 4 6.50 0.9800 64.60 0.960 0.0000e+00
ACC2 16384 4 6.50 0.9800 64.60 0.980 0.0000e+00
ACC2 16384 4 6.50 0.9800 64.60 1.000 5.3551e-04
ACC2 16384 4 6.50 0.9800 128.59 0.900 0.0000e+00
ACC2 16384 4 6.50 0.9800 128.59 0.930 0.0000e+00
ACC2 16384 4 6.50 0.9800 128.59 0.960 0.0000e+00
ACC2 16384 4 6.50 0.9800 128.59 0.980 0.0000e+00
ACC2 16384 4 6.50 0.9800 128.59 1.000 1.3700e-04
ACC2 16384 4 6.50 0.9950 2.03 0.900 0.0000e+00
ACC2 16384 4 6.50 0.9950 2.03 0.930 0.0000e+00
ACC2 16384 4 6.50 0.9950 2.03 0.960 0.0000e+00
ACC2 16384 4 6.50 0.9950 2.03 0.980 1.9217e-04
ACC2 16384 4 6.50 0.9950 2.03 1.000 4.5673e-02
ACC2 16384 4 6.50 0.9950 3.94 0.900 0.0000e+00
ACC2 16384 4 6.50 0.9950 3.94 0.930 0.0000e+00
ACC2 16384 4 6.50 0.9950 3.94 0.960 0.0000e+00
ACC2 16384 4 6.50 0.9950 3.94 0.980 2.5967e-04
ACC2 16384 4 6.50 0.9950 3.94 1.000 3.1940e-02
ACC2 16384 4 6.50 0.9950 8.14 0.900 0.0000e+00
ACC2 16384 4 6.50 0.9950 8.14 0.930 0.0000e+00
ACC2 16384 4 6.50 0.9950 8.14 0.960 0.0000e+00
ACC2 16384 4 6.50 0.9950 8.14 0.980 1.9707e-04
ACC2 16384 4 6.50 0.9950 8.14 1.000 2.2138e-02
ACC2 16384 4 6.50 0.9950 16.12 0.900 0.0000e+00
ACC2 16384 4 6.50 0.9950 16.12 0.930 0.0000e+00
ACC2 16384 4 6.50 0.9950 16.12 0.960 0.0000e+00
ACC2 16384 4 6.50 0.9950 16.12 0.980 6.6653e-05
ACC2 16384 4 6.50 0.9950 16.12 1.000 1.3931e-02
ACC2 16384 4 6.50 0.9950 32.61 0.900 0.0000e+00
ACC2 16384 4 6.50 0.9950 32.61 0.930 0.0000e+00
ACC2 16384 4 6.50 0.9950 32.61 0.960 0.0000e+00
ACC2 16384 4 6.50 0.9950 32.61 0.980 0.0000e+00
ACC2 16384 4 6.50 0.9950 32.61 1.000 5.4811e-03
ACC2 16384 4 6.50 0.9950 64.60 0.900 0.0000e+00
ACC2 16384 4 6.50 0.9950 64.60 0.930 0.0000e+00
ACC2 16384 4 6.50 0.9950 64.60 0.960 0.0000e+00
ACC2 16384 4 6.50 0.9950 64.60 0.980 0.0000e+00
ACC2 16384 4 6.50 0.9950 64.60 1.000 6.8611e-04
ACC2 16384 4 6.50 0.9950 128.59 0.900 0.0000e+00
ACC2 16384 4 6.50 0.9950 128.59 0.930 0.0000e+00
ACC2 16384 4 6.50 0.9950 128.59 0.960 0.0000e+00
ACC2 16384 4 6.50 0.9950 128.59 0.980 0.0000e+00
ACC2 16384 4 6.50 0.9950 128.59 1.000 0.0000e+00
ACC2 16384 8 5.00 0.8000 2.03 0.900 1.0192e-04
ACC2 16384 8 5.00 0.8000 2.03 0.930 1.0192e-04
ACC2 16384 8 5.00 0.8000 2.03 0.960 1.5287e-04
ACC2 16384 8 5.00 0.8000 2.03 0.980 3.0575e-04
ACC2 16384 8 5.00 0.8000 2.03 1.000 7.1341e-04
ACC2 16384 8 5.00 0.8000 3.94 0.900 0.0000e+00
ACC2 16384 8 5.00 0.8000 3.94 0.930 0.0000e+00
ACC2 16384 8 5.00 0.8000 3.94 0.960 1.0577e-04
ACC2 16384 8 5.00 0.8000 3.94 0.980 2.6442e-04
ACC2 16384 8 5.00 0.8000 3.94 1.000 4.7596e-04
ACC2 16384 8 5.00 0.8000 8.14 0.900 5.5185e-05
ACC2 16384 8 5.00 0.8000 8.14 0.930 5.5185e-05
ACC2 16384 8 5.00 0.8000 8.14 0.960 2.2074e-04
ACC2 16384 8 5.00 0.8000 8.14 0.980 3.3111e-04
ACC2 16384 8 5.00 0.8000 8.14 1.000 6.0703e-04
ACC2 16384 8 5.00 0.8000 16.12 0.900 5.7537e-05
ACC2 16384 8 5.00 0.8000 16.12 0.930 5.7537e-05
ACC2 16384 8 5.00 0.8000 16.12 0.960 1.1507e-04
ACC2 16384 8 5.00 0.8000 16.12 0.980 2.3015e-04
ACC2 16384 8 5.00 0.8000 16.12 1.000 2.8769e-04
ACC2 16384 8 5.00 0.8000 32.61 0.900 0.0000e+00
ACC2 16384 8 5.00 0.8000 32.61 0.930 6.0136e-05
ACC2 16384 8 5.00 0.8000 32.61 0.960 6.0136e-05
ACC2 16384 8 5.00 0.8000 32.61 0.980 3.0068e-04
ACC2 16384 8 5.00 0.8000 32.61 1.000 4.8109e-04
ACC2 16384 8 5.00 0.8000 64.60 0.900 0.0000e+00
ACC2 16384 8 5.00 0.8000 64.60 0.930 0.0000e+00
ACC2 16384 8 5.00 0.8000 64.60 0.960 0.0000e+00
ACC2 16384 8 5.00 0.8000 64.60 0.980 6.2096e-05
ACC2 16384 8 5.00 0.8000 64.60 1.000 6.2096e-05
ACC2 16384 8 5.00 0.8000 128.59 0.900 0.0000e+00
ACC2 16384 8 5.00 0.8000 128.59 0.930 0.0000e+00
ACC2 16384 8 5.00 0.8000 128.59 0.960 0.0000e+00
ACC2 16384 8 5.00 0.8000 128.59 0.980 0.0000e+00
ACC2 16384 8 5.00 0.8000 128.59 1.000 6.4057e-05
ACC2 16384 8 5.00 0.9000 2.03 0.900 0.0000e+00
ACC2 16384 8 5.00 0.9000 2.03 0.930 0.0000e+00
ACC2 16384 8 5.00 0.9000 2.03 0.960 2.5698e-04
ACC2 16384 8 5.00 0.9000 2.03 0.980 5.6535e-04
ACC2 16384 8 5.00 0.9000 2.03 1.000 1.8502e-03
ACC2 16384 8 5.00 0.9000 3.94 0.900 0.0000e+00
ACC2 16384 8 5.00 0.9000 3.94 0.930 5.2952e-05
ACC2 16384 8 5.00 0.9000 3.94 0.960 1.0590e-04
ACC2 16384 8 5.00 0.9000 3.94 0.980 4.7657e-04
ACC2 16384 8 5.00 0.9000 3.94 1.000 1.4297e-03
ACC2 16384 8 5.00 0.9000 8.14 0.900 0.0000e+00
ACC2 16384 8 5.00 0.9000 8.14 0.930 0.0000e+00
ACC2 16384 8 5.00 0.9000 8.14 0.960 1.6454e-04
ACC2 16384 8 5.00 0.9000 8.14 0.980 2.7423e-04
ACC2 16384 8 5.00 0.9000 8.14 1.000 1.0969e-03
ACC2 16384 8 5.00 0.9000 16.12 0.900 0.0000e+00
ACC2 16384 8 5.00 0.9000 16.12 0.930 0.0000e+00
ACC2 16384 8 5.00 0.9000 16.12 0.960 1.7070e-04
ACC2 16384 8 5.00 0.9000 16.12 0.980 3.4139e-04
ACC2 16384 8 5.00 0.9000 16.12 1.000 7.9659e-04
ACC2 16384 8 5.00 0.9000 32.61 0.900 0.0000e+00
ACC2 16384 8 5.00 0.9000 32.61 0.930 0.0000e+00
ACC2 16384 8 5.00 0.9000 32.61 0.960 3.5440e-04
ACC2 16384 8 5.00 0.9000 32.61 0.980 5.9067e-04
ACC2 16384 8 5.00 0.9000 32.61 1.000 8.8600e-04
ACC2 16384 8 5.00 0.9000 64.60 0.900 0.0000e+00
ACC2 16384 8 5.00 0.9000 64.60 0.930 6.1177e-05
ACC2 16384 8 5.00 0.9000 64.60 0.960 6.1177e-05
ACC2 16384 8 5.00 0.9000 64.60 0.980 2.4471e-04
ACC2 16384 8 5.00 0.9000 64.60 1.000 6.1177e-04
ACC2 16384 8 5.00 0.9000 128.59 0.900 0.0000e+00
ACC2 16384 8 5.00 0.9000 128.59 0.930 0.0000e+00
ACC2 16384 8 5.00 0.9000 128.59 0.960 2.5253e-04
ACC2 16384 8 5.00 0.9000 128.59 0.980 3.7879e-04
ACC2 16384 8 5.00 0.9000 128.59 1.000 6.9444e-04
ACC2 16384 8 5.00 0.9500 2.03 0.900 0.0000e+00
ACC2 16384 8 5.00 0.9500 2.03 0.930 0.0000e+00
ACC2 16384 8 5.00 0.9500 2.03 0.960 4.8023e-04
ACC2 16384 8 5.00 0.9500 2.03 0.980 2.4545e-03
ACC2 16384 8 5.00 0.9500 2.03 1.000 9.4979e-03
ACC2 16384 8 5.00 0.9500 3.94 0.900 0.0000e+00
ACC2 16384 8 5.00 0.9500 3.94 0.930 0.0000e+00
ACC2 16384 8 5.00 0.9500 3.94 0.960 4.3709e-04
ACC2 16384 8 5.00 0.9500 3.94 0.980 1.1474e-03
ACC2 16384 8 5.00 0.9500 3.94 1.000 5.6275e-03
ACC2 16384 8 5.00 0.9500 8.14 0.900 0.0000e+00
ACC2 16384 8 5.00 0.9500 8.14 0.930 0.0000e+00
ACC2 16384 8 5.00 0.9500 8.14 0.960 1.6854e-04
ACC2 16384 8 5.00 0.9500 8.14 0.980 5.6180e-04
ACC2 16384 8 5.00 0.9500 8.14 1.000 2.8090e-03
ACC2 16384 8 5.00 0.9500 16.12 0.900 0.0000e+00
ACC2 16384 8 5.00 0.9500 16.12 0.930 0.0000e+00
ACC2 16384 8 5.00 0.9500 16.12 0.960 1.1606e-04
ACC2 16384 8 5.00 0.9500 16.12 0.980 3.4819e-04
ACC2 16384 8 5.00 0.9500 16.12 1.000 1.7990e-03
ACC2 16384 8 5.00 0.9500 32.61 0.900 0.0000e+00
ACC2 16384 8 5.00 0.9500 32.61 0.930 0.0000e+00
ACC2 16384 8 5.00 0.9500 32.61 0.960 5.9959e-05
ACC2 16384 8 5.00 0.9500 32.61 0.980 2.9980e-04
ACC2 16384 8 5.00 0.9500 32.61 1.000 1.4390e-03
ACC2 16384 8 5.00 0.9500 64.60 0.900 0.0000e+00
ACC2 16384 8 5.00 0.9500 64.60 0.930 0.0000e+00
ACC2 16384 8 5.00 0.9500 64.60 0.960 1.8503e-04
ACC2 16384 8 5.00 0.9500 64.60 0.980 4.3173e-04
ACC2 16384 8 5.00 0.9500 64.60 1.000 1.2335e-03
ACC2 16384 8 5.00 0.9500 128.59 0.900 0.0000e+00
ACC2 16384 8 5.00 0.9500 128.59 0.930 0.0000e+00
ACC2 16384 8 5.00 0.9500 128.59 0.960 6.3387e-05
ACC2 16384 8 5.00 0.9500 128.59 0.980 1.9016e-04
ACC2 16384 8 5.00 0.9500 128.59 1.000 5.7049e-04
ACC2 16384 8 5.00 0.9800 2.03 0.900 0.0000e+00
ACC2 16384 8 5.00 0.9800 2.03 0.930 0.0000e+00
ACC2 16384 8 5.00 0.9800 2.03 0.960 2.8333e-04
ACC2 16384 8 5.00 0.9800 2.03 0.980 4.8733e-03
ACC2 16384 8 5.00 0.9800 2.03 1.000 3.1450e-02
ACC2 16384 8 5.00 0.9800 3.94 0.900 0.0000e+00
ACC2 16384 8 5.00 0.9800 3.94 0.930 0.0000e+00
ACC2 16384 8 5.00 0.9800 3.94 0.960 1.1533e-04
ACC2 16384 8 5.00 0.9800 3.94 0.980 2.5373e-03
ACC2 16384 8 5.00 0.9800 3.94 1.000 1.9780e-02
ACC2 16384 8 5.00 0.9800 8.14 0.900 0.0000e+00
ACC2 16384 8 5.00 0.9800 8.14 0.930 0.0000e+00
ACC2 16384 8 5.00 0.9800 8.14 0.960 1.1809e-04
ACC2 16384 8 5.00 0.9800 8.14 0.980 1.2990e-03
ACC2 16384 8 5.00 0.9800 8.14 1.000 1.0274e-02
ACC2 16384 8 5.00 0.9800 16.12 0.900 0.0000e+00
ACC2 16384 8 5.00 0.9800 16.12 0.930 0.0000e+00
ACC2 16384 8 5.00 0.9800 16.12 0.960 0.0000e+00
ACC2 16384 8 5.00 0.9800 16.12 0.980 4.2222e-04
ACC2 16384 8 5.00 0.9800 16.12 1.000 6.8159e-03
ACC2 16384 8 5.00 0.9800 32.61 0.900 0.0000e+00
ACC2 16384 8 5.00 0.9800 32.61 0.930 0.0000e+00
ACC2 16384 8 5.00 0.9800 32.61 0.960 6.1851e-05
ACC2 16384 8 5.00 0.9800 32.61 0.980 3.7110e-04
ACC2 16384 8 5.00 0.9800 32.61 1.000 2.9688e-03
ACC2 16384 8 5.00 0.9800 64.60 0.900 0.0000e+00
ACC2 16384 8 5.00 0.9800 64.60 0.930 0.0000e+00
ACC2 16384 8 5.00 0.9800 64.60 0.960 0.0000e+00
ACC2 16384 8 5.00 0.9800 64.60 0.980 1.8939e-04
ACC2 16384 8 5.00 0.9800 64.60 1.000 2.0833e-03
ACC2 16384 8 5.00 0.9800 128.59 0.900 0.0000e+00
ACC2 16384 8 5.00 0.9800 128.59 0.930 0.0000e+00
ACC2 16384 8 5.00 0.9800 128.59 0.960 0.0000e+00
ACC2 16384 8 5.00 0.9800 128.59 0.980 1.2877e-04
ACC2 16384 8 5.00 0.9800 128.59 1.000 1.2233e-03
ACC2 16384 8 5.00 0.9950 2.03 0.900 0.0000e+00
ACC2 16384 8 5.00 0.9950 2.03 0.930 0.0000e+00
ACC2 16384 8 5.00 0.9950 2.03 0.960 6.1241e-05
ACC2 16384 8 5.00 0.9950 2.03 0.980 6.6140e-03
ACC2 16384 8 5.00 0.9950 2.03 1.000 5.8914e-02
ACC2 16384 8 5.00 0.9950 3.94 0.900 0.0000e+00
ACC2 16384 8 5.00 0.9950 3.94 0.930 0.0000e+00
ACC2 16384 8 5.00 0.9950 3.94 0.960 0.0000e+00
ACC2 16384 8 5.00 0.9950 3.94 0.980 3.7865e-03
ACC2 16384 8 5.00 0.9950 3.94 1.000 4.5500e-02
ACC2 16384 8 5.00 0.9950 8.14 0.900 0.0000e+00
ACC2 16384 8 5.00 0.9950 8.14 0.930 0.0000e+00
ACC2 16384 8 5.00 0.9950 8.14 0.960 0.0000e+00
ACC2 16384 8 5.00 0.9950 8.14 0.980 1.5739e-03
ACC2 16384 8 5.00 0.9950 8.14 1.000 3.3493e-02
ACC2 16384 8 5.00 0.9950 16.12 0.900 0.0000e+00
ACC2 16384 8 5.00 0.9950 16.12 0.930 0.0000e+00
ACC2 16384 8 5.00 0.9950 16.12 0.960 0.0000e+00
ACC2 16384 8 5.00 0.9950 16.12 0.980 9.5511e-04
ACC2 16384 8 5.00 0.9950 16.12 1.000 2.4706e-02
ACC2 16384 8 5.00 0.9950 32.61 0.900 0.0000e+00
ACC2 16384 8 5.00 0.9950 32.61 0.930 0.0000e+00
ACC2 16384 8 5.00 0.9950 32.61 0.960 0.0000e+00
ACC2 16384 8 5.00 0.9950 32.61 0.980 1.9404e-04
ACC2 16384 8 5.00 0.9950 32.61 1.000 1.4035e-02
ACC2 16384 8 5.00 0.9950 64.60 0.900 0.0000e+00
ACC2 16384 8 5.00 0.9950 64.60 0.930 0.0000e+00
ACC2 16384 8 5.00 0.9950 64.60 0.960 0.0000e+00
ACC2 16384 8 5.00 0.9950 64.60 0.980 2.6178e-04
ACC2 16384 8 5.00 0.9950 64.60 1.000 9.4895e-03
ACC2 16384 8 5.00 0.9950 128.59 0.900 0.0000e+00
ACC2 16384 8 5.00 0.9950 128.59 0.930 0.0000e+00
ACC2 16384 8 5.00 0.9950 128.59 0.960 0.0000e+00
ACC2 16384 8 5.00 0.9950 128.59 0.980 6.6273e-05
ACC2 16384 8 5.00 0.9950 128.59 1.000 3.4462e-03
ACC2 16384 8 5.50 0.8000 2.03 0.900 0.0000e+00
ACC2 16384 8 5.50 0.8000 2.03 0.930 5.3821e-05
ACC2 16384 8 5.50 0.8000 2.03 0.960 1.0764e-04
ACC2 16384 8 5.50 0.8000 2.03 0.980 4.8439e-04
ACC2 16384 8 5.50 0.8000 2.03 1.000 8.0732e-04
ACC2 16384 8 5.50 0.8000 3.94 0.900 0.0000e+00
ACC2 16384 8 5.50 0.8000 3.94 0.930 0.0000e+00
ACC2 16384 8 5.50 0.8000 3.94 0.960 1.1225e-04
ACC2 16384 8 5.50 0.8000 3.94 0.980 2.2449e-04
ACC2 16384 8 5.50 0.8000 3.94 1.000 3.9286e-04
ACC2 16384 8 5.50 0.8000 8.14 0.900 5.8692e-05
ACC2 16384 8 5.50 0.8000 8.14 0.930 5.8692e-05
ACC2 16384 8 5.50 0.8000 8.14 0.960 2.9346e-04
ACC2 16384 8 5.50 0.8000 8.14 0.980 4.1085e-04
ACC2 16384 8 5.50 0.8000 8.14 1.000 7.6300e-04
ACC2 16384 8 5.50 0.8000 16.12 0.900 6.1084e-05
ACC2 16384 8 5.50 0.8000 16.12 0.930 6.1084e-05
ACC2 16384 8 5.50 0.8000 16.12 0.960 1.2217e-04
ACC2 16384 8 5.50 0.8000 16.12 0.980 3.0542e-04
ACC2 16384 8 5.50 0.8000 16.12 1.000 5.4975e-04
ACC2 16384 8 5.50 0.8000 32.61 0.900 0.0000e+00
ACC2 16384 8 5.50 0.8000 32.61 0.930 6.3408e-05
ACC2 16384 8 5.50 0.8000 32.61 0.960 1.9022e-04
ACC2 16384 8 5.50 0.8000 32.61 0.980 4.4385e-04
ACC2 16384 8 5.50 0.8000 32.61 1.000 5.7067e-04
ACC2 16384 8 5.50 0.8000 64.60 0.900 0.0000e+00
ACC2 16384 8 5.50 0.8000 64.60 0.930 0.0000e+00
ACC2 16384 8 5.50 0.8000 64.60 0.960 6.5313e-05
ACC2 16384 8 5.50 0.8000 64.60 0.980 2.6125e-04
ACC2 16384 8 5.50 0.8000 64.60 1.000 3.9188e-04
ACC2 16384 8 5.50 0.8000 128.59 0.900 0.0000e+00
ACC2 16384 8 5.50 0.8000 128.59 0.930 0.0000e+00
ACC2 16384 8 5.50 0.8000 128.59 0.960 0.0000e+00
ACC2 16384 8 5.50 0.8000 128.59 0.980 6.7304e-05
ACC2 16384 8 5.50 0.8000 128.59 1.000 5.3843e-04
ACC2 16384 8 5.50 0.9000 2.03 0.900 0.0000e+00
ACC2 16384 8 5.50 0.9000 2.03 0.930 0.0000e+00
ACC2 16384 8 5.50 0.9000 2.03 0.960 5.3367e-05
ACC2 16384 8 5.50 0.9000 2.03 0.980 2.1347e-04
ACC2 16384 8 5.50 0.9000 2.03 1.000 1.3342e-03
ACC2 16384 8 5.50 0.9000 3.94 0.900 0.0000e+00
ACC2 16384 8 5.50 0.9000 3.94 0.930 5.5015e-05
ACC2 16384 8 5.50 0.9000 3.94 0.960 5.5015e-05
ACC2 16384 8 5.50 0.9000 3.94 0.980 3.3009e-04
ACC2 16384 8 5.50 0.9000 3.94 1.000 1.2103e-03
ACC2 16384 8 5.50 0.9000 8.14 0.900 0.0000e+00
ACC2 16384 8 5.50 0.9000 8.14 0.930 0.0000e+00
ACC2 16384 8 5.50 0.9000 8.14 0.960 1.1430e-04
ACC2 16384 8 5.50 0.9000 8.14 0.980 2.2860e-04
ACC2 16384 8 5.50 0.9000 8.14 1.000 8.5724e-04
ACC2 16384 8 5.50 0.9000 16.12 0.900 0.0000e+00
ACC2 16384 8 5.50 0.9000 16.12 0.930 0.0000e+00
ACC2 16384 8 5.50 0.9000 16.12 0.960 1.7762e-04
ACC2 16384 8 5.50 0.9000 16.12 0.980 2.3683e-04
ACC2 16384 8 5.50 0.9000 16.12 1.000 7.6969e-04
ACC2 16384 8 5.50 0.9000 32.61 0.900 0.0000e+00
ACC2 16384 8 5.50 0.9000 32.61 0.930 0.0000e+00
ACC2 16384 8 5.50 0.9000 32.61 0.960 3.0737e-04
ACC2 16384 8 5.50 0.9000 32.61 0.980 5.5327e-04
ACC2 16384 8 5.50 0.9000 32.61 1.000 6.7622e-04
ACC2 16384 8 5.50 0.9000 64.60 0.900 0.0000e+00
ACC2 16384 8 5.50 0.9000 64.60 0.930 6.3678e-05
ACC2 16384 8 5.50 0.9000 64.60 0.960 1.2736e-04
ACC2 16384 8 5.50 0.9000 64.60 0.980 2.5471e-04
ACC2 16384 8 5.50 0.9000 64.60 1.000 7.0046e-04
ACC2 16384 8 5.50 0.9000 128.59 0.900 0.0000e+00
ACC2 16384 8 5.50 0.9000 128.59 0.930 0.0000e+00
ACC2 16384 8 5.50 0.9000 128.59 0.960 2.6333e-04
ACC2 16384 8 5.50 0.9000 128.59 0.980 3.2916e-04
ACC2 16384 8 5.50 0.9000 128.59 1.000 6.5833e-04
ACC2 16384 8 5.50 0.9500 2.03 0.900 0.0000e+00
ACC2 16384 8 5.50 0.9500 2.03 0.930 0.0000e+00
ACC2 16384 8 5.50 0.9500 2.03 0.960 3.2805e-04
ACC2 16384 8 5.50 0.9500 2.03 0.980 1.2575e-03
ACC2 16384 8 5.50 0.9500 2.03 1.000 7.5451e-03
ACC2 16384 8 5.50 0.9500 3.94 0.900 0.0000e+00
ACC2 16384 8 5.50 0.9500 3.94 0.930 0.0000e+00
ACC2 16384 8 5.50 0.9500 3.94 0.960 1.6869e-04
ACC2 16384 8 5.50 0.9500 3.94 0.980 6.1853e-04
ACC2 16384 8 5.50 0.9500 3.94 1.000 3.0364e-03
ACC2 16384 8 5.50 0.9500 8.14 0.900 0.0000e+00
ACC2 16384 8 5.50 0.9500 8.14 0.930 0.0000e+00
ACC2 16384 8 5.50 0.9500 8.14 0.960 1.1581e-04
ACC2 16384 8 5.50 0.9500 8.14 0.980 4.6326e-04
ACC2 16384 8 5.50 0.9500 8.14 1.000 1.8530e-03
ACC2 16384 8 5.50 0.9500 16.12 0.900 0.0000e+00
ACC2 16384 8 5.50 0.9500 16.12 0.930 0.0000e+00
ACC2 16384 8 5.50 0.9500 16.12 0.960 1.1955e-04
ACC2 16384 8 5.50 0.9500 16.12 0.980 2.9886e-04
ACC2 16384 8 5.50 0.9500 16.12 1.000 1.3150e-03
ACC2 16384 8 5.50 0.9500 32.61 0.900 0.0000e+00
ACC2 16384 8 5.50 0.9500 32.61 0.930 0.0000e+00
ACC2 16384 8 5.50 0.9500 32.61 0.960 6.1667e-05
ACC2 16384 8 5.50 0.9500 32.61 0.980 3.0834e-04
ACC2 16384 8 5.50 0.9500 32.61 1.000 1.1717e-03
ACC2 16384 8 5.50 0.9500 64.60 0.900 0.0000e+00
ACC2 16384 8 5.50 0.9500 64.60 0.930 0.0000e+00
ACC2 16384 8 5.50 0.9500 64.60 0.960 1.2737e-04
ACC2 16384 8 5.50 0.9500 64.60 0.980 3.1843e-04
ACC2 16384 8 5.50 0.9500 64.60 1.000 1.0190e-03
ACC2 16384 8 5.50 0.9500 128.59 0.900 0.0000e+00
ACC2 16384 8 5.50 0.9500 128.59 0.930 0.0000e+00
ACC2 16384 8 5.50 0.9500 128.59 0.960 6.5334e-05
ACC2 16384 8 5.50 0.9500 128.59 0.980 3.2667e-04
ACC2 16384 8 5.50 0.9500 128.59 1.000 7.1867e-04
ACC2 16384 8 5.50 0.9800 2.03 0.900 0.0000e+00
ACC2 16384 8 5.50 0.9800 2.03 0.930 0.0000e+00
ACC2 16384 8 5.50 0.9800 2.03 0.960 0.0000e+00
ACC2 16384 8 5.50 0.9800 2.03 0.980 2.8928e-03
ACC2 16384 8 5.50 0.9800 2.03 1.000 2.6383e-02
ACC2 16384 8 5.50 0.9800 3.94 0.900 0.0000e+00
ACC2 16384 8 5.50 0.9800 3.94 0.930 0.0000e+00
ACC2 16384 8 5.50 0.9800 3.94 0.960 5.8893e-05
ACC2 16384 8 5.50 0.9800 3.94 0.980 1.9435e-03
ACC2 16384 8 5.50 0.9800 3.94 1.000 1.7373e-02
ACC2 16384 8 5.50 0.9800 8.14 0.900 0.0000e+00
ACC2 16384 8 5.50 0.9800 8.14 0.930 0.0000e+00
ACC2 16384 8 5.50 0.9800 8.14 0.960 0.0000e+00
ACC2 16384 8 5.50 0.9800 8.14 0.980 1.0862e-03
ACC2 16384 8 5.50 0.9800 8.14 1.000 9.0520e-03
ACC2 16384 8 5.50 0.9800 16.12 0.900 0.0000e+00
ACC2 16384 8 5.50 0.9800 16.12 0.930 0.0000e+00
ACC2 16384 8 5.50 0.9800 16.12 0.960 0.0000e+00
ACC2 16384 8 5.50 0.9800 16.12 0.980 4.3197e-04
ACC2 16384 8 5.50 0.9800 16.12 1.000 5.9241e-03
ACC2 16384 8 5.50 0.9800 32.61 0.900 0.0000e+00
ACC2 16384 8 5.50 0.9800 32.61 0.930 0.0000e+00
ACC2 16384 8 5.50 0.9800 32.61 0.960 0.0000e+00
ACC2 16384 8 5.50 0.9800 32.61 0.980 1.8991e-04
ACC2 16384 8 5.50 0.9800 32.61 1.000 2.8486e-03
ACC2 16384 8 5.50 0.9800 64.60 0.900 0.0000e+00
ACC2 16384 8 5.50 0.9800 64.60 0.930 0.0000e+00
ACC2 16384 8 5.50 0.9800 64.60 0.960 0.0000e+00
ACC2 16384 8 5.50 0.9800 64.60 0.980 6.4529e-05
ACC2 16384 8 5.50 0.9800 64.60 1.000 1.8713e-03
ACC2 16384 8 5.50 0.9800 128.59 0.900 0.0000e+00
ACC2 16384 8 5.50 0.9800 128.59 0.930 0.0000e+00
ACC2 16384 8 5.50 0.9800 128.59 0.960 0.0000e+00
ACC2 16384 8 5.50 0.9800 128.59 0.980 1.9824e-04
ACC2 16384 8 5.50 0.9800 128.59 1.000 1.3216e-03
ACC2 16384 8 5.50 0.9950 2.03 0.900 0.0000e+00
ACC2 16384 8 5.50 0.9950 2.03 0.930 0.0000e+00
ACC2 16384 8 5.50 0.9950 2.03 0.960 0.0000e+00
ACC2 16384 8 5.50 0.9950 2.03 0.980 3.0552e-03
ACC2 16384 8 5.50 0.9950 2.03 1.000 5.4121e-02
ACC2 16384 8 5.50 0.9950 3.94 0.900 0.0000e+00
ACC2 16384 8 5.50 0.9950 3.94 0.930 0.0000e+00
ACC2 16384 8 5.50 0.9950 3.94 0.960 0.0000e+00
ACC2 16384 8 5.50 0.9950 3.94 0.980 1.7709e-03
ACC2 16384 8 5.50 0.9950 3.94 1.000 4.2439e-02
ACC2 16384 8 5.50 0.9950 8.14 0.900 0.0000e+00
ACC2 16384 8 5.50 0.9950 8.14 0.930 0.0000e+00
ACC2 16384 8 5.50 0.9950 8.14 0.960 0.0000e+00
ACC2 16384 8 5.50 0.9950 8.14 0.980 7.0436e-04
ACC2 16384 8 5.50 0.9950 8.14 1.000 3.0159e-02
ACC2 16384 8 5.50 0.9950 16.12 0.900 0.0000e+00
ACC2 16384 8 5.50 0.9950 16.12 0.930 0.0000e+00
ACC2 16384 8 5.50 0.9950 16.12 0.960 0.0000e+00
ACC2 16384 8 5.50 0.9950 16.12 0.980 3.8933e-04
ACC2 16384 8 5.50 0.9950 16.12 1.000 2.1219e-02
ACC2 16384 8 5.50 0.9950 32.61 0.900 0.0000e+00
ACC2 16384 8 5.50 0.9950 32.61 0.930 0.0000e+00
ACC2 16384 8 5.50 0.9950 32.61 0.960 0.0000e+00
ACC2 16384 8 5.50 0.9950 32.61 0.980 6.5850e-05
ACC2 16384 8 5.50 0.9950 32.61 1.000 1.2841e-02
ACC2 16384 8 5.50 0.9950 64.60 0.900 0.0000e+00
ACC2 16384 8 5.50 0.9950 64.60 0.930 0.0000e+00
ACC2 16384 8 5.50 0.9950 64.60 0.960 0.0000e+00
ACC2 16384 8 5.50 0.9950 64.60 0.980 6.6796e-05
ACC2 16384 8 5.50 0.9950 64.60 1.000 7.1472e-03
ACC2 16384 8 5.50 0.9950 128.59 0.900 0.0000e+00
ACC2 16384 8 5.50 0.9950 128.59 0.930 0.0000e+00
ACC2 16384 8 5.50 0.9950 128.59 0.960 0.0000e+00
ACC2 16384 8 5.50 0.9950 128.59 0.980 0.0000e+00
ACC2 16384 8 5.50 0.9950 128.59 1.000 2.7126e-03
ACC2 16384 8 6.00 0.8000 2.03 0.900 0.0000e+00
ACC2 16384 8 6.00 0.8000 2.03 0.930 5.6641e-05
ACC2 16384 8 6.00 0.8000 2.03 0.960 1.6992e-04
ACC2 16384 8 6.00 0.8000 2.03 0.980 3.9649e-04
ACC2 16384 8 6.00 0.8000 2.03 1.000 8.4962e-04
ACC2 16384 8 6.00 0.8000 3.94 0.900 0.0000e+00
ACC2 16384 8 6.00 0.8000 3.94 0.930 0.0000e+00
ACC2 16384 8 6.00 0.8000 3.94 0.960 1.1869e-04
ACC2 16384 8 6.00 0.8000 3.94 0.980 2.3739e-04
ACC2 16384 8 6.00 0.8000 3.94 1.000 4.1543e-04
ACC2 16384 8 6.00 0.8000 8.14 0.900 6.1770e-05
ACC2 16384 8 6.00 0.8000 8.14 0.930 6.1770e-05
ACC2 16384 8 6.00 0.8000 8.14 0.960 3.0885e-04
ACC2 16384 8 6.00 0.8000 8.14 0.980 3.7062e-04
ACC2 16384 8 6.00 0.8000 8.14 1.000 7.4124e-04
ACC2 16384 8 6.00 0.8000 16.12 0.900 6.4119e-05
ACC2 16384 8 6.00 0.8000 16.12 0.930 6.4119e-05
ACC2 16384 8 6.00 0.8000 16.12 0.960 6.4119e-05
ACC2 16384 8 6.00 0.8000 16.12 0.980 2.5648e-04
ACC2 16384 8 6.00 0.8000 16.12 1.000 5.1295e-04
ACC2 16384 8 6.00 0.8000 32.61 0.900 6.5902e-05
ACC2 16384 8 6.00 0.8000 32.61 0.930 6.5902e-05
ACC2 16384 8 6.00 0.8000 32.61 0.960 1.3180e-04
ACC2 16384 8 6.00 0.8000 32.61 0.980 3.2951e-04
ACC2 16384 8 6.00 0.8000 32.61 1.000 3.9541e-04
ACC2 16384 8 6.00 0.8000 64.60 0.900 0.0000e+00
ACC2 16384 8 6.00 0.8000 64.60 0.930 6.7682e-05
ACC2 16384 8 6.00 0.8000 64.60 0.960 3.3841e-04
ACC2 16384 8 6.00 0.8000 64.60 0.980 3.3841e-04
ACC2 16384 8 6.00 0.8000 64.60 1.000 6.0914e-04
ACC2 16384 8 6.00 0.8000 128.59 0.900 0.0000e+00
ACC2 16384 8 6.00 0.8000 128.59 0.930 0.0000e+00
ACC2 16384 8 6.00 0.8000 128.59 0.960 0.0000e+00
ACC2 16384 8 6.00 0.8000 128.59 0.980 2.0754e-04
ACC2 16384 8 6.00 0.8000 128.59 1.000 4.8426e-04
ACC2 16384 8 6.00 0.9000 2.03 0.900 0.0000e+00
ACC2 16384 8 6.00 0.9000 2.03 0.930 0.0000e+00
ACC2 16384 8 6.00 0.9000 2.03 0.960 0.0000e+00
ACC2 16384 8 6.00 0.9000 2.03 0.980 5.5078e-05
ACC2 16384 8 6.00 0.9000 2.03 1.000 1.1016e-03
ACC2 16384 8 6.00 0.9000 3.94 0.900 0.0000e+00
ACC2 16384 8 6.00 0.9000 3.94 0.930 0.0000e+00
ACC2 16384 8 6.00 0.9000 3.94 0.960 5.7068e-05
ACC2 16384 8 6.00 0.9000 3.94 0.980 1.1414e-04
ACC2 16384 8 6.00 0.9000 3.94 1.000 7.9895e-04
ACC2 16384 8 6.00 0.9000 8.14 0.900 0.0000e+00
ACC2 16384 8 6.00 0.9000 8.14 0.930 0.0000e+00
ACC2 16384 8 6.00 0.9000 8.14 0.960 1.1841e-04
ACC2 16384 8 6.00 0.9000 8.14 0.980 1.7762e-04
ACC2 16384 8 6.00 0.9000 8.14 1.000 6.5127e-04
ACC2 16384 8 6.00 0.9000 16.12 0.900 0.0000e+00
ACC2 16384 8 6.00 0.9000 16.12 0.930 0.0000e+00
ACC2 16384 8 6.00 0.9000 16.12 0.960 1.2267e-04
ACC2 16384 8 6.00 0.9000 16.12 0.980 1.8400e-04
ACC2 16384 8 6.00 0.9000 16.12 1.000 7.3602e-04
ACC2 16384 8 6.00 0.9000 32.61 0.900 0.0000e+00
ACC2 16384 8 6.00 0.9000 32.61 0.930 0.0000e+00
ACC2 16384 8 6.00 0.9000 32.61 0.960 2.5366e-04
ACC2 16384 8 6.00 0.9000 32.61 0.980 4.4391e-04
ACC2 16384 8 6.00 0.9000 32.61 1.000 6.3416e-04
ACC2 16384 8 6.00 0.9000 64.60 0.900 0.0000e+00
ACC2 16384 8 6.00 0.9000 64.60 0.930 0.0000e+00
ACC2 16384 8 6.00 0.9000 64.60 0.960 1.3116e-04
ACC2 16384 8 6.00 0.9000 64.60 0.980 3.2789e-04
ACC2 16384 8 6.00 0.9000 64.60 1.000 7.8694e-04
ACC2 16384 8 6.00 0.9000 128.59 0.900 0.0000e+00
ACC2 16384 8 6.00 0.9000 128.59 0.930 0.0000e+00
ACC2 16384 8 6.00 0.9000 128.59 0.960 1.3520e-04
ACC2 16384 8 6.00 0.9000 128.59 0.980 2.7040e-04
ACC2 16384 8 6.00 0.9000 128.59 1.000 6.0840e-04
ACC2 16384 8 6.00 0.9500 2.03 0.900 0.0000e+00
ACC2 16384 8 6.00 0.9500 2.03 0.930 0.0000e+00
ACC2 16384 8 6.00 0.9500 2.03 0.960 2.2414e-04
ACC2 16384 8 6.00 0.9500 2.03 0.980 7.2845e-04
ACC2 16384 8 6.00 0.9500 2.03 1.000 5.3233e-03
ACC2 16384 8 6.00 0.9500 3.94 0.900 0.0000e+00
ACC2 16384 8 6.00 0.9500 3.94 0.930 0.0000e+00
ACC2 16384 8 6.00 0.9500 3.94 0.960 5.7590e-05
ACC2 16384 8 6.00 0.9500 3.94 0.980 2.3036e-04
ACC2 16384 8 6.00 0.9500 3.94 1.000 2.0733e-03
ACC2 16384 8 6.00 0.9500 8.14 0.900 0.0000e+00
ACC2 16384 8 6.00 0.9500 8.14 0.930 0.0000e+00
ACC2 16384 8 6.00 0.9500 8.14 0.960 1.1876e-04
ACC2 16384 8 6.00 0.9500 8.14 0.980 2.9691e-04
ACC2 16384 8 6.00 0.9500 8.14 1.000 1.6627e-03
ACC2 16384 8 6.00 0.9500 16.12 0.900 0.0000e+00
ACC2 16384 8 6.00 0.9500 16.12 0.930 0.0000e+00
ACC2 16384 8 6.00 0.9500 16.12 0.960 1.2230e-04
ACC2 16384 8 6.00 0.9500 16.12 0.980 3.6691e-04
ACC2 16384 8 6.00 0.9500 16.12 1.000 1.3453e-03
ACC2 16384 8 6.00 0.9500 32.61 0.900 0.0000e+00
ACC2 16384 8 6.00 0.9500 32.61 0.930 0.0000e+00
ACC2 16384 8 6.00 0.9500 32.61 0.960 6.3107e-05
ACC2 16384 8 6.00 0.9500 32.61 0.980 2.5243e-04
ACC2 16384 8 6.00 0.9500 32.61 1.000 9.4661e-04
ACC2 16384 8 6.00 0.9500 64.60 0.900 0.0000e+00
ACC2 16384 8 6.00 0.9500 64.60 0.930 0.0000e+00
ACC2 16384 8 6.00 0.9500 64.60 0.960 6.5087e-05
ACC2 16384 8 6.00 0.9500 64.60 0.980 3.2544e-04
ACC2 16384 8 6.00 0.9500 64.60 1.000 1.0414e-03
ACC2 16384 8 6.00 0.9500 128.59 0.900 0.0000e+00
ACC2 16384 8 6.00 0.9500 128.59 0.930 0.0000e+00
ACC2 16384 8 6.00 0.9500 128.59 0.960 0.0000e+00
ACC2 16384 8 6.00 0.9500 128.59 0.980 2.6795e-04
ACC2 16384 8 6.00 0.9500 128.59 1.000 6.0289e-04
ACC2 16384 8 6.00 0.9800 2.03 0.900 0.0000e+00
ACC2 16384 8 6.00 0.9800 2.03 0.930 0.0000e+00
ACC2 16384 8 6.00 0.9800 2.03 0.960 0.0000e+00
ACC2 16384 8 6.00 0.9800 2.03 0.980 1.7630e-03
ACC2 16384 8 6.00 0.9800 2.03 1.000 2.2567e-02
ACC2 16384 8 6.00 0.9800 3.94 0.900 0.0000e+00
ACC2 16384 8 6.00 0.9800 3.94 0.930 0.0000e+00
ACC2 16384 8 6.00 0.9800 3.94 0.960 0.0000e+00
ACC2 16384 8 6.00 0.9800 3.94 0.980 8.4125e-04
ACC2 16384 8 6.00 0.9800 3.94 1.000 1.2138e-02
ACC2 16384 8 6.00 0.9800 8.14 0.900 0.0000e+00
ACC2 16384 8 6.00 0.9800 8.14 0.930 0.0000e+00
ACC2 16384 8 6.00 0.9800 8.14 0.960 0.0000e+00
ACC2 16384 8 6.00 0.9800 8.14 0.980 6.7584e-04
ACC2 16384 8 6.00 0.9800 8.14 1.000 6.5127e-03
ACC2 16384 8 6.00 0.9800 16.12 0.900 0.0000e+00
ACC2 16384 8 6.00 0.9800 16.12 0.930 0.0000e+00
ACC2 16384 8 6.00 0.9800 16.12 0.960 0.0000e+00
ACC2 16384 8 6.00 0.9800 16.12 0.980 3.7665e-04
ACC2 16384 8 6.00 0.9800 16.12 1.000 4.2059e-03
ACC2 16384 8 6.00 0.9800 32.61 0.900 0.0000e+00
ACC2 16384 8 6.00 0.9800 32.61 0.930 0.0000e+00
ACC2 16384 8 6.00 0.9800 32.61 0.960 0.0000e+00
ACC2 16384 8 6.00 0.9800 32.61 0.980 1.2866e-04
ACC2 16384 8 6.00 0.9800 32.61 1.000 2.3802e-03
ACC2 16384 8 6.00 0.9800 64.60 0.900 0.0000e+00
ACC2 16384 8 6.00 0.9800 64.60 0.930 0.0000e+00
ACC2 16384 8 6.00 0.9800 64.60 0.960 0.0000e+00
ACC2 16384 8 6.00 0.9800 64.60 0.980 6.5785e-05
ACC2 16384 8 6.00 0.9800 64.60 1.000 1.5788e-03
ACC2 16384 8 6.00 0.9800 128.59 0.900 0.0000e+00
ACC2 16384 8 6.00 0.9800 128.59 0.930 0.0000e+00
ACC2 16384 8 6.00 0.9800 128.59 0.960 0.0000e+00
ACC2 16384 8 6.00 0.9800 128.59 0.980 1.3486e-04
ACC2 16384 8 6.00 0.9800 128.59 1.000 1.0789e-03
ACC2 16384 8 6.00 0.9950 2.03 0.900 0.0000e+00
ACC2 16384 8 6.00 0.9950 2.03 0.930 0.0000e+00
ACC2 16384 8 6.00 0.9950 2.03 0.960 0.0000e+00
ACC2 16384 8 6.00 0.9950 2.03 0.980 6.3291e-04
ACC2 16384 8 6.00 0.9950 2.03 1.000 4.6139e-02
ACC2 16384 8 6.00 0.9950 3.94 0.900 0.0000e+00
ACC2 16384 8 6.00 0.9950 3.94 0.930 0.0000e+00
ACC2 16384 8 6.00 0.9950 3.94 0.960 0.0000e+00
ACC2 16384 8 6.00 0.9950 3.94 0.980 5.1295e-04
ACC2 16384 8 6.00 0.9950 3.94 1.000 3.4496e-02
ACC2 16384 8 6.00 0.9950 8.14 0.900 0.0000e+00
ACC2 16384 8 6.00 0.9950 8.14 0.930 0.0000e+00
ACC2 16384 8 6.00 0.9950 8.14 0.960 0.0000e+00
ACC2 16384 8 6.00 0.9950 8.14 0.980 2.5964e-04
ACC2 16384 8 6.00 0.9950 8.14 1.000 2.4276e-02
ACC2 16384 8 6.00 0.9950 16.12 0.900 0.0000e+00
ACC2 16384 8 6.00 0.9950 16.12 0.930 0.0000e+00
ACC2 16384 8 6.00 0.9950 16.12 0.960 0.0000e+00
ACC2 16384 8 6.00 0.9950 16.12 0.980 6.5880e-05
ACC2 16384 8 6.00 0.9950 16.12 1.000 1.3637e-02
ACC2 16384 8 6.00 0.9950 32.61 0.900 0.0000e+00
ACC2 16384 8 6.00 0.9950 32.61 0.930 0.0000e+00
ACC2 16384 8 6.00 0.9950 32.61 0.960 0.0000e+00
ACC2 16384 8 6.00 0.9950 32.61 0.980 6.6809e-05
ACC2 16384 8 6.00 0.9950 32.61 1.000 8.4180e-03
ACC2 16384 8 6.00 0.9950 64.60 0.900 0.0000e+00
ACC2 16384 8 6.00 0.9950 64.60 0.930 0.0000e+00
ACC2 16384 8 6.00 0.9950 64.60 0.960 0.0000e+00
ACC2 16384 8 6.00 0.9950 64.60 0.980 6.7806e-05
ACC2 16384 8 6.00 0.9950 64.60 1.000 4.4074e-03
ACC2 16384 8 6.00 0.9950 128.59 0.900 0.0000e+00
ACC2 16384 8 6.00 0.9950 128.59 0.930 0.0000e+00
ACC2 16384 8 6.00 0.9950 128.59 0.960 0.0000e+00
ACC2 16384 8 6.00 0.9950 128.59 0.980 0.0000e+00
ACC2 16384 8 6.00 0.9950 128.59 1.000 1.7211e-03
ACC2 16384 8 6.50 0.8000 2.03 0.900 0.0000e+00
ACC2 16384 8 6.50 0.8000 2.03 0.930 5.9934e-05
ACC2 16384 8 6.50 0.8000 2.03 0.960 1.7980e-04
ACC2 16384 8 6.50 0.8000 2.03 0.980 4.7947e-04
ACC2 16384 8 6.50 0.8000 2.03 1.000 8.9901e-04
ACC2 16384 8 6.50 0.8000 3.94 0.900 0.0000e+00
ACC2 16384 8 6.50 0.8000 3.94 0.930 0.0000e+00
ACC2 16384 8 6.50 0.8000 3.94 0.960 1.2486e-04
ACC2 16384 8 6.50 0.8000 3.94 0.980 2.4972e-04
ACC2 16384 8 6.50 0.8000 3.94 1.000 4.9944e-04
ACC2 16384 8 6.50 0.8000 8.14 0.900 0.0000e+00
ACC2 16384 8 6.50 0.8000 8.14 0.930 6.4675e-05
ACC2 16384 8 6.50 0.8000 8.14 0.960 3.2337e-04
ACC2 16384 8 6.50 0.8000 8.14 0.980 3.8805e-04
ACC2 16384 8 6.50 0.8000 8.14 1.000 8.4077e-04
ACC2 16384 8 6.50 0.8000 16.12 0.900 6.6520e-05
ACC2 16384 8 6.50 0.8000 16.12 0.930 6.6520e-05
ACC2 16384 8 6.50 0.8000 16.12 0.960 1.3304e-04
ACC2 16384 8 6.50 0.8000 16.12 0.980 2.6608e-04
ACC2 16384 8 6.50 0.8000 16.12 1.000 7.3172e-04
ACC2 16384 8 6.50 0.8000 32.61 0.900 6.8004e-05
ACC2 16384 8 6.50 0.8000 32.61 0.930 6.8004e-05
ACC2 16384 8 6.50 0.8000 32.61 0.960 1.3601e-04
ACC2 16384 8 6.50 0.8000 32.61 0.980 3.4002e-04
ACC2 16384 8 6.50 0.8000 32.61 1.000 4.7603e-04
ACC2 16384 8 6.50 0.8000 64.60 0.900 0.0000e+00
ACC2 16384 8 6.50 0.8000 64.60 0.930 6.9560e-05
ACC2 16384 8 6.50 0.8000 64.60 0.960 3.4780e-04
ACC2 16384 8 6.50 0.8000 64.60 0.980 3.4780e-04
ACC2 16384 8 6.50 0.8000 64.60 1.000 6.9560e-04
ACC2 16384 8 6.50 0.8000 128.59 0.900 0.0000e+00
ACC2 16384 8 6.50 0.8000 128.59 0.930 0.0000e+00
ACC2 16384 8 6.50 0.8000 128.59 0.960 0.0000e+00
ACC2 16384 8 6.50 0.8000 128.59 0.980 2.8271e-04
ACC2 16384 8 6.50 0.8000 128.59 1.000 4.9473e-04
ACC2 16384 8 6.50 0.9000 2.03 0.900 0.0000e+00
ACC2 16384 8 6.50 0.9000 2.03 0.930 0.0000e+00
ACC2 16384 8 6.50 0.9000 2.03 0.960 0.0000e+00
ACC2 16384 8 6.50 0.9000 2.03 0.980 0.0000e+00
ACC2 16384 8 6.50 0.9000 2.03 1.000 7.3943e-04
ACC2 16384 8 6.50 0.9000 3.94 0.900 0.0000e+00
ACC2 16384 8 6.50 0.9000 3.94 0.930 0.0000e+00
ACC2 16384 8 6.50 0.9000 3.94 0.960 5.9007e-05
ACC2 16384 8 6.50 0.9000 3.94 0.980 1.1801e-04
ACC2 16384 8 6.50 0.9000 3.94 1.000 7.0809e-04
ACC2 16384 8 6.50 0.9000 8.14 0.900 0.0000e+00
ACC2 16384 8 6.50 0.9000 8.14 0.930 0.0000e+00
ACC2 16384 8 6.50 0.9000 8.14 0.960 0.0000e+00
ACC2 16384 8 6.50 0.9000 8.14 0.980 1.2223e-04
ACC2 16384 8 6.50 0.9000 8.14 1.000 5.5006e-04
ACC2 16384 8 6.50 0.9000 16.12 0.900 0.0000e+00
ACC2 16384 8 6.50 0.9000 16.12 0.930 0.0000e+00
ACC2 16384 8 6.50 0.9000 16.12 0.960 1.2634e-04
ACC2 16384 8 6.50 0.9000 16.12 0.980 2.5268e-04
ACC2 16384 8 6.50 0.9000 16.12 1.000 5.6854e-04
ACC2 16384 8 6.50 0.9000 32.61 0.900 0.0000e+00
ACC2 16384 8 6.50 0.9000 32.61 0.930 6.5355e-05
ACC2 16384 8 6.50 0.9000 32.61 0.960 6.5355e-05
ACC2 16384 8 6.50 0.9000 32.61 0.980 2.6142e-04
ACC2 16384 8 6.50 0.9000 32.61 1.000 5.2284e-04
ACC2 16384 8 6.50 0.9000 64.60 0.900 0.0000e+00
ACC2 16384 8 6.50 0.9000 64.60 0.930 0.0000e+00
ACC2 16384 8 6.50 0.9000 64.60 0.960 1.3451e-04
ACC2 16384 8 6.50 0.9000 64.60 0.980 3.3627e-04
ACC2 16384 8 6.50 0.9000 64.60 1.000 1.0088e-03
ACC2 16384 8 6.50 0.9000 128.59 0.900 0.0000e+00
ACC2 16384 8 6.50 0.9000 128.59 0.930 0.0000e+00
ACC2 16384 8 6.50 0.9000 128.59 0.960 1.3800e-04
ACC2 16384 8 6.50 0.9000 128.59 0.980 2.7600e-04
ACC2 16384 8 6.50 0.9000 128.59 1.000 6.2099e-04
ACC2 16384 8 6.50 0.9500 2.03 0.900 0.0000e+00
ACC2 16384 8 6.50 0.9500 2.03 0.930 0.0000e+00
ACC2 16384 8 6.50 0.9500 2.03 0.960 1.1468e-04
ACC2 16384 8 6.50 0.9500 2.03 0.980 4.0138e-04
ACC2 16384 8 6.50 0.9500 2.03 1.000 2.8670e-03
ACC2 16384 8 6.50 0.9500 3.94 0.900 0.0000e+00
ACC2 16384 8 6.50 0.9500 3.94 0.930 0.0000e+00
ACC2 16384 8 6.50 0.9500 3.94 0.960 5.8917e-05
ACC2 16384 8 6.50 0.9500 3.94 0.980 1.1783e-04
ACC2 16384 8 6.50 0.9500 3.94 1.000 1.4729e-03
ACC2 16384 8 6.50 0.9500 8.14 0.900 0.0000e+00
ACC2 16384 8 6.50 0.9500 8.14 0.930 0.0000e+00
ACC2 16384 8 6.50 0.9500 8.14 0.960 6.0694e-05
ACC2 16384 8 6.50 0.9500 8.14 0.980 1.8208e-04
ACC2 16384 8 6.50 0.9500 8.14 1.000 1.2746e-03
ACC2 16384 8 6.50 0.9500 16.12 0.900 0.0000e+00
ACC2 16384 8 6.50 0.9500 16.12 0.930 0.0000e+00
ACC2 16384 8 6.50 0.9500 16.12 0.960 6.2539e-05
ACC2 16384 8 6.50 0.9500 16.12 0.980 2.5016e-04
ACC2 16384 8 6.50 0.9500 16.12 1.000 1.1257e-03
ACC2 16384 8 6.50 0.9500 32.61 0.900 0.0000e+00
ACC2 16384 8 6.50 0.9500 32.61 0.930 0.0000e+00
ACC2 16384 8 6.50 0.9500 32.61 0.960 6.4541e-05
ACC2 16384 8 6.50 0.9500 32.61 0.980 2.5816e-04
ACC2 16384 8 6.50 0.9500 32.61 1.000 9.6812e-04
ACC2 16384 8 6.50 0.9500 64.60 0.900 0.0000e+00
ACC2 16384 8 6.50 0.9500 64.60 0.930 0.0000e+00
ACC2 16384 8 6.50 0.9500 64.60 0.960 0.0000e+00
ACC2 16384 8 6.50 0.9500 64.60 0.980 2.6567e-04
ACC2 16384 8 6.50 0.9500 64.60 1.000 9.9628e-04
ACC2 16384 8 6.50 0.9500 128.59 0.900 0.0000e+00
ACC2 16384 8 6.50 0.9500 128.59 0.930 0.0000e+00
ACC2 16384 8 6.50 0.9500 128.59 0.960 0.0000e+00
ACC2 16384 8 6.50 0.9500 128.59 0.980 2.0472e-04
ACC2 16384 8 6.50 0.9500 128.59 1.000 4.0944e-04
ACC2 16384 8 6.50 0.9800 2.03 0.900 0.0000e+00
ACC2 16384 8 6.50 0.9800 2.03 0.930 0.0000e+00
ACC2 16384 8 6.50 0.9800 2.03 0.960 0.0000e+00
ACC2 16384 8 6.50 0.9800 2.03 0.980 9.5494e-04
ACC2 16384 8 6.50 0.9800 2.03 1.000 1.8860e-02
ACC2 16384 8 6.50 0.9800 3.94 0.900 0.0000e+00
ACC2 16384 8 6.50 0.9800 3.94 0.930 0.0000e+00
ACC2 16384 8 6.50 0.9800 3.94 0.960 0.0000e+00
ACC2 16384 8 6.50 0.9800 3.94 0.980 7.3157e-04
ACC2 16384 8 6.50 0.9800 3.94 1.000 9.7543e-03
ACC2 16384 8 6.50 0.9800 8.14 0.900 0.0000e+00
ACC2 16384 8 6.50 0.9800 8.14 0.930 0.0000e+00
ACC2 16384 8 6.50 0.9800 8.14 0.960 0.0000e+00
ACC2 16384 8 6.50 0.9800 8.14 0.980 4.3698e-04
ACC2 16384 8 6.50 0.9800 8.14 1.000 5.1189e-03
ACC2 16384 8 6.50 0.9800 16.12 0.900 0.0000e+00
ACC2 16384 8 6.50 0.9800 16.12 0.930 0.0000e+00
ACC2 16384 8 6.50 0.9800 16.12 0.960 0.0000e+00
ACC2 16384 8 6.50 0.9800 16.12 0.980 6.3808e-05
ACC2 16384 8 6.50 0.9800 16.12 1.000 3.2542e-03
ACC2 16384 8 6.50 0.9800 32.61 0.900 0.0000e+00
ACC2 16384 8 6.50 0.9800 32.61 0.930 0.0000e+00
ACC2 16384 8 6.50 0.9800 32.61 0.960 0.0000e+00
ACC2 16384 8 6.50 0.9800 32.61 0.980 6.5445e-05
ACC2 16384 8 6.50 0.9800 32.61 1.000 1.8979e-03
ACC2 16384 8 6.50 0.9800 64.60 0.900 0.0000e+00
ACC2 16384 8 6.50 0.9800 64.60 0.930 0.0000e+00
ACC2 16384 8 6.50 0.9800 64.60 0.960 0.0000e+00
ACC2 16384 8 6.50 0.9800 64.60 0.980 0.0000e+00
ACC2 16384 8 6.50 0.9800 64.60 1.000 1.0710e-03
ACC2 16384 8 6.50 0.9800 128.59 0.900 0.0000e+00
ACC2 16384 8 6.50 0.9800 128.59 0.930 0.0000e+00
ACC2 16384 8 6.50 0.9800 128.59 0.960 0.0000e+00
ACC2 16384 8 6.50 0.9800 128.59 0.980 1.3700e-04
ACC2 16384 8 6.50 0.9800 128.59 1.000 8.2197e-04
ACC2 16384 8 6.50 0.9950 2.03 0.900 0.0000e+00
ACC2 16384 8 6.50 0.9950 2.03 0.930 0.0000e+00
ACC2 16384 8 6.50 0.9950 2.03 0.960 0.0000e+00
ACC2 16384 8 6.50 0.9950 2.03 0.980 1.9217e-04
ACC2 16384 8 6.50 0.9950 2.03 1.000 4.5673e-02
ACC2 16384 8 6.50 0.9950 3.94 0.900 0.0000e+00
ACC2 16384 8 6.50 0.9950 3.94 0.930 0.0000e+00
ACC2 16384 8 6.50 0.9950 3.94 0.960 0.0000e+00
ACC2 16384 8 6.50 0.9950 3.94 0.980 2.5967e-04
ACC2 16384 8 6.50 0.9950 3.94 1.000 3.1940e-02
ACC2 16384 8 6.50 0.9950 8.14 0.900 0.0000e+00
ACC2 16384 8 6.50 0.9950 8.14 0.930 0.0000e+00
ACC2 16384 8 6.50 0.9950 8.14 0.960 0.0000e+00
ACC2 16384 8 6.50 0.9950 8.14 0.980 1.9707e-04
ACC2 16384 8 6.50 0.9950 8.14 1.000 2.2466e-02
ACC2 16384 8 6.50 0.9950 16.12 0.900 0.0000e+00
ACC2 16384 8 6.50 0.9950 16.12 0.930 0.0000e+00
ACC2 16384 8 6.50 0.9950 16.12 0.960 0.0000e+00
ACC2 16384 8 6.50 0.9950 16.12 0.980 6.6653e-05
ACC2 16384 8 6.50 0.9950 16.12 1.000 1.5197e-02
ACC2 16384 8 6.50 0.9950 32.61 0.900 0.0000e+00
ACC2 16384 8 6.50 0.9950 32.61 0.930 0.0000e+00
ACC2 16384 8 6.50 0.9950 32.61 0.960 0.0000e+00
ACC2 16384 8 6.50 0.9950 32.61 0.980 0.0000e+00
ACC2 16384 8 6.50 0.9950 32.61 1.000 7.5112e-03
ACC2 16384 8 6.50 0.9950 64.60 0.900 0.0000e+00
ACC2 16384 8 6.50 0.9950 64.60 0.930 0.0000e+00
ACC2 16384 8 6.50 0.9950 64.60 0.960 0.0000e+00
ACC2 16384 8 6.50 0.9950 64.60 0.980 6.8611e-05
ACC2 16384 8 6.50 0.9950 64.60 1.000 3.4991e-03
ACC2 16384 8 6.50 0.9950 128.59 0.900 0.0000e+00
ACC2 16384 8 6.50 0.9950 128.59 0.930 0.0000e+00
ACC2 16384 8 6.50 0.9950 128.59 0.960 0.0000e+00
ACC2 16384 8 6.50 0.9950 128.59 0.980 0.0000e+00
ACC2 16384 8 6.50 0.9950 128.59 1.000 1.9515e-03
