# matchedfilter GPU COST table -- budget-aware relative costs
# format cost-fd-pairs-v1
# device  AMD Radeon 8060S Graphics (RADV GFX1151)
# commit  b25d6a8
# Profiles: [-2.3333333333333335, -2.0, 'pycbc']; batch shapes: [(16, 256), (16, 1024)]
# Costs are warm public-API ratios to the widest band at the same batch shape.
# Accuracy is independent and uses the profile gate.
# U=2; taps K are metadata on this GPU, so K=4 and K=8 share costs.
# COST n band U K snr fd pairs f beff relative_cost
COST 1024 256 2 4 5.00 0.0001 16384 0.972159 61.071 0.832524
COST 1024 256 2 8 5.00 0.0001 16384 0.972159 61.071 0.832524
COST 1024 512 2 4 5.00 0.0001 16384 1.000000 64.605 1.000000
COST 1024 512 2 8 5.00 0.0001 16384 1.000000 64.605 1.000000
COST 1024 256 2 4 5.00 0.0001 4096 0.972159 61.071 0.937070
COST 1024 256 2 8 5.00 0.0001 4096 0.972159 61.071 0.937070
COST 1024 512 2 4 5.00 0.0001 4096 1.000000 64.605 1.000000
COST 1024 512 2 8 5.00 0.0001 4096 1.000000 64.605 1.000000
COST 1024 256 2 4 5.00 0.0001 16384 0.988151 48.031 0.746964
COST 1024 256 2 8 5.00 0.0001 16384 0.988151 48.031 0.746964
COST 1024 512 2 4 5.00 0.0001 16384 1.000000 49.188 1.000000
COST 1024 512 2 8 5.00 0.0001 16384 1.000000 49.188 1.000000
COST 1024 256 2 4 5.00 0.0001 4096 0.988151 48.031 0.848380
COST 1024 256 2 8 5.00 0.0001 4096 0.988151 48.031 0.848380
COST 1024 512 2 4 5.00 0.0001 4096 1.000000 49.188 1.000000
COST 1024 512 2 8 5.00 0.0001 4096 1.000000 49.188 1.000000
COST 1024 256 2 4 5.00 0.001 16384 0.972159 61.071 0.823052
COST 1024 256 2 8 5.00 0.001 16384 0.972159 61.071 0.823052
COST 1024 512 2 4 5.00 0.001 16384 1.000000 64.605 1.000000
COST 1024 512 2 8 5.00 0.001 16384 1.000000 64.605 1.000000
COST 1024 256 2 4 5.00 0.001 4096 0.972159 61.071 0.850806
COST 1024 256 2 8 5.00 0.001 4096 0.972159 61.071 0.850806
COST 1024 512 2 4 5.00 0.001 4096 1.000000 64.605 1.000000
COST 1024 512 2 8 5.00 0.001 4096 1.000000 64.605 1.000000
COST 1024 256 2 4 5.00 0.001 16384 0.988151 48.031 0.772524
COST 1024 256 2 8 5.00 0.001 16384 0.988151 48.031 0.772524
COST 1024 512 2 4 5.00 0.001 16384 1.000000 49.188 1.000000
COST 1024 512 2 8 5.00 0.001 16384 1.000000 49.188 1.000000
COST 1024 256 2 4 5.00 0.001 4096 0.988151 48.031 0.818152
COST 1024 256 2 8 5.00 0.001 4096 0.988151 48.031 0.818152
COST 1024 512 2 4 5.00 0.001 4096 1.000000 49.188 1.000000
COST 1024 512 2 8 5.00 0.001 4096 1.000000 49.188 1.000000
COST 1024 256 2 4 5.00 0.01 16384 0.972159 61.071 0.789240
COST 1024 256 2 8 5.00 0.01 16384 0.972159 61.071 0.789240
COST 1024 512 2 4 5.00 0.01 16384 1.000000 64.605 1.000000
COST 1024 512 2 8 5.00 0.01 16384 1.000000 64.605 1.000000
COST 1024 256 2 4 5.00 0.01 4096 0.972159 61.071 0.795243
COST 1024 256 2 8 5.00 0.01 4096 0.972159 61.071 0.795243
COST 1024 512 2 4 5.00 0.01 4096 1.000000 64.605 1.000000
COST 1024 512 2 8 5.00 0.01 4096 1.000000 64.605 1.000000
COST 1024 256 2 4 5.00 0.01 16384 0.988151 48.031 0.747853
COST 1024 256 2 8 5.00 0.01 16384 0.988151 48.031 0.747853
COST 1024 512 2 4 5.00 0.01 16384 1.000000 49.188 1.000000
COST 1024 512 2 8 5.00 0.01 16384 1.000000 49.188 1.000000
COST 1024 256 2 4 5.00 0.01 4096 0.988151 48.031 0.825776
COST 1024 256 2 8 5.00 0.01 4096 0.988151 48.031 0.825776
COST 1024 512 2 4 5.00 0.01 4096 1.000000 49.188 1.000000
COST 1024 512 2 8 5.00 0.01 4096 1.000000 49.188 1.000000
COST 1024 256 2 4 5.50 0.0001 16384 0.972159 61.071 0.773712
COST 1024 256 2 8 5.50 0.0001 16384 0.972159 61.071 0.773712
COST 1024 512 2 4 5.50 0.0001 16384 1.000000 64.605 1.000000
COST 1024 512 2 8 5.50 0.0001 16384 1.000000 64.605 1.000000
COST 1024 256 2 4 5.50 0.0001 4096 0.972159 61.071 0.856784
COST 1024 256 2 8 5.50 0.0001 4096 0.972159 61.071 0.856784
COST 1024 512 2 4 5.50 0.0001 4096 1.000000 64.605 1.000000
COST 1024 512 2 8 5.50 0.0001 4096 1.000000 64.605 1.000000
COST 1024 256 2 4 5.50 0.0001 16384 0.988151 48.031 0.750283
COST 1024 256 2 8 5.50 0.0001 16384 0.988151 48.031 0.750283
COST 1024 512 2 4 5.50 0.0001 16384 1.000000 49.188 1.000000
COST 1024 512 2 8 5.50 0.0001 16384 1.000000 49.188 1.000000
COST 1024 256 2 4 5.50 0.0001 4096 0.988151 48.031 0.786429
COST 1024 256 2 8 5.50 0.0001 4096 0.988151 48.031 0.786429
COST 1024 512 2 4 5.50 0.0001 4096 1.000000 49.188 1.000000
COST 1024 512 2 8 5.50 0.0001 4096 1.000000 49.188 1.000000
COST 1024 256 2 4 5.50 0.001 16384 0.972159 61.071 0.738276
COST 1024 256 2 8 5.50 0.001 16384 0.972159 61.071 0.738276
COST 1024 512 2 4 5.50 0.001 16384 1.000000 64.605 1.000000
COST 1024 512 2 8 5.50 0.001 16384 1.000000 64.605 1.000000
COST 1024 256 2 4 5.50 0.001 4096 0.972159 61.071 0.826355
COST 1024 256 2 8 5.50 0.001 4096 0.972159 61.071 0.826355
COST 1024 512 2 4 5.50 0.001 4096 1.000000 64.605 1.000000
COST 1024 512 2 8 5.50 0.001 4096 1.000000 64.605 1.000000
COST 1024 256 2 4 5.50 0.001 16384 0.988151 48.031 0.729795
COST 1024 256 2 8 5.50 0.001 16384 0.988151 48.031 0.729795
COST 1024 512 2 4 5.50 0.001 16384 1.000000 49.188 1.000000
COST 1024 512 2 8 5.50 0.001 16384 1.000000 49.188 1.000000
COST 1024 256 2 4 5.50 0.001 4096 0.988151 48.031 0.785309
COST 1024 256 2 8 5.50 0.001 4096 0.988151 48.031 0.785309
COST 1024 512 2 4 5.50 0.001 4096 1.000000 49.188 1.000000
COST 1024 512 2 8 5.50 0.001 4096 1.000000 49.188 1.000000
COST 1024 256 2 4 5.50 0.01 16384 0.972159 61.071 0.729466
COST 1024 256 2 8 5.50 0.01 16384 0.972159 61.071 0.729466
COST 1024 512 2 4 5.50 0.01 16384 1.000000 64.605 1.000000
COST 1024 512 2 8 5.50 0.01 16384 1.000000 64.605 1.000000
COST 1024 256 2 4 5.50 0.01 4096 0.972159 61.071 0.856944
COST 1024 256 2 8 5.50 0.01 4096 0.972159 61.071 0.856944
COST 1024 512 2 4 5.50 0.01 4096 1.000000 64.605 1.000000
COST 1024 512 2 8 5.50 0.01 4096 1.000000 64.605 1.000000
COST 1024 256 2 4 5.50 0.01 16384 0.988151 48.031 0.726915
COST 1024 256 2 8 5.50 0.01 16384 0.988151 48.031 0.726915
COST 1024 512 2 4 5.50 0.01 16384 1.000000 49.188 1.000000
COST 1024 512 2 8 5.50 0.01 16384 1.000000 49.188 1.000000
COST 1024 256 2 4 5.50 0.01 4096 0.988151 48.031 0.879241
COST 1024 256 2 8 5.50 0.01 4096 0.988151 48.031 0.879241
COST 1024 512 2 4 5.50 0.01 4096 1.000000 49.188 1.000000
COST 1024 512 2 8 5.50 0.01 4096 1.000000 49.188 1.000000
COST 1024 256 2 4 6.00 0.0001 16384 0.972159 61.071 0.757770
COST 1024 256 2 8 6.00 0.0001 16384 0.972159 61.071 0.757770
COST 1024 512 2 4 6.00 0.0001 16384 1.000000 64.605 1.000000
COST 1024 512 2 8 6.00 0.0001 16384 1.000000 64.605 1.000000
COST 1024 256 2 4 6.00 0.0001 4096 0.972159 61.071 0.849366
COST 1024 256 2 8 6.00 0.0001 4096 0.972159 61.071 0.849366
COST 1024 512 2 4 6.00 0.0001 4096 1.000000 64.605 1.000000
COST 1024 512 2 8 6.00 0.0001 4096 1.000000 64.605 1.000000
COST 1024 256 2 4 6.00 0.0001 16384 0.988151 48.031 0.737669
COST 1024 256 2 8 6.00 0.0001 16384 0.988151 48.031 0.737669
COST 1024 512 2 4 6.00 0.0001 16384 1.000000 49.188 1.000000
COST 1024 512 2 8 6.00 0.0001 16384 1.000000 49.188 1.000000
COST 1024 256 2 4 6.00 0.0001 4096 0.988151 48.031 0.805189
COST 1024 256 2 8 6.00 0.0001 4096 0.988151 48.031 0.805189
COST 1024 512 2 4 6.00 0.0001 4096 1.000000 49.188 1.000000
COST 1024 512 2 8 6.00 0.0001 4096 1.000000 49.188 1.000000
COST 1024 256 2 4 6.00 0.001 16384 0.972159 61.071 0.752443
COST 1024 256 2 8 6.00 0.001 16384 0.972159 61.071 0.752443
COST 1024 512 2 4 6.00 0.001 16384 1.000000 64.605 1.000000
COST 1024 512 2 8 6.00 0.001 16384 1.000000 64.605 1.000000
COST 1024 256 2 4 6.00 0.001 4096 0.972159 61.071 0.979299
COST 1024 256 2 8 6.00 0.001 4096 0.972159 61.071 0.979299
COST 1024 512 2 4 6.00 0.001 4096 1.000000 64.605 1.000000
COST 1024 512 2 8 6.00 0.001 4096 1.000000 64.605 1.000000
COST 1024 256 2 4 6.00 0.001 16384 0.988151 48.031 0.753223
COST 1024 256 2 8 6.00 0.001 16384 0.988151 48.031 0.753223
COST 1024 512 2 4 6.00 0.001 16384 1.000000 49.188 1.000000
COST 1024 512 2 8 6.00 0.001 16384 1.000000 49.188 1.000000
COST 1024 256 2 4 6.00 0.001 4096 0.988151 48.031 0.860840
COST 1024 256 2 8 6.00 0.001 4096 0.988151 48.031 0.860840
COST 1024 512 2 4 6.00 0.001 4096 1.000000 49.188 1.000000
COST 1024 512 2 8 6.00 0.001 4096 1.000000 49.188 1.000000
COST 1024 256 2 4 6.00 0.01 16384 0.972159 61.071 0.734963
COST 1024 256 2 8 6.00 0.01 16384 0.972159 61.071 0.734963
COST 1024 512 2 4 6.00 0.01 16384 1.000000 64.605 1.000000
COST 1024 512 2 8 6.00 0.01 16384 1.000000 64.605 1.000000
COST 1024 256 2 4 6.00 0.01 4096 0.972159 61.071 0.805242
COST 1024 256 2 8 6.00 0.01 4096 0.972159 61.071 0.805242
COST 1024 512 2 4 6.00 0.01 4096 1.000000 64.605 1.000000
COST 1024 512 2 8 6.00 0.01 4096 1.000000 64.605 1.000000
COST 1024 256 2 4 6.00 0.01 16384 0.988151 48.031 0.758354
COST 1024 256 2 8 6.00 0.01 16384 0.988151 48.031 0.758354
COST 1024 512 2 4 6.00 0.01 16384 1.000000 49.188 1.000000
COST 1024 512 2 8 6.00 0.01 16384 1.000000 49.188 1.000000
COST 1024 256 2 4 6.00 0.01 4096 0.988151 48.031 0.918088
COST 1024 256 2 8 6.00 0.01 4096 0.988151 48.031 0.918088
COST 1024 512 2 4 6.00 0.01 4096 1.000000 49.188 1.000000
COST 1024 512 2 8 6.00 0.01 4096 1.000000 49.188 1.000000
COST 1024 256 2 4 6.50 0.0001 16384 0.972159 61.071 0.760468
COST 1024 256 2 8 6.50 0.0001 16384 0.972159 61.071 0.760468
COST 1024 512 2 4 6.50 0.0001 16384 1.000000 64.605 1.000000
COST 1024 512 2 8 6.50 0.0001 16384 1.000000 64.605 1.000000
COST 1024 256 2 4 6.50 0.0001 4096 0.972159 61.071 0.921268
COST 1024 256 2 8 6.50 0.0001 4096 0.972159 61.071 0.921268
COST 1024 512 2 4 6.50 0.0001 4096 1.000000 64.605 1.000000
COST 1024 512 2 8 6.50 0.0001 4096 1.000000 64.605 1.000000
COST 1024 256 2 4 6.50 0.0001 16384 0.988151 48.031 0.769424
COST 1024 256 2 8 6.50 0.0001 16384 0.988151 48.031 0.769424
COST 1024 512 2 4 6.50 0.0001 16384 1.000000 49.188 1.000000
COST 1024 512 2 8 6.50 0.0001 16384 1.000000 49.188 1.000000
COST 1024 256 2 4 6.50 0.0001 4096 0.988151 48.031 0.852879
COST 1024 256 2 8 6.50 0.0001 4096 0.988151 48.031 0.852879
COST 1024 512 2 4 6.50 0.0001 4096 1.000000 49.188 1.000000
COST 1024 512 2 8 6.50 0.0001 4096 1.000000 49.188 1.000000
COST 1024 256 2 4 6.50 0.001 16384 0.972159 61.071 0.780574
COST 1024 256 2 8 6.50 0.001 16384 0.972159 61.071 0.780574
COST 1024 512 2 4 6.50 0.001 16384 1.000000 64.605 1.000000
COST 1024 512 2 8 6.50 0.001 16384 1.000000 64.605 1.000000
COST 1024 256 2 4 6.50 0.001 4096 0.972159 61.071 0.918643
COST 1024 256 2 8 6.50 0.001 4096 0.972159 61.071 0.918643
COST 1024 512 2 4 6.50 0.001 4096 1.000000 64.605 1.000000
COST 1024 512 2 8 6.50 0.001 4096 1.000000 64.605 1.000000
COST 1024 256 2 4 6.50 0.001 16384 0.988151 48.031 0.746904
COST 1024 256 2 8 6.50 0.001 16384 0.988151 48.031 0.746904
COST 1024 512 2 4 6.50 0.001 16384 1.000000 49.188 1.000000
COST 1024 512 2 8 6.50 0.001 16384 1.000000 49.188 1.000000
COST 1024 256 2 4 6.50 0.001 4096 0.988151 48.031 0.929275
COST 1024 256 2 8 6.50 0.001 4096 0.988151 48.031 0.929275
COST 1024 512 2 4 6.50 0.001 4096 1.000000 49.188 1.000000
COST 1024 512 2 8 6.50 0.001 4096 1.000000 49.188 1.000000
COST 1024 256 2 4 6.50 0.01 16384 0.972159 61.071 0.708108
COST 1024 256 2 8 6.50 0.01 16384 0.972159 61.071 0.708108
COST 1024 512 2 4 6.50 0.01 16384 1.000000 64.605 1.000000
COST 1024 512 2 8 6.50 0.01 16384 1.000000 64.605 1.000000
COST 1024 256 2 4 6.50 0.01 4096 0.972159 61.071 0.955169
COST 1024 256 2 8 6.50 0.01 4096 0.972159 61.071 0.955169
COST 1024 512 2 4 6.50 0.01 4096 1.000000 64.605 1.000000
COST 1024 512 2 8 6.50 0.01 4096 1.000000 64.605 1.000000
COST 1024 256 2 4 6.50 0.01 16384 0.988151 48.031 0.732066
COST 1024 256 2 8 6.50 0.01 16384 0.988151 48.031 0.732066
COST 1024 512 2 4 6.50 0.01 16384 1.000000 49.188 1.000000
COST 1024 512 2 8 6.50 0.01 16384 1.000000 49.188 1.000000
COST 1024 256 2 4 6.50 0.01 4096 0.988151 48.031 0.918831
COST 1024 256 2 8 6.50 0.01 4096 0.988151 48.031 0.918831
COST 1024 512 2 4 6.50 0.01 4096 1.000000 49.188 1.000000
COST 1024 512 2 8 6.50 0.01 4096 1.000000 49.188 1.000000
COST 16384 256 2 4 5.00 0.0001 16384 0.243860 167.954 1.582749
COST 16384 256 2 8 5.00 0.0001 16384 0.243860 167.954 1.582749
COST 16384 512 2 4 5.00 0.0001 16384 0.587781 409.249 1.575541
COST 16384 512 2 8 5.00 0.0001 16384 0.587781 409.249 1.575541
COST 16384 1024 2 4 5.00 0.0001 16384 0.805726 682.375 1.531865
COST 16384 1024 2 8 5.00 0.0001 16384 0.805726 682.375 1.531865
COST 16384 2048 2 4 5.00 0.0001 16384 0.916701 870.462 1.584123
COST 16384 2048 2 8 5.00 0.0001 16384 0.916701 870.462 1.584123
COST 16384 4096 2 4 5.00 0.0001 16384 0.972236 977.344 1.482624
COST 16384 4096 2 8 5.00 0.0001 16384 0.972236 977.344 1.482624
COST 16384 8192 2 4 5.00 0.0001 16384 1.000000 1033.727 1.000000
COST 16384 8192 2 8 5.00 0.0001 16384 1.000000 1033.727 1.000000
COST 16384 256 2 4 5.00 0.0001 4096 0.243860 167.954 1.133498
COST 16384 256 2 8 5.00 0.0001 4096 0.243860 167.954 1.133498
COST 16384 512 2 4 5.00 0.0001 4096 0.587781 409.249 1.205377
COST 16384 512 2 8 5.00 0.0001 4096 0.587781 409.249 1.205377
COST 16384 1024 2 4 5.00 0.0001 4096 0.805726 682.375 1.171043
COST 16384 1024 2 8 5.00 0.0001 4096 0.805726 682.375 1.171043
COST 16384 2048 2 4 5.00 0.0001 4096 0.916701 870.462 1.215151
COST 16384 2048 2 8 5.00 0.0001 4096 0.916701 870.462 1.215151
COST 16384 4096 2 4 5.00 0.0001 4096 0.972236 977.344 1.197886
COST 16384 4096 2 8 5.00 0.0001 4096 0.972236 977.344 1.197886
COST 16384 8192 2 4 5.00 0.0001 4096 1.000000 1033.727 1.000000
COST 16384 8192 2 8 5.00 0.0001 4096 1.000000 1033.727 1.000000
COST 16384 256 2 4 5.00 0.0001 16384 0.333179 181.648 2.890706
COST 16384 256 2 8 5.00 0.0001 16384 0.333179 181.648 2.890706
COST 16384 512 2 4 5.00 0.0001 16384 0.698196 412.464 2.891018
COST 16384 512 2 8 5.00 0.0001 16384 0.698196 412.464 2.891018
COST 16384 1024 2 4 5.00 0.0001 16384 0.883490 617.877 2.870630
COST 16384 1024 2 8 5.00 0.0001 16384 0.883490 617.877 2.870630
COST 16384 2048 2 4 5.00 0.0001 16384 0.958427 723.286 2.479144
COST 16384 2048 2 8 5.00 0.0001 16384 0.958427 723.286 2.479144
COST 16384 4096 2 4 5.00 0.0001 16384 0.988190 768.584 1.236916
COST 16384 4096 2 8 5.00 0.0001 16384 0.988190 768.584 1.236916
COST 16384 8192 2 4 5.00 0.0001 16384 1.000000 787.039 1.000000
COST 16384 8192 2 8 5.00 0.0001 16384 1.000000 787.039 1.000000
COST 16384 256 2 4 5.00 0.0001 4096 0.333179 181.648 1.955572
COST 16384 256 2 8 5.00 0.0001 4096 0.333179 181.648 1.955572
COST 16384 512 2 4 5.00 0.0001 4096 0.698196 412.464 2.012976
COST 16384 512 2 8 5.00 0.0001 4096 0.698196 412.464 2.012976
COST 16384 1024 2 4 5.00 0.0001 4096 0.883490 617.877 2.013182
COST 16384 1024 2 8 5.00 0.0001 4096 0.883490 617.877 2.013182
COST 16384 2048 2 4 5.00 0.0001 4096 0.958427 723.286 1.793096
COST 16384 2048 2 8 5.00 0.0001 4096 0.958427 723.286 1.793096
COST 16384 4096 2 4 5.00 0.0001 4096 0.988190 768.584 1.036085
COST 16384 4096 2 8 5.00 0.0001 4096 0.988190 768.584 1.036085
COST 16384 8192 2 4 5.00 0.0001 4096 1.000000 787.039 1.000000
COST 16384 8192 2 8 5.00 0.0001 4096 1.000000 787.039 1.000000
COST 16384 256 2 4 5.00 0.001 16384 0.243860 167.954 2.078600
COST 16384 256 2 8 5.00 0.001 16384 0.243860 167.954 2.078600
COST 16384 512 2 4 5.00 0.001 16384 0.587781 409.249 2.090544
COST 16384 512 2 8 5.00 0.001 16384 0.587781 409.249 2.090544
COST 16384 1024 2 4 5.00 0.001 16384 0.805726 682.375 2.103829
COST 16384 1024 2 8 5.00 0.001 16384 0.805726 682.375 2.103829
COST 16384 2048 2 4 5.00 0.001 16384 0.916701 870.462 2.043086
COST 16384 2048 2 8 5.00 0.001 16384 0.916701 870.462 2.043086
COST 16384 4096 2 4 5.00 0.001 16384 0.972236 977.344 1.336345
COST 16384 4096 2 8 5.00 0.001 16384 0.972236 977.344 1.336345
COST 16384 8192 2 4 5.00 0.001 16384 1.000000 1033.727 1.000000
COST 16384 8192 2 8 5.00 0.001 16384 1.000000 1033.727 1.000000
COST 16384 256 2 4 5.00 0.001 4096 0.243860 167.954 1.714292
COST 16384 256 2 8 5.00 0.001 4096 0.243860 167.954 1.714292
COST 16384 512 2 4 5.00 0.001 4096 0.587781 409.249 1.729557
COST 16384 512 2 8 5.00 0.001 4096 0.587781 409.249 1.729557
COST 16384 1024 2 4 5.00 0.001 4096 0.805726 682.375 1.734983
COST 16384 1024 2 8 5.00 0.001 4096 0.805726 682.375 1.734983
COST 16384 2048 2 4 5.00 0.001 4096 0.916701 870.462 1.621123
COST 16384 2048 2 8 5.00 0.001 4096 0.916701 870.462 1.621123
COST 16384 4096 2 4 5.00 0.001 4096 0.972236 977.344 1.127820
COST 16384 4096 2 8 5.00 0.001 4096 0.972236 977.344 1.127820
COST 16384 8192 2 4 5.00 0.001 4096 1.000000 1033.727 1.000000
COST 16384 8192 2 8 5.00 0.001 4096 1.000000 1033.727 1.000000
COST 16384 256 2 4 5.00 0.001 16384 0.333179 181.648 3.358817
COST 16384 256 2 8 5.00 0.001 16384 0.333179 181.648 3.358817
COST 16384 512 2 4 5.00 0.001 16384 0.698196 412.464 3.306751
COST 16384 512 2 8 5.00 0.001 16384 0.698196 412.464 3.306751
COST 16384 1024 2 4 5.00 0.001 16384 0.883490 617.877 3.246218
COST 16384 1024 2 8 5.00 0.001 16384 0.883490 617.877 3.246218
COST 16384 2048 2 4 5.00 0.001 16384 0.958427 723.286 1.861926
COST 16384 2048 2 8 5.00 0.001 16384 0.958427 723.286 1.861926
COST 16384 4096 2 4 5.00 0.001 16384 0.988190 768.584 0.893088
COST 16384 4096 2 8 5.00 0.001 16384 0.988190 768.584 0.893088
COST 16384 8192 2 4 5.00 0.001 16384 1.000000 787.039 1.000000
COST 16384 8192 2 8 5.00 0.001 16384 1.000000 787.039 1.000000
COST 16384 256 2 4 5.00 0.001 4096 0.333179 181.648 2.188260
COST 16384 256 2 8 5.00 0.001 4096 0.333179 181.648 2.188260
COST 16384 512 2 4 5.00 0.001 4096 0.698196 412.464 2.269164
COST 16384 512 2 8 5.00 0.001 4096 0.698196 412.464 2.269164
COST 16384 1024 2 4 5.00 0.001 4096 0.883490 617.877 2.146158
COST 16384 1024 2 8 5.00 0.001 4096 0.883490 617.877 2.146158
COST 16384 2048 2 4 5.00 0.001 4096 0.958427 723.286 1.296621
COST 16384 2048 2 8 5.00 0.001 4096 0.958427 723.286 1.296621
COST 16384 4096 2 4 5.00 0.001 4096 0.988190 768.584 0.759934
COST 16384 4096 2 8 5.00 0.001 4096 0.988190 768.584 0.759934
COST 16384 8192 2 4 5.00 0.001 4096 1.000000 787.039 1.000000
COST 16384 8192 2 8 5.00 0.001 4096 1.000000 787.039 1.000000
COST 16384 256 2 4 5.00 0.01 16384 0.243860 167.954 3.005129
COST 16384 256 2 8 5.00 0.01 16384 0.243860 167.954 3.005129
COST 16384 512 2 4 5.00 0.01 16384 0.587781 409.249 3.083810
COST 16384 512 2 8 5.00 0.01 16384 0.587781 409.249 3.083810
COST 16384 1024 2 4 5.00 0.01 16384 0.805726 682.375 2.990841
COST 16384 1024 2 8 5.00 0.01 16384 0.805726 682.375 2.990841
COST 16384 2048 2 4 5.00 0.01 16384 0.916701 870.462 1.887746
COST 16384 2048 2 8 5.00 0.01 16384 0.916701 870.462 1.887746
COST 16384 4096 2 4 5.00 0.01 16384 0.972236 977.344 0.911722
COST 16384 4096 2 8 5.00 0.01 16384 0.972236 977.344 0.911722
COST 16384 8192 2 4 5.00 0.01 16384 1.000000 1033.727 1.000000
COST 16384 8192 2 8 5.00 0.01 16384 1.000000 1033.727 1.000000
COST 16384 256 2 4 5.00 0.01 4096 0.243860 167.954 2.483165
COST 16384 256 2 8 5.00 0.01 4096 0.243860 167.954 2.483165
COST 16384 512 2 4 5.00 0.01 4096 0.587781 409.249 2.344607
COST 16384 512 2 8 5.00 0.01 4096 0.587781 409.249 2.344607
COST 16384 1024 2 4 5.00 0.01 4096 0.805726 682.375 2.132968
COST 16384 1024 2 8 5.00 0.01 4096 0.805726 682.375 2.132968
COST 16384 2048 2 4 5.00 0.01 4096 0.916701 870.462 1.408818
COST 16384 2048 2 8 5.00 0.01 4096 0.916701 870.462 1.408818
COST 16384 4096 2 4 5.00 0.01 4096 0.972236 977.344 0.822168
COST 16384 4096 2 8 5.00 0.01 4096 0.972236 977.344 0.822168
COST 16384 8192 2 4 5.00 0.01 4096 1.000000 1033.727 1.000000
COST 16384 8192 2 8 5.00 0.01 4096 1.000000 1033.727 1.000000
COST 16384 256 2 4 5.00 0.01 16384 0.333179 181.648 4.056634
COST 16384 256 2 8 5.00 0.01 16384 0.333179 181.648 4.056634
COST 16384 512 2 4 5.00 0.01 16384 0.698196 412.464 4.060156
COST 16384 512 2 8 5.00 0.01 16384 0.698196 412.464 4.060156
COST 16384 1024 2 4 5.00 0.01 16384 0.883490 617.877 2.354351
COST 16384 1024 2 8 5.00 0.01 16384 0.883490 617.877 2.354351
COST 16384 2048 2 4 5.00 0.01 16384 0.958427 723.286 0.905149
COST 16384 2048 2 8 5.00 0.01 16384 0.958427 723.286 0.905149
COST 16384 4096 2 4 5.00 0.01 16384 0.988190 768.584 0.621677
COST 16384 4096 2 8 5.00 0.01 16384 0.988190 768.584 0.621677
COST 16384 8192 2 4 5.00 0.01 16384 1.000000 787.039 1.000000
COST 16384 8192 2 8 5.00 0.01 16384 1.000000 787.039 1.000000
COST 16384 256 2 4 5.00 0.01 4096 0.333179 181.648 2.394015
COST 16384 256 2 8 5.00 0.01 4096 0.333179 181.648 2.394015
COST 16384 512 2 4 5.00 0.01 4096 0.698196 412.464 2.380241
COST 16384 512 2 8 5.00 0.01 4096 0.698196 412.464 2.380241
COST 16384 1024 2 4 5.00 0.01 4096 0.883490 617.877 1.492983
COST 16384 1024 2 8 5.00 0.01 4096 0.883490 617.877 1.492983
COST 16384 2048 2 4 5.00 0.01 4096 0.958427 723.286 0.651625
COST 16384 2048 2 8 5.00 0.01 4096 0.958427 723.286 0.651625
COST 16384 4096 2 4 5.00 0.01 4096 0.988190 768.584 0.562333
COST 16384 4096 2 8 5.00 0.01 4096 0.988190 768.584 0.562333
COST 16384 8192 2 4 5.00 0.01 4096 1.000000 787.039 1.000000
COST 16384 8192 2 8 5.00 0.01 4096 1.000000 787.039 1.000000
COST 16384 256 2 4 5.50 0.0001 16384 0.243860 167.954 3.222610
COST 16384 256 2 8 5.50 0.0001 16384 0.243860 167.954 3.222610
COST 16384 512 2 4 5.50 0.0001 16384 0.587781 409.249 3.212512
COST 16384 512 2 8 5.50 0.0001 16384 0.587781 409.249 3.212512
COST 16384 1024 2 4 5.50 0.0001 16384 0.805726 682.375 3.283673
COST 16384 1024 2 8 5.50 0.0001 16384 0.805726 682.375 3.283673
COST 16384 2048 2 4 5.50 0.0001 16384 0.916701 870.462 2.861533
COST 16384 2048 2 8 5.50 0.0001 16384 0.916701 870.462 2.861533
COST 16384 4096 2 4 5.50 0.0001 16384 0.972236 977.344 1.275727
COST 16384 4096 2 8 5.50 0.0001 16384 0.972236 977.344 1.275727
COST 16384 8192 2 4 5.50 0.0001 16384 1.000000 1033.727 1.000000
COST 16384 8192 2 8 5.50 0.0001 16384 1.000000 1033.727 1.000000
COST 16384 256 2 4 5.50 0.0001 4096 0.243860 167.954 2.378734
COST 16384 256 2 8 5.50 0.0001 4096 0.243860 167.954 2.378734
COST 16384 512 2 4 5.50 0.0001 4096 0.587781 409.249 2.309139
COST 16384 512 2 8 5.50 0.0001 4096 0.587781 409.249 2.309139
COST 16384 1024 2 4 5.50 0.0001 4096 0.805726 682.375 2.249829
COST 16384 1024 2 8 5.50 0.0001 4096 0.805726 682.375 2.249829
COST 16384 2048 2 4 5.50 0.0001 4096 0.916701 870.462 1.971483
COST 16384 2048 2 8 5.50 0.0001 4096 0.916701 870.462 1.971483
COST 16384 4096 2 4 5.50 0.0001 4096 0.972236 977.344 1.078894
COST 16384 4096 2 8 5.50 0.0001 4096 0.972236 977.344 1.078894
COST 16384 8192 2 4 5.50 0.0001 4096 1.000000 1033.727 1.000000
COST 16384 8192 2 8 5.50 0.0001 4096 1.000000 1033.727 1.000000
COST 16384 256 2 4 5.50 0.0001 16384 0.333179 181.648 4.112156
COST 16384 256 2 8 5.50 0.0001 16384 0.333179 181.648 4.112156
COST 16384 512 2 4 5.50 0.0001 16384 0.698196 412.464 4.147787
COST 16384 512 2 8 5.50 0.0001 16384 0.698196 412.464 4.147787
COST 16384 1024 2 4 5.50 0.0001 16384 0.883490 617.877 3.726580
COST 16384 1024 2 8 5.50 0.0001 16384 0.883490 617.877 3.726580
COST 16384 2048 2 4 5.50 0.0001 16384 0.958427 723.286 1.346936
COST 16384 2048 2 8 5.50 0.0001 16384 0.958427 723.286 1.346936
COST 16384 4096 2 4 5.50 0.0001 16384 0.988190 768.584 0.668436
COST 16384 4096 2 8 5.50 0.0001 16384 0.988190 768.584 0.668436
COST 16384 8192 2 4 5.50 0.0001 16384 1.000000 787.039 1.000000
COST 16384 8192 2 8 5.50 0.0001 16384 1.000000 787.039 1.000000
COST 16384 256 2 4 5.50 0.0001 4096 0.333179 181.648 2.544989
COST 16384 256 2 8 5.50 0.0001 4096 0.333179 181.648 2.544989
COST 16384 512 2 4 5.50 0.0001 4096 0.698196 412.464 2.567142
COST 16384 512 2 8 5.50 0.0001 4096 0.698196 412.464 2.567142
COST 16384 1024 2 4 5.50 0.0001 4096 0.883490 617.877 2.627928
COST 16384 1024 2 8 5.50 0.0001 4096 0.883490 617.877 2.627928
COST 16384 2048 2 4 5.50 0.0001 4096 0.958427 723.286 0.932924
COST 16384 2048 2 8 5.50 0.0001 4096 0.958427 723.286 0.932924
COST 16384 4096 2 4 5.50 0.0001 4096 0.988190 768.584 0.565267
COST 16384 4096 2 8 5.50 0.0001 4096 0.988190 768.584 0.565267
COST 16384 8192 2 4 5.50 0.0001 4096 1.000000 787.039 1.000000
COST 16384 8192 2 8 5.50 0.0001 4096 1.000000 787.039 1.000000
COST 16384 256 2 4 5.50 0.001 16384 0.243860 167.954 4.017784
COST 16384 256 2 8 5.50 0.001 16384 0.243860 167.954 4.017784
COST 16384 512 2 4 5.50 0.001 16384 0.587781 409.249 3.925389
COST 16384 512 2 8 5.50 0.001 16384 0.587781 409.249 3.925389
COST 16384 1024 2 4 5.50 0.001 16384 0.805726 682.375 3.958398
COST 16384 1024 2 8 5.50 0.001 16384 0.805726 682.375 3.958398
COST 16384 2048 2 4 5.50 0.001 16384 0.916701 870.462 1.945844
COST 16384 2048 2 8 5.50 0.001 16384 0.916701 870.462 1.945844
COST 16384 4096 2 4 5.50 0.001 16384 0.972236 977.344 0.891632
COST 16384 4096 2 8 5.50 0.001 16384 0.972236 977.344 0.891632
COST 16384 8192 2 4 5.50 0.001 16384 1.000000 1033.727 1.000000
COST 16384 8192 2 8 5.50 0.001 16384 1.000000 1033.727 1.000000
COST 16384 256 2 4 5.50 0.001 4096 0.243860 167.954 2.700568
COST 16384 256 2 8 5.50 0.001 4096 0.243860 167.954 2.700568
COST 16384 512 2 4 5.50 0.001 4096 0.587781 409.249 2.682675
COST 16384 512 2 8 5.50 0.001 4096 0.587781 409.249 2.682675
COST 16384 1024 2 4 5.50 0.001 4096 0.805726 682.375 2.646020
COST 16384 1024 2 8 5.50 0.001 4096 0.805726 682.375 2.646020
COST 16384 2048 2 4 5.50 0.001 4096 0.916701 870.462 1.340506
COST 16384 2048 2 8 5.50 0.001 4096 0.916701 870.462 1.340506
COST 16384 4096 2 4 5.50 0.001 4096 0.972236 977.344 0.700840
COST 16384 4096 2 8 5.50 0.001 4096 0.972236 977.344 0.700840
COST 16384 8192 2 4 5.50 0.001 4096 1.000000 1033.727 1.000000
COST 16384 8192 2 8 5.50 0.001 4096 1.000000 1033.727 1.000000
COST 16384 256 2 4 5.50 0.001 16384 0.333179 181.648 4.294812
COST 16384 256 2 8 5.50 0.001 16384 0.333179 181.648 4.294812
COST 16384 512 2 4 5.50 0.001 16384 0.698196 412.464 4.351257
COST 16384 512 2 8 5.50 0.001 16384 0.698196 412.464 4.351257
COST 16384 1024 2 4 5.50 0.001 16384 0.883490 617.877 2.424015
COST 16384 1024 2 8 5.50 0.001 16384 0.883490 617.877 2.424015
COST 16384 2048 2 4 5.50 0.001 16384 0.958427 723.286 0.630143
COST 16384 2048 2 8 5.50 0.001 16384 0.958427 723.286 0.630143
COST 16384 4096 2 4 5.50 0.001 16384 0.988190 768.584 0.468402
COST 16384 4096 2 8 5.50 0.001 16384 0.988190 768.584 0.468402
COST 16384 8192 2 4 5.50 0.001 16384 1.000000 787.039 1.000000
COST 16384 8192 2 8 5.50 0.001 16384 1.000000 787.039 1.000000
COST 16384 256 2 4 5.50 0.001 4096 0.333179 181.648 2.878590
COST 16384 256 2 8 5.50 0.001 4096 0.333179 181.648 2.878590
COST 16384 512 2 4 5.50 0.001 4096 0.698196 412.464 2.804527
COST 16384 512 2 8 5.50 0.001 4096 0.698196 412.464 2.804527
COST 16384 1024 2 4 5.50 0.001 4096 0.883490 617.877 1.560636
COST 16384 1024 2 8 5.50 0.001 4096 0.883490 617.877 1.560636
COST 16384 2048 2 4 5.50 0.001 4096 0.958427 723.286 0.519013
COST 16384 2048 2 8 5.50 0.001 4096 0.958427 723.286 0.519013
COST 16384 4096 2 4 5.50 0.001 4096 0.988190 768.584 0.508546
COST 16384 4096 2 8 5.50 0.001 4096 0.988190 768.584 0.508546
COST 16384 8192 2 4 5.50 0.001 4096 1.000000 787.039 1.000000
COST 16384 8192 2 8 5.50 0.001 4096 1.000000 787.039 1.000000
COST 16384 256 2 4 5.50 0.01 16384 0.243860 167.954 4.667609
COST 16384 256 2 8 5.50 0.01 16384 0.243860 167.954 4.667609
COST 16384 512 2 4 5.50 0.01 16384 0.587781 409.249 4.738880
COST 16384 512 2 8 5.50 0.01 16384 0.587781 409.249 4.738880
COST 16384 1024 2 4 5.50 0.01 16384 0.805726 682.375 2.615471
COST 16384 1024 2 8 5.50 0.01 16384 0.805726 682.375 2.615471
COST 16384 2048 2 4 5.50 0.01 16384 0.916701 870.462 0.905719
COST 16384 2048 2 8 5.50 0.01 16384 0.916701 870.462 0.905719
COST 16384 4096 2 4 5.50 0.01 16384 0.972236 977.344 0.655077
COST 16384 4096 2 8 5.50 0.01 16384 0.972236 977.344 0.655077
COST 16384 8192 2 4 5.50 0.01 16384 1.000000 1033.727 1.000000
COST 16384 8192 2 8 5.50 0.01 16384 1.000000 1033.727 1.000000
COST 16384 256 2 4 5.50 0.01 4096 0.243860 167.954 2.920941
COST 16384 256 2 8 5.50 0.01 4096 0.243860 167.954 2.920941
COST 16384 512 2 4 5.50 0.01 4096 0.587781 409.249 2.916391
COST 16384 512 2 8 5.50 0.01 4096 0.587781 409.249 2.916391
COST 16384 1024 2 4 5.50 0.01 4096 0.805726 682.375 1.515355
COST 16384 1024 2 8 5.50 0.01 4096 0.805726 682.375 1.515355
COST 16384 2048 2 4 5.50 0.01 4096 0.916701 870.462 0.600629
COST 16384 2048 2 8 5.50 0.01 4096 0.916701 870.462 0.600629
COST 16384 4096 2 4 5.50 0.01 4096 0.972236 977.344 0.502962
COST 16384 4096 2 8 5.50 0.01 4096 0.972236 977.344 0.502962
COST 16384 8192 2 4 5.50 0.01 4096 1.000000 1033.727 1.000000
COST 16384 8192 2 8 5.50 0.01 4096 1.000000 1033.727 1.000000
COST 16384 256 2 4 5.50 0.01 16384 0.333179 181.648 4.633743
COST 16384 256 2 8 5.50 0.01 16384 0.333179 181.648 4.633743
COST 16384 512 2 4 5.50 0.01 16384 0.698196 412.464 3.872139
COST 16384 512 2 8 5.50 0.01 16384 0.698196 412.464 3.872139
COST 16384 1024 2 4 5.50 0.01 16384 0.883490 617.877 0.878605
COST 16384 1024 2 8 5.50 0.01 16384 0.883490 617.877 0.878605
COST 16384 2048 2 4 5.50 0.01 16384 0.958427 723.286 0.315791
COST 16384 2048 2 8 5.50 0.01 16384 0.958427 723.286 0.315791
COST 16384 4096 2 4 5.50 0.01 16384 0.988190 768.584 0.451552
COST 16384 4096 2 8 5.50 0.01 16384 0.988190 768.584 0.451552
COST 16384 8192 2 4 5.50 0.01 16384 1.000000 787.039 1.000000
COST 16384 8192 2 8 5.50 0.01 16384 1.000000 787.039 1.000000
COST 16384 256 2 4 5.50 0.01 4096 0.333179 181.648 2.922953
COST 16384 256 2 8 5.50 0.01 4096 0.333179 181.648 2.922953
COST 16384 512 2 4 5.50 0.01 4096 0.698196 412.464 2.602973
COST 16384 512 2 8 5.50 0.01 4096 0.698196 412.464 2.602973
COST 16384 1024 2 4 5.50 0.01 4096 0.883490 617.877 0.578234
COST 16384 1024 2 8 5.50 0.01 4096 0.883490 617.877 0.578234
COST 16384 2048 2 4 5.50 0.01 4096 0.958427 723.286 0.342996
COST 16384 2048 2 8 5.50 0.01 4096 0.958427 723.286 0.342996
COST 16384 4096 2 4 5.50 0.01 4096 0.988190 768.584 0.479053
COST 16384 4096 2 8 5.50 0.01 4096 0.988190 768.584 0.479053
COST 16384 8192 2 4 5.50 0.01 4096 1.000000 787.039 1.000000
COST 16384 8192 2 8 5.50 0.01 4096 1.000000 787.039 1.000000
COST 16384 256 2 4 6.00 0.0001 16384 0.243860 167.954 4.138300
COST 16384 256 2 8 6.00 0.0001 16384 0.243860 167.954 4.138300
COST 16384 512 2 4 6.00 0.0001 16384 0.587781 409.249 4.171729
COST 16384 512 2 8 6.00 0.0001 16384 0.587781 409.249 4.171729
COST 16384 1024 2 4 6.00 0.0001 16384 0.805726 682.375 4.053042
COST 16384 1024 2 8 6.00 0.0001 16384 0.805726 682.375 4.053042
COST 16384 2048 2 4 6.00 0.0001 16384 0.916701 870.462 1.635776
COST 16384 2048 2 8 6.00 0.0001 16384 0.916701 870.462 1.635776
COST 16384 4096 2 4 6.00 0.0001 16384 0.972236 977.344 0.660681
COST 16384 4096 2 8 6.00 0.0001 16384 0.972236 977.344 0.660681
COST 16384 8192 2 4 6.00 0.0001 16384 1.000000 1033.727 1.000000
COST 16384 8192 2 8 6.00 0.0001 16384 1.000000 1033.727 1.000000
COST 16384 256 2 4 6.00 0.0001 4096 0.243860 167.954 2.931926
COST 16384 256 2 8 6.00 0.0001 4096 0.243860 167.954 2.931926
COST 16384 512 2 4 6.00 0.0001 4096 0.587781 409.249 2.946882
COST 16384 512 2 8 6.00 0.0001 4096 0.587781 409.249 2.946882
COST 16384 1024 2 4 6.00 0.0001 4096 0.805726 682.375 2.905839
COST 16384 1024 2 8 6.00 0.0001 4096 0.805726 682.375 2.905839
COST 16384 2048 2 4 6.00 0.0001 4096 0.916701 870.462 1.110246
COST 16384 2048 2 8 6.00 0.0001 4096 0.916701 870.462 1.110246
COST 16384 4096 2 4 6.00 0.0001 4096 0.972236 977.344 0.576054
COST 16384 4096 2 8 6.00 0.0001 4096 0.972236 977.344 0.576054
COST 16384 8192 2 4 6.00 0.0001 4096 1.000000 1033.727 1.000000
COST 16384 8192 2 8 6.00 0.0001 4096 1.000000 1033.727 1.000000
COST 16384 256 2 4 6.00 0.0001 16384 0.333179 181.648 4.991787
COST 16384 256 2 8 6.00 0.0001 16384 0.333179 181.648 4.991787
COST 16384 512 2 4 6.00 0.0001 16384 0.698196 412.464 4.978303
COST 16384 512 2 8 6.00 0.0001 16384 0.698196 412.464 4.978303
COST 16384 1024 2 4 6.00 0.0001 16384 0.883490 617.877 2.339351
COST 16384 1024 2 8 6.00 0.0001 16384 0.883490 617.877 2.339351
COST 16384 2048 2 4 6.00 0.0001 16384 0.958427 723.286 0.442362
COST 16384 2048 2 8 6.00 0.0001 16384 0.958427 723.286 0.442362
COST 16384 4096 2 4 6.00 0.0001 16384 0.988190 768.584 0.450522
COST 16384 4096 2 8 6.00 0.0001 16384 0.988190 768.584 0.450522
COST 16384 8192 2 4 6.00 0.0001 16384 1.000000 787.039 1.000000
COST 16384 8192 2 8 6.00 0.0001 16384 1.000000 787.039 1.000000
COST 16384 256 2 4 6.00 0.0001 4096 0.333179 181.648 3.006440
COST 16384 256 2 8 6.00 0.0001 4096 0.333179 181.648 3.006440
COST 16384 512 2 4 6.00 0.0001 4096 0.698196 412.464 3.088037
COST 16384 512 2 8 6.00 0.0001 4096 0.698196 412.464 3.088037
COST 16384 1024 2 4 6.00 0.0001 4096 0.883490 617.877 1.375905
COST 16384 1024 2 8 6.00 0.0001 4096 0.883490 617.877 1.375905
COST 16384 2048 2 4 6.00 0.0001 4096 0.958427 723.286 0.398459
COST 16384 2048 2 8 6.00 0.0001 4096 0.958427 723.286 0.398459
COST 16384 4096 2 4 6.00 0.0001 4096 0.988190 768.584 0.474988
COST 16384 4096 2 8 6.00 0.0001 4096 0.988190 768.584 0.474988
COST 16384 8192 2 4 6.00 0.0001 4096 1.000000 787.039 1.000000
COST 16384 8192 2 8 6.00 0.0001 4096 1.000000 787.039 1.000000
COST 16384 256 2 4 6.00 0.001 16384 0.243860 167.954 4.464072
COST 16384 256 2 8 6.00 0.001 16384 0.243860 167.954 4.464072
COST 16384 512 2 4 6.00 0.001 16384 0.587781 409.249 4.507729
COST 16384 512 2 8 6.00 0.001 16384 0.587781 409.249 4.507729
COST 16384 1024 2 4 6.00 0.001 16384 0.805726 682.375 3.137837
COST 16384 1024 2 8 6.00 0.001 16384 0.805726 682.375 3.137837
COST 16384 2048 2 4 6.00 0.001 16384 0.916701 870.462 0.699559
COST 16384 2048 2 8 6.00 0.001 16384 0.916701 870.462 0.699559
COST 16384 4096 2 4 6.00 0.001 16384 0.972236 977.344 0.463540
COST 16384 4096 2 8 6.00 0.001 16384 0.972236 977.344 0.463540
COST 16384 8192 2 4 6.00 0.001 16384 1.000000 1033.727 1.000000
COST 16384 8192 2 8 6.00 0.001 16384 1.000000 1033.727 1.000000
COST 16384 256 2 4 6.00 0.001 4096 0.243860 167.954 2.622197
COST 16384 256 2 8 6.00 0.001 4096 0.243860 167.954 2.622197
COST 16384 512 2 4 6.00 0.001 4096 0.587781 409.249 2.592893
COST 16384 512 2 8 6.00 0.001 4096 0.587781 409.249 2.592893
COST 16384 1024 2 4 6.00 0.001 4096 0.805726 682.375 1.846881
COST 16384 1024 2 8 6.00 0.001 4096 0.805726 682.375 1.846881
COST 16384 2048 2 4 6.00 0.001 4096 0.916701 870.462 0.493471
COST 16384 2048 2 8 6.00 0.001 4096 0.916701 870.462 0.493471
COST 16384 4096 2 4 6.00 0.001 4096 0.972236 977.344 0.503068
COST 16384 4096 2 8 6.00 0.001 4096 0.972236 977.344 0.503068
COST 16384 8192 2 4 6.00 0.001 4096 1.000000 1033.727 1.000000
COST 16384 8192 2 8 6.00 0.001 4096 1.000000 1033.727 1.000000
COST 16384 256 2 4 6.00 0.001 16384 0.333179 181.648 4.545590
COST 16384 256 2 8 6.00 0.001 16384 0.333179 181.648 4.545590
COST 16384 512 2 4 6.00 0.001 16384 0.698196 412.464 4.283568
COST 16384 512 2 8 6.00 0.001 16384 0.698196 412.464 4.283568
COST 16384 1024 2 4 6.00 0.001 16384 0.883490 617.877 0.866814
COST 16384 1024 2 8 6.00 0.001 16384 0.883490 617.877 0.866814
COST 16384 2048 2 4 6.00 0.001 16384 0.958427 723.286 0.242588
COST 16384 2048 2 8 6.00 0.001 16384 0.958427 723.286 0.242588
COST 16384 4096 2 4 6.00 0.001 16384 0.988190 768.584 0.412023
COST 16384 4096 2 8 6.00 0.001 16384 0.988190 768.584 0.412023
COST 16384 8192 2 4 6.00 0.001 16384 1.000000 787.039 1.000000
COST 16384 8192 2 8 6.00 0.001 16384 1.000000 787.039 1.000000
COST 16384 256 2 4 6.00 0.001 4096 0.333179 181.648 2.903455
COST 16384 256 2 8 6.00 0.001 4096 0.333179 181.648 2.903455
COST 16384 512 2 4 6.00 0.001 4096 0.698196 412.464 2.440403
COST 16384 512 2 8 6.00 0.001 4096 0.698196 412.464 2.440403
COST 16384 1024 2 4 6.00 0.001 4096 0.883490 617.877 0.574857
COST 16384 1024 2 8 6.00 0.001 4096 0.883490 617.877 0.574857
COST 16384 2048 2 4 6.00 0.001 4096 0.958427 723.286 0.321986
COST 16384 2048 2 8 6.00 0.001 4096 0.958427 723.286 0.321986
COST 16384 4096 2 4 6.00 0.001 4096 0.988190 768.584 0.477033
COST 16384 4096 2 8 6.00 0.001 4096 0.988190 768.584 0.477033
COST 16384 8192 2 4 6.00 0.001 4096 1.000000 787.039 1.000000
COST 16384 8192 2 8 6.00 0.001 4096 1.000000 787.039 1.000000
COST 16384 256 2 4 6.00 0.01 16384 0.243860 167.954 4.850379
COST 16384 256 2 8 6.00 0.01 16384 0.243860 167.954 4.850379
COST 16384 512 2 4 6.00 0.01 16384 0.587781 409.249 4.365080
COST 16384 512 2 8 6.00 0.01 16384 0.587781 409.249 4.365080
COST 16384 1024 2 4 6.00 0.01 16384 0.805726 682.375 0.892398
COST 16384 1024 2 8 6.00 0.01 16384 0.805726 682.375 0.892398
COST 16384 2048 2 4 6.00 0.01 16384 0.916701 870.462 0.298556
COST 16384 2048 2 8 6.00 0.01 16384 0.916701 870.462 0.298556
COST 16384 4096 2 4 6.00 0.01 16384 0.972236 977.344 0.425278
COST 16384 4096 2 8 6.00 0.01 16384 0.972236 977.344 0.425278
COST 16384 8192 2 4 6.00 0.01 16384 1.000000 1033.727 1.000000
COST 16384 8192 2 8 6.00 0.01 16384 1.000000 1033.727 1.000000
COST 16384 256 2 4 6.00 0.01 4096 0.243860 167.954 2.577214
COST 16384 256 2 8 6.00 0.01 4096 0.243860 167.954 2.577214
COST 16384 512 2 4 6.00 0.01 4096 0.587781 409.249 2.391434
COST 16384 512 2 8 6.00 0.01 4096 0.587781 409.249 2.391434
COST 16384 1024 2 4 6.00 0.01 4096 0.805726 682.375 0.610856
COST 16384 1024 2 8 6.00 0.01 4096 0.805726 682.375 0.610856
COST 16384 2048 2 4 6.00 0.01 4096 0.916701 870.462 0.333902
COST 16384 2048 2 8 6.00 0.01 4096 0.916701 870.462 0.333902
COST 16384 4096 2 4 6.00 0.01 4096 0.972236 977.344 0.470193
COST 16384 4096 2 8 6.00 0.01 4096 0.972236 977.344 0.470193
COST 16384 8192 2 4 6.00 0.01 4096 1.000000 1033.727 1.000000
COST 16384 8192 2 8 6.00 0.01 4096 1.000000 1033.727 1.000000
COST 16384 256 2 4 6.00 0.01 16384 0.333179 181.648 4.710141
COST 16384 256 2 8 6.00 0.01 16384 0.333179 181.648 4.710141
COST 16384 512 2 4 6.00 0.01 16384 0.698196 412.464 1.979341
COST 16384 512 2 8 6.00 0.01 16384 0.698196 412.464 1.979341
COST 16384 1024 2 4 6.00 0.01 16384 0.883490 617.877 0.237009
COST 16384 1024 2 8 6.00 0.01 16384 0.883490 617.877 0.237009
COST 16384 2048 2 4 6.00 0.01 16384 0.958427 723.286 0.217669
COST 16384 2048 2 8 6.00 0.01 16384 0.958427 723.286 0.217669
COST 16384 4096 2 4 6.00 0.01 16384 0.988190 768.584 0.401336
COST 16384 4096 2 8 6.00 0.01 16384 0.988190 768.584 0.401336
COST 16384 8192 2 4 6.00 0.01 16384 1.000000 787.039 1.000000
COST 16384 8192 2 8 6.00 0.01 16384 1.000000 787.039 1.000000
COST 16384 256 2 4 6.00 0.01 4096 0.333179 181.648 2.846763
COST 16384 256 2 8 6.00 0.01 4096 0.333179 181.648 2.846763
COST 16384 512 2 4 6.00 0.01 4096 0.698196 412.464 1.233284
COST 16384 512 2 8 6.00 0.01 4096 0.698196 412.464 1.233284
COST 16384 1024 2 4 6.00 0.01 4096 0.883490 617.877 0.260551
COST 16384 1024 2 8 6.00 0.01 4096 0.883490 617.877 0.260551
COST 16384 2048 2 4 6.00 0.01 4096 0.958427 723.286 0.283118
COST 16384 2048 2 8 6.00 0.01 4096 0.958427 723.286 0.283118
COST 16384 4096 2 4 6.00 0.01 4096 0.988190 768.584 0.455142
COST 16384 4096 2 8 6.00 0.01 4096 0.988190 768.584 0.455142
COST 16384 8192 2 4 6.00 0.01 4096 1.000000 787.039 1.000000
COST 16384 8192 2 8 6.00 0.01 4096 1.000000 787.039 1.000000
COST 16384 256 2 4 6.50 0.0001 16384 0.243860 167.954 4.801726
COST 16384 256 2 8 6.50 0.0001 16384 0.243860 167.954 4.801726
COST 16384 512 2 4 6.50 0.0001 16384 0.587781 409.249 4.812572
COST 16384 512 2 8 6.50 0.0001 16384 0.587781 409.249 4.812572
COST 16384 1024 2 4 6.50 0.0001 16384 0.805726 682.375 3.004760
COST 16384 1024 2 8 6.50 0.0001 16384 0.805726 682.375 3.004760
COST 16384 2048 2 4 6.50 0.0001 16384 0.916701 870.462 0.544500
COST 16384 2048 2 8 6.50 0.0001 16384 0.916701 870.462 0.544500
COST 16384 4096 2 4 6.50 0.0001 16384 0.972236 977.344 0.469802
COST 16384 4096 2 8 6.50 0.0001 16384 0.972236 977.344 0.469802
COST 16384 8192 2 4 6.50 0.0001 16384 1.000000 1033.727 1.000000
COST 16384 8192 2 8 6.50 0.0001 16384 1.000000 1033.727 1.000000
COST 16384 256 2 4 6.50 0.0001 4096 0.243860 167.954 2.615438
COST 16384 256 2 8 6.50 0.0001 4096 0.243860 167.954 2.615438
COST 16384 512 2 4 6.50 0.0001 4096 0.587781 409.249 2.849765
COST 16384 512 2 8 6.50 0.0001 4096 0.587781 409.249 2.849765
COST 16384 1024 2 4 6.50 0.0001 4096 0.805726 682.375 1.715404
COST 16384 1024 2 8 6.50 0.0001 4096 0.805726 682.375 1.715404
COST 16384 2048 2 4 6.50 0.0001 4096 0.916701 870.462 0.408511
COST 16384 2048 2 8 6.50 0.0001 4096 0.916701 870.462 0.408511
COST 16384 4096 2 4 6.50 0.0001 4096 0.972236 977.344 0.446873
COST 16384 4096 2 8 6.50 0.0001 4096 0.972236 977.344 0.446873
COST 16384 8192 2 4 6.50 0.0001 4096 1.000000 1033.727 1.000000
COST 16384 8192 2 8 6.50 0.0001 4096 1.000000 1033.727 1.000000
COST 16384 256 2 4 6.50 0.0001 16384 0.333179 181.648 4.781726
COST 16384 256 2 8 6.50 0.0001 16384 0.333179 181.648 4.781726
COST 16384 512 2 4 6.50 0.0001 16384 0.698196 412.464 4.410785
COST 16384 512 2 8 6.50 0.0001 16384 0.698196 412.464 4.410785
COST 16384 1024 2 4 6.50 0.0001 16384 0.883490 617.877 0.662806
COST 16384 1024 2 8 6.50 0.0001 16384 0.883490 617.877 0.662806
COST 16384 2048 2 4 6.50 0.0001 16384 0.958427 723.286 0.228633
COST 16384 2048 2 8 6.50 0.0001 16384 0.958427 723.286 0.228633
COST 16384 4096 2 4 6.50 0.0001 16384 0.988190 768.584 0.426822
COST 16384 4096 2 8 6.50 0.0001 16384 0.988190 768.584 0.426822
COST 16384 8192 2 4 6.50 0.0001 16384 1.000000 787.039 1.000000
COST 16384 8192 2 8 6.50 0.0001 16384 1.000000 787.039 1.000000
COST 16384 256 2 4 6.50 0.0001 4096 0.333179 181.648 2.881956
COST 16384 256 2 8 6.50 0.0001 4096 0.333179 181.648 2.881956
COST 16384 512 2 4 6.50 0.0001 4096 0.698196 412.464 2.453865
COST 16384 512 2 8 6.50 0.0001 4096 0.698196 412.464 2.453865
COST 16384 1024 2 4 6.50 0.0001 4096 0.883490 617.877 0.447843
COST 16384 1024 2 8 6.50 0.0001 4096 0.883490 617.877 0.447843
COST 16384 2048 2 4 6.50 0.0001 4096 0.958427 723.286 0.277863
COST 16384 2048 2 8 6.50 0.0001 4096 0.958427 723.286 0.277863
COST 16384 4096 2 4 6.50 0.0001 4096 0.988190 768.584 0.459774
COST 16384 4096 2 8 6.50 0.0001 4096 0.988190 768.584 0.459774
COST 16384 8192 2 4 6.50 0.0001 4096 1.000000 787.039 1.000000
COST 16384 8192 2 8 6.50 0.0001 4096 1.000000 787.039 1.000000
COST 16384 256 2 4 6.50 0.001 16384 0.243860 167.954 4.846688
COST 16384 256 2 8 6.50 0.001 16384 0.243860 167.954 4.846688
COST 16384 512 2 4 6.50 0.001 16384 0.587781 409.249 4.711390
COST 16384 512 2 8 6.50 0.001 16384 0.587781 409.249 4.711390
COST 16384 1024 2 4 6.50 0.001 16384 0.805726 682.375 1.371047
COST 16384 1024 2 8 6.50 0.001 16384 0.805726 682.375 1.371047
COST 16384 2048 2 4 6.50 0.001 16384 0.916701 870.462 0.284728
COST 16384 2048 2 8 6.50 0.001 16384 0.916701 870.462 0.284728
COST 16384 4096 2 4 6.50 0.001 16384 0.972236 977.344 0.445370
COST 16384 4096 2 8 6.50 0.001 16384 0.972236 977.344 0.445370
COST 16384 8192 2 4 6.50 0.001 16384 1.000000 1033.727 1.000000
COST 16384 8192 2 8 6.50 0.001 16384 1.000000 1033.727 1.000000
COST 16384 256 2 4 6.50 0.001 4096 0.243860 167.954 2.977843
COST 16384 256 2 8 6.50 0.001 4096 0.243860 167.954 2.977843
COST 16384 512 2 4 6.50 0.001 4096 0.587781 409.249 2.613172
COST 16384 512 2 8 6.50 0.001 4096 0.587781 409.249 2.613172
COST 16384 1024 2 4 6.50 0.001 4096 0.805726 682.375 0.942183
COST 16384 1024 2 8 6.50 0.001 4096 0.805726 682.375 0.942183
COST 16384 2048 2 4 6.50 0.001 4096 0.916701 870.462 0.370707
COST 16384 2048 2 8 6.50 0.001 4096 0.916701 870.462 0.370707
COST 16384 4096 2 4 6.50 0.001 4096 0.972236 977.344 0.469784
COST 16384 4096 2 8 6.50 0.001 4096 0.972236 977.344 0.469784
COST 16384 8192 2 4 6.50 0.001 4096 1.000000 1033.727 1.000000
COST 16384 8192 2 8 6.50 0.001 4096 1.000000 1033.727 1.000000
COST 16384 256 2 4 6.50 0.001 16384 0.333179 181.648 4.700448
COST 16384 256 2 8 6.50 0.001 16384 0.333179 181.648 4.700448
COST 16384 512 2 4 6.50 0.001 16384 0.698196 412.464 2.694667
COST 16384 512 2 8 6.50 0.001 16384 0.698196 412.464 2.694667
COST 16384 1024 2 4 6.50 0.001 16384 0.883490 617.877 0.253507
COST 16384 1024 2 8 6.50 0.001 16384 0.883490 617.877 0.253507
COST 16384 2048 2 4 6.50 0.001 16384 0.958427 723.286 0.216570
COST 16384 2048 2 8 6.50 0.001 16384 0.958427 723.286 0.216570
COST 16384 4096 2 4 6.50 0.001 16384 0.988190 768.584 0.430989
COST 16384 4096 2 8 6.50 0.001 16384 0.988190 768.584 0.430989
COST 16384 8192 2 4 6.50 0.001 16384 1.000000 787.039 1.000000
COST 16384 8192 2 8 6.50 0.001 16384 1.000000 787.039 1.000000
COST 16384 256 2 4 6.50 0.001 4096 0.333179 181.648 2.878358
COST 16384 256 2 8 6.50 0.001 4096 0.333179 181.648 2.878358
COST 16384 512 2 4 6.50 0.001 4096 0.698196 412.464 1.623054
COST 16384 512 2 8 6.50 0.001 4096 0.698196 412.464 1.623054
COST 16384 1024 2 4 6.50 0.001 4096 0.883490 617.877 0.261221
COST 16384 1024 2 8 6.50 0.001 4096 0.883490 617.877 0.261221
COST 16384 2048 2 4 6.50 0.001 4096 0.958427 723.286 0.281939
COST 16384 2048 2 8 6.50 0.001 4096 0.958427 723.286 0.281939
COST 16384 4096 2 4 6.50 0.001 4096 0.988190 768.584 0.474775
COST 16384 4096 2 8 6.50 0.001 4096 0.988190 768.584 0.474775
COST 16384 8192 2 4 6.50 0.001 4096 1.000000 787.039 1.000000
COST 16384 8192 2 8 6.50 0.001 4096 1.000000 787.039 1.000000
COST 16384 256 2 4 6.50 0.01 16384 0.243860 167.954 4.230838
COST 16384 256 2 8 6.50 0.01 16384 0.243860 167.954 4.230838
COST 16384 512 2 4 6.50 0.01 16384 0.587781 409.249 2.367387
COST 16384 512 2 8 6.50 0.01 16384 0.587781 409.249 2.367387
COST 16384 1024 2 4 6.50 0.01 16384 0.805726 682.375 0.265900
COST 16384 1024 2 8 6.50 0.01 16384 0.805726 682.375 0.265900
COST 16384 2048 2 4 6.50 0.01 16384 0.916701 870.462 0.203507
COST 16384 2048 2 8 6.50 0.01 16384 0.916701 870.462 0.203507
COST 16384 4096 2 4 6.50 0.01 16384 0.972236 977.344 0.399695
COST 16384 4096 2 8 6.50 0.01 16384 0.972236 977.344 0.399695
COST 16384 8192 2 4 6.50 0.01 16384 1.000000 1033.727 1.000000
COST 16384 8192 2 8 6.50 0.01 16384 1.000000 1033.727 1.000000
COST 16384 256 2 4 6.50 0.01 4096 0.243860 167.954 2.623483
COST 16384 256 2 8 6.50 0.01 4096 0.243860 167.954 2.623483
COST 16384 512 2 4 6.50 0.01 4096 0.587781 409.249 1.573096
COST 16384 512 2 8 6.50 0.01 4096 0.587781 409.249 1.573096
COST 16384 1024 2 4 6.50 0.01 4096 0.805726 682.375 0.267327
COST 16384 1024 2 8 6.50 0.01 4096 0.805726 682.375 0.267327
COST 16384 2048 2 4 6.50 0.01 4096 0.916701 870.462 0.260000
COST 16384 2048 2 8 6.50 0.01 4096 0.916701 870.462 0.260000
COST 16384 4096 2 4 6.50 0.01 4096 0.972236 977.344 0.462783
COST 16384 4096 2 8 6.50 0.01 4096 0.972236 977.344 0.462783
COST 16384 8192 2 4 6.50 0.01 4096 1.000000 1033.727 1.000000
COST 16384 8192 2 8 6.50 0.01 4096 1.000000 1033.727 1.000000
COST 16384 256 2 4 6.50 0.01 16384 0.333179 181.648 4.516569
COST 16384 256 2 8 6.50 0.01 16384 0.333179 181.648 4.516569
COST 16384 512 2 4 6.50 0.01 16384 0.698196 412.464 0.714186
COST 16384 512 2 8 6.50 0.01 16384 0.698196 412.464 0.714186
COST 16384 1024 2 4 6.50 0.01 16384 0.883490 617.877 0.109853
COST 16384 1024 2 8 6.50 0.01 16384 0.883490 617.877 0.109853
COST 16384 2048 2 4 6.50 0.01 16384 0.958427 723.286 0.207719
COST 16384 2048 2 8 6.50 0.01 16384 0.958427 723.286 0.207719
COST 16384 4096 2 4 6.50 0.01 16384 0.988190 768.584 0.412434
COST 16384 4096 2 8 6.50 0.01 16384 0.988190 768.584 0.412434
COST 16384 8192 2 4 6.50 0.01 16384 1.000000 787.039 1.000000
COST 16384 8192 2 8 6.50 0.01 16384 1.000000 787.039 1.000000
COST 16384 256 2 4 6.50 0.01 4096 0.333179 181.648 2.767944
COST 16384 256 2 8 6.50 0.01 4096 0.333179 181.648 2.767944
COST 16384 512 2 4 6.50 0.01 4096 0.698196 412.464 0.499189
COST 16384 512 2 8 6.50 0.01 4096 0.698196 412.464 0.499189
COST 16384 1024 2 4 6.50 0.01 4096 0.883490 617.877 0.192953
COST 16384 1024 2 8 6.50 0.01 4096 0.883490 617.877 0.192953
COST 16384 2048 2 4 6.50 0.01 4096 0.958427 723.286 0.278488
COST 16384 2048 2 8 6.50 0.01 4096 0.958427 723.286 0.278488
COST 16384 4096 2 4 6.50 0.01 4096 0.988190 768.584 0.453089
COST 16384 4096 2 8 6.50 0.01 4096 0.988190 768.584 0.453089
COST 16384 8192 2 4 6.50 0.01 4096 1.000000 787.039 1.000000
COST 16384 8192 2 8 6.50 0.01 4096 1.000000 787.039 1.000000
COST 2048 256 2 4 5.00 0.0001 16384 0.916522 108.764 1.490444
COST 2048 256 2 8 5.00 0.0001 16384 0.916522 108.764 1.490444
COST 2048 512 2 4 5.00 0.0001 16384 0.972200 122.156 0.985217
COST 2048 512 2 8 5.00 0.0001 16384 0.972200 122.156 0.985217
COST 2048 1024 2 4 5.00 0.0001 16384 1.000000 129.213 1.000000
COST 2048 1024 2 8 5.00 0.0001 16384 1.000000 129.213 1.000000
COST 2048 256 2 4 5.00 0.0001 4096 0.916522 108.764 1.349026
COST 2048 256 2 8 5.00 0.0001 4096 0.916522 108.764 1.349026
COST 2048 512 2 4 5.00 0.0001 4096 0.972200 122.156 1.019543
COST 2048 512 2 8 5.00 0.0001 4096 0.972200 122.156 1.019543
COST 2048 1024 2 4 5.00 0.0001 4096 1.000000 129.213 1.000000
COST 2048 1024 2 8 5.00 0.0001 4096 1.000000 129.213 1.000000
COST 2048 256 2 4 5.00 0.0001 16384 0.958318 90.389 0.913096
COST 2048 256 2 8 5.00 0.0001 16384 0.958318 90.389 0.913096
COST 2048 512 2 4 5.00 0.0001 16384 0.988172 96.068 0.826921
COST 2048 512 2 8 5.00 0.0001 16384 0.988172 96.068 0.826921
COST 2048 1024 2 4 5.00 0.0001 16384 1.000000 98.379 1.000000
COST 2048 1024 2 8 5.00 0.0001 16384 1.000000 98.379 1.000000
COST 2048 256 2 4 5.00 0.0001 4096 0.958318 90.389 0.915972
COST 2048 256 2 8 5.00 0.0001 4096 0.958318 90.389 0.915972
COST 2048 512 2 4 5.00 0.0001 4096 0.988172 96.068 0.903299
COST 2048 512 2 8 5.00 0.0001 4096 0.988172 96.068 0.903299
COST 2048 1024 2 4 5.00 0.0001 4096 1.000000 98.379 1.000000
COST 2048 1024 2 8 5.00 0.0001 4096 1.000000 98.379 1.000000
COST 2048 256 2 4 5.00 0.001 16384 0.916522 108.764 1.038676
COST 2048 256 2 8 5.00 0.001 16384 0.916522 108.764 1.038676
COST 2048 512 2 4 5.00 0.001 16384 0.972200 122.156 0.863933
COST 2048 512 2 8 5.00 0.001 16384 0.972200 122.156 0.863933
COST 2048 1024 2 4 5.00 0.001 16384 1.000000 129.213 1.000000
COST 2048 1024 2 8 5.00 0.001 16384 1.000000 129.213 1.000000
COST 2048 256 2 4 5.00 0.001 4096 0.916522 108.764 0.982099
COST 2048 256 2 8 5.00 0.001 4096 0.916522 108.764 0.982099
COST 2048 512 2 4 5.00 0.001 4096 0.972200 122.156 0.835341
COST 2048 512 2 8 5.00 0.001 4096 0.972200 122.156 0.835341
COST 2048 1024 2 4 5.00 0.001 4096 1.000000 129.213 1.000000
COST 2048 1024 2 8 5.00 0.001 4096 1.000000 129.213 1.000000
COST 2048 256 2 4 5.00 0.001 16384 0.958318 90.389 0.727257
COST 2048 256 2 8 5.00 0.001 16384 0.958318 90.389 0.727257
COST 2048 512 2 4 5.00 0.001 16384 0.988172 96.068 0.789991
COST 2048 512 2 8 5.00 0.001 16384 0.988172 96.068 0.789991
COST 2048 1024 2 4 5.00 0.001 16384 1.000000 98.379 1.000000
COST 2048 1024 2 8 5.00 0.001 16384 1.000000 98.379 1.000000
COST 2048 256 2 4 5.00 0.001 4096 0.958318 90.389 0.928855
COST 2048 256 2 8 5.00 0.001 4096 0.958318 90.389 0.928855
COST 2048 512 2 4 5.00 0.001 4096 0.988172 96.068 0.836692
COST 2048 512 2 8 5.00 0.001 4096 0.988172 96.068 0.836692
COST 2048 1024 2 4 5.00 0.001 4096 1.000000 98.379 1.000000
COST 2048 1024 2 8 5.00 0.001 4096 1.000000 98.379 1.000000
COST 2048 256 2 4 5.00 0.01 16384 0.916522 108.764 0.746354
COST 2048 256 2 8 5.00 0.01 16384 0.916522 108.764 0.746354
COST 2048 512 2 4 5.00 0.01 16384 0.972200 122.156 0.787115
COST 2048 512 2 8 5.00 0.01 16384 0.972200 122.156 0.787115
COST 2048 1024 2 4 5.00 0.01 16384 1.000000 129.213 1.000000
COST 2048 1024 2 8 5.00 0.01 16384 1.000000 129.213 1.000000
COST 2048 256 2 4 5.00 0.01 4096 0.916522 108.764 0.883612
COST 2048 256 2 8 5.00 0.01 4096 0.916522 108.764 0.883612
COST 2048 512 2 4 5.00 0.01 4096 0.972200 122.156 0.818075
COST 2048 512 2 8 5.00 0.01 4096 0.972200 122.156 0.818075
COST 2048 1024 2 4 5.00 0.01 4096 1.000000 129.213 1.000000
COST 2048 1024 2 8 5.00 0.01 4096 1.000000 129.213 1.000000
COST 2048 256 2 4 5.00 0.01 16384 0.958318 90.389 0.610660
COST 2048 256 2 8 5.00 0.01 16384 0.958318 90.389 0.610660
COST 2048 512 2 4 5.00 0.01 16384 0.988172 96.068 0.746256
COST 2048 512 2 8 5.00 0.01 16384 0.988172 96.068 0.746256
COST 2048 1024 2 4 5.00 0.01 16384 1.000000 98.379 1.000000
COST 2048 1024 2 8 5.00 0.01 16384 1.000000 98.379 1.000000
COST 2048 256 2 4 5.00 0.01 4096 0.958318 90.389 0.746013
COST 2048 256 2 8 5.00 0.01 4096 0.958318 90.389 0.746013
COST 2048 512 2 4 5.00 0.01 4096 0.988172 96.068 0.844128
COST 2048 512 2 8 5.00 0.01 4096 0.988172 96.068 0.844128
COST 2048 1024 2 4 5.00 0.01 4096 1.000000 98.379 1.000000
COST 2048 1024 2 8 5.00 0.01 4096 1.000000 98.379 1.000000
COST 2048 256 2 4 5.50 0.0001 16384 0.916522 108.764 0.954752
COST 2048 256 2 8 5.50 0.0001 16384 0.916522 108.764 0.954752
COST 2048 512 2 4 5.50 0.0001 16384 0.972200 122.156 0.821899
COST 2048 512 2 8 5.50 0.0001 16384 0.972200 122.156 0.821899
COST 2048 1024 2 4 5.50 0.0001 16384 1.000000 129.213 1.000000
COST 2048 1024 2 8 5.50 0.0001 16384 1.000000 129.213 1.000000
COST 2048 256 2 4 5.50 0.0001 4096 0.916522 108.764 0.988993
COST 2048 256 2 8 5.50 0.0001 4096 0.916522 108.764 0.988993
COST 2048 512 2 4 5.50 0.0001 4096 0.972200 122.156 0.860366
COST 2048 512 2 8 5.50 0.0001 4096 0.972200 122.156 0.860366
COST 2048 1024 2 4 5.50 0.0001 4096 1.000000 129.213 1.000000
COST 2048 1024 2 8 5.50 0.0001 4096 1.000000 129.213 1.000000
COST 2048 256 2 4 5.50 0.0001 16384 0.958318 90.389 0.641542
COST 2048 256 2 8 5.50 0.0001 16384 0.958318 90.389 0.641542
COST 2048 512 2 4 5.50 0.0001 16384 0.988172 96.068 0.743733
COST 2048 512 2 8 5.50 0.0001 16384 0.988172 96.068 0.743733
COST 2048 1024 2 4 5.50 0.0001 16384 1.000000 98.379 1.000000
COST 2048 1024 2 8 5.50 0.0001 16384 1.000000 98.379 1.000000
COST 2048 256 2 4 5.50 0.0001 4096 0.958318 90.389 0.817976
COST 2048 256 2 8 5.50 0.0001 4096 0.958318 90.389 0.817976
COST 2048 512 2 4 5.50 0.0001 4096 0.988172 96.068 0.885940
COST 2048 512 2 8 5.50 0.0001 4096 0.988172 96.068 0.885940
COST 2048 1024 2 4 5.50 0.0001 4096 1.000000 98.379 1.000000
COST 2048 1024 2 8 5.50 0.0001 4096 1.000000 98.379 1.000000
COST 2048 256 2 4 5.50 0.001 16384 0.916522 108.764 0.730191
COST 2048 256 2 8 5.50 0.001 16384 0.916522 108.764 0.730191
COST 2048 512 2 4 5.50 0.001 16384 0.972200 122.156 0.787120
COST 2048 512 2 8 5.50 0.001 16384 0.972200 122.156 0.787120
COST 2048 1024 2 4 5.50 0.001 16384 1.000000 129.213 1.000000
COST 2048 1024 2 8 5.50 0.001 16384 1.000000 129.213 1.000000
COST 2048 256 2 4 5.50 0.001 4096 0.916522 108.764 0.847908
COST 2048 256 2 8 5.50 0.001 4096 0.916522 108.764 0.847908
COST 2048 512 2 4 5.50 0.001 4096 0.972200 122.156 0.894081
COST 2048 512 2 8 5.50 0.001 4096 0.972200 122.156 0.894081
COST 2048 1024 2 4 5.50 0.001 4096 1.000000 129.213 1.000000
COST 2048 1024 2 8 5.50 0.001 4096 1.000000 129.213 1.000000
COST 2048 256 2 4 5.50 0.001 16384 0.958318 90.389 0.566762
COST 2048 256 2 8 5.50 0.001 16384 0.958318 90.389 0.566762
COST 2048 512 2 4 5.50 0.001 16384 0.988172 96.068 0.727472
COST 2048 512 2 8 5.50 0.001 16384 0.988172 96.068 0.727472
COST 2048 1024 2 4 5.50 0.001 16384 1.000000 98.379 1.000000
COST 2048 1024 2 8 5.50 0.001 16384 1.000000 98.379 1.000000
COST 2048 256 2 4 5.50 0.001 4096 0.958318 90.389 0.746574
COST 2048 256 2 8 5.50 0.001 4096 0.958318 90.389 0.746574
COST 2048 512 2 4 5.50 0.001 4096 0.988172 96.068 0.837893
COST 2048 512 2 8 5.50 0.001 4096 0.988172 96.068 0.837893
COST 2048 1024 2 4 5.50 0.001 4096 1.000000 98.379 1.000000
COST 2048 1024 2 8 5.50 0.001 4096 1.000000 98.379 1.000000
COST 2048 256 2 4 5.50 0.01 16384 0.916522 108.764 0.587755
COST 2048 256 2 8 5.50 0.01 16384 0.916522 108.764 0.587755
COST 2048 512 2 4 5.50 0.01 16384 0.972200 122.156 0.726161
COST 2048 512 2 8 5.50 0.01 16384 0.972200 122.156 0.726161
COST 2048 1024 2 4 5.50 0.01 16384 1.000000 129.213 1.000000
COST 2048 1024 2 8 5.50 0.01 16384 1.000000 129.213 1.000000
COST 2048 256 2 4 5.50 0.01 4096 0.916522 108.764 0.743463
COST 2048 256 2 8 5.50 0.01 4096 0.916522 108.764 0.743463
COST 2048 512 2 4 5.50 0.01 4096 0.972200 122.156 0.831741
COST 2048 512 2 8 5.50 0.01 4096 0.972200 122.156 0.831741
COST 2048 1024 2 4 5.50 0.01 4096 1.000000 129.213 1.000000
COST 2048 1024 2 8 5.50 0.01 4096 1.000000 129.213 1.000000
COST 2048 256 2 4 5.50 0.01 16384 0.958318 90.389 0.537479
COST 2048 256 2 8 5.50 0.01 16384 0.958318 90.389 0.537479
COST 2048 512 2 4 5.50 0.01 16384 0.988172 96.068 0.719295
COST 2048 512 2 8 5.50 0.01 16384 0.988172 96.068 0.719295
COST 2048 1024 2 4 5.50 0.01 16384 1.000000 98.379 1.000000
COST 2048 1024 2 8 5.50 0.01 16384 1.000000 98.379 1.000000
COST 2048 256 2 4 5.50 0.01 4096 0.958318 90.389 0.646258
COST 2048 256 2 8 5.50 0.01 4096 0.958318 90.389 0.646258
COST 2048 512 2 4 5.50 0.01 4096 0.988172 96.068 0.821799
COST 2048 512 2 8 5.50 0.01 4096 0.988172 96.068 0.821799
COST 2048 1024 2 4 5.50 0.01 4096 1.000000 98.379 1.000000
COST 2048 1024 2 8 5.50 0.01 4096 1.000000 98.379 1.000000
COST 2048 256 2 4 6.00 0.0001 16384 0.916522 108.764 0.638121
COST 2048 256 2 8 6.00 0.0001 16384 0.916522 108.764 0.638121
COST 2048 512 2 4 6.00 0.0001 16384 0.972200 122.156 0.724543
COST 2048 512 2 8 6.00 0.0001 16384 0.972200 122.156 0.724543
COST 2048 1024 2 4 6.00 0.0001 16384 1.000000 129.213 1.000000
COST 2048 1024 2 8 6.00 0.0001 16384 1.000000 129.213 1.000000
COST 2048 256 2 4 6.00 0.0001 4096 0.916522 108.764 0.738639
COST 2048 256 2 8 6.00 0.0001 4096 0.916522 108.764 0.738639
COST 2048 512 2 4 6.00 0.0001 4096 0.972200 122.156 0.782039
COST 2048 512 2 8 6.00 0.0001 4096 0.972200 122.156 0.782039
COST 2048 1024 2 4 6.00 0.0001 4096 1.000000 129.213 1.000000
COST 2048 1024 2 8 6.00 0.0001 4096 1.000000 129.213 1.000000
COST 2048 256 2 4 6.00 0.0001 16384 0.958318 90.389 0.549249
COST 2048 256 2 8 6.00 0.0001 16384 0.958318 90.389 0.549249
COST 2048 512 2 4 6.00 0.0001 16384 0.988172 96.068 0.719623
COST 2048 512 2 8 6.00 0.0001 16384 0.988172 96.068 0.719623
COST 2048 1024 2 4 6.00 0.0001 16384 1.000000 98.379 1.000000
COST 2048 1024 2 8 6.00 0.0001 16384 1.000000 98.379 1.000000
COST 2048 256 2 4 6.00 0.0001 4096 0.958318 90.389 0.744183
COST 2048 256 2 8 6.00 0.0001 4096 0.958318 90.389 0.744183
COST 2048 512 2 4 6.00 0.0001 4096 0.988172 96.068 0.853562
COST 2048 512 2 8 6.00 0.0001 4096 0.988172 96.068 0.853562
COST 2048 1024 2 4 6.00 0.0001 4096 1.000000 98.379 1.000000
COST 2048 1024 2 8 6.00 0.0001 4096 1.000000 98.379 1.000000
COST 2048 256 2 4 6.00 0.001 16384 0.916522 108.764 0.578201
COST 2048 256 2 8 6.00 0.001 16384 0.916522 108.764 0.578201
COST 2048 512 2 4 6.00 0.001 16384 0.972200 122.156 0.733840
COST 2048 512 2 8 6.00 0.001 16384 0.972200 122.156 0.733840
COST 2048 1024 2 4 6.00 0.001 16384 1.000000 129.213 1.000000
COST 2048 1024 2 8 6.00 0.001 16384 1.000000 129.213 1.000000
COST 2048 256 2 4 6.00 0.001 4096 0.916522 108.764 0.761604
COST 2048 256 2 8 6.00 0.001 4096 0.916522 108.764 0.761604
COST 2048 512 2 4 6.00 0.001 4096 0.972200 122.156 0.855211
COST 2048 512 2 8 6.00 0.001 4096 0.972200 122.156 0.855211
COST 2048 1024 2 4 6.00 0.001 4096 1.000000 129.213 1.000000
COST 2048 1024 2 8 6.00 0.001 4096 1.000000 129.213 1.000000
COST 2048 256 2 4 6.00 0.001 16384 0.958318 90.389 0.523955
COST 2048 256 2 8 6.00 0.001 16384 0.958318 90.389 0.523955
COST 2048 512 2 4 6.00 0.001 16384 0.988172 96.068 0.710787
COST 2048 512 2 8 6.00 0.001 16384 0.988172 96.068 0.710787
COST 2048 1024 2 4 6.00 0.001 16384 1.000000 98.379 1.000000
COST 2048 1024 2 8 6.00 0.001 16384 1.000000 98.379 1.000000
COST 2048 256 2 4 6.00 0.001 4096 0.958318 90.389 0.741669
COST 2048 256 2 8 6.00 0.001 4096 0.958318 90.389 0.741669
COST 2048 512 2 4 6.00 0.001 4096 0.988172 96.068 0.860508
COST 2048 512 2 8 6.00 0.001 4096 0.988172 96.068 0.860508
COST 2048 1024 2 4 6.00 0.001 4096 1.000000 98.379 1.000000
COST 2048 1024 2 8 6.00 0.001 4096 1.000000 98.379 1.000000
COST 2048 256 2 4 6.00 0.01 16384 0.916522 108.764 0.535248
COST 2048 256 2 8 6.00 0.01 16384 0.916522 108.764 0.535248
COST 2048 512 2 4 6.00 0.01 16384 0.972200 122.156 0.716488
COST 2048 512 2 8 6.00 0.01 16384 0.972200 122.156 0.716488
COST 2048 1024 2 4 6.00 0.01 16384 1.000000 129.213 1.000000
COST 2048 1024 2 8 6.00 0.01 16384 1.000000 129.213 1.000000
COST 2048 256 2 4 6.00 0.01 4096 0.916522 108.764 0.782459
COST 2048 256 2 8 6.00 0.01 4096 0.916522 108.764 0.782459
COST 2048 512 2 4 6.00 0.01 4096 0.972200 122.156 0.852908
COST 2048 512 2 8 6.00 0.01 4096 0.972200 122.156 0.852908
COST 2048 1024 2 4 6.00 0.01 4096 1.000000 129.213 1.000000
COST 2048 1024 2 8 6.00 0.01 4096 1.000000 129.213 1.000000
COST 2048 256 2 4 6.00 0.01 16384 0.958318 90.389 0.538559
COST 2048 256 2 8 6.00 0.01 16384 0.958318 90.389 0.538559
COST 2048 512 2 4 6.00 0.01 16384 0.988172 96.068 0.705987
COST 2048 512 2 8 6.00 0.01 16384 0.988172 96.068 0.705987
COST 2048 1024 2 4 6.00 0.01 16384 1.000000 98.379 1.000000
COST 2048 1024 2 8 6.00 0.01 16384 1.000000 98.379 1.000000
COST 2048 256 2 4 6.00 0.01 4096 0.958318 90.389 0.770060
COST 2048 256 2 8 6.00 0.01 4096 0.958318 90.389 0.770060
COST 2048 512 2 4 6.00 0.01 4096 0.988172 96.068 0.932109
COST 2048 512 2 8 6.00 0.01 4096 0.988172 96.068 0.932109
COST 2048 1024 2 4 6.00 0.01 4096 1.000000 98.379 1.000000
COST 2048 1024 2 8 6.00 0.01 4096 1.000000 98.379 1.000000
COST 2048 256 2 4 6.50 0.0001 16384 0.916522 108.764 0.563480
COST 2048 256 2 8 6.50 0.0001 16384 0.916522 108.764 0.563480
COST 2048 512 2 4 6.50 0.0001 16384 0.972200 122.156 0.716943
COST 2048 512 2 8 6.50 0.0001 16384 0.972200 122.156 0.716943
COST 2048 1024 2 4 6.50 0.0001 16384 1.000000 129.213 1.000000
COST 2048 1024 2 8 6.50 0.0001 16384 1.000000 129.213 1.000000
COST 2048 256 2 4 6.50 0.0001 4096 0.916522 108.764 0.676760
COST 2048 256 2 8 6.50 0.0001 4096 0.916522 108.764 0.676760
COST 2048 512 2 4 6.50 0.0001 4096 0.972200 122.156 0.825214
COST 2048 512 2 8 6.50 0.0001 4096 0.972200 122.156 0.825214
COST 2048 1024 2 4 6.50 0.0001 4096 1.000000 129.213 1.000000
COST 2048 1024 2 8 6.50 0.0001 4096 1.000000 129.213 1.000000
COST 2048 256 2 4 6.50 0.0001 16384 0.958318 90.389 0.554814
COST 2048 256 2 8 6.50 0.0001 16384 0.958318 90.389 0.554814
COST 2048 512 2 4 6.50 0.0001 16384 0.988172 96.068 0.750588
COST 2048 512 2 8 6.50 0.0001 16384 0.988172 96.068 0.750588
COST 2048 1024 2 4 6.50 0.0001 16384 1.000000 98.379 1.000000
COST 2048 1024 2 8 6.50 0.0001 16384 1.000000 98.379 1.000000
COST 2048 256 2 4 6.50 0.0001 4096 0.958318 90.389 0.762134
COST 2048 256 2 8 6.50 0.0001 4096 0.958318 90.389 0.762134
COST 2048 512 2 4 6.50 0.0001 4096 0.988172 96.068 0.881191
COST 2048 512 2 8 6.50 0.0001 4096 0.988172 96.068 0.881191
COST 2048 1024 2 4 6.50 0.0001 4096 1.000000 98.379 1.000000
COST 2048 1024 2 8 6.50 0.0001 4096 1.000000 98.379 1.000000
COST 2048 256 2 4 6.50 0.001 16384 0.916522 108.764 0.566845
COST 2048 256 2 8 6.50 0.001 16384 0.916522 108.764 0.566845
COST 2048 512 2 4 6.50 0.001 16384 0.972200 122.156 0.745846
COST 2048 512 2 8 6.50 0.001 16384 0.972200 122.156 0.745846
COST 2048 1024 2 4 6.50 0.001 16384 1.000000 129.213 1.000000
COST 2048 1024 2 8 6.50 0.001 16384 1.000000 129.213 1.000000
COST 2048 256 2 4 6.50 0.001 4096 0.916522 108.764 0.709473
COST 2048 256 2 8 6.50 0.001 4096 0.916522 108.764 0.709473
COST 2048 512 2 4 6.50 0.001 4096 0.972200 122.156 0.838622
COST 2048 512 2 8 6.50 0.001 4096 0.972200 122.156 0.838622
COST 2048 1024 2 4 6.50 0.001 4096 1.000000 129.213 1.000000
COST 2048 1024 2 8 6.50 0.001 4096 1.000000 129.213 1.000000
COST 2048 256 2 4 6.50 0.001 16384 0.958318 90.389 0.553443
COST 2048 256 2 8 6.50 0.001 16384 0.958318 90.389 0.553443
COST 2048 512 2 4 6.50 0.001 16384 0.988172 96.068 0.711735
COST 2048 512 2 8 6.50 0.001 16384 0.988172 96.068 0.711735
COST 2048 1024 2 4 6.50 0.001 16384 1.000000 98.379 1.000000
COST 2048 1024 2 8 6.50 0.001 16384 1.000000 98.379 1.000000
COST 2048 256 2 4 6.50 0.001 4096 0.958318 90.389 0.799189
COST 2048 256 2 8 6.50 0.001 4096 0.958318 90.389 0.799189
COST 2048 512 2 4 6.50 0.001 4096 0.988172 96.068 0.844659
COST 2048 512 2 8 6.50 0.001 4096 0.988172 96.068 0.844659
COST 2048 1024 2 4 6.50 0.001 4096 1.000000 98.379 1.000000
COST 2048 1024 2 8 6.50 0.001 4096 1.000000 98.379 1.000000
COST 2048 256 2 4 6.50 0.01 16384 0.916522 108.764 0.559596
COST 2048 256 2 8 6.50 0.01 16384 0.916522 108.764 0.559596
COST 2048 512 2 4 6.50 0.01 16384 0.972200 122.156 0.738299
COST 2048 512 2 8 6.50 0.01 16384 0.972200 122.156 0.738299
COST 2048 1024 2 4 6.50 0.01 16384 1.000000 129.213 1.000000
COST 2048 1024 2 8 6.50 0.01 16384 1.000000 129.213 1.000000
COST 2048 256 2 4 6.50 0.01 4096 0.916522 108.764 0.781712
COST 2048 256 2 8 6.50 0.01 4096 0.916522 108.764 0.781712
COST 2048 512 2 4 6.50 0.01 4096 0.972200 122.156 0.952016
COST 2048 512 2 8 6.50 0.01 4096 0.972200 122.156 0.952016
COST 2048 1024 2 4 6.50 0.01 4096 1.000000 129.213 1.000000
COST 2048 1024 2 8 6.50 0.01 4096 1.000000 129.213 1.000000
COST 2048 256 2 4 6.50 0.01 16384 0.958318 90.389 0.546322
COST 2048 256 2 8 6.50 0.01 16384 0.958318 90.389 0.546322
COST 2048 512 2 4 6.50 0.01 16384 0.988172 96.068 0.713876
COST 2048 512 2 8 6.50 0.01 16384 0.988172 96.068 0.713876
COST 2048 1024 2 4 6.50 0.01 16384 1.000000 98.379 1.000000
COST 2048 1024 2 8 6.50 0.01 16384 1.000000 98.379 1.000000
COST 2048 256 2 4 6.50 0.01 4096 0.958318 90.389 0.789998
COST 2048 256 2 8 6.50 0.01 4096 0.958318 90.389 0.789998
COST 2048 512 2 4 6.50 0.01 4096 0.988172 96.068 0.862243
COST 2048 512 2 8 6.50 0.01 4096 0.988172 96.068 0.862243
COST 2048 1024 2 4 6.50 0.01 4096 1.000000 98.379 1.000000
COST 2048 1024 2 8 6.50 0.01 4096 1.000000 98.379 1.000000
COST 4096 256 2 4 5.00 0.0001 16384 0.805405 170.469 2.239281
COST 4096 256 2 8 5.00 0.0001 16384 0.805405 170.469 2.239281
COST 4096 512 2 4 5.00 0.0001 16384 0.916625 217.578 1.912326
COST 4096 512 2 8 5.00 0.0001 16384 0.916625 217.578 1.912326
COST 4096 1024 2 4 5.00 0.0001 16384 0.972220 244.326 1.062846
COST 4096 1024 2 8 5.00 0.0001 16384 0.972220 244.326 1.062846
COST 4096 2048 2 4 5.00 0.0001 16384 1.000000 258.429 1.000000
COST 4096 2048 2 8 5.00 0.0001 16384 1.000000 258.429 1.000000
COST 4096 256 2 4 5.00 0.0001 4096 0.805405 170.469 1.818596
COST 4096 256 2 8 5.00 0.0001 4096 0.805405 170.469 1.818596
COST 4096 512 2 4 5.00 0.0001 4096 0.916625 217.578 1.622480
COST 4096 512 2 8 5.00 0.0001 4096 0.916625 217.578 1.622480
COST 4096 1024 2 4 5.00 0.0001 4096 0.972220 244.326 1.070779
COST 4096 1024 2 8 5.00 0.0001 4096 0.972220 244.326 1.070779
COST 4096 2048 2 4 5.00 0.0001 4096 1.000000 258.429 1.000000
COST 4096 2048 2 8 5.00 0.0001 4096 1.000000 258.429 1.000000
COST 4096 256 2 4 5.00 0.0001 16384 0.883249 154.389 2.138295
COST 4096 256 2 8 5.00 0.0001 16384 0.883249 154.389 2.138295
COST 4096 512 2 4 5.00 0.0001 16384 0.958380 180.803 1.171196
COST 4096 512 2 8 5.00 0.0001 16384 0.958380 180.803 1.171196
COST 4096 1024 2 4 5.00 0.0001 16384 0.988182 192.142 0.692908
COST 4096 1024 2 8 5.00 0.0001 16384 0.988182 192.142 0.692908
COST 4096 2048 2 4 5.00 0.0001 16384 1.000000 196.759 1.000000
COST 4096 2048 2 8 5.00 0.0001 16384 1.000000 196.759 1.000000
COST 4096 256 2 4 5.00 0.0001 4096 0.883249 154.389 1.843365
COST 4096 256 2 8 5.00 0.0001 4096 0.883249 154.389 1.843365
COST 4096 512 2 4 5.00 0.0001 4096 0.958380 180.803 1.129883
COST 4096 512 2 8 5.00 0.0001 4096 0.958380 180.803 1.129883
COST 4096 1024 2 4 5.00 0.0001 4096 0.988182 192.142 0.812636
COST 4096 1024 2 8 5.00 0.0001 4096 0.988182 192.142 0.812636
COST 4096 2048 2 4 5.00 0.0001 4096 1.000000 196.759 1.000000
COST 4096 2048 2 8 5.00 0.0001 4096 1.000000 196.759 1.000000
COST 4096 256 2 4 5.00 0.0001 16384 0.787575 171.100 2.557996
COST 4096 256 2 8 5.00 0.0001 16384 0.787575 171.100 2.557996
COST 4096 512 2 4 5.00 0.0001 16384 0.930638 232.707 2.078649
COST 4096 512 2 8 5.00 0.0001 16384 0.930638 232.707 2.078649
COST 4096 1024 2 4 5.00 0.0001 16384 0.986999 261.191 1.002303
COST 4096 1024 2 8 5.00 0.0001 16384 0.986999 261.191 1.002303
COST 4096 2048 2 4 5.00 0.0001 16384 1.000000 268.093 1.000000
COST 4096 2048 2 8 5.00 0.0001 16384 1.000000 268.093 1.000000
COST 4096 256 2 4 5.00 0.0001 4096 0.787575 171.100 2.107733
COST 4096 256 2 8 5.00 0.0001 4096 0.787575 171.100 2.107733
COST 4096 512 2 4 5.00 0.0001 4096 0.930638 232.707 1.770309
COST 4096 512 2 8 5.00 0.0001 4096 0.930638 232.707 1.770309
COST 4096 1024 2 4 5.00 0.0001 4096 0.986999 261.191 1.035710
COST 4096 1024 2 8 5.00 0.0001 4096 0.986999 261.191 1.035710
COST 4096 2048 2 4 5.00 0.0001 4096 1.000000 268.093 1.000000
COST 4096 2048 2 8 5.00 0.0001 4096 1.000000 268.093 1.000000
COST 4096 256 2 4 5.00 0.001 16384 0.805405 170.469 2.092547
COST 4096 256 2 8 5.00 0.001 16384 0.805405 170.469 2.092547
COST 4096 512 2 4 5.00 0.001 16384 0.916625 217.578 1.295504
COST 4096 512 2 8 5.00 0.001 16384 0.916625 217.578 1.295504
COST 4096 1024 2 4 5.00 0.001 16384 0.972220 244.326 0.742974
COST 4096 1024 2 8 5.00 0.001 16384 0.972220 244.326 0.742974
COST 4096 2048 2 4 5.00 0.001 16384 1.000000 258.429 1.000000
COST 4096 2048 2 8 5.00 0.001 16384 1.000000 258.429 1.000000
COST 4096 256 2 4 5.00 0.001 4096 0.805405 170.469 1.949400
COST 4096 256 2 8 5.00 0.001 4096 0.805405 170.469 1.949400
COST 4096 512 2 4 5.00 0.001 4096 0.916625 217.578 1.326735
COST 4096 512 2 8 5.00 0.001 4096 0.916625 217.578 1.326735
COST 4096 1024 2 4 5.00 0.001 4096 0.972220 244.326 0.869335
COST 4096 1024 2 8 5.00 0.001 4096 0.972220 244.326 0.869335
COST 4096 2048 2 4 5.00 0.001 4096 1.000000 258.429 1.000000
COST 4096 2048 2 8 5.00 0.001 4096 1.000000 258.429 1.000000
COST 4096 256 2 4 5.00 0.001 16384 0.883249 154.389 1.562659
COST 4096 256 2 8 5.00 0.001 16384 0.883249 154.389 1.562659
COST 4096 512 2 4 5.00 0.001 16384 0.958380 180.803 0.714449
COST 4096 512 2 8 5.00 0.001 16384 0.958380 180.803 0.714449
COST 4096 1024 2 4 5.00 0.001 16384 0.988182 192.142 0.576333
COST 4096 1024 2 8 5.00 0.001 16384 0.988182 192.142 0.576333
COST 4096 2048 2 4 5.00 0.001 16384 1.000000 196.759 1.000000
COST 4096 2048 2 8 5.00 0.001 16384 1.000000 196.759 1.000000
COST 4096 256 2 4 5.00 0.001 4096 0.883249 154.389 1.417633
COST 4096 256 2 8 5.00 0.001 4096 0.883249 154.389 1.417633
COST 4096 512 2 4 5.00 0.001 4096 0.958380 180.803 0.805392
COST 4096 512 2 8 5.00 0.001 4096 0.958380 180.803 0.805392
COST 4096 1024 2 4 5.00 0.001 4096 0.988182 192.142 0.731024
COST 4096 1024 2 8 5.00 0.001 4096 0.988182 192.142 0.731024
COST 4096 2048 2 4 5.00 0.001 4096 1.000000 196.759 1.000000
COST 4096 2048 2 8 5.00 0.001 4096 1.000000 196.759 1.000000
COST 4096 256 2 4 5.00 0.001 16384 0.787575 171.100 2.892665
COST 4096 256 2 8 5.00 0.001 16384 0.787575 171.100 2.892665
COST 4096 512 2 4 5.00 0.001 16384 0.930638 232.707 1.273401
COST 4096 512 2 8 5.00 0.001 16384 0.930638 232.707 1.273401
COST 4096 1024 2 4 5.00 0.001 16384 0.986999 261.191 0.717886
COST 4096 1024 2 8 5.00 0.001 16384 0.986999 261.191 0.717886
COST 4096 2048 2 4 5.00 0.001 16384 1.000000 268.093 1.000000
COST 4096 2048 2 8 5.00 0.001 16384 1.000000 268.093 1.000000
COST 4096 256 2 4 5.00 0.001 4096 0.787575 171.100 2.079690
COST 4096 256 2 8 5.00 0.001 4096 0.787575 171.100 2.079690
COST 4096 512 2 4 5.00 0.001 4096 0.930638 232.707 1.251451
COST 4096 512 2 8 5.00 0.001 4096 0.930638 232.707 1.251451
COST 4096 1024 2 4 5.00 0.001 4096 0.986999 261.191 0.834125
COST 4096 1024 2 8 5.00 0.001 4096 0.986999 261.191 0.834125
COST 4096 2048 2 4 5.00 0.001 4096 1.000000 268.093 1.000000
COST 4096 2048 2 8 5.00 0.001 4096 1.000000 268.093 1.000000
COST 4096 256 2 4 5.00 0.01 16384 0.805405 170.469 1.416764
COST 4096 256 2 8 5.00 0.01 16384 0.805405 170.469 1.416764
COST 4096 512 2 4 5.00 0.01 16384 0.916625 217.578 0.766828
COST 4096 512 2 8 5.00 0.01 16384 0.916625 217.578 0.766828
COST 4096 1024 2 4 5.00 0.01 16384 0.972220 244.326 0.605664
COST 4096 1024 2 8 5.00 0.01 16384 0.972220 244.326 0.605664
COST 4096 2048 2 4 5.00 0.01 16384 1.000000 258.429 1.000000
COST 4096 2048 2 8 5.00 0.01 16384 1.000000 258.429 1.000000
COST 4096 256 2 4 5.00 0.01 4096 0.805405 170.469 1.363354
COST 4096 256 2 8 5.00 0.01 4096 0.805405 170.469 1.363354
COST 4096 512 2 4 5.00 0.01 4096 0.916625 217.578 0.892554
COST 4096 512 2 8 5.00 0.01 4096 0.916625 217.578 0.892554
COST 4096 1024 2 4 5.00 0.01 4096 0.972220 244.326 0.752165
COST 4096 1024 2 8 5.00 0.01 4096 0.972220 244.326 0.752165
COST 4096 2048 2 4 5.00 0.01 4096 1.000000 258.429 1.000000
COST 4096 2048 2 8 5.00 0.01 4096 1.000000 258.429 1.000000
COST 4096 256 2 4 5.00 0.01 16384 0.883249 154.389 0.700568
COST 4096 256 2 8 5.00 0.01 16384 0.883249 154.389 0.700568
COST 4096 512 2 4 5.00 0.01 16384 0.958380 180.803 0.459691
COST 4096 512 2 8 5.00 0.01 16384 0.958380 180.803 0.459691
COST 4096 1024 2 4 5.00 0.01 16384 0.988182 192.142 0.506121
COST 4096 1024 2 8 5.00 0.01 16384 0.988182 192.142 0.506121
COST 4096 2048 2 4 5.00 0.01 16384 1.000000 196.759 1.000000
COST 4096 2048 2 8 5.00 0.01 16384 1.000000 196.759 1.000000
COST 4096 256 2 4 5.00 0.01 4096 0.883249 154.389 0.855773
COST 4096 256 2 8 5.00 0.01 4096 0.883249 154.389 0.855773
COST 4096 512 2 4 5.00 0.01 4096 0.958380 180.803 0.714743
COST 4096 512 2 8 5.00 0.01 4096 0.958380 180.803 0.714743
COST 4096 1024 2 4 5.00 0.01 4096 0.988182 192.142 0.690862
COST 4096 1024 2 8 5.00 0.01 4096 0.988182 192.142 0.690862
COST 4096 2048 2 4 5.00 0.01 4096 1.000000 196.759 1.000000
COST 4096 2048 2 8 5.00 0.01 4096 1.000000 196.759 1.000000
COST 4096 256 2 4 5.00 0.01 16384 0.787575 171.100 1.613597
COST 4096 256 2 8 5.00 0.01 16384 0.787575 171.100 1.613597
COST 4096 512 2 4 5.00 0.01 16384 0.930638 232.707 0.674201
COST 4096 512 2 8 5.00 0.01 16384 0.930638 232.707 0.674201
COST 4096 1024 2 4 5.00 0.01 16384 0.986999 261.191 0.550309
COST 4096 1024 2 8 5.00 0.01 16384 0.986999 261.191 0.550309
COST 4096 2048 2 4 5.00 0.01 16384 1.000000 268.093 1.000000
COST 4096 2048 2 8 5.00 0.01 16384 1.000000 268.093 1.000000
COST 4096 256 2 4 5.00 0.01 4096 0.787575 171.100 1.462744
COST 4096 256 2 8 5.00 0.01 4096 0.787575 171.100 1.462744
COST 4096 512 2 4 5.00 0.01 4096 0.930638 232.707 0.793226
COST 4096 512 2 8 5.00 0.01 4096 0.930638 232.707 0.793226
COST 4096 1024 2 4 5.00 0.01 4096 0.986999 261.191 0.704738
COST 4096 1024 2 8 5.00 0.01 4096 0.986999 261.191 0.704738
COST 4096 2048 2 4 5.00 0.01 4096 1.000000 268.093 1.000000
COST 4096 2048 2 8 5.00 0.01 4096 1.000000 268.093 1.000000
COST 4096 256 2 4 5.50 0.0001 16384 0.805405 170.469 2.294524
COST 4096 256 2 8 5.50 0.0001 16384 0.805405 170.469 2.294524
COST 4096 512 2 4 5.50 0.0001 16384 0.916625 217.578 1.179574
COST 4096 512 2 8 5.50 0.0001 16384 0.916625 217.578 1.179574
COST 4096 1024 2 4 5.50 0.0001 16384 0.972220 244.326 0.631298
COST 4096 1024 2 8 5.50 0.0001 16384 0.972220 244.326 0.631298
COST 4096 2048 2 4 5.50 0.0001 16384 1.000000 258.429 1.000000
COST 4096 2048 2 8 5.50 0.0001 16384 1.000000 258.429 1.000000
COST 4096 256 2 4 5.50 0.0001 4096 0.805405 170.469 2.047125
COST 4096 256 2 8 5.50 0.0001 4096 0.805405 170.469 2.047125
COST 4096 512 2 4 5.50 0.0001 4096 0.916625 217.578 1.196463
COST 4096 512 2 8 5.50 0.0001 4096 0.916625 217.578 1.196463
COST 4096 1024 2 4 5.50 0.0001 4096 0.972220 244.326 0.800416
COST 4096 1024 2 8 5.50 0.0001 4096 0.972220 244.326 0.800416
COST 4096 2048 2 4 5.50 0.0001 4096 1.000000 258.429 1.000000
COST 4096 2048 2 8 5.50 0.0001 4096 1.000000 258.429 1.000000
COST 4096 256 2 4 5.50 0.0001 16384 0.883249 154.389 1.345161
COST 4096 256 2 8 5.50 0.0001 16384 0.883249 154.389 1.345161
COST 4096 512 2 4 5.50 0.0001 16384 0.958380 180.803 0.556935
COST 4096 512 2 8 5.50 0.0001 16384 0.958380 180.803 0.556935
COST 4096 1024 2 4 5.50 0.0001 16384 0.988182 192.142 0.532451
COST 4096 1024 2 8 5.50 0.0001 16384 0.988182 192.142 0.532451
COST 4096 2048 2 4 5.50 0.0001 16384 1.000000 196.759 1.000000
COST 4096 2048 2 8 5.50 0.0001 16384 1.000000 196.759 1.000000
COST 4096 256 2 4 5.50 0.0001 4096 0.883249 154.389 1.271198
COST 4096 256 2 8 5.50 0.0001 4096 0.883249 154.389 1.271198
COST 4096 512 2 4 5.50 0.0001 4096 0.958380 180.803 0.693310
COST 4096 512 2 8 5.50 0.0001 4096 0.958380 180.803 0.693310
COST 4096 1024 2 4 5.50 0.0001 4096 0.988182 192.142 0.667779
COST 4096 1024 2 8 5.50 0.0001 4096 0.988182 192.142 0.667779
COST 4096 2048 2 4 5.50 0.0001 4096 1.000000 196.759 1.000000
COST 4096 2048 2 8 5.50 0.0001 4096 1.000000 196.759 1.000000
COST 4096 256 2 4 5.50 0.0001 16384 0.787575 171.100 2.492123
COST 4096 256 2 8 5.50 0.0001 16384 0.787575 171.100 2.492123
COST 4096 512 2 4 5.50 0.0001 16384 0.930638 232.707 1.106619
COST 4096 512 2 8 5.50 0.0001 16384 0.930638 232.707 1.106619
COST 4096 1024 2 4 5.50 0.0001 16384 0.986999 261.191 0.596270
COST 4096 1024 2 8 5.50 0.0001 16384 0.986999 261.191 0.596270
COST 4096 2048 2 4 5.50 0.0001 16384 1.000000 268.093 1.000000
COST 4096 2048 2 8 5.50 0.0001 16384 1.000000 268.093 1.000000
COST 4096 256 2 4 5.50 0.0001 4096 0.787575 171.100 2.101462
COST 4096 256 2 8 5.50 0.0001 4096 0.787575 171.100 2.101462
COST 4096 512 2 4 5.50 0.0001 4096 0.930638 232.707 1.123626
COST 4096 512 2 8 5.50 0.0001 4096 0.930638 232.707 1.123626
COST 4096 1024 2 4 5.50 0.0001 4096 0.986999 261.191 0.773117
COST 4096 1024 2 8 5.50 0.0001 4096 0.986999 261.191 0.773117
COST 4096 2048 2 4 5.50 0.0001 4096 1.000000 268.093 1.000000
COST 4096 2048 2 8 5.50 0.0001 4096 1.000000 268.093 1.000000
COST 4096 256 2 4 5.50 0.001 16384 0.805405 170.469 1.731227
COST 4096 256 2 8 5.50 0.001 16384 0.805405 170.469 1.731227
COST 4096 512 2 4 5.50 0.001 16384 0.916625 217.578 0.683762
COST 4096 512 2 8 5.50 0.001 16384 0.916625 217.578 0.683762
COST 4096 1024 2 4 5.50 0.001 16384 0.972220 244.326 0.551733
COST 4096 1024 2 8 5.50 0.001 16384 0.972220 244.326 0.551733
COST 4096 2048 2 4 5.50 0.001 16384 1.000000 258.429 1.000000
COST 4096 2048 2 8 5.50 0.001 16384 1.000000 258.429 1.000000
COST 4096 256 2 4 5.50 0.001 4096 0.805405 170.469 1.586892
COST 4096 256 2 8 5.50 0.001 4096 0.805405 170.469 1.586892
COST 4096 512 2 4 5.50 0.001 4096 0.916625 217.578 0.815033
COST 4096 512 2 8 5.50 0.001 4096 0.916625 217.578 0.815033
COST 4096 1024 2 4 5.50 0.001 4096 0.972220 244.326 0.727566
COST 4096 1024 2 8 5.50 0.001 4096 0.972220 244.326 0.727566
COST 4096 2048 2 4 5.50 0.001 4096 1.000000 258.429 1.000000
COST 4096 2048 2 8 5.50 0.001 4096 1.000000 258.429 1.000000
COST 4096 256 2 4 5.50 0.001 16384 0.883249 154.389 0.725680
COST 4096 256 2 8 5.50 0.001 16384 0.883249 154.389 0.725680
COST 4096 512 2 4 5.50 0.001 16384 0.958380 180.803 0.447254
COST 4096 512 2 8 5.50 0.001 16384 0.958380 180.803 0.447254
COST 4096 1024 2 4 5.50 0.001 16384 0.988182 192.142 0.505507
COST 4096 1024 2 8 5.50 0.001 16384 0.988182 192.142 0.505507
COST 4096 2048 2 4 5.50 0.001 16384 1.000000 196.759 1.000000
COST 4096 2048 2 8 5.50 0.001 16384 1.000000 196.759 1.000000
COST 4096 256 2 4 5.50 0.001 4096 0.883249 154.389 0.837937
COST 4096 256 2 8 5.50 0.001 4096 0.883249 154.389 0.837937
COST 4096 512 2 4 5.50 0.001 4096 0.958380 180.803 0.612278
COST 4096 512 2 8 5.50 0.001 4096 0.958380 180.803 0.612278
COST 4096 1024 2 4 5.50 0.001 4096 0.988182 192.142 0.643435
COST 4096 1024 2 8 5.50 0.001 4096 0.988182 192.142 0.643435
COST 4096 2048 2 4 5.50 0.001 4096 1.000000 196.759 1.000000
COST 4096 2048 2 8 5.50 0.001 4096 1.000000 196.759 1.000000
COST 4096 256 2 4 5.50 0.001 16384 0.787575 171.100 1.718326
COST 4096 256 2 8 5.50 0.001 16384 0.787575 171.100 1.718326
COST 4096 512 2 4 5.50 0.001 16384 0.930638 232.707 0.604902
COST 4096 512 2 8 5.50 0.001 16384 0.930638 232.707 0.604902
COST 4096 1024 2 4 5.50 0.001 16384 0.986999 261.191 0.513629
COST 4096 1024 2 8 5.50 0.001 16384 0.986999 261.191 0.513629
COST 4096 2048 2 4 5.50 0.001 16384 1.000000 268.093 1.000000
COST 4096 2048 2 8 5.50 0.001 16384 1.000000 268.093 1.000000
COST 4096 256 2 4 5.50 0.001 4096 0.787575 171.100 1.565712
COST 4096 256 2 8 5.50 0.001 4096 0.787575 171.100 1.565712
COST 4096 512 2 4 5.50 0.001 4096 0.930638 232.707 0.796066
COST 4096 512 2 8 5.50 0.001 4096 0.930638 232.707 0.796066
COST 4096 1024 2 4 5.50 0.001 4096 0.986999 261.191 0.684322
COST 4096 1024 2 8 5.50 0.001 4096 0.986999 261.191 0.684322
COST 4096 2048 2 4 5.50 0.001 4096 1.000000 268.093 1.000000
COST 4096 2048 2 8 5.50 0.001 4096 1.000000 268.093 1.000000
COST 4096 256 2 4 5.50 0.01 16384 0.805405 170.469 0.702628
COST 4096 256 2 8 5.50 0.01 16384 0.805405 170.469 0.702628
COST 4096 512 2 4 5.50 0.01 16384 0.916625 217.578 0.463449
COST 4096 512 2 8 5.50 0.01 16384 0.916625 217.578 0.463449
COST 4096 1024 2 4 5.50 0.01 16384 0.972220 244.326 0.510668
COST 4096 1024 2 8 5.50 0.01 16384 0.972220 244.326 0.510668
COST 4096 2048 2 4 5.50 0.01 16384 1.000000 258.429 1.000000
COST 4096 2048 2 8 5.50 0.01 16384 1.000000 258.429 1.000000
COST 4096 256 2 4 5.50 0.01 4096 0.805405 170.469 0.817537
COST 4096 256 2 8 5.50 0.01 4096 0.805405 170.469 0.817537
COST 4096 512 2 4 5.50 0.01 4096 0.916625 217.578 0.583773
COST 4096 512 2 8 5.50 0.01 4096 0.916625 217.578 0.583773
COST 4096 1024 2 4 5.50 0.01 4096 0.972220 244.326 0.628636
COST 4096 1024 2 8 5.50 0.01 4096 0.972220 244.326 0.628636
COST 4096 2048 2 4 5.50 0.01 4096 1.000000 258.429 1.000000
COST 4096 2048 2 8 5.50 0.01 4096 1.000000 258.429 1.000000
COST 4096 256 2 4 5.50 0.01 16384 0.883249 154.389 0.394818
COST 4096 256 2 8 5.50 0.01 16384 0.883249 154.389 0.394818
COST 4096 512 2 4 5.50 0.01 16384 0.958380 180.803 0.379931
COST 4096 512 2 8 5.50 0.01 16384 0.958380 180.803 0.379931
COST 4096 1024 2 4 5.50 0.01 16384 0.988182 192.142 0.486300
COST 4096 1024 2 8 5.50 0.01 16384 0.988182 192.142 0.486300
COST 4096 2048 2 4 5.50 0.01 16384 1.000000 196.759 1.000000
COST 4096 2048 2 8 5.50 0.01 16384 1.000000 196.759 1.000000
COST 4096 256 2 4 5.50 0.01 4096 0.883249 154.389 0.562426
COST 4096 256 2 8 5.50 0.01 4096 0.883249 154.389 0.562426
COST 4096 512 2 4 5.50 0.01 4096 0.958380 180.803 0.506715
COST 4096 512 2 8 5.50 0.01 4096 0.958380 180.803 0.506715
COST 4096 1024 2 4 5.50 0.01 4096 0.988182 192.142 0.622494
COST 4096 1024 2 8 5.50 0.01 4096 0.988182 192.142 0.622494
COST 4096 2048 2 4 5.50 0.01 4096 1.000000 196.759 1.000000
COST 4096 2048 2 8 5.50 0.01 4096 1.000000 196.759 1.000000
COST 4096 256 2 4 5.50 0.01 16384 0.787575 171.100 0.745460
COST 4096 256 2 8 5.50 0.01 16384 0.787575 171.100 0.745460
COST 4096 512 2 4 5.50 0.01 16384 0.930638 232.707 0.419813
COST 4096 512 2 8 5.50 0.01 16384 0.930638 232.707 0.419813
COST 4096 1024 2 4 5.50 0.01 16384 0.986999 261.191 0.489538
COST 4096 1024 2 8 5.50 0.01 16384 0.986999 261.191 0.489538
COST 4096 2048 2 4 5.50 0.01 16384 1.000000 268.093 1.000000
COST 4096 2048 2 8 5.50 0.01 16384 1.000000 268.093 1.000000
COST 4096 256 2 4 5.50 0.01 4096 0.787575 171.100 0.884831
COST 4096 256 2 8 5.50 0.01 4096 0.787575 171.100 0.884831
COST 4096 512 2 4 5.50 0.01 4096 0.930638 232.707 0.598906
COST 4096 512 2 8 5.50 0.01 4096 0.930638 232.707 0.598906
COST 4096 1024 2 4 5.50 0.01 4096 0.986999 261.191 0.629409
COST 4096 1024 2 8 5.50 0.01 4096 0.986999 261.191 0.629409
COST 4096 2048 2 4 5.50 0.01 4096 1.000000 268.093 1.000000
COST 4096 2048 2 8 5.50 0.01 4096 1.000000 268.093 1.000000
COST 4096 256 2 4 6.00 0.0001 16384 0.805405 170.469 1.614350
COST 4096 256 2 8 6.00 0.0001 16384 0.805405 170.469 1.614350
COST 4096 512 2 4 6.00 0.0001 16384 0.916625 217.578 0.600485
COST 4096 512 2 8 6.00 0.0001 16384 0.916625 217.578 0.600485
COST 4096 1024 2 4 6.00 0.0001 16384 0.972220 244.326 0.529026
COST 4096 1024 2 8 6.00 0.0001 16384 0.972220 244.326 0.529026
COST 4096 2048 2 4 6.00 0.0001 16384 1.000000 258.429 1.000000
COST 4096 2048 2 8 6.00 0.0001 16384 1.000000 258.429 1.000000
COST 4096 256 2 4 6.00 0.0001 4096 0.805405 170.469 1.515865
COST 4096 256 2 8 6.00 0.0001 4096 0.805405 170.469 1.515865
COST 4096 512 2 4 6.00 0.0001 4096 0.916625 217.578 0.794986
COST 4096 512 2 8 6.00 0.0001 4096 0.916625 217.578 0.794986
COST 4096 1024 2 4 6.00 0.0001 4096 0.972220 244.326 0.741614
COST 4096 1024 2 8 6.00 0.0001 4096 0.972220 244.326 0.741614
COST 4096 2048 2 4 6.00 0.0001 4096 1.000000 258.429 1.000000
COST 4096 2048 2 8 6.00 0.0001 4096 1.000000 258.429 1.000000
COST 4096 256 2 4 6.00 0.0001 16384 0.883249 154.389 0.637595
COST 4096 256 2 8 6.00 0.0001 16384 0.883249 154.389 0.637595
COST 4096 512 2 4 6.00 0.0001 16384 0.958380 180.803 0.405923
COST 4096 512 2 8 6.00 0.0001 16384 0.958380 180.803 0.405923
COST 4096 1024 2 4 6.00 0.0001 16384 0.988182 192.142 0.513724
COST 4096 1024 2 8 6.00 0.0001 16384 0.988182 192.142 0.513724
COST 4096 2048 2 4 6.00 0.0001 16384 1.000000 196.759 1.000000
COST 4096 2048 2 8 6.00 0.0001 16384 1.000000 196.759 1.000000
COST 4096 256 2 4 6.00 0.0001 4096 0.883249 154.389 0.788018
COST 4096 256 2 8 6.00 0.0001 4096 0.883249 154.389 0.788018
COST 4096 512 2 4 6.00 0.0001 4096 0.958380 180.803 0.565029
COST 4096 512 2 8 6.00 0.0001 4096 0.958380 180.803 0.565029
COST 4096 1024 2 4 6.00 0.0001 4096 0.988182 192.142 0.641073
COST 4096 1024 2 8 6.00 0.0001 4096 0.988182 192.142 0.641073
COST 4096 2048 2 4 6.00 0.0001 4096 1.000000 196.759 1.000000
COST 4096 2048 2 8 6.00 0.0001 4096 1.000000 196.759 1.000000
COST 4096 256 2 4 6.00 0.0001 16384 0.787575 171.100 1.622594
COST 4096 256 2 8 6.00 0.0001 16384 0.787575 171.100 1.622594
COST 4096 512 2 4 6.00 0.0001 16384 0.930638 232.707 0.525134
COST 4096 512 2 8 6.00 0.0001 16384 0.930638 232.707 0.525134
COST 4096 1024 2 4 6.00 0.0001 16384 0.986999 261.191 0.491326
COST 4096 1024 2 8 6.00 0.0001 16384 0.986999 261.191 0.491326
COST 4096 2048 2 4 6.00 0.0001 16384 1.000000 268.093 1.000000
COST 4096 2048 2 8 6.00 0.0001 16384 1.000000 268.093 1.000000
COST 4096 256 2 4 6.00 0.0001 4096 0.787575 171.100 1.453041
COST 4096 256 2 8 6.00 0.0001 4096 0.787575 171.100 1.453041
COST 4096 512 2 4 6.00 0.0001 4096 0.930638 232.707 0.716919
COST 4096 512 2 8 6.00 0.0001 4096 0.930638 232.707 0.716919
COST 4096 1024 2 4 6.00 0.0001 4096 0.986999 261.191 0.675567
COST 4096 1024 2 8 6.00 0.0001 4096 0.986999 261.191 0.675567
COST 4096 2048 2 4 6.00 0.0001 4096 1.000000 268.093 1.000000
COST 4096 2048 2 8 6.00 0.0001 4096 1.000000 268.093 1.000000
COST 4096 256 2 4 6.00 0.001 16384 0.805405 170.469 0.871293
COST 4096 256 2 8 6.00 0.001 16384 0.805405 170.469 0.871293
COST 4096 512 2 4 6.00 0.001 16384 0.916625 217.578 0.435770
COST 4096 512 2 8 6.00 0.001 16384 0.916625 217.578 0.435770
COST 4096 1024 2 4 6.00 0.001 16384 0.972220 244.326 0.497709
COST 4096 1024 2 8 6.00 0.001 16384 0.972220 244.326 0.497709
COST 4096 2048 2 4 6.00 0.001 16384 1.000000 258.429 1.000000
COST 4096 2048 2 8 6.00 0.001 16384 1.000000 258.429 1.000000
COST 4096 256 2 4 6.00 0.001 4096 0.805405 170.469 0.933509
COST 4096 256 2 8 6.00 0.001 4096 0.805405 170.469 0.933509
COST 4096 512 2 4 6.00 0.001 4096 0.916625 217.578 0.587347
COST 4096 512 2 8 6.00 0.001 4096 0.916625 217.578 0.587347
COST 4096 1024 2 4 6.00 0.001 4096 0.972220 244.326 0.625223
COST 4096 1024 2 8 6.00 0.001 4096 0.972220 244.326 0.625223
COST 4096 2048 2 4 6.00 0.001 4096 1.000000 258.429 1.000000
COST 4096 2048 2 8 6.00 0.001 4096 1.000000 258.429 1.000000
COST 4096 256 2 4 6.00 0.001 16384 0.883249 154.389 0.402502
COST 4096 256 2 8 6.00 0.001 16384 0.883249 154.389 0.402502
COST 4096 512 2 4 6.00 0.001 16384 0.958380 180.803 0.377001
COST 4096 512 2 8 6.00 0.001 16384 0.958380 180.803 0.377001
COST 4096 1024 2 4 6.00 0.001 16384 0.988182 192.142 0.490279
COST 4096 1024 2 8 6.00 0.001 16384 0.988182 192.142 0.490279
COST 4096 2048 2 4 6.00 0.001 16384 1.000000 196.759 1.000000
COST 4096 2048 2 8 6.00 0.001 16384 1.000000 196.759 1.000000
COST 4096 256 2 4 6.00 0.001 4096 0.883249 154.389 0.579621
COST 4096 256 2 8 6.00 0.001 4096 0.883249 154.389 0.579621
COST 4096 512 2 4 6.00 0.001 4096 0.958380 180.803 0.524580
COST 4096 512 2 8 6.00 0.001 4096 0.958380 180.803 0.524580
COST 4096 1024 2 4 6.00 0.001 4096 0.988182 192.142 0.643121
COST 4096 1024 2 8 6.00 0.001 4096 0.988182 192.142 0.643121
COST 4096 2048 2 4 6.00 0.001 4096 1.000000 196.759 1.000000
COST 4096 2048 2 8 6.00 0.001 4096 1.000000 196.759 1.000000
COST 4096 256 2 4 6.00 0.001 16384 0.787575 171.100 0.822171
COST 4096 256 2 8 6.00 0.001 16384 0.787575 171.100 0.822171
COST 4096 512 2 4 6.00 0.001 16384 0.930638 232.707 0.405745
COST 4096 512 2 8 6.00 0.001 16384 0.930638 232.707 0.405745
COST 4096 1024 2 4 6.00 0.001 16384 0.986999 261.191 0.480112
COST 4096 1024 2 8 6.00 0.001 16384 0.986999 261.191 0.480112
COST 4096 2048 2 4 6.00 0.001 16384 1.000000 268.093 1.000000
COST 4096 2048 2 8 6.00 0.001 16384 1.000000 268.093 1.000000
COST 4096 256 2 4 6.00 0.001 4096 0.787575 171.100 0.931933
COST 4096 256 2 8 6.00 0.001 4096 0.787575 171.100 0.931933
COST 4096 512 2 4 6.00 0.001 4096 0.930638 232.707 0.573554
COST 4096 512 2 8 6.00 0.001 4096 0.930638 232.707 0.573554
COST 4096 1024 2 4 6.00 0.001 4096 0.986999 261.191 0.623621
COST 4096 1024 2 8 6.00 0.001 4096 0.986999 261.191 0.623621
COST 4096 2048 2 4 6.00 0.001 4096 1.000000 268.093 1.000000
COST 4096 2048 2 8 6.00 0.001 4096 1.000000 268.093 1.000000
COST 4096 256 2 4 6.00 0.01 16384 0.805405 170.469 0.373297
COST 4096 256 2 8 6.00 0.01 16384 0.805405 170.469 0.373297
COST 4096 512 2 4 6.00 0.01 16384 0.916625 217.578 0.365480
COST 4096 512 2 8 6.00 0.01 16384 0.916625 217.578 0.365480
COST 4096 1024 2 4 6.00 0.01 16384 0.972220 244.326 0.491518
COST 4096 1024 2 8 6.00 0.01 16384 0.972220 244.326 0.491518
COST 4096 2048 2 4 6.00 0.01 16384 1.000000 258.429 1.000000
COST 4096 2048 2 8 6.00 0.01 16384 1.000000 258.429 1.000000
COST 4096 256 2 4 6.00 0.01 4096 0.805405 170.469 0.569403
COST 4096 256 2 8 6.00 0.01 4096 0.805405 170.469 0.569403
COST 4096 512 2 4 6.00 0.01 4096 0.916625 217.578 0.529298
COST 4096 512 2 8 6.00 0.01 4096 0.916625 217.578 0.529298
COST 4096 1024 2 4 6.00 0.01 4096 0.972220 244.326 0.638391
COST 4096 1024 2 8 6.00 0.01 4096 0.972220 244.326 0.638391
COST 4096 2048 2 4 6.00 0.01 4096 1.000000 258.429 1.000000
COST 4096 2048 2 8 6.00 0.01 4096 1.000000 258.429 1.000000
COST 4096 256 2 4 6.00 0.01 16384 0.883249 154.389 0.302941
COST 4096 256 2 8 6.00 0.01 16384 0.883249 154.389 0.302941
COST 4096 512 2 4 6.00 0.01 16384 0.958380 180.803 0.355564
COST 4096 512 2 8 6.00 0.01 16384 0.958380 180.803 0.355564
COST 4096 1024 2 4 6.00 0.01 16384 0.988182 192.142 0.499137
COST 4096 1024 2 8 6.00 0.01 16384 0.988182 192.142 0.499137
COST 4096 2048 2 4 6.00 0.01 16384 1.000000 196.759 1.000000
COST 4096 2048 2 8 6.00 0.01 16384 1.000000 196.759 1.000000
COST 4096 256 2 4 6.00 0.01 4096 0.883249 154.389 0.459087
COST 4096 256 2 8 6.00 0.01 4096 0.883249 154.389 0.459087
COST 4096 512 2 4 6.00 0.01 4096 0.958380 180.803 0.521002
COST 4096 512 2 8 6.00 0.01 4096 0.958380 180.803 0.521002
COST 4096 1024 2 4 6.00 0.01 4096 0.988182 192.142 0.618556
COST 4096 1024 2 8 6.00 0.01 4096 0.988182 192.142 0.618556
COST 4096 2048 2 4 6.00 0.01 4096 1.000000 196.759 1.000000
COST 4096 2048 2 8 6.00 0.01 4096 1.000000 196.759 1.000000
COST 4096 256 2 4 6.00 0.01 16384 0.787575 171.100 0.397403
COST 4096 256 2 8 6.00 0.01 16384 0.787575 171.100 0.397403
COST 4096 512 2 4 6.00 0.01 16384 0.930638 232.707 0.360829
COST 4096 512 2 8 6.00 0.01 16384 0.930638 232.707 0.360829
COST 4096 1024 2 4 6.00 0.01 16384 0.986999 261.191 0.479752
COST 4096 1024 2 8 6.00 0.01 16384 0.986999 261.191 0.479752
COST 4096 2048 2 4 6.00 0.01 16384 1.000000 268.093 1.000000
COST 4096 2048 2 8 6.00 0.01 16384 1.000000 268.093 1.000000
COST 4096 256 2 4 6.00 0.01 4096 0.787575 171.100 0.533423
COST 4096 256 2 8 6.00 0.01 4096 0.787575 171.100 0.533423
COST 4096 512 2 4 6.00 0.01 4096 0.930638 232.707 0.488016
COST 4096 512 2 8 6.00 0.01 4096 0.930638 232.707 0.488016
COST 4096 1024 2 4 6.00 0.01 4096 0.986999 261.191 0.587920
COST 4096 1024 2 8 6.00 0.01 4096 0.986999 261.191 0.587920
COST 4096 2048 2 4 6.00 0.01 4096 1.000000 268.093 1.000000
COST 4096 2048 2 8 6.00 0.01 4096 1.000000 268.093 1.000000
COST 4096 256 2 4 6.50 0.0001 16384 0.805405 170.469 0.778074
COST 4096 256 2 8 6.50 0.0001 16384 0.805405 170.469 0.778074
COST 4096 512 2 4 6.50 0.0001 16384 0.916625 217.578 0.414750
COST 4096 512 2 8 6.50 0.0001 16384 0.916625 217.578 0.414750
COST 4096 1024 2 4 6.50 0.0001 16384 0.972220 244.326 0.498228
COST 4096 1024 2 8 6.50 0.0001 16384 0.972220 244.326 0.498228
COST 4096 2048 2 4 6.50 0.0001 16384 1.000000 258.429 1.000000
COST 4096 2048 2 8 6.50 0.0001 16384 1.000000 258.429 1.000000
COST 4096 256 2 4 6.50 0.0001 4096 0.805405 170.469 0.899975
COST 4096 256 2 8 6.50 0.0001 4096 0.805405 170.469 0.899975
COST 4096 512 2 4 6.50 0.0001 4096 0.916625 217.578 0.562177
COST 4096 512 2 8 6.50 0.0001 4096 0.916625 217.578 0.562177
COST 4096 1024 2 4 6.50 0.0001 4096 0.972220 244.326 0.628706
COST 4096 1024 2 8 6.50 0.0001 4096 0.972220 244.326 0.628706
COST 4096 2048 2 4 6.50 0.0001 4096 1.000000 258.429 1.000000
COST 4096 2048 2 8 6.50 0.0001 4096 1.000000 258.429 1.000000
COST 4096 256 2 4 6.50 0.0001 16384 0.883249 154.389 0.366921
COST 4096 256 2 8 6.50 0.0001 16384 0.883249 154.389 0.366921
COST 4096 512 2 4 6.50 0.0001 16384 0.958380 180.803 0.347595
COST 4096 512 2 8 6.50 0.0001 16384 0.958380 180.803 0.347595
COST 4096 1024 2 4 6.50 0.0001 16384 0.988182 192.142 0.474637
COST 4096 1024 2 8 6.50 0.0001 16384 0.988182 192.142 0.474637
COST 4096 2048 2 4 6.50 0.0001 16384 1.000000 196.759 1.000000
COST 4096 2048 2 8 6.50 0.0001 16384 1.000000 196.759 1.000000
COST 4096 256 2 4 6.50 0.0001 4096 0.883249 154.389 0.565654
COST 4096 256 2 8 6.50 0.0001 4096 0.883249 154.389 0.565654
COST 4096 512 2 4 6.50 0.0001 4096 0.958380 180.803 0.549937
COST 4096 512 2 8 6.50 0.0001 4096 0.958380 180.803 0.549937
COST 4096 1024 2 4 6.50 0.0001 4096 0.988182 192.142 0.649848
COST 4096 1024 2 8 6.50 0.0001 4096 0.988182 192.142 0.649848
COST 4096 2048 2 4 6.50 0.0001 4096 1.000000 196.759 1.000000
COST 4096 2048 2 8 6.50 0.0001 4096 1.000000 196.759 1.000000
COST 4096 256 2 4 6.50 0.0001 16384 0.787575 171.100 0.739575
COST 4096 256 2 8 6.50 0.0001 16384 0.787575 171.100 0.739575
COST 4096 512 2 4 6.50 0.0001 16384 0.930638 232.707 0.391786
COST 4096 512 2 8 6.50 0.0001 16384 0.930638 232.707 0.391786
COST 4096 1024 2 4 6.50 0.0001 16384 0.986999 261.191 0.490295
COST 4096 1024 2 8 6.50 0.0001 16384 0.986999 261.191 0.490295
COST 4096 2048 2 4 6.50 0.0001 16384 1.000000 268.093 1.000000
COST 4096 2048 2 8 6.50 0.0001 16384 1.000000 268.093 1.000000
COST 4096 256 2 4 6.50 0.0001 4096 0.787575 171.100 0.830380
COST 4096 256 2 8 6.50 0.0001 4096 0.787575 171.100 0.830380
COST 4096 512 2 4 6.50 0.0001 4096 0.930638 232.707 0.538902
COST 4096 512 2 8 6.50 0.0001 4096 0.930638 232.707 0.538902
COST 4096 1024 2 4 6.50 0.0001 4096 0.986999 261.191 0.600416
COST 4096 1024 2 8 6.50 0.0001 4096 0.986999 261.191 0.600416
COST 4096 2048 2 4 6.50 0.0001 4096 1.000000 268.093 1.000000
COST 4096 2048 2 8 6.50 0.0001 4096 1.000000 268.093 1.000000
COST 4096 256 2 4 6.50 0.001 16384 0.805405 170.469 0.453110
COST 4096 256 2 8 6.50 0.001 16384 0.805405 170.469 0.453110
COST 4096 512 2 4 6.50 0.001 16384 0.916625 217.578 0.371795
COST 4096 512 2 8 6.50 0.001 16384 0.916625 217.578 0.371795
COST 4096 1024 2 4 6.50 0.001 16384 0.972220 244.326 0.509146
COST 4096 1024 2 8 6.50 0.001 16384 0.972220 244.326 0.509146
COST 4096 2048 2 4 6.50 0.001 16384 1.000000 258.429 1.000000
COST 4096 2048 2 8 6.50 0.001 16384 1.000000 258.429 1.000000
COST 4096 256 2 4 6.50 0.001 4096 0.805405 170.469 0.625491
COST 4096 256 2 8 6.50 0.001 4096 0.805405 170.469 0.625491
COST 4096 512 2 4 6.50 0.001 4096 0.916625 217.578 0.556310
COST 4096 512 2 8 6.50 0.001 4096 0.916625 217.578 0.556310
COST 4096 1024 2 4 6.50 0.001 4096 0.972220 244.326 0.623737
COST 4096 1024 2 8 6.50 0.001 4096 0.972220 244.326 0.623737
COST 4096 2048 2 4 6.50 0.001 4096 1.000000 258.429 1.000000
COST 4096 2048 2 8 6.50 0.001 4096 1.000000 258.429 1.000000
COST 4096 256 2 4 6.50 0.001 16384 0.883249 154.389 0.293457
COST 4096 256 2 8 6.50 0.001 16384 0.883249 154.389 0.293457
COST 4096 512 2 4 6.50 0.001 16384 0.958380 180.803 0.354038
COST 4096 512 2 8 6.50 0.001 16384 0.958380 180.803 0.354038
COST 4096 1024 2 4 6.50 0.001 16384 0.988182 192.142 0.493758
COST 4096 1024 2 8 6.50 0.001 16384 0.988182 192.142 0.493758
COST 4096 2048 2 4 6.50 0.001 16384 1.000000 196.759 1.000000
COST 4096 2048 2 8 6.50 0.001 16384 1.000000 196.759 1.000000
COST 4096 256 2 4 6.50 0.001 4096 0.883249 154.389 0.510628
COST 4096 256 2 8 6.50 0.001 4096 0.883249 154.389 0.510628
COST 4096 512 2 4 6.50 0.001 4096 0.958380 180.803 0.543731
COST 4096 512 2 8 6.50 0.001 4096 0.958380 180.803 0.543731
COST 4096 1024 2 4 6.50 0.001 4096 0.988182 192.142 0.619938
COST 4096 1024 2 8 6.50 0.001 4096 0.988182 192.142 0.619938
COST 4096 2048 2 4 6.50 0.001 4096 1.000000 196.759 1.000000
COST 4096 2048 2 8 6.50 0.001 4096 1.000000 196.759 1.000000
COST 4096 256 2 4 6.50 0.001 16384 0.787575 171.100 0.407648
COST 4096 256 2 8 6.50 0.001 16384 0.787575 171.100 0.407648
COST 4096 512 2 4 6.50 0.001 16384 0.930638 232.707 0.358149
COST 4096 512 2 8 6.50 0.001 16384 0.930638 232.707 0.358149
COST 4096 1024 2 4 6.50 0.001 16384 0.986999 261.191 0.484986
COST 4096 1024 2 8 6.50 0.001 16384 0.986999 261.191 0.484986
COST 4096 2048 2 4 6.50 0.001 16384 1.000000 268.093 1.000000
COST 4096 2048 2 8 6.50 0.001 16384 1.000000 268.093 1.000000
COST 4096 256 2 4 6.50 0.001 4096 0.787575 171.100 0.608898
COST 4096 256 2 8 6.50 0.001 4096 0.787575 171.100 0.608898
COST 4096 512 2 4 6.50 0.001 4096 0.930638 232.707 0.544889
COST 4096 512 2 8 6.50 0.001 4096 0.930638 232.707 0.544889
COST 4096 1024 2 4 6.50 0.001 4096 0.986999 261.191 0.625901
COST 4096 1024 2 8 6.50 0.001 4096 0.986999 261.191 0.625901
COST 4096 2048 2 4 6.50 0.001 4096 1.000000 268.093 1.000000
COST 4096 2048 2 8 6.50 0.001 4096 1.000000 268.093 1.000000
COST 4096 256 2 4 6.50 0.01 16384 0.805405 170.469 0.300339
COST 4096 256 2 8 6.50 0.01 16384 0.805405 170.469 0.300339
COST 4096 512 2 4 6.50 0.01 16384 0.916625 217.578 0.357956
COST 4096 512 2 8 6.50 0.01 16384 0.916625 217.578 0.357956
COST 4096 1024 2 4 6.50 0.01 16384 0.972220 244.326 0.482370
COST 4096 1024 2 8 6.50 0.01 16384 0.972220 244.326 0.482370
COST 4096 2048 2 4 6.50 0.01 16384 1.000000 258.429 1.000000
COST 4096 2048 2 8 6.50 0.01 16384 1.000000 258.429 1.000000
COST 4096 256 2 4 6.50 0.01 4096 0.805405 170.469 0.493611
COST 4096 256 2 8 6.50 0.01 4096 0.805405 170.469 0.493611
COST 4096 512 2 4 6.50 0.01 4096 0.916625 217.578 0.551197
COST 4096 512 2 8 6.50 0.01 4096 0.916625 217.578 0.551197
COST 4096 1024 2 4 6.50 0.01 4096 0.972220 244.326 0.601852
COST 4096 1024 2 8 6.50 0.01 4096 0.972220 244.326 0.601852
COST 4096 2048 2 4 6.50 0.01 4096 1.000000 258.429 1.000000
COST 4096 2048 2 8 6.50 0.01 4096 1.000000 258.429 1.000000
COST 4096 256 2 4 6.50 0.01 16384 0.883249 154.389 0.268435
COST 4096 256 2 8 6.50 0.01 16384 0.883249 154.389 0.268435
COST 4096 512 2 4 6.50 0.01 16384 0.958380 180.803 0.357584
COST 4096 512 2 8 6.50 0.01 16384 0.958380 180.803 0.357584
COST 4096 1024 2 4 6.50 0.01 16384 0.988182 192.142 0.475440
COST 4096 1024 2 8 6.50 0.01 16384 0.988182 192.142 0.475440
COST 4096 2048 2 4 6.50 0.01 16384 1.000000 196.759 1.000000
COST 4096 2048 2 8 6.50 0.01 16384 1.000000 196.759 1.000000
COST 4096 256 2 4 6.50 0.01 4096 0.883249 154.389 0.493329
COST 4096 256 2 8 6.50 0.01 4096 0.883249 154.389 0.493329
COST 4096 512 2 4 6.50 0.01 4096 0.958380 180.803 0.526982
COST 4096 512 2 8 6.50 0.01 4096 0.958380 180.803 0.526982
COST 4096 1024 2 4 6.50 0.01 4096 0.988182 192.142 0.634732
COST 4096 1024 2 8 6.50 0.01 4096 0.988182 192.142 0.634732
COST 4096 2048 2 4 6.50 0.01 4096 1.000000 196.759 1.000000
COST 4096 2048 2 8 6.50 0.01 4096 1.000000 196.759 1.000000
COST 4096 256 2 4 6.50 0.01 16384 0.787575 171.100 0.289432
COST 4096 256 2 8 6.50 0.01 16384 0.787575 171.100 0.289432
COST 4096 512 2 4 6.50 0.01 16384 0.930638 232.707 0.347111
COST 4096 512 2 8 6.50 0.01 16384 0.930638 232.707 0.347111
COST 4096 1024 2 4 6.50 0.01 16384 0.986999 261.191 0.477331
COST 4096 1024 2 8 6.50 0.01 16384 0.986999 261.191 0.477331
COST 4096 2048 2 4 6.50 0.01 16384 1.000000 268.093 1.000000
COST 4096 2048 2 8 6.50 0.01 16384 1.000000 268.093 1.000000
COST 4096 256 2 4 6.50 0.01 4096 0.787575 171.100 0.486088
COST 4096 256 2 8 6.50 0.01 4096 0.787575 171.100 0.486088
COST 4096 512 2 4 6.50 0.01 4096 0.930638 232.707 0.533710
COST 4096 512 2 8 6.50 0.01 4096 0.930638 232.707 0.533710
COST 4096 1024 2 4 6.50 0.01 4096 0.986999 261.191 0.643529
COST 4096 1024 2 8 6.50 0.01 4096 0.986999 261.191 0.643529
COST 4096 2048 2 4 6.50 0.01 4096 1.000000 268.093 1.000000
COST 4096 2048 2 8 6.50 0.01 4096 1.000000 268.093 1.000000
COST 8192 256 2 4 5.00 0.0001 16384 0.587370 204.420 1.876628
COST 8192 256 2 8 5.00 0.0001 16384 0.587370 204.420 1.876628
COST 8192 512 2 4 5.00 0.0001 16384 0.805619 341.105 1.942820
COST 8192 512 2 8 5.00 0.0001 16384 0.805619 341.105 1.942820
COST 8192 1024 2 4 5.00 0.0001 16384 0.916676 435.206 1.906682
COST 8192 1024 2 8 5.00 0.0001 16384 0.916676 435.206 1.906682
COST 8192 2048 2 4 5.00 0.0001 16384 0.972231 488.665 1.443109
COST 8192 2048 2 8 5.00 0.0001 16384 0.972231 488.665 1.443109
COST 8192 4096 2 4 5.00 0.0001 16384 1.000000 516.862 1.000000
COST 8192 4096 2 8 5.00 0.0001 16384 1.000000 516.862 1.000000
COST 8192 256 2 4 5.00 0.0001 4096 0.587370 204.420 1.797142
COST 8192 256 2 8 5.00 0.0001 4096 0.587370 204.420 1.797142
COST 8192 512 2 4 5.00 0.0001 4096 0.805619 341.105 1.845818
COST 8192 512 2 8 5.00 0.0001 4096 0.805619 341.105 1.845818
COST 8192 1024 2 4 5.00 0.0001 4096 0.916676 435.206 1.789475
COST 8192 1024 2 8 5.00 0.0001 4096 0.916676 435.206 1.789475
COST 8192 2048 2 4 5.00 0.0001 4096 0.972231 488.665 1.360224
COST 8192 2048 2 8 5.00 0.0001 4096 0.972231 488.665 1.360224
COST 8192 4096 2 4 5.00 0.0001 4096 1.000000 516.862 1.000000
COST 8192 4096 2 8 5.00 0.0001 4096 1.000000 516.862 1.000000
COST 8192 256 2 4 5.00 0.0001 16384 0.697808 206.055 3.413572
COST 8192 256 2 8 5.00 0.0001 16384 0.697808 206.055 3.413572
COST 8192 512 2 4 5.00 0.0001 16384 0.883410 308.885 3.286962
COST 8192 512 2 8 5.00 0.0001 16384 0.883410 308.885 3.286962
COST 8192 1024 2 4 5.00 0.0001 16384 0.958411 361.631 1.864574
COST 8192 1024 2 8 5.00 0.0001 16384 0.958411 361.631 1.864574
COST 8192 2048 2 4 5.00 0.0001 16384 0.988187 384.289 1.049037
COST 8192 2048 2 8 5.00 0.0001 16384 0.988187 384.289 1.049037
COST 8192 4096 2 4 5.00 0.0001 16384 1.000000 393.519 1.000000
COST 8192 4096 2 8 5.00 0.0001 16384 1.000000 393.519 1.000000
COST 8192 256 2 4 5.00 0.0001 4096 0.697808 206.055 2.701557
COST 8192 256 2 8 5.00 0.0001 4096 0.697808 206.055 2.701557
COST 8192 512 2 4 5.00 0.0001 4096 0.883410 308.885 2.630708
COST 8192 512 2 8 5.00 0.0001 4096 0.883410 308.885 2.630708
COST 8192 1024 2 4 5.00 0.0001 4096 0.958411 361.631 1.671727
COST 8192 1024 2 8 5.00 0.0001 4096 0.958411 361.631 1.671727
COST 8192 2048 2 4 5.00 0.0001 4096 0.988187 384.289 0.968656
COST 8192 2048 2 8 5.00 0.0001 4096 0.988187 384.289 0.968656
COST 8192 4096 2 4 5.00 0.0001 4096 1.000000 393.519 1.000000
COST 8192 4096 2 8 5.00 0.0001 4096 1.000000 393.519 1.000000
COST 8192 256 2 4 5.00 0.001 16384 0.587370 204.420 3.004655
COST 8192 256 2 8 5.00 0.001 16384 0.587370 204.420 3.004655
COST 8192 512 2 4 5.00 0.001 16384 0.805619 341.105 2.857340
COST 8192 512 2 8 5.00 0.001 16384 0.805619 341.105 2.857340
COST 8192 1024 2 4 5.00 0.001 16384 0.916676 435.206 2.271451
COST 8192 1024 2 8 5.00 0.001 16384 0.916676 435.206 2.271451
COST 8192 2048 2 4 5.00 0.001 16384 0.972231 488.665 1.175189
COST 8192 2048 2 8 5.00 0.001 16384 0.972231 488.665 1.175189
COST 8192 4096 2 4 5.00 0.001 16384 1.000000 516.862 1.000000
COST 8192 4096 2 8 5.00 0.001 16384 1.000000 516.862 1.000000
COST 8192 256 2 4 5.00 0.001 4096 0.587370 204.420 2.368440
COST 8192 256 2 8 5.00 0.001 4096 0.587370 204.420 2.368440
COST 8192 512 2 4 5.00 0.001 4096 0.805619 341.105 2.432911
COST 8192 512 2 8 5.00 0.001 4096 0.805619 341.105 2.432911
COST 8192 1024 2 4 5.00 0.001 4096 0.916676 435.206 1.865270
COST 8192 1024 2 8 5.00 0.001 4096 0.916676 435.206 1.865270
COST 8192 2048 2 4 5.00 0.001 4096 0.972231 488.665 1.077089
COST 8192 2048 2 8 5.00 0.001 4096 0.972231 488.665 1.077089
COST 8192 4096 2 4 5.00 0.001 4096 1.000000 516.862 1.000000
COST 8192 4096 2 8 5.00 0.001 4096 1.000000 516.862 1.000000
COST 8192 256 2 4 5.00 0.001 16384 0.697808 206.055 3.854786
COST 8192 256 2 8 5.00 0.001 16384 0.697808 206.055 3.854786
COST 8192 512 2 4 5.00 0.001 16384 0.883410 308.885 2.996452
COST 8192 512 2 8 5.00 0.001 16384 0.883410 308.885 2.996452
COST 8192 1024 2 4 5.00 0.001 16384 0.958411 361.631 1.252795
COST 8192 1024 2 8 5.00 0.001 16384 0.958411 361.631 1.252795
COST 8192 2048 2 4 5.00 0.001 16384 0.988187 384.289 0.779437
COST 8192 2048 2 8 5.00 0.001 16384 0.988187 384.289 0.779437
COST 8192 4096 2 4 5.00 0.001 16384 1.000000 393.519 1.000000
COST 8192 4096 2 8 5.00 0.001 16384 1.000000 393.519 1.000000
COST 8192 256 2 4 5.00 0.001 4096 0.697808 206.055 2.979114
COST 8192 256 2 8 5.00 0.001 4096 0.697808 206.055 2.979114
COST 8192 512 2 4 5.00 0.001 4096 0.883410 308.885 2.381707
COST 8192 512 2 8 5.00 0.001 4096 0.883410 308.885 2.381707
COST 8192 1024 2 4 5.00 0.001 4096 0.958411 361.631 1.155875
COST 8192 1024 2 8 5.00 0.001 4096 0.958411 361.631 1.155875
COST 8192 2048 2 4 5.00 0.001 4096 0.988187 384.289 0.795166
COST 8192 2048 2 8 5.00 0.001 4096 0.988187 384.289 0.795166
COST 8192 4096 2 4 5.00 0.001 4096 1.000000 393.519 1.000000
COST 8192 4096 2 8 5.00 0.001 4096 1.000000 393.519 1.000000
COST 8192 256 2 4 5.00 0.01 16384 0.587370 204.420 3.542819
COST 8192 256 2 8 5.00 0.01 16384 0.587370 204.420 3.542819
COST 8192 512 2 4 5.00 0.01 16384 0.805619 341.105 2.660238
COST 8192 512 2 8 5.00 0.01 16384 0.805619 341.105 2.660238
COST 8192 1024 2 4 5.00 0.01 16384 0.916676 435.206 1.405640
COST 8192 1024 2 8 5.00 0.01 16384 0.916676 435.206 1.405640
COST 8192 2048 2 4 5.00 0.01 16384 0.972231 488.665 0.813018
COST 8192 2048 2 8 5.00 0.01 16384 0.972231 488.665 0.813018
COST 8192 4096 2 4 5.00 0.01 16384 1.000000 516.862 1.000000
COST 8192 4096 2 8 5.00 0.01 16384 1.000000 516.862 1.000000
COST 8192 256 2 4 5.00 0.01 4096 0.587370 204.420 2.943668
COST 8192 256 2 8 5.00 0.01 4096 0.587370 204.420 2.943668
COST 8192 512 2 4 5.00 0.01 4096 0.805619 341.105 2.311952
COST 8192 512 2 8 5.00 0.01 4096 0.805619 341.105 2.311952
COST 8192 1024 2 4 5.00 0.01 4096 0.916676 435.206 1.237221
COST 8192 1024 2 8 5.00 0.01 4096 0.916676 435.206 1.237221
COST 8192 2048 2 4 5.00 0.01 4096 0.972231 488.665 0.809674
COST 8192 2048 2 8 5.00 0.01 4096 0.972231 488.665 0.809674
COST 8192 4096 2 4 5.00 0.01 4096 1.000000 516.862 1.000000
COST 8192 4096 2 8 5.00 0.01 4096 1.000000 516.862 1.000000
COST 8192 256 2 4 5.00 0.01 16384 0.697808 206.055 3.905163
COST 8192 256 2 8 5.00 0.01 16384 0.697808 206.055 3.905163
COST 8192 512 2 4 5.00 0.01 16384 0.883410 308.885 1.459467
COST 8192 512 2 8 5.00 0.01 16384 0.883410 308.885 1.459467
COST 8192 1024 2 4 5.00 0.01 16384 0.958411 361.631 0.592963
COST 8192 1024 2 8 5.00 0.01 16384 0.958411 361.631 0.592963
COST 8192 2048 2 4 5.00 0.01 16384 0.988187 384.289 0.579623
COST 8192 2048 2 8 5.00 0.01 16384 0.988187 384.289 0.579623
COST 8192 4096 2 4 5.00 0.01 16384 1.000000 393.519 1.000000
COST 8192 4096 2 8 5.00 0.01 16384 1.000000 393.519 1.000000
COST 8192 256 2 4 5.00 0.01 4096 0.697808 206.055 3.033889
COST 8192 256 2 8 5.00 0.01 4096 0.697808 206.055 3.033889
COST 8192 512 2 4 5.00 0.01 4096 0.883410 308.885 1.296871
COST 8192 512 2 8 5.00 0.01 4096 0.883410 308.885 1.296871
COST 8192 1024 2 4 5.00 0.01 4096 0.958411 361.631 0.658855
COST 8192 1024 2 8 5.00 0.01 4096 0.958411 361.631 0.658855
COST 8192 2048 2 4 5.00 0.01 4096 0.988187 384.289 0.674194
COST 8192 2048 2 8 5.00 0.01 4096 0.988187 384.289 0.674194
COST 8192 4096 2 4 5.00 0.01 4096 1.000000 393.519 1.000000
COST 8192 4096 2 8 5.00 0.01 4096 1.000000 393.519 1.000000
COST 8192 256 2 4 5.50 0.0001 16384 0.587370 204.420 3.577448
COST 8192 256 2 8 5.50 0.0001 16384 0.587370 204.420 3.577448
COST 8192 512 2 4 5.50 0.0001 16384 0.805619 341.105 3.605747
COST 8192 512 2 8 5.50 0.0001 16384 0.805619 341.105 3.605747
COST 8192 1024 2 4 5.50 0.0001 16384 0.916676 435.206 2.434513
COST 8192 1024 2 8 5.50 0.0001 16384 0.916676 435.206 2.434513
COST 8192 2048 2 4 5.50 0.0001 16384 0.972231 488.665 0.979808
COST 8192 2048 2 8 5.50 0.0001 16384 0.972231 488.665 0.979808
COST 8192 4096 2 4 5.50 0.0001 16384 1.000000 516.862 1.000000
COST 8192 4096 2 8 5.50 0.0001 16384 1.000000 516.862 1.000000
COST 8192 256 2 4 5.50 0.0001 4096 0.587370 204.420 2.784802
COST 8192 256 2 8 5.50 0.0001 4096 0.587370 204.420 2.784802
COST 8192 512 2 4 5.50 0.0001 4096 0.805619 341.105 2.886972
COST 8192 512 2 8 5.50 0.0001 4096 0.805619 341.105 2.886972
COST 8192 1024 2 4 5.50 0.0001 4096 0.916676 435.206 1.887350
COST 8192 1024 2 8 5.50 0.0001 4096 0.916676 435.206 1.887350
COST 8192 2048 2 4 5.50 0.0001 4096 0.972231 488.665 0.892243
COST 8192 2048 2 8 5.50 0.0001 4096 0.972231 488.665 0.892243
COST 8192 4096 2 4 5.50 0.0001 4096 1.000000 516.862 1.000000
COST 8192 4096 2 8 5.50 0.0001 4096 1.000000 516.862 1.000000
COST 8192 256 2 4 5.50 0.0001 16384 0.697808 206.055 4.057390
COST 8192 256 2 8 5.50 0.0001 16384 0.697808 206.055 4.057390
COST 8192 512 2 4 5.50 0.0001 16384 0.883410 308.885 2.702646
COST 8192 512 2 8 5.50 0.0001 16384 0.883410 308.885 2.702646
COST 8192 1024 2 4 5.50 0.0001 16384 0.958411 361.631 0.829492
COST 8192 1024 2 8 5.50 0.0001 16384 0.958411 361.631 0.829492
COST 8192 2048 2 4 5.50 0.0001 16384 0.988187 384.289 0.584027
COST 8192 2048 2 8 5.50 0.0001 16384 0.988187 384.289 0.584027
COST 8192 4096 2 4 5.50 0.0001 16384 1.000000 393.519 1.000000
COST 8192 4096 2 8 5.50 0.0001 16384 1.000000 393.519 1.000000
COST 8192 256 2 4 5.50 0.0001 4096 0.697808 206.055 3.278371
COST 8192 256 2 8 5.50 0.0001 4096 0.697808 206.055 3.278371
COST 8192 512 2 4 5.50 0.0001 4096 0.883410 308.885 2.289171
COST 8192 512 2 8 5.50 0.0001 4096 0.883410 308.885 2.289171
COST 8192 1024 2 4 5.50 0.0001 4096 0.958411 361.631 0.786273
COST 8192 1024 2 8 5.50 0.0001 4096 0.958411 361.631 0.786273
COST 8192 2048 2 4 5.50 0.0001 4096 0.988187 384.289 0.635377
COST 8192 2048 2 8 5.50 0.0001 4096 0.988187 384.289 0.635377
COST 8192 4096 2 4 5.50 0.0001 4096 1.000000 393.519 1.000000
COST 8192 4096 2 8 5.50 0.0001 4096 1.000000 393.519 1.000000
COST 8192 256 2 4 5.50 0.001 16384 0.587370 204.420 4.266017
COST 8192 256 2 8 5.50 0.001 16384 0.587370 204.420 4.266017
COST 8192 512 2 4 5.50 0.001 16384 0.805619 341.105 3.358821
COST 8192 512 2 8 5.50 0.001 16384 0.805619 341.105 3.358821
COST 8192 1024 2 4 5.50 0.001 16384 0.916676 435.206 1.104429
COST 8192 1024 2 8 5.50 0.001 16384 0.916676 435.206 1.104429
COST 8192 2048 2 4 5.50 0.001 16384 0.972231 488.665 0.680643
COST 8192 2048 2 8 5.50 0.001 16384 0.972231 488.665 0.680643
COST 8192 4096 2 4 5.50 0.001 16384 1.000000 516.862 1.000000
COST 8192 4096 2 8 5.50 0.001 16384 1.000000 516.862 1.000000
COST 8192 256 2 4 5.50 0.001 4096 0.587370 204.420 3.460611
COST 8192 256 2 8 5.50 0.001 4096 0.587370 204.420 3.460611
COST 8192 512 2 4 5.50 0.001 4096 0.805619 341.105 2.528370
COST 8192 512 2 8 5.50 0.001 4096 0.805619 341.105 2.528370
COST 8192 1024 2 4 5.50 0.001 4096 0.916676 435.206 1.049770
COST 8192 1024 2 8 5.50 0.001 4096 0.916676 435.206 1.049770
COST 8192 2048 2 4 5.50 0.001 4096 0.972231 488.665 0.715985
COST 8192 2048 2 8 5.50 0.001 4096 0.972231 488.665 0.715985
COST 8192 4096 2 4 5.50 0.001 4096 1.000000 516.862 1.000000
COST 8192 4096 2 8 5.50 0.001 4096 1.000000 516.862 1.000000
COST 8192 256 2 4 5.50 0.001 16384 0.697808 206.055 4.131280
COST 8192 256 2 8 5.50 0.001 16384 0.697808 206.055 4.131280
COST 8192 512 2 4 5.50 0.001 16384 0.883410 308.885 1.464403
COST 8192 512 2 8 5.50 0.001 16384 0.883410 308.885 1.464403
COST 8192 1024 2 4 5.50 0.001 16384 0.958411 361.631 0.497510
COST 8192 1024 2 8 5.50 0.001 16384 0.958411 361.631 0.497510
COST 8192 2048 2 4 5.50 0.001 16384 0.988187 384.289 0.537479
COST 8192 2048 2 8 5.50 0.001 16384 0.988187 384.289 0.537479
COST 8192 4096 2 4 5.50 0.001 16384 1.000000 393.519 1.000000
COST 8192 4096 2 8 5.50 0.001 16384 1.000000 393.519 1.000000
COST 8192 256 2 4 5.50 0.001 4096 0.697808 206.055 3.325981
COST 8192 256 2 8 5.50 0.001 4096 0.697808 206.055 3.325981
COST 8192 512 2 4 5.50 0.001 4096 0.883410 308.885 1.338698
COST 8192 512 2 8 5.50 0.001 4096 0.883410 308.885 1.338698
COST 8192 1024 2 4 5.50 0.001 4096 0.958411 361.631 0.599479
COST 8192 1024 2 8 5.50 0.001 4096 0.958411 361.631 0.599479
COST 8192 2048 2 4 5.50 0.001 4096 0.988187 384.289 0.622016
COST 8192 2048 2 8 5.50 0.001 4096 0.988187 384.289 0.622016
COST 8192 4096 2 4 5.50 0.001 4096 1.000000 393.519 1.000000
COST 8192 4096 2 8 5.50 0.001 4096 1.000000 393.519 1.000000
COST 8192 256 2 4 5.50 0.01 16384 0.587370 204.420 4.245376
COST 8192 256 2 8 5.50 0.01 16384 0.587370 204.420 4.245376
COST 8192 512 2 4 5.50 0.01 16384 0.805619 341.105 1.467543
COST 8192 512 2 8 5.50 0.01 16384 0.805619 341.105 1.467543
COST 8192 1024 2 4 5.50 0.01 16384 0.916676 435.206 0.571426
COST 8192 1024 2 8 5.50 0.01 16384 0.916676 435.206 0.571426
COST 8192 2048 2 4 5.50 0.01 16384 0.972231 488.665 0.537411
COST 8192 2048 2 8 5.50 0.01 16384 0.972231 488.665 0.537411
COST 8192 4096 2 4 5.50 0.01 16384 1.000000 516.862 1.000000
COST 8192 4096 2 8 5.50 0.01 16384 1.000000 516.862 1.000000
COST 8192 256 2 4 5.50 0.01 4096 0.587370 204.420 3.453753
COST 8192 256 2 8 5.50 0.01 4096 0.587370 204.420 3.453753
COST 8192 512 2 4 5.50 0.01 4096 0.805619 341.105 1.261688
COST 8192 512 2 8 5.50 0.01 4096 0.805619 341.105 1.261688
COST 8192 1024 2 4 5.50 0.01 4096 0.916676 435.206 0.620785
COST 8192 1024 2 8 5.50 0.01 4096 0.916676 435.206 0.620785
COST 8192 2048 2 4 5.50 0.01 4096 0.972231 488.665 0.617148
COST 8192 2048 2 8 5.50 0.01 4096 0.972231 488.665 0.617148
COST 8192 4096 2 4 5.50 0.01 4096 1.000000 516.862 1.000000
COST 8192 4096 2 8 5.50 0.01 4096 1.000000 516.862 1.000000
COST 8192 256 2 4 5.50 0.01 16384 0.697808 206.055 2.907791
COST 8192 256 2 8 5.50 0.01 16384 0.697808 206.055 2.907791
COST 8192 512 2 4 5.50 0.01 16384 0.883410 308.885 0.574383
COST 8192 512 2 8 5.50 0.01 16384 0.883410 308.885 0.574383
COST 8192 1024 2 4 5.50 0.01 16384 0.958411 361.631 0.308949
COST 8192 1024 2 8 5.50 0.01 16384 0.958411 361.631 0.308949
COST 8192 2048 2 4 5.50 0.01 16384 0.988187 384.289 0.512333
COST 8192 2048 2 8 5.50 0.01 16384 0.988187 384.289 0.512333
COST 8192 4096 2 4 5.50 0.01 16384 1.000000 393.519 1.000000
COST 8192 4096 2 8 5.50 0.01 16384 1.000000 393.519 1.000000
COST 8192 256 2 4 5.50 0.01 4096 0.697808 206.055 2.126239
COST 8192 256 2 8 5.50 0.01 4096 0.697808 206.055 2.126239
COST 8192 512 2 4 5.50 0.01 4096 0.883410 308.885 0.629958
COST 8192 512 2 8 5.50 0.01 4096 0.883410 308.885 0.629958
COST 8192 1024 2 4 5.50 0.01 4096 0.958411 361.631 0.435799
COST 8192 1024 2 8 5.50 0.01 4096 0.958411 361.631 0.435799
COST 8192 2048 2 4 5.50 0.01 4096 0.988187 384.289 0.580199
COST 8192 2048 2 8 5.50 0.01 4096 0.988187 384.289 0.580199
COST 8192 4096 2 4 5.50 0.01 4096 1.000000 393.519 1.000000
COST 8192 4096 2 8 5.50 0.01 4096 1.000000 393.519 1.000000
COST 8192 256 2 4 6.00 0.0001 16384 0.587370 204.420 4.309984
COST 8192 256 2 8 6.00 0.0001 16384 0.587370 204.420 4.309984
COST 8192 512 2 4 6.00 0.0001 16384 0.805619 341.105 3.272796
COST 8192 512 2 8 6.00 0.0001 16384 0.805619 341.105 3.272796
COST 8192 1024 2 4 6.00 0.0001 16384 0.916676 435.206 1.016201
COST 8192 1024 2 8 6.00 0.0001 16384 0.916676 435.206 1.016201
COST 8192 2048 2 4 6.00 0.0001 16384 0.972231 488.665 0.609218
COST 8192 2048 2 8 6.00 0.0001 16384 0.972231 488.665 0.609218
COST 8192 4096 2 4 6.00 0.0001 16384 1.000000 516.862 1.000000
COST 8192 4096 2 8 6.00 0.0001 16384 1.000000 516.862 1.000000
COST 8192 256 2 4 6.00 0.0001 4096 0.587370 204.420 3.331056
COST 8192 256 2 8 6.00 0.0001 4096 0.587370 204.420 3.331056
COST 8192 512 2 4 6.00 0.0001 4096 0.805619 341.105 2.511566
COST 8192 512 2 8 6.00 0.0001 4096 0.805619 341.105 2.511566
COST 8192 1024 2 4 6.00 0.0001 4096 0.916676 435.206 0.866711
COST 8192 1024 2 8 6.00 0.0001 4096 0.916676 435.206 0.866711
COST 8192 2048 2 4 6.00 0.0001 4096 0.972231 488.665 0.610778
COST 8192 2048 2 8 6.00 0.0001 4096 0.972231 488.665 0.610778
COST 8192 4096 2 4 6.00 0.0001 4096 1.000000 516.862 1.000000
COST 8192 4096 2 8 6.00 0.0001 4096 1.000000 516.862 1.000000
COST 8192 256 2 4 6.00 0.0001 16384 0.697808 206.055 4.355591
COST 8192 256 2 8 6.00 0.0001 16384 0.697808 206.055 4.355591
COST 8192 512 2 4 6.00 0.0001 16384 0.883410 308.885 1.242942
COST 8192 512 2 8 6.00 0.0001 16384 0.883410 308.885 1.242942
COST 8192 1024 2 4 6.00 0.0001 16384 0.958411 361.631 0.348645
COST 8192 1024 2 8 6.00 0.0001 16384 0.958411 361.631 0.348645
COST 8192 2048 2 4 6.00 0.0001 16384 0.988187 384.289 0.508172
COST 8192 2048 2 8 6.00 0.0001 16384 0.988187 384.289 0.508172
COST 8192 4096 2 4 6.00 0.0001 16384 1.000000 393.519 1.000000
COST 8192 4096 2 8 6.00 0.0001 16384 1.000000 393.519 1.000000
COST 8192 256 2 4 6.00 0.0001 4096 0.697808 206.055 3.202856
COST 8192 256 2 8 6.00 0.0001 4096 0.697808 206.055 3.202856
COST 8192 512 2 4 6.00 0.0001 4096 0.883410 308.885 1.115898
COST 8192 512 2 8 6.00 0.0001 4096 0.883410 308.885 1.115898
COST 8192 1024 2 4 6.00 0.0001 4096 0.958411 361.631 0.474943
COST 8192 1024 2 8 6.00 0.0001 4096 0.958411 361.631 0.474943
COST 8192 2048 2 4 6.00 0.0001 4096 0.988187 384.289 0.546419
COST 8192 2048 2 8 6.00 0.0001 4096 0.988187 384.289 0.546419
COST 8192 4096 2 4 6.00 0.0001 4096 1.000000 393.519 1.000000
COST 8192 4096 2 8 6.00 0.0001 4096 1.000000 393.519 1.000000
COST 8192 256 2 4 6.00 0.001 16384 0.587370 204.420 4.667321
COST 8192 256 2 8 6.00 0.001 16384 0.587370 204.420 4.667321
COST 8192 512 2 4 6.00 0.001 16384 0.805619 341.105 2.094474
COST 8192 512 2 8 6.00 0.001 16384 0.805619 341.105 2.094474
COST 8192 1024 2 4 6.00 0.001 16384 0.916676 435.206 0.479420
COST 8192 1024 2 8 6.00 0.001 16384 0.916676 435.206 0.479420
COST 8192 2048 2 4 6.00 0.001 16384 0.972231 488.665 0.528108
COST 8192 2048 2 8 6.00 0.001 16384 0.972231 488.665 0.528108
COST 8192 4096 2 4 6.00 0.001 16384 1.000000 516.862 1.000000
COST 8192 4096 2 8 6.00 0.001 16384 1.000000 516.862 1.000000
COST 8192 256 2 4 6.00 0.001 4096 0.587370 204.420 3.309479
COST 8192 256 2 8 6.00 0.001 4096 0.587370 204.420 3.309479
COST 8192 512 2 4 6.00 0.001 4096 0.805619 341.105 1.546469
COST 8192 512 2 8 6.00 0.001 4096 0.805619 341.105 1.546469
COST 8192 1024 2 4 6.00 0.001 4096 0.916676 435.206 0.532621
COST 8192 1024 2 8 6.00 0.001 4096 0.916676 435.206 0.532621
COST 8192 2048 2 4 6.00 0.001 4096 0.972231 488.665 0.555435
COST 8192 2048 2 8 6.00 0.001 4096 0.972231 488.665 0.555435
COST 8192 4096 2 4 6.00 0.001 4096 1.000000 516.862 1.000000
COST 8192 4096 2 8 6.00 0.001 4096 1.000000 516.862 1.000000
COST 8192 256 2 4 6.00 0.001 16384 0.697808 206.055 3.015890
COST 8192 256 2 8 6.00 0.001 16384 0.697808 206.055 3.015890
COST 8192 512 2 4 6.00 0.001 16384 0.883410 308.885 0.491893
COST 8192 512 2 8 6.00 0.001 16384 0.883410 308.885 0.491893
COST 8192 1024 2 4 6.00 0.001 16384 0.958411 361.631 0.261234
COST 8192 1024 2 8 6.00 0.001 16384 0.958411 361.631 0.261234
COST 8192 2048 2 4 6.00 0.001 16384 0.988187 384.289 0.473872
COST 8192 2048 2 8 6.00 0.001 16384 0.988187 384.289 0.473872
COST 8192 4096 2 4 6.00 0.001 16384 1.000000 393.519 1.000000
COST 8192 4096 2 8 6.00 0.001 16384 1.000000 393.519 1.000000
COST 8192 256 2 4 6.00 0.001 4096 0.697808 206.055 2.476777
COST 8192 256 2 8 6.00 0.001 4096 0.697808 206.055 2.476777
COST 8192 512 2 4 6.00 0.001 4096 0.883410 308.885 0.558878
COST 8192 512 2 8 6.00 0.001 4096 0.883410 308.885 0.558878
COST 8192 1024 2 4 6.00 0.001 4096 0.958411 361.631 0.355139
COST 8192 1024 2 8 6.00 0.001 4096 0.958411 361.631 0.355139
COST 8192 2048 2 4 6.00 0.001 4096 0.988187 384.289 0.578879
COST 8192 2048 2 8 6.00 0.001 4096 0.988187 384.289 0.578879
COST 8192 4096 2 4 6.00 0.001 4096 1.000000 393.519 1.000000
COST 8192 4096 2 8 6.00 0.001 4096 1.000000 393.519 1.000000
COST 8192 256 2 4 6.00 0.01 16384 0.587370 204.420 3.250370
COST 8192 256 2 8 6.00 0.01 16384 0.587370 204.420 3.250370
COST 8192 512 2 4 6.00 0.01 16384 0.805619 341.105 0.561511
COST 8192 512 2 8 6.00 0.01 16384 0.805619 341.105 0.561511
COST 8192 1024 2 4 6.00 0.01 16384 0.916676 435.206 0.286493
COST 8192 1024 2 8 6.00 0.01 16384 0.916676 435.206 0.286493
COST 8192 2048 2 4 6.00 0.01 16384 0.972231 488.665 0.498258
COST 8192 2048 2 8 6.00 0.01 16384 0.972231 488.665 0.498258
COST 8192 4096 2 4 6.00 0.01 16384 1.000000 516.862 1.000000
COST 8192 4096 2 8 6.00 0.01 16384 1.000000 516.862 1.000000
COST 8192 256 2 4 6.00 0.01 4096 0.587370 204.420 2.377724
COST 8192 256 2 8 6.00 0.01 4096 0.587370 204.420 2.377724
COST 8192 512 2 4 6.00 0.01 4096 0.805619 341.105 0.586062
COST 8192 512 2 8 6.00 0.01 4096 0.805619 341.105 0.586062
COST 8192 1024 2 4 6.00 0.01 4096 0.916676 435.206 0.383469
COST 8192 1024 2 8 6.00 0.01 4096 0.916676 435.206 0.383469
COST 8192 2048 2 4 6.00 0.01 4096 0.972231 488.665 0.536571
COST 8192 2048 2 8 6.00 0.01 4096 0.972231 488.665 0.536571
COST 8192 4096 2 4 6.00 0.01 4096 1.000000 516.862 1.000000
COST 8192 4096 2 8 6.00 0.01 4096 1.000000 516.862 1.000000
COST 8192 256 2 4 6.00 0.01 16384 0.697808 206.055 1.242868
COST 8192 256 2 8 6.00 0.01 16384 0.697808 206.055 1.242868
COST 8192 512 2 4 6.00 0.01 16384 0.883410 308.885 0.227074
COST 8192 512 2 8 6.00 0.01 16384 0.883410 308.885 0.227074
COST 8192 1024 2 4 6.00 0.01 16384 0.958411 361.631 0.240487
COST 8192 1024 2 8 6.00 0.01 16384 0.958411 361.631 0.240487
COST 8192 2048 2 4 6.00 0.01 16384 0.988187 384.289 0.508392
COST 8192 2048 2 8 6.00 0.01 16384 0.988187 384.289 0.508392
COST 8192 4096 2 4 6.00 0.01 16384 1.000000 393.519 1.000000
COST 8192 4096 2 8 6.00 0.01 16384 1.000000 393.519 1.000000
COST 8192 256 2 4 6.00 0.01 4096 0.697808 206.055 0.999266
COST 8192 256 2 8 6.00 0.01 4096 0.697808 206.055 0.999266
COST 8192 512 2 4 6.00 0.01 4096 0.883410 308.885 0.334905
COST 8192 512 2 8 6.00 0.01 4096 0.883410 308.885 0.334905
COST 8192 1024 2 4 6.00 0.01 4096 0.958411 361.631 0.393501
COST 8192 1024 2 8 6.00 0.01 4096 0.958411 361.631 0.393501
COST 8192 2048 2 4 6.00 0.01 4096 0.988187 384.289 0.572846
COST 8192 2048 2 8 6.00 0.01 4096 0.988187 384.289 0.572846
COST 8192 4096 2 4 6.00 0.01 4096 1.000000 393.519 1.000000
COST 8192 4096 2 8 6.00 0.01 4096 1.000000 393.519 1.000000
COST 8192 256 2 4 6.50 0.0001 16384 0.587370 204.420 4.390545
COST 8192 256 2 8 6.50 0.0001 16384 0.587370 204.420 4.390545
COST 8192 512 2 4 6.50 0.0001 16384 0.805619 341.105 1.739808
COST 8192 512 2 8 6.50 0.0001 16384 0.805619 341.105 1.739808
COST 8192 1024 2 4 6.50 0.0001 16384 0.916676 435.206 0.412165
COST 8192 1024 2 8 6.50 0.0001 16384 0.916676 435.206 0.412165
COST 8192 2048 2 4 6.50 0.0001 16384 0.972231 488.665 0.514306
COST 8192 2048 2 8 6.50 0.0001 16384 0.972231 488.665 0.514306
COST 8192 4096 2 4 6.50 0.0001 16384 1.000000 516.862 1.000000
COST 8192 4096 2 8 6.50 0.0001 16384 1.000000 516.862 1.000000
COST 8192 256 2 4 6.50 0.0001 4096 0.587370 204.420 3.256069
COST 8192 256 2 8 6.50 0.0001 4096 0.587370 204.420 3.256069
COST 8192 512 2 4 6.50 0.0001 4096 0.805619 341.105 1.382031
COST 8192 512 2 8 6.50 0.0001 4096 0.805619 341.105 1.382031
COST 8192 1024 2 4 6.50 0.0001 4096 0.916676 435.206 0.527668
COST 8192 1024 2 8 6.50 0.0001 4096 0.916676 435.206 0.527668
COST 8192 2048 2 4 6.50 0.0001 4096 0.972231 488.665 0.545098
COST 8192 2048 2 8 6.50 0.0001 4096 0.972231 488.665 0.545098
COST 8192 4096 2 4 6.50 0.0001 4096 1.000000 516.862 1.000000
COST 8192 4096 2 8 6.50 0.0001 4096 1.000000 516.862 1.000000
COST 8192 256 2 4 6.50 0.0001 16384 0.697808 206.055 3.373829
COST 8192 256 2 8 6.50 0.0001 16384 0.697808 206.055 3.373829
COST 8192 512 2 4 6.50 0.0001 16384 0.883410 308.885 0.442938
COST 8192 512 2 8 6.50 0.0001 16384 0.883410 308.885 0.442938
COST 8192 1024 2 4 6.50 0.0001 16384 0.958411 361.631 0.249377
COST 8192 1024 2 8 6.50 0.0001 16384 0.958411 361.631 0.249377
COST 8192 2048 2 4 6.50 0.0001 16384 0.988187 384.289 0.491263
COST 8192 2048 2 8 6.50 0.0001 16384 0.988187 384.289 0.491263
COST 8192 4096 2 4 6.50 0.0001 16384 1.000000 393.519 1.000000
COST 8192 4096 2 8 6.50 0.0001 16384 1.000000 393.519 1.000000
COST 8192 256 2 4 6.50 0.0001 4096 0.697808 206.055 2.736894
COST 8192 256 2 8 6.50 0.0001 4096 0.697808 206.055 2.736894
COST 8192 512 2 4 6.50 0.0001 4096 0.883410 308.885 0.553850
COST 8192 512 2 8 6.50 0.0001 4096 0.883410 308.885 0.553850
COST 8192 1024 2 4 6.50 0.0001 4096 0.958411 361.631 0.388798
COST 8192 1024 2 8 6.50 0.0001 4096 0.958411 361.631 0.388798
COST 8192 2048 2 4 6.50 0.0001 4096 0.988187 384.289 0.543896
COST 8192 2048 2 8 6.50 0.0001 4096 0.988187 384.289 0.543896
COST 8192 4096 2 4 6.50 0.0001 4096 1.000000 393.519 1.000000
COST 8192 4096 2 8 6.50 0.0001 4096 1.000000 393.519 1.000000
COST 8192 256 2 4 6.50 0.001 16384 0.587370 204.420 4.099489
COST 8192 256 2 8 6.50 0.001 16384 0.587370 204.420 4.099489
COST 8192 512 2 4 6.50 0.001 16384 0.805619 341.105 0.770158
COST 8192 512 2 8 6.50 0.001 16384 0.805619 341.105 0.770158
COST 8192 1024 2 4 6.50 0.001 16384 0.916676 435.206 0.283774
COST 8192 1024 2 8 6.50 0.001 16384 0.916676 435.206 0.283774
COST 8192 2048 2 4 6.50 0.001 16384 0.972231 488.665 0.499445
COST 8192 2048 2 8 6.50 0.001 16384 0.972231 488.665 0.499445
COST 8192 4096 2 4 6.50 0.001 16384 1.000000 516.862 1.000000
COST 8192 4096 2 8 6.50 0.001 16384 1.000000 516.862 1.000000
COST 8192 256 2 4 6.50 0.001 4096 0.587370 204.420 3.147808
COST 8192 256 2 8 6.50 0.001 4096 0.587370 204.420 3.147808
COST 8192 512 2 4 6.50 0.001 4096 0.805619 341.105 0.808698
COST 8192 512 2 8 6.50 0.001 4096 0.805619 341.105 0.808698
COST 8192 1024 2 4 6.50 0.001 4096 0.916676 435.206 0.379857
COST 8192 1024 2 8 6.50 0.001 4096 0.916676 435.206 0.379857
COST 8192 2048 2 4 6.50 0.001 4096 0.972231 488.665 0.569535
COST 8192 2048 2 8 6.50 0.001 4096 0.972231 488.665 0.569535
COST 8192 4096 2 4 6.50 0.001 4096 1.000000 516.862 1.000000
COST 8192 4096 2 8 6.50 0.001 4096 1.000000 516.862 1.000000
COST 8192 256 2 4 6.50 0.001 16384 0.697808 206.055 1.630787
COST 8192 256 2 8 6.50 0.001 16384 0.697808 206.055 1.630787
COST 8192 512 2 4 6.50 0.001 16384 0.883410 308.885 0.245206
COST 8192 512 2 8 6.50 0.001 16384 0.883410 308.885 0.245206
COST 8192 1024 2 4 6.50 0.001 16384 0.958411 361.631 0.234474
COST 8192 1024 2 8 6.50 0.001 16384 0.958411 361.631 0.234474
COST 8192 2048 2 4 6.50 0.001 16384 0.988187 384.289 0.488230
COST 8192 2048 2 8 6.50 0.001 16384 0.988187 384.289 0.488230
COST 8192 4096 2 4 6.50 0.001 16384 1.000000 393.519 1.000000
COST 8192 4096 2 8 6.50 0.001 16384 1.000000 393.519 1.000000
COST 8192 256 2 4 6.50 0.001 4096 0.697808 206.055 1.367019
COST 8192 256 2 8 6.50 0.001 4096 0.697808 206.055 1.367019
COST 8192 512 2 4 6.50 0.001 4096 0.883410 308.885 0.327419
COST 8192 512 2 8 6.50 0.001 4096 0.883410 308.885 0.327419
COST 8192 1024 2 4 6.50 0.001 4096 0.958411 361.631 0.365216
COST 8192 1024 2 8 6.50 0.001 4096 0.958411 361.631 0.365216
COST 8192 2048 2 4 6.50 0.001 4096 0.988187 384.289 0.552194
COST 8192 2048 2 8 6.50 0.001 4096 0.988187 384.289 0.552194
COST 8192 4096 2 4 6.50 0.001 4096 1.000000 393.519 1.000000
COST 8192 4096 2 8 6.50 0.001 4096 1.000000 393.519 1.000000
COST 8192 256 2 4 6.50 0.01 16384 0.587370 204.420 1.732296
COST 8192 256 2 8 6.50 0.01 16384 0.587370 204.420 1.732296
COST 8192 512 2 4 6.50 0.01 16384 0.805619 341.105 0.254344
COST 8192 512 2 8 6.50 0.01 16384 0.805619 341.105 0.254344
COST 8192 1024 2 4 6.50 0.01 16384 0.916676 435.206 0.243176
COST 8192 1024 2 8 6.50 0.01 16384 0.916676 435.206 0.243176
COST 8192 2048 2 4 6.50 0.01 16384 0.972231 488.665 0.487621
COST 8192 2048 2 8 6.50 0.01 16384 0.972231 488.665 0.487621
COST 8192 4096 2 4 6.50 0.01 16384 1.000000 516.862 1.000000
COST 8192 4096 2 8 6.50 0.01 16384 1.000000 516.862 1.000000
COST 8192 256 2 4 6.50 0.01 4096 0.587370 204.420 1.418130
COST 8192 256 2 8 6.50 0.01 4096 0.587370 204.420 1.418130
COST 8192 512 2 4 6.50 0.01 4096 0.805619 341.105 0.409821
COST 8192 512 2 8 6.50 0.01 4096 0.805619 341.105 0.409821
COST 8192 1024 2 4 6.50 0.01 4096 0.916676 435.206 0.379962
COST 8192 1024 2 8 6.50 0.01 4096 0.916676 435.206 0.379962
COST 8192 2048 2 4 6.50 0.01 4096 0.972231 488.665 0.554121
COST 8192 2048 2 8 6.50 0.01 4096 0.972231 488.665 0.554121
COST 8192 4096 2 4 6.50 0.01 4096 1.000000 516.862 1.000000
COST 8192 4096 2 8 6.50 0.01 4096 1.000000 516.862 1.000000
COST 8192 256 2 4 6.50 0.01 16384 0.697808 206.055 0.498069
COST 8192 256 2 8 6.50 0.01 16384 0.697808 206.055 0.498069
COST 8192 512 2 4 6.50 0.01 16384 0.883410 308.885 0.193266
COST 8192 512 2 8 6.50 0.01 16384 0.883410 308.885 0.193266
COST 8192 1024 2 4 6.50 0.01 16384 0.958411 361.631 0.241132
COST 8192 1024 2 8 6.50 0.01 16384 0.958411 361.631 0.241132
COST 8192 2048 2 4 6.50 0.01 16384 0.988187 384.289 0.505117
COST 8192 2048 2 8 6.50 0.01 16384 0.988187 384.289 0.505117
COST 8192 4096 2 4 6.50 0.01 16384 1.000000 393.519 1.000000
COST 8192 4096 2 8 6.50 0.01 16384 1.000000 393.519 1.000000
COST 8192 256 2 4 6.50 0.01 4096 0.697808 206.055 0.577265
COST 8192 256 2 8 6.50 0.01 4096 0.697808 206.055 0.577265
COST 8192 512 2 4 6.50 0.01 4096 0.883410 308.885 0.299194
COST 8192 512 2 8 6.50 0.01 4096 0.883410 308.885 0.299194
COST 8192 1024 2 4 6.50 0.01 4096 0.958411 361.631 0.350988
COST 8192 1024 2 8 6.50 0.01 4096 0.958411 361.631 0.350988
COST 8192 2048 2 4 6.50 0.01 4096 0.988187 384.289 0.542430
COST 8192 2048 2 8 6.50 0.01 4096 0.988187 384.289 0.542430
COST 8192 4096 2 4 6.50 0.01 4096 1.000000 393.519 1.000000
COST 8192 4096 2 8 6.50 0.01 4096 1.000000 393.519 1.000000
